{
"type": "FeatureCollection",
"name": "whu_pois",
"crs": { "type": "name", "properties": { "name": "urn:ogc:def:crs:OGC:1.3:CRS84" } },
"features": [
{ "type": "Feature", "properties": { "element": "way", "id": "103948544", "amenity": "nan", "name": "桂园七舍", "access": "nan", "barrier": "nan", "bicycle": "nan", "foot": "nan", "motor_vehi": "nan", "opening_ho": "nan", "alt_name": "nan", "old_name": "nan", "locked": "nan", "leisure": "nan", "sport": "nan", "horse": "nan", "brand": "nan", "brand_en": "nan", "brand_wiki": "nan", "brand_wi_1": "nan", "brand_zh": "nan", "cuisine": "nan", "level": "nan", "name_en": "nan", "name_zh": "nan", "takeaway": "nan", "diet_halal": "nan", "addr_city": "nan", "addr_distr": "nan", "addr_postc": "nan", "addr_provi": "nan", "addr_stree": "nan", "building": "dormitory", "fee": "nan", "diet_meat": "nan", "note": "nan", "outdoor_se": "nan", "brand_zh-H": "nan", "brand_zh_1": "nan", "delivery": "nan", "name_zh-Ha": "nan", "name_zh-_1": "nan", "layer": "nan", "fast_food": "nan", "brand_zh-L": "nan", "name_zh-La": "nan", "surface": "nan", "addr_place": "nan", "addr_unit": "nan", "nohousenum": "nan", "roof_colou": "nan", "emergency": "nan", "healthcare": "nan", "healthca_1": "nan", "loc_name": "nan", "operator": "nan", "website": "nan", "wheelchair": "nan", "building_c": "nan", "building_l": "nan", "museum": "nan", "tourism": "nan", "official_n": "nan", "wikimedia_": "nan", "office": "nan", "int_name": "nan", "height": "nan", "short_name": "nan", "wikidata": "nan", "wikipedia": "nan", "historic": "nan", "roof_orien": "nan", "roof_shape": "nan", "addr_house": "nan", "addr_hou_1": "nan", "power": "nan", "building_u": "nan", "flickr": "nan", "education": "nan", "ref": "nan", "athletics": "nan", "man_made": "nan", "ceremonial": "nan", "inscriptio": "nan", "material": "nan", "start_date": "nan", "bicycle_pa": "nan", "shelter_ty": "nan", "playground": "nan", "disused": "nan", "type": "nan", "addr_count": "nan", "internet_a": "nan", "name_de": "nan", "name_es": "nan", "name_fr": "nan", "name_it": "nan", "name_ja": "nan", "short_na_1": "nan", "short_na_2": "nan", "designatio": "nan", "path": "Point?crs=EPSG:4326&field=element:string(80,0)&field=id:string(80,0)&field=amenity:string(80,0)&field=name:string(80,0)&field=access:string(80,0)&field=barrier:string(80,0)&field=bicycle:string(80,0)&field=foot:string(80,0)&field=motor_vehi:string(80,0)&", "poi_tpye": null }, "geometry": { "type": "Point", "coordinates": [ 114.353717823456009, 30.542232927860727 ] } },
{ "type": "Feature", "properties": { "element": "way", "id": "103948541", "amenity": "nan", "name": "文理学部第三教学楼", "access": "nan", "barrier": "nan", "bicycle": "nan", "foot": "nan", "motor_vehi": "nan", "opening_ho": "nan", "alt_name": "文理学部教三楼", "old_name": "nan", "locked": "nan", "leisure": "nan", "sport": "nan", "horse": "nan", "brand": "nan", "brand_en": "nan", "brand_wiki": "nan", "brand_wi_1": "nan", "brand_zh": "nan", "cuisine": "nan", "level": "nan", "name_en": "nan", "name_zh": "nan", "takeaway": "nan", "diet_halal": "nan", "addr_city": "nan", "addr_distr": "nan", "addr_postc": "nan", "addr_provi": "nan", "addr_stree": "nan", "building": "university", "fee": "nan", "diet_meat": "nan", "note": "nan", "outdoor_se": "nan", "brand_zh-H": "nan", "brand_zh_1": "nan", "delivery": "nan", "name_zh-Ha": "nan", "name_zh-_1": "nan", "layer": "nan", "fast_food": "nan", "brand_zh-L": "nan", "name_zh-La": "nan", "surface": "nan", "addr_place": "nan", "addr_unit": "nan", "nohousenum": "nan", "roof_colou": "nan", "emergency": "nan", "healthcare": "nan", "healthca_1": "nan", "loc_name": "nan", "operator": "nan", "website": "nan", "wheelchair": "nan", "building_c": "nan", "building_l": "5", "museum": "nan", "tourism": "nan", "official_n": "nan", "wikimedia_": "nan", "office": "nan", "int_name": "nan", "height": "nan", "short_name": "nan", "wikidata": "nan", "wikipedia": "nan", "historic": "nan", "roof_orien": "nan", "roof_shape": "nan", "addr_house": "nan", "addr_hou_1": "nan", "power": "nan", "building_u": "nan", "flickr": "nan", "education": "nan", "ref": "nan", "athletics": "nan", "man_made": "nan", "ceremonial": "nan", "inscriptio": "nan", "material": "nan", "start_date": "nan", "bicycle_pa": "nan", "shelter_ty": "nan", "playground": "nan", "disused": "nan", "type": "nan", "addr_count": "nan", "internet_a": "nan", "name_de": "nan", "name_es": "nan", "name_fr": "nan", "name_it": "nan", "name_ja": "nan", "short_na_1": "nan", "short_na_2": "nan", "designatio": "nan", "path": "Point?crs=EPSG:4326&field=element:string(80,0)&field=id:string(80,0)&field=amenity:string(80,0)&field=name:string(80,0)&field=access:string(80,0)&field=barrier:string(80,0)&field=bicycle:string(80,0)&field=foot:string(80,0)&field=motor_vehi:string(80,0)&", "poi_tpye": "teaching_building" }, "geometry": { "type": "Point", "coordinates": [ 114.354594103526082, 30.541800722149382 ] } },
{ "type": "Feature", "properties": { "element": "way", "id": "103948538", "amenity": "nan", "name": "文理学部第六教学楼", "access": "nan", "barrier": "nan", "bicycle": "nan", "foot": "nan", "motor_vehi": "nan", "opening_ho": "nan", "alt_name": "文理学部教六楼", "old_name": "nan", "locked": "nan", "leisure": "nan", "sport": "nan", "horse": "nan", "brand": "nan", "brand_en": "nan", "brand_wiki": "nan", "brand_wi_1": "nan", "brand_zh": "nan", "cuisine": "nan", "level": "nan", "name_en": "nan", "name_zh": "nan", "takeaway": "nan", "diet_halal": "nan", "addr_city": "nan", "addr_distr": "nan", "addr_postc": "nan", "addr_provi": "nan", "addr_stree": "nan", "building": "university", "fee": "nan", "diet_meat": "nan", "note": "nan", "outdoor_se": "nan", "brand_zh-H": "nan", "brand_zh_1": "nan", "delivery": "nan", "name_zh-Ha": "nan", "name_zh-_1": "nan", "layer": "nan", "fast_food": "nan", "brand_zh-L": "nan", "name_zh-La": "nan", "surface": "nan", "addr_place": "nan", "addr_unit": "nan", "nohousenum": "nan", "roof_colou": "nan", "emergency": "nan", "healthcare": "nan", "healthca_1": "nan", "loc_name": "nan", "operator": "nan", "website": "nan", "wheelchair": "nan", "building_c": "nan", "building_l": "nan", "museum": "nan", "tourism": "nan", "official_n": "nan", "wikimedia_": "nan", "office": "nan", "int_name": "nan", "height": "nan", "short_name": "nan", "wikidata": "nan", "wikipedia": "nan", "historic": "nan", "roof_orien": "nan", "roof_shape": "nan", "addr_house": "nan", "addr_hou_1": "nan", "power": "nan", "building_u": "nan", "flickr": "nan", "education": "nan", "ref": "nan", "athletics": "nan", "man_made": "nan", "ceremonial": "nan", "inscriptio": "nan", "material": "nan", "start_date": "nan", "bicycle_pa": "nan", "shelter_ty": "nan", "playground": "nan", "disused": "nan", "type": "nan", "addr_count": "nan", "internet_a": "nan", "name_de": "nan", "name_es": "nan", "name_fr": "nan", "name_it": "nan", "name_ja": "nan", "short_na_1": "nan", "short_na_2": "nan", "designatio": "nan", "path": "Point?crs=EPSG:4326&field=element:string(80,0)&field=id:string(80,0)&field=amenity:string(80,0)&field=name:string(80,0)&field=access:string(80,0)&field=barrier:string(80,0)&field=bicycle:string(80,0)&field=foot:string(80,0)&field=motor_vehi:string(80,0)&", "poi_tpye": "teaching_building" }, "geometry": { "type": "Point", "coordinates": [ 114.354702109367409, 30.5413125267103 ] } },
{ "type": "Feature", "properties": { "element": "way", "id": "103948537", "amenity": "nan", "name": "桂园一舍", "access": "nan", "barrier": "nan", "bicycle": "nan", "foot": "nan", "motor_vehi": "nan", "opening_ho": "nan", "alt_name": "nan", "old_name": "nan", "locked": "nan", "leisure": "nan", "sport": "nan", "horse": "nan", "brand": "nan", "brand_en": "nan", "brand_wiki": "nan", "brand_wi_1": "nan", "brand_zh": "nan", "cuisine": "nan", "level": "nan", "name_en": "nan", "name_zh": "nan", "takeaway": "nan", "diet_halal": "nan", "addr_city": "nan", "addr_distr": "nan", "addr_postc": "nan", "addr_provi": "nan", "addr_stree": "nan", "building": "dormitory", "fee": "nan", "diet_meat": "nan", "note": "nan", "outdoor_se": "nan", "brand_zh-H": "nan", "brand_zh_1": "nan", "delivery": "nan", "name_zh-Ha": "nan", "name_zh-_1": "nan", "layer": "nan", "fast_food": "nan", "brand_zh-L": "nan", "name_zh-La": "nan", "surface": "nan", "addr_place": "nan", "addr_unit": "nan", "nohousenum": "nan", "roof_colou": "nan", "emergency": "nan", "healthcare": "nan", "healthca_1": "nan", "loc_name": "nan", "operator": "nan", "website": "nan", "wheelchair": "nan", "building_c": "nan", "building_l": "nan", "museum": "nan", "tourism": "nan", "official_n": "nan", "wikimedia_": "nan", "office": "nan", "int_name": "nan", "height": "nan", "short_name": "nan", "wikidata": "nan", "wikipedia": "nan", "historic": "nan", "roof_orien": "nan", "roof_shape": "nan", "addr_house": "nan", "addr_hou_1": "nan", "power": "nan", "building_u": "nan", "flickr": "nan", "education": "nan", "ref": "nan", "athletics": "nan", "man_made": "nan", "ceremonial": "nan", "inscriptio": "nan", "material": "nan", "start_date": "nan", "bicycle_pa": "nan", "shelter_ty": "nan", "playground": "nan", "disused": "nan", "type": "nan", "addr_count": "nan", "internet_a": "nan", "name_de": "nan", "name_es": "nan", "name_fr": "nan", "name_it": "nan", "name_ja": "nan", "short_na_1": "nan", "short_na_2": "nan", "designatio": "nan", "path": "Point?crs=EPSG:4326&field=element:string(80,0)&field=id:string(80,0)&field=amenity:string(80,0)&field=name:string(80,0)&field=access:string(80,0)&field=barrier:string(80,0)&field=bicycle:string(80,0)&field=foot:string(80,0)&field=motor_vehi:string(80,0)&", "poi_tpye": "dormitory" }, "geometry": { "type": "Point", "coordinates": [ 114.353326177902005, 30.541116811380544 ] } },
{ "type": "Feature", "properties": { "element": "way", "id": "103948536", "amenity": "nan", "name": "武汉大学军事教研室", "access": "nan", "barrier": "nan", "bicycle": "nan", "foot": "nan", "motor_vehi": "nan", "opening_ho": "nan", "alt_name": "nan", "old_name": "nan", "locked": "nan", "leisure": "nan", "sport": "nan", "horse": "nan", "brand": "nan", "brand_en": "nan", "brand_wiki": "nan", "brand_wi_1": "nan", "brand_zh": "nan", "cuisine": "nan", "level": "nan", "name_en": "nan", "name_zh": "nan", "takeaway": "nan", "diet_halal": "nan", "addr_city": "nan", "addr_distr": "nan", "addr_postc": "nan", "addr_provi": "nan", "addr_stree": "nan", "building": "office", "fee": "nan", "diet_meat": "nan", "note": "nan", "outdoor_se": "nan", "brand_zh-H": "nan", "brand_zh_1": "nan", "delivery": "nan", "name_zh-Ha": "nan", "name_zh-_1": "nan", "layer": "nan", "fast_food": "nan", "brand_zh-L": "nan", "name_zh-La": "nan", "surface": "nan", "addr_place": "nan", "addr_unit": "nan", "nohousenum": "nan", "roof_colou": "nan", "emergency": "nan", "healthcare": "nan", "healthca_1": "nan", "loc_name": "nan", "operator": "nan", "website": "nan", "wheelchair": "nan", "building_c": "nan", "building_l": "nan", "museum": "nan", "tourism": "nan", "official_n": "nan", "wikimedia_": "nan", "office": "nan", "int_name": "nan", "height": "nan", "short_name": "nan", "wikidata": "nan", "wikipedia": "nan", "historic": "nan", "roof_orien": "nan", "roof_shape": "nan", "addr_house": "nan", "addr_hou_1": "nan", "power": "nan", "building_u": "nan", "flickr": "nan", "education": "nan", "ref": "nan", "athletics": "nan", "man_made": "nan", "ceremonial": "nan", "inscriptio": "nan", "material": "nan", "start_date": "nan", "bicycle_pa": "nan", "shelter_ty": "nan", "playground": "nan", "disused": "nan", "type": "nan", "addr_count": "nan", "internet_a": "nan", "name_de": "nan", "name_es": "nan", "name_fr": "nan", "name_it": "nan", "name_ja": "nan", "short_na_1": "nan", "short_na_2": "nan", "designatio": "nan", "path": "Point?crs=EPSG:4326&field=element:string(80,0)&field=id:string(80,0)&field=amenity:string(80,0)&field=name:string(80,0)&field=access:string(80,0)&field=barrier:string(80,0)&field=bicycle:string(80,0)&field=foot:string(80,0)&field=motor_vehi:string(80,0)&", "poi_tpye": "office" }, "geometry": { "type": "Point", "coordinates": [ 114.353853920091368, 30.541220937727712 ] } },
{ "type": "Feature", "properties": { "element": "way", "id": "103948531", "amenity": "nan", "name": "桂园八舍", "access": "nan", "barrier": "nan", "bicycle": "nan", "foot": "nan", "motor_vehi": "nan", "opening_ho": "nan", "alt_name": "nan", "old_name": "nan", "locked": "nan", "leisure": "nan", "sport": "nan", "horse": "nan", "brand": "nan", "brand_en": "nan", "brand_wiki": "nan", "brand_wi_1": "nan", "brand_zh": "nan", "cuisine": "nan", "level": "nan", "name_en": "nan", "name_zh": "nan", "takeaway": "nan", "diet_halal": "nan", "addr_city": "nan", "addr_distr": "nan", "addr_postc": "nan", "addr_provi": "nan", "addr_stree": "nan", "building": "dormitory", "fee": "nan", "diet_meat": "nan", "note": "nan", "outdoor_se": "nan", "brand_zh-H": "nan", "brand_zh_1": "nan", "delivery": "nan", "name_zh-Ha": "nan", "name_zh-_1": "nan", "layer": "nan", "fast_food": "nan", "brand_zh-L": "nan", "name_zh-La": "nan", "surface": "nan", "addr_place": "nan", "addr_unit": "nan", "nohousenum": "nan", "roof_colou": "nan", "emergency": "nan", "healthcare": "nan", "healthca_1": "nan", "loc_name": "nan", "operator": "nan", "website": "nan", "wheelchair": "nan", "building_c": "nan", "building_l": "nan", "museum": "nan", "tourism": "nan", "official_n": "nan", "wikimedia_": "nan", "office": "nan", "int_name": "nan", "height": "nan", "short_name": "nan", "wikidata": "nan", "wikipedia": "nan", "historic": "nan", "roof_orien": "nan", "roof_shape": "nan", "addr_house": "nan", "addr_hou_1": "nan", "power": "nan", "building_u": "nan", "flickr": "nan", "education": "nan", "ref": "nan", "athletics": "nan", "man_made": "nan", "ceremonial": "nan", "inscriptio": "nan", "material": "nan", "start_date": "nan", "bicycle_pa": "nan", "shelter_ty": "nan", "playground": "nan", "disused": "nan", "type": "nan", "addr_count": "nan", "internet_a": "nan", "name_de": "nan", "name_es": "nan", "name_fr": "nan", "name_it": "nan", "name_ja": "nan", "short_na_1": "nan", "short_na_2": "nan", "designatio": "nan", "path": "Point?crs=EPSG:4326&field=element:string(80,0)&field=id:string(80,0)&field=amenity:string(80,0)&field=name:string(80,0)&field=access:string(80,0)&field=barrier:string(80,0)&field=bicycle:string(80,0)&field=foot:string(80,0)&field=motor_vehi:string(80,0)&", "poi_tpye": "dormitory" }, "geometry": { "type": "Point", "coordinates": [ 114.35438662964043, 30.542042271057827 ] } },
{ "type": "Feature", "properties": { "element": "way", "id": "103948529", "amenity": "nan", "name": "风雨馆", "access": "nan", "barrier": "nan", "bicycle": "nan", "foot": "nan", "motor_vehi": "nan", "opening_ho": "nan", "alt_name": "nan", "old_name": "nan", "locked": "nan", "leisure": "sports_centre", "sport": "nan", "horse": "nan", "brand": "nan", "brand_en": "nan", "brand_wiki": "nan", "brand_wi_1": "nan", "brand_zh": "nan", "cuisine": "nan", "level": "nan", "name_en": "nan", "name_zh": "nan", "takeaway": "nan", "diet_halal": "nan", "addr_city": "nan", "addr_distr": "nan", "addr_postc": "nan", "addr_provi": "nan", "addr_stree": "nan", "building": "yes", "fee": "nan", "diet_meat": "nan", "note": "nan", "outdoor_se": "nan", "brand_zh-H": "nan", "brand_zh_1": "nan", "delivery": "nan", "name_zh-Ha": "nan", "name_zh-_1": "nan", "layer": "nan", "fast_food": "nan", "brand_zh-L": "nan", "name_zh-La": "nan", "surface": "nan", "addr_place": "nan", "addr_unit": "nan", "nohousenum": "nan", "roof_colou": "nan", "emergency": "nan", "healthcare": "nan", "healthca_1": "nan", "loc_name": "nan", "operator": "nan", "website": "nan", "wheelchair": "nan", "building_c": "nan", "building_l": "nan", "museum": "nan", "tourism": "nan", "official_n": "nan", "wikimedia_": "nan", "office": "nan", "int_name": "nan", "height": "nan", "short_name": "nan", "wikidata": "nan", "wikipedia": "nan", "historic": "nan", "roof_orien": "nan", "roof_shape": "nan", "addr_house": "nan", "addr_hou_1": "nan", "power": "nan", "building_u": "nan", "flickr": "nan", "education": "nan", "ref": "nan", "athletics": "nan", "man_made": "nan", "ceremonial": "nan", "inscriptio": "nan", "material": "nan", "start_date": "nan", "bicycle_pa": "nan", "shelter_ty": "nan", "playground": "nan", "disused": "nan", "type": "nan", "addr_count": "nan", "internet_a": "nan", "name_de": "nan", "name_es": "nan", "name_fr": "nan", "name_it": "nan", "name_ja": "nan", "short_na_1": "nan", "short_na_2": "nan", "designatio": "nan", "path": "Point?crs=EPSG:4326&field=element:string(80,0)&field=id:string(80,0)&field=amenity:string(80,0)&field=name:string(80,0)&field=access:string(80,0)&field=barrier:string(80,0)&field=bicycle:string(80,0)&field=foot:string(80,0)&field=motor_vehi:string(80,0)&" }, "geometry": { "type": "Point", "coordinates": [ 114.354110286363337, 30.540553902453919 ] } },
{ "type": "Feature", "properties": { "element": "way", "id": "103947068", "amenity": "nan", "name": "蝶楼", "access": "nan", "barrier": "nan", "bicycle": "nan", "foot": "nan", "motor_vehi": "nan", "opening_ho": "nan", "alt_name": "nan", "old_name": "nan", "locked": "nan", "leisure": "nan", "sport": "nan", "horse": "nan", "brand": "nan", "brand_en": "nan", "brand_wiki": "nan", "brand_wi_1": "nan", "brand_zh": "nan", "cuisine": "nan", "level": "nan", "name_en": "nan", "name_zh": "nan", "takeaway": "nan", "diet_halal": "nan", "addr_city": "nan", "addr_distr": "nan", "addr_postc": "nan", "addr_provi": "nan", "addr_stree": "nan", "building": "dormitory", "fee": "nan", "diet_meat": "nan", "note": "nan", "outdoor_se": "nan", "brand_zh-H": "nan", "brand_zh_1": "nan", "delivery": "nan", "name_zh-Ha": "nan", "name_zh-_1": "nan", "layer": "nan", "fast_food": "nan", "brand_zh-L": "nan", "name_zh-La": "nan", "surface": "nan", "addr_place": "nan", "addr_unit": "nan", "nohousenum": "nan", "roof_colou": "nan", "emergency": "nan", "healthcare": "nan", "healthca_1": "nan", "loc_name": "nan", "operator": "nan", "website": "nan", "wheelchair": "nan", "building_c": "nan", "building_l": "nan", "museum": "nan", "tourism": "nan", "official_n": "nan", "wikimedia_": "nan", "office": "nan", "int_name": "nan", "height": "nan", "short_name": "nan", "wikidata": "nan", "wikipedia": "nan", "historic": "nan", "roof_orien": "nan", "roof_shape": "nan", "addr_house": "nan", "addr_hou_1": "nan", "power": "nan", "building_u": "nan", "flickr": "nan", "education": "nan", "ref": "nan", "athletics": "nan", "man_made": "nan", "ceremonial": "nan", "inscriptio": "nan", "material": "nan", "start_date": "nan", "bicycle_pa": "nan", "shelter_ty": "nan", "playground": "nan", "disused": "nan", "type": "nan", "addr_count": "nan", "internet_a": "nan", "name_de": "nan", "name_es": "nan", "name_fr": "nan", "name_it": "nan", "name_ja": "nan", "short_na_1": "nan", "short_na_2": "nan", "designatio": "nan", "path": "Point?crs=EPSG:4326&field=element:string(80,0)&field=id:string(80,0)&field=amenity:string(80,0)&field=name:string(80,0)&field=access:string(80,0)&field=barrier:string(80,0)&field=bicycle:string(80,0)&field=foot:string(80,0)&field=motor_vehi:string(80,0)&", "poi_tpye": "office" }, "geometry": { "type": "Point", "coordinates": [ 114.362604131698916, 30.544246416888193 ] } },
{ "type": "Feature", "properties": { "element": "way", "id": "104218615", "amenity": "nan", "name": "信息学部19舍", "access": "nan", "barrier": "nan", "bicycle": "nan", "foot": "nan", "motor_vehi": "nan", "opening_ho": "nan", "alt_name": "nan", "old_name": "国软C3舍", "locked": "nan", "leisure": "nan", "sport": "nan", "horse": "nan", "brand": "nan", "brand_en": "nan", "brand_wiki": "nan", "brand_wi_1": "nan", "brand_zh": "nan", "cuisine": "nan", "level": "nan", "name_en": "nan", "name_zh": "信息学部19舍", "takeaway": "nan", "diet_halal": "nan", "addr_city": "Wuhan", "addr_distr": "nan", "addr_postc": "nan", "addr_provi": "nan", "addr_stree": "LuoYu Road", "building": "dormitory", "fee": "nan", "diet_meat": "nan", "note": "nan", "outdoor_se": "nan", "brand_zh-H": "nan", "brand_zh_1": "nan", "delivery": "nan", "name_zh-Ha": "nan", "name_zh-_1": "nan", "layer": "nan", "fast_food": "nan", "brand_zh-L": "nan", "name_zh-La": "nan", "surface": "nan", "addr_place": "nan", "addr_unit": "nan", "nohousenum": "nan", "roof_colou": "nan", "emergency": "nan", "healthcare": "nan", "healthca_1": "nan", "loc_name": "nan", "operator": "nan", "website": "nan", "wheelchair": "nan", "building_c": "nan", "building_l": "7", "museum": "nan", "tourism": "nan", "official_n": "nan", "wikimedia_": "nan", "office": "nan", "int_name": "nan", "height": "nan", "short_name": "nan", "wikidata": "nan", "wikipedia": "nan", "historic": "nan", "roof_orien": "nan", "roof_shape": "nan", "addr_house": "nan", "addr_hou_1": "nan", "power": "nan", "building_u": "nan", "flickr": "nan", "education": "nan", "ref": "nan", "athletics": "nan", "man_made": "nan", "ceremonial": "nan", "inscriptio": "nan", "material": "nan", "start_date": "nan", "bicycle_pa": "nan", "shelter_ty": "nan", "playground": "nan", "disused": "nan", "type": "nan", "addr_count": "nan", "internet_a": "nan", "name_de": "nan", "name_es": "nan", "name_fr": "nan", "name_it": "nan", "name_ja": "nan", "short_na_1": "nan", "short_na_2": "nan", "designatio": "nan", "path": "Point?crs=EPSG:4326&field=element:string(80,0)&field=id:string(80,0)&field=amenity:string(80,0)&field=name:string(80,0)&field=access:string(80,0)&field=barrier:string(80,0)&field=bicycle:string(80,0)&field=foot:string(80,0)&field=motor_vehi:string(80,0)&", "poi_tpye": "dormitory" }, "geometry": { "type": "Point", "coordinates": [ 114.349604649987043, 30.529371915387195 ] } },
{ "type": "Feature", "properties": { "element": "way", "id": "104218610", "amenity": "nan", "name": "信息学部22舍", "access": "nan", "barrier": "nan", "bicycle": "nan", "foot": "nan", "motor_vehi": "nan", "opening_ho": "nan", "alt_name": "nan", "old_name": "nan", "locked": "nan", "leisure": "nan", "sport": "nan", "horse": "nan", "brand": "nan", "brand_en": "nan", "brand_wiki": "nan", "brand_wi_1": "nan", "brand_zh": "nan", "cuisine": "nan", "level": "nan", "name_en": "nan", "name_zh": "nan", "takeaway": "nan", "diet_halal": "nan", "addr_city": "nan", "addr_distr": "nan", "addr_postc": "nan", "addr_provi": "nan", "addr_stree": "nan", "building": "yes", "fee": "nan", "diet_meat": "nan", "note": "nan", "outdoor_se": "nan", "brand_zh-H": "nan", "brand_zh_1": "nan", "delivery": "nan", "name_zh-Ha": "nan", "name_zh-_1": "nan", "layer": "nan", "fast_food": "nan", "brand_zh-L": "nan", "name_zh-La": "nan", "surface": "nan", "addr_place": "nan", "addr_unit": "nan", "nohousenum": "nan", "roof_colou": "nan", "emergency": "nan", "healthcare": "nan", "healthca_1": "nan", "loc_name": "nan", "operator": "nan", "website": "nan", "wheelchair": "nan", "building_c": "nan", "building_l": "nan", "museum": "nan", "tourism": "nan", "official_n": "nan", "wikimedia_": "nan", "office": "nan", "int_name": "nan", "height": "nan", "short_name": "nan", "wikidata": "nan", "wikipedia": "nan", "historic": "nan", "roof_orien": "nan", "roof_shape": "nan", "addr_house": "nan", "addr_hou_1": "nan", "power": "nan", "building_u": "nan", "flickr": "nan", "education": "nan", "ref": "nan", "athletics": "nan", "man_made": "nan", "ceremonial": "nan", "inscriptio": "nan", "material": "nan", "start_date": "nan", "bicycle_pa": "nan", "shelter_ty": "nan", "playground": "nan", "disused": "nan", "type": "nan", "addr_count": "nan", "internet_a": "nan", "name_de": "nan", "name_es": "nan", "name_fr": "nan", "name_it": "nan", "name_ja": "nan", "short_na_1": "nan", "short_na_2": "nan", "designatio": "nan", "path": "Point?crs=EPSG:4326&field=element:string(80,0)&field=id:string(80,0)&field=amenity:string(80,0)&field=name:string(80,0)&field=access:string(80,0)&field=barrier:string(80,0)&field=bicycle:string(80,0)&field=foot:string(80,0)&field=motor_vehi:string(80,0)&", "poi_tpye": "dormitory" }, "geometry": { "type": "Point", "coordinates": [ 114.35196660999658, 30.529959180401839 ] } },
{ "type": "Feature", "properties": { "element": "way", "id": "104218601", "amenity": "nan", "name": "信息学部20舍", "access": "nan", "barrier": "nan", "bicycle": "nan", "foot": "nan", "motor_vehi": "nan", "opening_ho": "nan", "alt_name": "nan", "old_name": "国软C4舍", "locked": "nan", "leisure": "nan", "sport": "nan", "horse": "nan", "brand": "nan", "brand_en": "nan", "brand_wiki": "nan", "brand_wi_1": "nan", "brand_zh": "nan", "cuisine": "nan", "level": "nan", "name_en": "nan", "name_zh": "信息学部20舍", "takeaway": "nan", "diet_halal": "nan", "addr_city": "nan", "addr_distr": "nan", "addr_postc": "nan", "addr_provi": "nan", "addr_stree": "nan", "building": "dormitory", "fee": "nan", "diet_meat": "nan", "note": "nan", "outdoor_se": "nan", "brand_zh-H": "nan", "brand_zh_1": "nan", "delivery": "nan", "name_zh-Ha": "nan", "name_zh-_1": "nan", "layer": "nan", "fast_food": "nan", "brand_zh-L": "nan", "name_zh-La": "nan", "surface": "nan", "addr_place": "nan", "addr_unit": "nan", "nohousenum": "nan", "roof_colou": "nan", "emergency": "nan", "healthcare": "nan", "healthca_1": "nan", "loc_name": "nan", "operator": "nan", "website": "nan", "wheelchair": "nan", "building_c": "nan", "building_l": "7", "museum": "nan", "tourism": "nan", "official_n": "nan", "wikimedia_": "nan", "office": "nan", "int_name": "nan", "height": "nan", "short_name": "nan", "wikidata": "nan", "wikipedia": "nan", "historic": "nan", "roof_orien": "nan", "roof_shape": "nan", "addr_house": "nan", "addr_hou_1": "nan", "power": "nan", "building_u": "nan", "flickr": "nan", "education": "nan", "ref": "nan", "athletics": "nan", "man_made": "nan", "ceremonial": "nan", "inscriptio": "nan", "material": "nan", "start_date": "nan", "bicycle_pa": "nan", "shelter_ty": "nan", "playground": "nan", "disused": "nan", "type": "nan", "addr_count": "nan", "internet_a": "nan", "name_de": "nan", "name_es": "nan", "name_fr": "nan", "name_it": "nan", "name_ja": "nan", "short_na_1": "nan", "short_na_2": "nan", "designatio": "nan", "path": "Point?crs=EPSG:4326&field=element:string(80,0)&field=id:string(80,0)&field=amenity:string(80,0)&field=name:string(80,0)&field=access:string(80,0)&field=barrier:string(80,0)&field=bicycle:string(80,0)&field=foot:string(80,0)&field=motor_vehi:string(80,0)&", "poi_tpye": "dormitory" }, "geometry": { "type": "Point", "coordinates": [ 114.349596514273827, 30.529721278705214 ] } },
{ "type": "Feature", "properties": { "element": "way", "id": "104218586", "amenity": "nan", "name": "信息学部23舍", "access": "nan", "barrier": "nan", "bicycle": "nan", "foot": "nan", "motor_vehi": "nan", "opening_ho": "nan", "alt_name": "nan", "old_name": "nan", "locked": "nan", "leisure": "nan", "sport": "nan", "horse": "nan", "brand": "nan", "brand_en": "nan", "brand_wiki": "nan", "brand_wi_1": "nan", "brand_zh": "nan", "cuisine": "nan", "level": "nan", "name_en": "nan", "name_zh": "nan", "takeaway": "nan", "diet_halal": "nan", "addr_city": "nan", "addr_distr": "nan", "addr_postc": "nan", "addr_provi": "nan", "addr_stree": "nan", "building": "yes", "fee": "nan", "diet_meat": "nan", "note": "nan", "outdoor_se": "nan", "brand_zh-H": "nan", "brand_zh_1": "nan", "delivery": "nan", "name_zh-Ha": "nan", "name_zh-_1": "nan", "layer": "nan", "fast_food": "nan", "brand_zh-L": "nan", "name_zh-La": "nan", "surface": "nan", "addr_place": "nan", "addr_unit": "nan", "nohousenum": "nan", "roof_colou": "nan", "emergency": "nan", "healthcare": "nan", "healthca_1": "nan", "loc_name": "nan", "operator": "nan", "website": "nan", "wheelchair": "nan", "building_c": "nan", "building_l": "nan", "museum": "nan", "tourism": "nan", "official_n": "nan", "wikimedia_": "nan", "office": "nan", "int_name": "nan", "height": "nan", "short_name": "nan", "wikidata": "nan", "wikipedia": "nan", "historic": "nan", "roof_orien": "nan", "roof_shape": "nan", "addr_house": "nan", "addr_hou_1": "nan", "power": "nan", "building_u": "nan", "flickr": "nan", "education": "nan", "ref": "nan", "athletics": "nan", "man_made": "nan", "ceremonial": "nan", "inscriptio": "nan", "material": "nan", "start_date": "nan", "bicycle_pa": "nan", "shelter_ty": "nan", "playground": "nan", "disused": "nan", "type": "nan", "addr_count": "nan", "internet_a": "nan", "name_de": "nan", "name_es": "nan", "name_fr": "nan", "name_it": "nan", "name_ja": "nan", "short_na_1": "nan", "short_na_2": "nan", "designatio": "nan", "path": "Point?crs=EPSG:4326&field=element:string(80,0)&field=id:string(80,0)&field=amenity:string(80,0)&field=name:string(80,0)&field=access:string(80,0)&field=barrier:string(80,0)&field=bicycle:string(80,0)&field=foot:string(80,0)&field=motor_vehi:string(80,0)&", "poi_tpye": "dormitory" }, "geometry": { "type": "Point", "coordinates": [ 114.351730286758055, 30.530468229254815 ] } },
{ "type": "Feature", "properties": { "element": "way", "id": "104218575", "amenity": "nan", "name": "星湖体育馆", "access": "nan", "barrier": "nan", "bicycle": "nan", "foot": "nan", "motor_vehi": "nan", "opening_ho": "nan", "alt_name": "nan", "old_name": "nan", "locked": "nan", "leisure": "sports_hall", "sport": "nan", "horse": "nan", "brand": "nan", "brand_en": "nan", "brand_wiki": "nan", "brand_wi_1": "nan", "brand_zh": "nan", "cuisine": "nan", "level": "nan", "name_en": "nan", "name_zh": "nan", "takeaway": "nan", "diet_halal": "nan", "addr_city": "nan", "addr_distr": "nan", "addr_postc": "nan", "addr_provi": "nan", "addr_stree": "nan", "building": "yes", "fee": "nan", "diet_meat": "nan", "note": "nan", "outdoor_se": "nan", "brand_zh-H": "nan", "brand_zh_1": "nan", "delivery": "nan", "name_zh-Ha": "nan", "name_zh-_1": "nan", "layer": "nan", "fast_food": "nan", "brand_zh-L": "nan", "name_zh-La": "nan", "surface": "nan", "addr_place": "nan", "addr_unit": "nan", "nohousenum": "nan", "roof_colou": "nan", "emergency": "nan", "healthcare": "nan", "healthca_1": "nan", "loc_name": "nan", "operator": "nan", "website": "nan", "wheelchair": "nan", "building_c": "nan", "building_l": "nan", "museum": "nan", "tourism": "nan", "official_n": "nan", "wikimedia_": "nan", "office": "nan", "int_name": "nan", "height": "nan", "short_name": "nan", "wikidata": "nan", "wikipedia": "nan", "historic": "nan", "roof_orien": "nan", "roof_shape": "nan", "addr_house": "nan", "addr_hou_1": "nan", "power": "nan", "building_u": "nan", "flickr": "nan", "education": "nan", "ref": "nan", "athletics": "nan", "man_made": "nan", "ceremonial": "nan", "inscriptio": "nan", "material": "nan", "start_date": "nan", "bicycle_pa": "nan", "shelter_ty": "nan", "playground": "nan", "disused": "nan", "type": "nan", "addr_count": "nan", "internet_a": "nan", "name_de": "nan", "name_es": "nan", "name_fr": "nan", "name_it": "nan", "name_ja": "nan", "short_na_1": "nan", "short_na_2": "nan", "designatio": "nan", "path": "Point?crs=EPSG:4326&field=element:string(80,0)&field=id:string(80,0)&field=amenity:string(80,0)&field=name:string(80,0)&field=access:string(80,0)&field=barrier:string(80,0)&field=bicycle:string(80,0)&field=foot:string(80,0)&field=motor_vehi:string(80,0)&", "poi_tpye": "sports" }, "geometry": { "type": "Point", "coordinates": [ 114.351296698951145, 30.53044994111368 ] } },
{ "type": "Feature", "properties": { "element": "way", "id": "1445906649", "amenity": "nan", "name": "梅园快递服务中心", "access": "nan", "barrier": "nan", "bicycle": "nan", "foot": "nan", "motor_vehi": "nan", "opening_ho": "nan", "alt_name": "nan", "old_name": "nan", "locked": "nan", "leisure": "nan", "sport": "nan", "horse": "nan", "brand": "nan", "brand_en": "nan", "brand_wiki": "nan", "brand_wi_1": "nan", "brand_zh": "nan", "cuisine": "nan", "level": "nan", "name_en": "nan", "name_zh": "nan", "takeaway": "nan", "diet_halal": "nan", "addr_city": "nan", "addr_distr": "nan", "addr_postc": "nan", "addr_provi": "nan", "addr_stree": "nan", "building": "yes", "fee": "nan", "diet_meat": "nan", "note": "nan", "outdoor_se": "nan", "brand_zh-H": "nan", "brand_zh_1": "nan", "delivery": "nan", "name_zh-Ha": "nan", "name_zh-_1": "nan", "layer": "nan", "fast_food": "nan", "brand_zh-L": "nan", "name_zh-La": "nan", "surface": "nan", "addr_place": "nan", "addr_unit": "nan", "nohousenum": "nan", "roof_colou": "nan", "emergency": "nan", "healthcare": "nan", "healthca_1": "nan", "loc_name": "nan", "operator": "nan", "website": "nan", "wheelchair": "nan", "building_c": "nan", "building_l": "nan", "museum": "nan", "tourism": "nan", "official_n": "武汉大学（梅园）快递服务中心", "wikimedia_": "nan", "office": "nan", "int_name": "nan", "height": "nan", "short_name": "nan", "wikidata": "nan", "wikipedia": "nan", "historic": "nan", "roof_orien": "nan", "roof_shape": "nan", "addr_house": "nan", "addr_hou_1": "nan", "power": "nan", "building_u": "nan", "flickr": "nan", "education": "nan", "ref": "nan", "athletics": "nan", "man_made": "nan", "ceremonial": "nan", "inscriptio": "nan", "material": "nan", "start_date": "nan", "bicycle_pa": "nan", "shelter_ty": "nan", "playground": "nan", "disused": "nan", "type": "nan", "addr_count": "nan", "internet_a": "nan", "name_de": "nan", "name_es": "nan", "name_fr": "nan", "name_it": "nan", "name_ja": "nan", "short_na_1": "nan", "short_na_2": "nan", "designatio": "nan", "path": "Point?crs=EPSG:4326&field=element:string(80,0)&field=id:string(80,0)&field=amenity:string(80,0)&field=name:string(80,0)&field=access:string(80,0)&field=barrier:string(80,0)&field=bicycle:string(80,0)&field=foot:string(80,0)&field=motor_vehi:string(80,0)&" }, "geometry": { "type": "Point", "coordinates": [ 114.359637964587947, 30.53917235429363 ] } },
{ "type": "Feature", "properties": { "element": "way", "id": "104218567", "amenity": "nan", "name": "信息学部15、16舍", "access": "nan", "barrier": "nan", "bicycle": "nan", "foot": "nan", "motor_vehi": "nan", "opening_ho": "nan", "alt_name": "nan", "old_name": "nan", "locked": "nan", "leisure": "nan", "sport": "nan", "horse": "nan", "brand": "nan", "brand_en": "nan", "brand_wiki": "nan", "brand_wi_1": "nan", "brand_zh": "nan", "cuisine": "nan", "level": "nan", "name_en": "nan", "name_zh": "nan", "takeaway": "nan", "diet_halal": "nan", "addr_city": "nan", "addr_distr": "nan", "addr_postc": "nan", "addr_provi": "nan", "addr_stree": "nan", "building": "dormitory", "fee": "nan", "diet_meat": "nan", "note": "nan", "outdoor_se": "nan", "brand_zh-H": "nan", "brand_zh_1": "nan", "delivery": "nan", "name_zh-Ha": "nan", "name_zh-_1": "nan", "layer": "nan", "fast_food": "nan", "brand_zh-L": "nan", "name_zh-La": "nan", "surface": "nan", "addr_place": "nan", "addr_unit": "nan", "nohousenum": "nan", "roof_colou": "nan", "emergency": "nan", "healthcare": "nan", "healthca_1": "nan", "loc_name": "nan", "operator": "武汉大学", "website": "nan", "wheelchair": "nan", "building_c": "nan", "building_l": "7", "museum": "nan", "tourism": "nan", "official_n": "nan", "wikimedia_": "nan", "office": "nan", "int_name": "nan", "height": "nan", "short_name": "nan", "wikidata": "nan", "wikipedia": "nan", "historic": "nan", "roof_orien": "nan", "roof_shape": "nan", "addr_house": "nan", "addr_hou_1": "nan", "power": "nan", "building_u": "nan", "flickr": "nan", "education": "nan", "ref": "nan", "athletics": "nan", "man_made": "nan", "ceremonial": "nan", "inscriptio": "nan", "material": "nan", "start_date": "nan", "bicycle_pa": "nan", "shelter_ty": "nan", "playground": "nan", "disused": "nan", "type": "nan", "addr_count": "nan", "internet_a": "nan", "name_de": "nan", "name_es": "nan", "name_fr": "nan", "name_it": "nan", "name_ja": "nan", "short_na_1": "nan", "short_na_2": "nan", "designatio": "nan", "path": "Point?crs=EPSG:4326&field=element:string(80,0)&field=id:string(80,0)&field=amenity:string(80,0)&field=name:string(80,0)&field=access:string(80,0)&field=barrier:string(80,0)&field=bicycle:string(80,0)&field=foot:string(80,0)&field=motor_vehi:string(80,0)&", "poi_tpye": "dormitory" }, "geometry": { "type": "Point", "coordinates": [ 114.351977480021105, 30.530881710837985 ] } },
{ "type": "Feature", "properties": { "element": "way", "id": "104218566", "amenity": "nan", "name": "信息学部西区A2教学楼", "access": "nan", "barrier": "nan", "bicycle": "nan", "foot": "nan", "motor_vehi": "nan", "opening_ho": "nan", "alt_name": "nan", "old_name": "nan", "locked": "nan", "leisure": "nan", "sport": "nan", "horse": "nan", "brand": "nan", "brand_en": "nan", "brand_wiki": "nan", "brand_wi_1": "nan", "brand_zh": "nan", "cuisine": "nan", "level": "nan", "name_en": "nan", "name_zh": "nan", "takeaway": "nan", "diet_halal": "nan", "addr_city": "nan", "addr_distr": "nan", "addr_postc": "nan", "addr_provi": "nan", "addr_stree": "nan", "building": "university", "fee": "nan", "diet_meat": "nan", "note": "nan", "outdoor_se": "nan", "brand_zh-H": "nan", "brand_zh_1": "nan", "delivery": "nan", "name_zh-Ha": "nan", "name_zh-_1": "nan", "layer": "nan", "fast_food": "nan", "brand_zh-L": "nan", "name_zh-La": "nan", "surface": "nan", "addr_place": "nan", "addr_unit": "nan", "nohousenum": "nan", "roof_colou": "nan", "emergency": "nan", "healthcare": "nan", "healthca_1": "nan", "loc_name": "nan", "operator": "nan", "website": "nan", "wheelchair": "nan", "building_c": "nan", "building_l": "4", "museum": "nan", "tourism": "nan", "official_n": "nan", "wikimedia_": "nan", "office": "nan", "int_name": "nan", "height": "nan", "short_name": "nan", "wikidata": "nan", "wikipedia": "nan", "historic": "nan", "roof_orien": "nan", "roof_shape": "nan", "addr_house": "nan", "addr_hou_1": "nan", "power": "nan", "building_u": "nan", "flickr": "nan", "education": "nan", "ref": "nan", "athletics": "nan", "man_made": "nan", "ceremonial": "nan", "inscriptio": "nan", "material": "nan", "start_date": "nan", "bicycle_pa": "nan", "shelter_ty": "nan", "playground": "nan", "disused": "nan", "type": "nan", "addr_count": "nan", "internet_a": "nan", "name_de": "nan", "name_es": "nan", "name_fr": "nan", "name_it": "nan", "name_ja": "nan", "short_na_1": "nan", "short_na_2": "nan", "designatio": "nan", "path": "Point?crs=EPSG:4326&field=element:string(80,0)&field=id:string(80,0)&field=amenity:string(80,0)&field=name:string(80,0)&field=access:string(80,0)&field=barrier:string(80,0)&field=bicycle:string(80,0)&field=foot:string(80,0)&field=motor_vehi:string(80,0)&", "poi_tpye": "teaching_building" }, "geometry": { "type": "Point", "coordinates": [ 114.351543677346427, 30.52943003525154 ] } },
{ "type": "Feature", "properties": { "element": "way", "id": "104108011", "amenity": "nan", "name": "信息学部7号教学楼", "access": "nan", "barrier": "nan", "bicycle": "nan", "foot": "nan", "motor_vehi": "nan", "opening_ho": "nan", "alt_name": "nan", "old_name": "nan", "locked": "nan", "leisure": "nan", "sport": "nan", "horse": "nan", "brand": "nan", "brand_en": "nan", "brand_wiki": "nan", "brand_wi_1": "nan", "brand_zh": "nan", "cuisine": "nan", "level": "nan", "name_en": "nan", "name_zh": "nan", "takeaway": "nan", "diet_halal": "nan", "addr_city": "武汉市", "addr_distr": "洪山区", "addr_postc": "430079", "addr_provi": "湖北省", "addr_stree": "珞喻路", "building": "university", "fee": "nan", "diet_meat": "nan", "note": "nan", "outdoor_se": "nan", "brand_zh-H": "nan", "brand_zh_1": "nan", "delivery": "nan", "name_zh-Ha": "nan", "name_zh-_1": "nan", "layer": "nan", "fast_food": "nan", "brand_zh-L": "nan", "name_zh-La": "nan", "surface": "nan", "addr_place": "nan", "addr_unit": "nan", "nohousenum": "nan", "roof_colou": "nan", "emergency": "nan", "healthcare": "nan", "healthca_1": "nan", "loc_name": "nan", "operator": "nan", "website": "nan", "wheelchair": "nan", "building_c": "nan", "building_l": "5", "museum": "nan", "tourism": "nan", "official_n": "nan", "wikimedia_": "nan", "office": "nan", "int_name": "nan", "height": "nan", "short_name": "nan", "wikidata": "nan", "wikipedia": "nan", "historic": "nan", "roof_orien": "nan", "roof_shape": "nan", "addr_house": "129号", "addr_hou_1": "7号教学楼", "power": "nan", "building_u": "nan", "flickr": "nan", "education": "nan", "ref": "nan", "athletics": "nan", "man_made": "nan", "ceremonial": "nan", "inscriptio": "nan", "material": "nan", "start_date": "nan", "bicycle_pa": "nan", "shelter_ty": "nan", "playground": "nan", "disused": "nan", "type": "nan", "addr_count": "nan", "internet_a": "nan", "name_de": "nan", "name_es": "nan", "name_fr": "nan", "name_it": "nan", "name_ja": "nan", "short_na_1": "nan", "short_na_2": "nan", "designatio": "nan", "path": "Point?crs=EPSG:4326&field=element:string(80,0)&field=id:string(80,0)&field=amenity:string(80,0)&field=name:string(80,0)&field=access:string(80,0)&field=barrier:string(80,0)&field=bicycle:string(80,0)&field=foot:string(80,0)&field=motor_vehi:string(80,0)&", "poi_tpye": "teaching_building" }, "geometry": { "type": "Point", "coordinates": [ 114.354563243138401, 30.527825772591925 ] } },
{ "type": "Feature", "properties": { "element": "way", "id": "104108008", "amenity": "theatre", "name": "大学生活动中心", "access": "nan", "barrier": "nan", "bicycle": "nan", "foot": "nan", "motor_vehi": "nan", "opening_ho": "nan", "alt_name": "nan", "old_name": "nan", "locked": "nan", "leisure": "nan", "sport": "nan", "horse": "nan", "brand": "nan", "brand_en": "nan", "brand_wiki": "nan", "brand_wi_1": "nan", "brand_zh": "nan", "cuisine": "nan", "level": "nan", "name_en": "nan", "name_zh": "nan", "takeaway": "nan", "diet_halal": "nan", "addr_city": "nan", "addr_distr": "nan", "addr_postc": "nan", "addr_provi": "nan", "addr_stree": "nan", "building": "yes", "fee": "nan", "diet_meat": "nan", "note": "nan", "outdoor_se": "nan", "brand_zh-H": "nan", "brand_zh_1": "nan", "delivery": "nan", "name_zh-Ha": "nan", "name_zh-_1": "nan", "layer": "nan", "fast_food": "nan", "brand_zh-L": "nan", "name_zh-La": "nan", "surface": "nan", "addr_place": "nan", "addr_unit": "nan", "nohousenum": "nan", "roof_colou": "nan", "emergency": "nan", "healthcare": "nan", "healthca_1": "nan", "loc_name": "nan", "operator": "nan", "website": "nan", "wheelchair": "nan", "building_c": "nan", "building_l": "nan", "museum": "nan", "tourism": "nan", "official_n": "nan", "wikimedia_": "nan", "office": "nan", "int_name": "nan", "height": "nan", "short_name": "nan", "wikidata": "nan", "wikipedia": "nan", "historic": "nan", "roof_orien": "nan", "roof_shape": "nan", "addr_house": "nan", "addr_hou_1": "nan", "power": "nan", "building_u": "nan", "flickr": "nan", "education": "nan", "ref": "nan", "athletics": "nan", "man_made": "nan", "ceremonial": "nan", "inscriptio": "nan", "material": "nan", "start_date": "nan", "bicycle_pa": "nan", "shelter_ty": "nan", "playground": "nan", "disused": "nan", "type": "nan", "addr_count": "nan", "internet_a": "nan", "name_de": "nan", "name_es": "nan", "name_fr": "nan", "name_it": "nan", "name_ja": "nan", "short_na_1": "nan", "short_na_2": "nan", "designatio": "nan", "path": "Point?crs=EPSG:4326&field=element:string(80,0)&field=id:string(80,0)&field=amenity:string(80,0)&field=name:string(80,0)&field=access:string(80,0)&field=barrier:string(80,0)&field=bicycle:string(80,0)&field=foot:string(80,0)&field=motor_vehi:string(80,0)&", "poi_tpye": "office" }, "geometry": { "type": "Point", "coordinates": [ 114.356893394292854, 30.529420755365578 ] } },
{ "type": "Feature", "properties": { "element": "way", "id": "104108006", "amenity": "nan", "name": "电脑大世界", "access": "nan", "barrier": "nan", "bicycle": "nan", "foot": "nan", "motor_vehi": "nan", "opening_ho": "nan", "alt_name": "nan", "old_name": "nan", "locked": "nan", "leisure": "nan", "sport": "nan", "horse": "nan", "brand": "nan", "brand_en": "nan", "brand_wiki": "nan", "brand_wi_1": "nan", "brand_zh": "nan", "cuisine": "nan", "level": "nan", "name_en": "nan", "name_zh": "nan", "takeaway": "nan", "diet_halal": "nan", "addr_city": "nan", "addr_distr": "nan", "addr_postc": "nan", "addr_provi": "nan", "addr_stree": "nan", "building": "commercial", "fee": "nan", "diet_meat": "nan", "note": "nan", "outdoor_se": "nan", "brand_zh-H": "nan", "brand_zh_1": "nan", "delivery": "nan", "name_zh-Ha": "nan", "name_zh-_1": "nan", "layer": "nan", "fast_food": "nan", "brand_zh-L": "nan", "name_zh-La": "nan", "surface": "nan", "addr_place": "nan", "addr_unit": "nan", "nohousenum": "nan", "roof_colou": "nan", "emergency": "nan", "healthcare": "nan", "healthca_1": "nan", "loc_name": "nan", "operator": "nan", "website": "nan", "wheelchair": "nan", "building_c": "nan", "building_l": "nan", "museum": "nan", "tourism": "nan", "official_n": "nan", "wikimedia_": "nan", "office": "nan", "int_name": "nan", "height": "nan", "short_name": "nan", "wikidata": "nan", "wikipedia": "nan", "historic": "nan", "roof_orien": "nan", "roof_shape": "nan", "addr_house": "nan", "addr_hou_1": "nan", "power": "nan", "building_u": "nan", "flickr": "nan", "education": "nan", "ref": "nan", "athletics": "nan", "man_made": "nan", "ceremonial": "nan", "inscriptio": "nan", "material": "nan", "start_date": "nan", "bicycle_pa": "nan", "shelter_ty": "nan", "playground": "nan", "disused": "nan", "type": "nan", "addr_count": "nan", "internet_a": "nan", "name_de": "nan", "name_es": "nan", "name_fr": "nan", "name_it": "nan", "name_ja": "nan", "short_na_1": "nan", "short_na_2": "nan", "designatio": "nan", "path": "Point?crs=EPSG:4326&field=element:string(80,0)&field=id:string(80,0)&field=amenity:string(80,0)&field=name:string(80,0)&field=access:string(80,0)&field=barrier:string(80,0)&field=bicycle:string(80,0)&field=foot:string(80,0)&field=motor_vehi:string(80,0)&" }, "geometry": { "type": "Point", "coordinates": [ 114.356508413776183, 30.526811846063925 ] } },
{ "type": "Feature", "properties": { "element": "way", "id": "104108003", "amenity": "nan", "name": "双泽楼", "access": "nan", "barrier": "nan", "bicycle": "nan", "foot": "nan", "motor_vehi": "nan", "opening_ho": "nan", "alt_name": "nan", "old_name": "nan", "locked": "nan", "leisure": "nan", "sport": "nan", "horse": "nan", "brand": "nan", "brand_en": "nan", "brand_wiki": "nan", "brand_wi_1": "nan", "brand_zh": "nan", "cuisine": "nan", "level": "nan", "name_en": "nan", "name_zh": "nan", "takeaway": "nan", "diet_halal": "nan", "addr_city": "nan", "addr_distr": "nan", "addr_postc": "nan", "addr_provi": "nan", "addr_stree": "nan", "building": "yes", "fee": "nan", "diet_meat": "nan", "note": "nan", "outdoor_se": "nan", "brand_zh-H": "nan", "brand_zh_1": "nan", "delivery": "nan", "name_zh-Ha": "nan", "name_zh-_1": "nan", "layer": "nan", "fast_food": "nan", "brand_zh-L": "nan", "name_zh-La": "nan", "surface": "nan", "addr_place": "nan", "addr_unit": "nan", "nohousenum": "nan", "roof_colou": "nan", "emergency": "nan", "healthcare": "nan", "healthca_1": "nan", "loc_name": "nan", "operator": "nan", "website": "nan", "wheelchair": "nan", "building_c": "nan", "building_l": "nan", "museum": "nan", "tourism": "nan", "official_n": "nan", "wikimedia_": "nan", "office": "nan", "int_name": "nan", "height": "nan", "short_name": "nan", "wikidata": "nan", "wikipedia": "nan", "historic": "nan", "roof_orien": "nan", "roof_shape": "nan", "addr_house": "nan", "addr_hou_1": "nan", "power": "nan", "building_u": "nan", "flickr": "nan", "education": "nan", "ref": "nan", "athletics": "nan", "man_made": "nan", "ceremonial": "nan", "inscriptio": "nan", "material": "nan", "start_date": "nan", "bicycle_pa": "nan", "shelter_ty": "nan", "playground": "nan", "disused": "nan", "type": "nan", "addr_count": "nan", "internet_a": "nan", "name_de": "nan", "name_es": "nan", "name_fr": "nan", "name_it": "nan", "name_ja": "nan", "short_na_1": "nan", "short_na_2": "nan", "designatio": "nan", "path": "Point?crs=EPSG:4326&field=element:string(80,0)&field=id:string(80,0)&field=amenity:string(80,0)&field=name:string(80,0)&field=access:string(80,0)&field=barrier:string(80,0)&field=bicycle:string(80,0)&field=foot:string(80,0)&field=motor_vehi:string(80,0)&", "poi_tpye": "office" }, "geometry": { "type": "Point", "coordinates": [ 114.356132789488939, 30.527124697010464 ] } },
{ "type": "Feature", "properties": { "element": "way", "id": "104108001", "amenity": "library", "name": "信息学部图书馆", "access": "nan", "barrier": "nan", "bicycle": "nan", "foot": "nan", "motor_vehi": "nan", "opening_ho": "Mo-Su 07:30-22:30", "alt_name": "nan", "old_name": "nan", "locked": "nan", "leisure": "nan", "sport": "nan", "horse": "nan", "brand": "nan", "brand_en": "nan", "brand_wiki": "nan", "brand_wi_1": "nan", "brand_zh": "nan", "cuisine": "nan", "level": "nan", "name_en": "nan", "name_zh": "nan", "takeaway": "nan", "diet_halal": "nan", "addr_city": "nan", "addr_distr": "nan", "addr_postc": "nan", "addr_provi": "nan", "addr_stree": "nan", "building": "library", "fee": "nan", "diet_meat": "nan", "note": "nan", "outdoor_se": "nan", "brand_zh-H": "nan", "brand_zh_1": "nan", "delivery": "nan", "name_zh-Ha": "nan", "name_zh-_1": "nan", "layer": "nan", "fast_food": "nan", "brand_zh-L": "nan", "name_zh-La": "nan", "surface": "nan", "addr_place": "nan", "addr_unit": "nan", "nohousenum": "nan", "roof_colou": "nan", "emergency": "nan", "healthcare": "nan", "healthca_1": "nan", "loc_name": "nan", "operator": "nan", "website": "https://www.lib.whu.edu.cn/", "wheelchair": "nan", "building_c": "#e2e2e0", "building_l": "5", "museum": "nan", "tourism": "nan", "official_n": "nan", "wikimedia_": "nan", "office": "nan", "int_name": "nan", "height": "nan", "short_name": "nan", "wikidata": "nan", "wikipedia": "nan", "historic": "nan", "roof_orien": "nan", "roof_shape": "nan", "addr_house": "nan", "addr_hou_1": "nan", "power": "nan", "building_u": "nan", "flickr": "nan", "education": "nan", "ref": "nan", "athletics": "nan", "man_made": "nan", "ceremonial": "nan", "inscriptio": "nan", "material": "nan", "start_date": "nan", "bicycle_pa": "nan", "shelter_ty": "nan", "playground": "nan", "disused": "nan", "type": "nan", "addr_count": "nan", "internet_a": "nan", "name_de": "nan", "name_es": "nan", "name_fr": "nan", "name_it": "nan", "name_ja": "nan", "short_na_1": "nan", "short_na_2": "nan", "designatio": "nan", "path": "Point?crs=EPSG:4326&field=element:string(80,0)&field=id:string(80,0)&field=amenity:string(80,0)&field=name:string(80,0)&field=access:string(80,0)&field=barrier:string(80,0)&field=bicycle:string(80,0)&field=foot:string(80,0)&field=motor_vehi:string(80,0)&", "poi_tpye": "library" }, "geometry": { "type": "Point", "coordinates": [ 114.35570113087357, 30.531426420698068 ] } },
{ "type": "Feature", "properties": { "element": "way", "id": "1472505869", "amenity": "nan", "name": "于刚·宋晓楼", "access": "nan", "barrier": "nan", "bicycle": "nan", "foot": "nan", "motor_vehi": "nan", "opening_ho": "nan", "alt_name": "nan", "old_name": "nan", "locked": "nan", "leisure": "nan", "sport": "nan", "horse": "nan", "brand": "nan", "brand_en": "nan", "brand_wiki": "nan", "brand_wi_1": "nan", "brand_zh": "nan", "cuisine": "nan", "level": "nan", "name_en": "nan", "name_zh": "nan", "takeaway": "nan", "diet_halal": "nan", "addr_city": "nan", "addr_distr": "nan", "addr_postc": "nan", "addr_provi": "nan", "addr_stree": "nan", "building": "university", "fee": "nan", "diet_meat": "nan", "note": "nan", "outdoor_se": "nan", "brand_zh-H": "nan", "brand_zh_1": "nan", "delivery": "nan", "name_zh-Ha": "nan", "name_zh-_1": "nan", "layer": "1", "fast_food": "nan", "brand_zh-L": "nan", "name_zh-La": "nan", "surface": "nan", "addr_place": "nan", "addr_unit": "nan", "nohousenum": "nan", "roof_colou": "nan", "emergency": "nan", "healthcare": "nan", "healthca_1": "nan", "loc_name": "nan", "operator": "nan", "website": "nan", "wheelchair": "nan", "building_c": "nan", "building_l": "nan", "museum": "nan", "tourism": "nan", "official_n": "nan", "wikimedia_": "nan", "office": "nan", "int_name": "nan", "height": "nan", "short_name": "nan", "wikidata": "nan", "wikipedia": "nan", "historic": "nan", "roof_orien": "nan", "roof_shape": "nan", "addr_house": "nan", "addr_hou_1": "nan", "power": "nan", "building_u": "nan", "flickr": "nan", "education": "nan", "ref": "nan", "athletics": "nan", "man_made": "nan", "ceremonial": "nan", "inscriptio": "nan", "material": "nan", "start_date": "nan", "bicycle_pa": "nan", "shelter_ty": "nan", "playground": "nan", "disused": "nan", "type": "nan", "addr_count": "nan", "internet_a": "nan", "name_de": "nan", "name_es": "nan", "name_fr": "nan", "name_it": "nan", "name_ja": "nan", "short_na_1": "nan", "short_na_2": "nan", "designatio": "nan", "path": "Point?crs=EPSG:4326&field=element:string(80,0)&field=id:string(80,0)&field=amenity:string(80,0)&field=name:string(80,0)&field=access:string(80,0)&field=barrier:string(80,0)&field=bicycle:string(80,0)&field=foot:string(80,0)&field=motor_vehi:string(80,0)&", "poi_tpye": "office" }, "geometry": { "type": "Point", "coordinates": [ 114.352909896922981, 30.540048643032009 ] } },
{ "type": "Feature", "properties": { "element": "way", "id": "104107998", "amenity": "nan", "name": "信息学部4号教学楼", "access": "nan", "barrier": "nan", "bicycle": "nan", "foot": "nan", "motor_vehi": "nan", "opening_ho": "nan", "alt_name": "nan", "old_name": "nan", "locked": "nan", "leisure": "nan", "sport": "nan", "horse": "nan", "brand": "nan", "brand_en": "nan", "brand_wiki": "nan", "brand_wi_1": "nan", "brand_zh": "nan", "cuisine": "nan", "level": "nan", "name_en": "nan", "name_zh": "nan", "takeaway": "nan", "diet_halal": "nan", "addr_city": "武汉", "addr_distr": "nan", "addr_postc": "430079", "addr_provi": "nan", "addr_stree": "珞喻路", "building": "university", "fee": "nan", "diet_meat": "nan", "note": "nan", "outdoor_se": "nan", "brand_zh-H": "nan", "brand_zh_1": "nan", "delivery": "nan", "name_zh-Ha": "nan", "name_zh-_1": "nan", "layer": "nan", "fast_food": "nan", "brand_zh-L": "nan", "name_zh-La": "nan", "surface": "nan", "addr_place": "nan", "addr_unit": "nan", "nohousenum": "nan", "roof_colou": "nan", "emergency": "nan", "healthcare": "nan", "healthca_1": "nan", "loc_name": "nan", "operator": "nan", "website": "nan", "wheelchair": "nan", "building_c": "nan", "building_l": "4", "museum": "nan", "tourism": "nan", "official_n": "nan", "wikimedia_": "nan", "office": "nan", "int_name": "nan", "height": "nan", "short_name": "nan", "wikidata": "nan", "wikipedia": "nan", "historic": "nan", "roof_orien": "nan", "roof_shape": "nan", "addr_house": "129", "addr_hou_1": "nan", "power": "nan", "building_u": "nan", "flickr": "nan", "education": "nan", "ref": "nan", "athletics": "nan", "man_made": "nan", "ceremonial": "nan", "inscriptio": "nan", "material": "nan", "start_date": "nan", "bicycle_pa": "nan", "shelter_ty": "nan", "playground": "nan", "disused": "nan", "type": "nan", "addr_count": "nan", "internet_a": "nan", "name_de": "nan", "name_es": "nan", "name_fr": "nan", "name_it": "nan", "name_ja": "nan", "short_na_1": "nan", "short_na_2": "nan", "designatio": "nan", "path": "Point?crs=EPSG:4326&field=element:string(80,0)&field=id:string(80,0)&field=amenity:string(80,0)&field=name:string(80,0)&field=access:string(80,0)&field=barrier:string(80,0)&field=bicycle:string(80,0)&field=foot:string(80,0)&field=motor_vehi:string(80,0)&", "poi_tpye": "teaching_building" }, "geometry": { "type": "Point", "coordinates": [ 114.356899934116299, 30.528366358404028 ] } },
{ "type": "Feature", "properties": { "element": "way", "id": "104372406", "amenity": "nan", "name": "信息学部13舍", "access": "nan", "barrier": "nan", "bicycle": "nan", "foot": "nan", "motor_vehi": "nan", "opening_ho": "nan", "alt_name": "nan", "old_name": "nan", "locked": "nan", "leisure": "nan", "sport": "nan", "horse": "nan", "brand": "nan", "brand_en": "nan", "brand_wiki": "nan", "brand_wi_1": "nan", "brand_zh": "nan", "cuisine": "nan", "level": "nan", "name_en": "nan", "name_zh": "nan", "takeaway": "nan", "diet_halal": "nan", "addr_city": "nan", "addr_distr": "nan", "addr_postc": "nan", "addr_provi": "nan", "addr_stree": "nan", "building": "dormitory", "fee": "nan", "diet_meat": "nan", "note": "nan", "outdoor_se": "nan", "brand_zh-H": "nan", "brand_zh_1": "nan", "delivery": "nan", "name_zh-Ha": "nan", "name_zh-_1": "nan", "layer": "nan", "fast_food": "nan", "brand_zh-L": "nan", "name_zh-La": "nan", "surface": "nan", "addr_place": "nan", "addr_unit": "nan", "nohousenum": "nan", "roof_colou": "nan", "emergency": "nan", "healthcare": "nan", "healthca_1": "nan", "loc_name": "nan", "operator": "武汉大学", "website": "nan", "wheelchair": "nan", "building_c": "nan", "building_l": "7", "museum": "nan", "tourism": "nan", "official_n": "nan", "wikimedia_": "nan", "office": "nan", "int_name": "nan", "height": "nan", "short_name": "nan", "wikidata": "nan", "wikipedia": "nan", "historic": "nan", "roof_orien": "nan", "roof_shape": "nan", "addr_house": "nan", "addr_hou_1": "信息学部13栋", "power": "nan", "building_u": "nan", "flickr": "nan", "education": "nan", "ref": "nan", "athletics": "nan", "man_made": "nan", "ceremonial": "nan", "inscriptio": "nan", "material": "nan", "start_date": "nan", "bicycle_pa": "nan", "shelter_ty": "nan", "playground": "nan", "disused": "nan", "type": "nan", "addr_count": "nan", "internet_a": "nan", "name_de": "nan", "name_es": "nan", "name_fr": "nan", "name_it": "nan", "name_ja": "nan", "short_na_1": "nan", "short_na_2": "nan", "designatio": "nan", "path": "Point?crs=EPSG:4326&field=element:string(80,0)&field=id:string(80,0)&field=amenity:string(80,0)&field=name:string(80,0)&field=access:string(80,0)&field=barrier:string(80,0)&field=bicycle:string(80,0)&field=foot:string(80,0)&field=motor_vehi:string(80,0)&", "poi_tpye": "dormitory" }, "geometry": { "type": "Point", "coordinates": [ 114.352643912969228, 30.530717678431284 ] } },
{ "type": "Feature", "properties": { "element": "way", "id": "104372405", "amenity": "nan", "name": "信息学部3舍", "access": "nan", "barrier": "nan", "bicycle": "nan", "foot": "nan", "motor_vehi": "nan", "opening_ho": "nan", "alt_name": "nan", "old_name": "nan", "locked": "nan", "leisure": "nan", "sport": "nan", "horse": "nan", "brand": "nan", "brand_en": "nan", "brand_wiki": "nan", "brand_wi_1": "nan", "brand_zh": "nan", "cuisine": "nan", "level": "nan", "name_en": "nan", "name_zh": "nan", "takeaway": "nan", "diet_halal": "nan", "addr_city": "nan", "addr_distr": "nan", "addr_postc": "nan", "addr_provi": "nan", "addr_stree": "nan", "building": "dormitory", "fee": "nan", "diet_meat": "nan", "note": "nan", "outdoor_se": "nan", "brand_zh-H": "nan", "brand_zh_1": "nan", "delivery": "nan", "name_zh-Ha": "nan", "name_zh-_1": "nan", "layer": "nan", "fast_food": "nan", "brand_zh-L": "nan", "name_zh-La": "nan", "surface": "nan", "addr_place": "nan", "addr_unit": "nan", "nohousenum": "nan", "roof_colou": "nan", "emergency": "nan", "healthcare": "nan", "healthca_1": "nan", "loc_name": "nan", "operator": "武汉大学", "website": "nan", "wheelchair": "nan", "building_c": "nan", "building_l": "7", "museum": "nan", "tourism": "nan", "official_n": "nan", "wikimedia_": "nan", "office": "nan", "int_name": "nan", "height": "nan", "short_name": "nan", "wikidata": "nan", "wikipedia": "nan", "historic": "nan", "roof_orien": "nan", "roof_shape": "nan", "addr_house": "nan", "addr_hou_1": "nan", "power": "nan", "building_u": "nan", "flickr": "nan", "education": "nan", "ref": "nan", "athletics": "nan", "man_made": "nan", "ceremonial": "nan", "inscriptio": "nan", "material": "nan", "start_date": "nan", "bicycle_pa": "nan", "shelter_ty": "nan", "playground": "nan", "disused": "nan", "type": "nan", "addr_count": "nan", "internet_a": "nan", "name_de": "nan", "name_es": "nan", "name_fr": "nan", "name_it": "nan", "name_ja": "nan", "short_na_1": "nan", "short_na_2": "nan", "designatio": "nan", "path": "Point?crs=EPSG:4326&field=element:string(80,0)&field=id:string(80,0)&field=amenity:string(80,0)&field=name:string(80,0)&field=access:string(80,0)&field=barrier:string(80,0)&field=bicycle:string(80,0)&field=foot:string(80,0)&field=motor_vehi:string(80,0)&", "poi_tpye": "dormitory" }, "geometry": { "type": "Point", "coordinates": [ 114.35454701426589, 30.530720625328577 ] } },
{ "type": "Feature", "properties": { "element": "way", "id": "104372401", "amenity": "nan", "name": "信息学部4舍", "access": "nan", "barrier": "nan", "bicycle": "nan", "foot": "nan", "motor_vehi": "nan", "opening_ho": "nan", "alt_name": "nan", "old_name": "nan", "locked": "nan", "leisure": "nan", "sport": "nan", "horse": "nan", "brand": "nan", "brand_en": "nan", "brand_wiki": "nan", "brand_wi_1": "nan", "brand_zh": "nan", "cuisine": "nan", "level": "nan", "name_en": "nan", "name_zh": "nan", "takeaway": "nan", "diet_halal": "nan", "addr_city": "nan", "addr_distr": "nan", "addr_postc": "nan", "addr_provi": "nan", "addr_stree": "nan", "building": "dormitory", "fee": "nan", "diet_meat": "nan", "note": "nan", "outdoor_se": "nan", "brand_zh-H": "nan", "brand_zh_1": "nan", "delivery": "nan", "name_zh-Ha": "nan", "name_zh-_1": "nan", "layer": "nan", "fast_food": "nan", "brand_zh-L": "nan", "name_zh-La": "nan", "surface": "nan", "addr_place": "nan", "addr_unit": "nan", "nohousenum": "nan", "roof_colou": "nan", "emergency": "nan", "healthcare": "nan", "healthca_1": "nan", "loc_name": "nan", "operator": "武汉大学", "website": "nan", "wheelchair": "nan", "building_c": "nan", "building_l": "7", "museum": "nan", "tourism": "nan", "official_n": "nan", "wikimedia_": "nan", "office": "nan", "int_name": "nan", "height": "nan", "short_name": "nan", "wikidata": "nan", "wikipedia": "nan", "historic": "nan", "roof_orien": "nan", "roof_shape": "nan", "addr_house": "nan", "addr_hou_1": "nan", "power": "nan", "building_u": "nan", "flickr": "nan", "education": "nan", "ref": "nan", "athletics": "nan", "man_made": "nan", "ceremonial": "nan", "inscriptio": "nan", "material": "nan", "start_date": "nan", "bicycle_pa": "nan", "shelter_ty": "nan", "playground": "nan", "disused": "nan", "type": "nan", "addr_count": "nan", "internet_a": "nan", "name_de": "nan", "name_es": "nan", "name_fr": "nan", "name_it": "nan", "name_ja": "nan", "short_na_1": "nan", "short_na_2": "nan", "designatio": "nan", "path": "Point?crs=EPSG:4326&field=element:string(80,0)&field=id:string(80,0)&field=amenity:string(80,0)&field=name:string(80,0)&field=access:string(80,0)&field=barrier:string(80,0)&field=bicycle:string(80,0)&field=foot:string(80,0)&field=motor_vehi:string(80,0)&", "poi_tpye": "dormitory" }, "geometry": { "type": "Point", "coordinates": [ 114.354547162289322, 30.53103696614895 ] } },
{ "type": "Feature", "properties": { "element": "way", "id": "104372393", "amenity": "nan", "name": "信息学部三食堂、四食堂", "access": "nan", "barrier": "nan", "bicycle": "nan", "foot": "nan", "motor_vehi": "nan", "opening_ho": "nan", "alt_name": "nan", "old_name": "nan", "locked": "nan", "leisure": "nan", "sport": "nan", "horse": "nan", "brand": "nan", "brand_en": "nan", "brand_wiki": "nan", "brand_wi_1": "nan", "brand_zh": "nan", "cuisine": "nan", "level": "nan", "name_en": "nan", "name_zh": "nan", "takeaway": "nan", "diet_halal": "nan", "addr_city": "nan", "addr_distr": "nan", "addr_postc": "nan", "addr_provi": "nan", "addr_stree": "nan", "building": "yes", "fee": "nan", "diet_meat": "nan", "note": "nan", "outdoor_se": "nan", "brand_zh-H": "nan", "brand_zh_1": "nan", "delivery": "nan", "name_zh-Ha": "nan", "name_zh-_1": "nan", "layer": "nan", "fast_food": "nan", "brand_zh-L": "nan", "name_zh-La": "nan", "surface": "nan", "addr_place": "nan", "addr_unit": "nan", "nohousenum": "nan", "roof_colou": "nan", "emergency": "nan", "healthcare": "nan", "healthca_1": "nan", "loc_name": "nan", "operator": "nan", "website": "nan", "wheelchair": "nan", "building_c": "nan", "building_l": "2", "museum": "nan", "tourism": "nan", "official_n": "nan", "wikimedia_": "nan", "office": "nan", "int_name": "nan", "height": "nan", "short_name": "nan", "wikidata": "nan", "wikipedia": "nan", "historic": "nan", "roof_orien": "nan", "roof_shape": "nan", "addr_house": "nan", "addr_hou_1": "nan", "power": "nan", "building_u": "nan", "flickr": "nan", "education": "nan", "ref": "nan", "athletics": "nan", "man_made": "nan", "ceremonial": "nan", "inscriptio": "nan", "material": "nan", "start_date": "nan", "bicycle_pa": "nan", "shelter_ty": "nan", "playground": "nan", "disused": "nan", "type": "nan", "addr_count": "nan", "internet_a": "nan", "name_de": "nan", "name_es": "nan", "name_fr": "nan", "name_it": "nan", "name_ja": "nan", "short_na_1": "nan", "short_na_2": "nan", "designatio": "nan", "path": "Point?crs=EPSG:4326&field=element:string(80,0)&field=id:string(80,0)&field=amenity:string(80,0)&field=name:string(80,0)&field=access:string(80,0)&field=barrier:string(80,0)&field=bicycle:string(80,0)&field=foot:string(80,0)&field=motor_vehi:string(80,0)&", "poi_tpye": "cafeteria" }, "geometry": { "type": "Point", "coordinates": [ 114.352814111451778, 30.529627189006234 ] } },
{ "type": "Feature", "properties": { "element": "way", "id": "104372387", "amenity": "nan", "name": "信息学部14舍", "access": "nan", "barrier": "nan", "bicycle": "nan", "foot": "nan", "motor_vehi": "nan", "opening_ho": "nan", "alt_name": "nan", "old_name": "nan", "locked": "nan", "leisure": "nan", "sport": "nan", "horse": "nan", "brand": "nan", "brand_en": "nan", "brand_wiki": "nan", "brand_wi_1": "nan", "brand_zh": "nan", "cuisine": "nan", "level": "nan", "name_en": "nan", "name_zh": "nan", "takeaway": "nan", "diet_halal": "nan", "addr_city": "nan", "addr_distr": "nan", "addr_postc": "nan", "addr_provi": "nan", "addr_stree": "nan", "building": "dormitory", "fee": "nan", "diet_meat": "nan", "note": "nan", "outdoor_se": "nan", "brand_zh-H": "nan", "brand_zh_1": "nan", "delivery": "nan", "name_zh-Ha": "nan", "name_zh-_1": "nan", "layer": "nan", "fast_food": "nan", "brand_zh-L": "nan", "name_zh-La": "nan", "surface": "nan", "addr_place": "nan", "addr_unit": "nan", "nohousenum": "nan", "roof_colou": "nan", "emergency": "nan", "healthcare": "nan", "healthca_1": "nan", "loc_name": "nan", "operator": "武汉大学", "website": "nan", "wheelchair": "nan", "building_c": "nan", "building_l": "7", "museum": "nan", "tourism": "nan", "official_n": "nan", "wikimedia_": "nan", "office": "nan", "int_name": "nan", "height": "nan", "short_name": "nan", "wikidata": "nan", "wikipedia": "nan", "historic": "nan", "roof_orien": "nan", "roof_shape": "nan", "addr_house": "nan", "addr_hou_1": "nan", "power": "nan", "building_u": "nan", "flickr": "nan", "education": "nan", "ref": "nan", "athletics": "nan", "man_made": "nan", "ceremonial": "nan", "inscriptio": "nan", "material": "nan", "start_date": "nan", "bicycle_pa": "nan", "shelter_ty": "nan", "playground": "nan", "disused": "nan", "type": "nan", "addr_count": "nan", "internet_a": "nan", "name_de": "nan", "name_es": "nan", "name_fr": "nan", "name_it": "nan", "name_ja": "nan", "short_na_1": "nan", "short_na_2": "nan", "designatio": "nan", "path": "Point?crs=EPSG:4326&field=element:string(80,0)&field=id:string(80,0)&field=amenity:string(80,0)&field=name:string(80,0)&field=access:string(80,0)&field=barrier:string(80,0)&field=bicycle:string(80,0)&field=foot:string(80,0)&field=motor_vehi:string(80,0)&", "poi_tpye": "dormitory" }, "geometry": { "type": "Point", "coordinates": [ 114.352645936204055, 30.531012498948005 ] } },
{ "type": "Feature", "properties": { "element": "way", "id": "104372385", "amenity": "nan", "name": "信息学部12舍", "access": "nan", "barrier": "nan", "bicycle": "nan", "foot": "nan", "motor_vehi": "nan", "opening_ho": "nan", "alt_name": "nan", "old_name": "nan", "locked": "nan", "leisure": "nan", "sport": "nan", "horse": "nan", "brand": "nan", "brand_en": "nan", "brand_wiki": "nan", "brand_wi_1": "nan", "brand_zh": "nan", "cuisine": "nan", "level": "nan", "name_en": "nan", "name_zh": "nan", "takeaway": "nan", "diet_halal": "nan", "addr_city": "nan", "addr_distr": "nan", "addr_postc": "nan", "addr_provi": "nan", "addr_stree": "nan", "building": "dormitory", "fee": "nan", "diet_meat": "nan", "note": "nan", "outdoor_se": "nan", "brand_zh-H": "nan", "brand_zh_1": "nan", "delivery": "nan", "name_zh-Ha": "nan", "name_zh-_1": "nan", "layer": "nan", "fast_food": "nan", "brand_zh-L": "nan", "name_zh-La": "nan", "surface": "nan", "addr_place": "nan", "addr_unit": "nan", "nohousenum": "nan", "roof_colou": "nan", "emergency": "nan", "healthcare": "nan", "healthca_1": "nan", "loc_name": "nan", "operator": "武汉大学", "website": "nan", "wheelchair": "nan", "building_c": "nan", "building_l": "7", "museum": "nan", "tourism": "nan", "official_n": "nan", "wikimedia_": "nan", "office": "nan", "int_name": "nan", "height": "nan", "short_name": "nan", "wikidata": "nan", "wikipedia": "nan", "historic": "nan", "roof_orien": "nan", "roof_shape": "nan", "addr_house": "nan", "addr_hou_1": "nan", "power": "nan", "building_u": "nan", "flickr": "nan", "education": "nan", "ref": "nan", "athletics": "nan", "man_made": "nan", "ceremonial": "nan", "inscriptio": "nan", "material": "nan", "start_date": "nan", "bicycle_pa": "nan", "shelter_ty": "nan", "playground": "nan", "disused": "nan", "type": "nan", "addr_count": "nan", "internet_a": "nan", "name_de": "nan", "name_es": "nan", "name_fr": "nan", "name_it": "nan", "name_ja": "nan", "short_na_1": "nan", "short_na_2": "nan", "designatio": "nan", "path": "Point?crs=EPSG:4326&field=element:string(80,0)&field=id:string(80,0)&field=amenity:string(80,0)&field=name:string(80,0)&field=access:string(80,0)&field=barrier:string(80,0)&field=bicycle:string(80,0)&field=foot:string(80,0)&field=motor_vehi:string(80,0)&", "poi_tpye": "dormitory" }, "geometry": { "type": "Point", "coordinates": [ 114.352641381399479, 30.530434933877952 ] } },
{ "type": "Feature", "properties": { "element": "way", "id": "104372384", "amenity": "nan", "name": "信息学部11舍", "access": "nan", "barrier": "nan", "bicycle": "nan", "foot": "nan", "motor_vehi": "nan", "opening_ho": "nan", "alt_name": "nan", "old_name": "nan", "locked": "nan", "leisure": "nan", "sport": "nan", "horse": "nan", "brand": "nan", "brand_en": "nan", "brand_wiki": "nan", "brand_wi_1": "nan", "brand_zh": "nan", "cuisine": "nan", "level": "nan", "name_en": "nan", "name_zh": "nan", "takeaway": "nan", "diet_halal": "nan", "addr_city": "nan", "addr_distr": "nan", "addr_postc": "nan", "addr_provi": "nan", "addr_stree": "nan", "building": "dormitory", "fee": "nan", "diet_meat": "nan", "note": "nan", "outdoor_se": "nan", "brand_zh-H": "nan", "brand_zh_1": "nan", "delivery": "nan", "name_zh-Ha": "nan", "name_zh-_1": "nan", "layer": "nan", "fast_food": "nan", "brand_zh-L": "nan", "name_zh-La": "nan", "surface": "nan", "addr_place": "nan", "addr_unit": "nan", "nohousenum": "nan", "roof_colou": "nan", "emergency": "nan", "healthcare": "nan", "healthca_1": "nan", "loc_name": "nan", "operator": "武汉大学", "website": "nan", "wheelchair": "nan", "building_c": "nan", "building_l": "7", "museum": "nan", "tourism": "nan", "official_n": "nan", "wikimedia_": "nan", "office": "nan", "int_name": "nan", "height": "nan", "short_name": "nan", "wikidata": "nan", "wikipedia": "nan", "historic": "nan", "roof_orien": "nan", "roof_shape": "nan", "addr_house": "nan", "addr_hou_1": "nan", "power": "nan", "building_u": "nan", "flickr": "nan", "education": "nan", "ref": "nan", "athletics": "nan", "man_made": "nan", "ceremonial": "nan", "inscriptio": "nan", "material": "nan", "start_date": "nan", "bicycle_pa": "nan", "shelter_ty": "nan", "playground": "nan", "disused": "nan", "type": "nan", "addr_count": "nan", "internet_a": "nan", "name_de": "nan", "name_es": "nan", "name_fr": "nan", "name_it": "nan", "name_ja": "nan", "short_na_1": "nan", "short_na_2": "nan", "designatio": "nan", "path": "Point?crs=EPSG:4326&field=element:string(80,0)&field=id:string(80,0)&field=amenity:string(80,0)&field=name:string(80,0)&field=access:string(80,0)&field=barrier:string(80,0)&field=bicycle:string(80,0)&field=foot:string(80,0)&field=motor_vehi:string(80,0)&", "poi_tpye": "dormitory" }, "geometry": { "type": "Point", "coordinates": [ 114.352641456742134, 30.530162503176552 ] } },
{ "type": "Feature", "properties": { "element": "way", "id": "104219274", "amenity": "nan", "name": "竹园体育馆", "access": "nan", "barrier": "nan", "bicycle": "nan", "foot": "nan", "motor_vehi": "nan", "opening_ho": "nan", "alt_name": "武汉大学信息学部体育馆", "old_name": "nan", "locked": "nan", "leisure": "sports_hall", "sport": "nan", "horse": "nan", "brand": "nan", "brand_en": "nan", "brand_wiki": "nan", "brand_wi_1": "nan", "brand_zh": "nan", "cuisine": "nan", "level": "nan", "name_en": "nan", "name_zh": "nan", "takeaway": "nan", "diet_halal": "nan", "addr_city": "nan", "addr_distr": "nan", "addr_postc": "nan", "addr_provi": "nan", "addr_stree": "nan", "building": "sports_hall", "fee": "nan", "diet_meat": "nan", "note": "nan", "outdoor_se": "nan", "brand_zh-H": "nan", "brand_zh_1": "nan", "delivery": "nan", "name_zh-Ha": "nan", "name_zh-_1": "nan", "layer": "nan", "fast_food": "nan", "brand_zh-L": "nan", "name_zh-La": "nan", "surface": "nan", "addr_place": "nan", "addr_unit": "nan", "nohousenum": "nan", "roof_colou": "#cc7b60", "emergency": "nan", "healthcare": "nan", "healthca_1": "nan", "loc_name": "nan", "operator": "nan", "website": "nan", "wheelchair": "nan", "building_c": "#cc7b60", "building_l": "1", "museum": "nan", "tourism": "nan", "official_n": "nan", "wikimedia_": "nan", "office": "nan", "int_name": "nan", "height": "nan", "short_name": "nan", "wikidata": "nan", "wikipedia": "nan", "historic": "nan", "roof_orien": "along", "roof_shape": "gabled", "addr_house": "nan", "addr_hou_1": "nan", "power": "nan", "building_u": "nan", "flickr": "nan", "education": "nan", "ref": "nan", "athletics": "nan", "man_made": "nan", "ceremonial": "nan", "inscriptio": "nan", "material": "nan", "start_date": "nan", "bicycle_pa": "nan", "shelter_ty": "nan", "playground": "nan", "disused": "nan", "type": "nan", "addr_count": "nan", "internet_a": "nan", "name_de": "nan", "name_es": "nan", "name_fr": "nan", "name_it": "nan", "name_ja": "nan", "short_na_1": "nan", "short_na_2": "nan", "designatio": "nan", "path": "Point?crs=EPSG:4326&field=element:string(80,0)&field=id:string(80,0)&field=amenity:string(80,0)&field=name:string(80,0)&field=access:string(80,0)&field=barrier:string(80,0)&field=bicycle:string(80,0)&field=foot:string(80,0)&field=motor_vehi:string(80,0)&", "poi_tpye": "sports" }, "geometry": { "type": "Point", "coordinates": [ 114.356837156997287, 30.530029039666527 ] } },
{ "type": "Feature", "properties": { "element": "way", "id": "104219268", "amenity": "nan", "name": "测量仪器陈列馆", "access": "nan", "barrier": "nan", "bicycle": "nan", "foot": "nan", "motor_vehi": "nan", "opening_ho": "nan", "alt_name": "nan", "old_name": "nan", "locked": "nan", "leisure": "nan", "sport": "nan", "horse": "nan", "brand": "nan", "brand_en": "nan", "brand_wiki": "nan", "brand_wi_1": "nan", "brand_zh": "nan", "cuisine": "nan", "level": "nan", "name_en": "nan", "name_zh": "nan", "takeaway": "nan", "diet_halal": "nan", "addr_city": "nan", "addr_distr": "nan", "addr_postc": "nan", "addr_provi": "nan", "addr_stree": "nan", "building": "university", "fee": "nan", "diet_meat": "nan", "note": "nan", "outdoor_se": "nan", "brand_zh-H": "nan", "brand_zh_1": "nan", "delivery": "nan", "name_zh-Ha": "nan", "name_zh-_1": "nan", "layer": "nan", "fast_food": "nan", "brand_zh-L": "nan", "name_zh-La": "nan", "surface": "nan", "addr_place": "nan", "addr_unit": "nan", "nohousenum": "nan", "roof_colou": "nan", "emergency": "nan", "healthcare": "nan", "healthca_1": "nan", "loc_name": "nan", "operator": "nan", "website": "nan", "wheelchair": "nan", "building_c": "nan", "building_l": "nan", "museum": "nan", "tourism": "nan", "official_n": "nan", "wikimedia_": "nan", "office": "nan", "int_name": "nan", "height": "nan", "short_name": "nan", "wikidata": "nan", "wikipedia": "nan", "historic": "nan", "roof_orien": "nan", "roof_shape": "nan", "addr_house": "nan", "addr_hou_1": "nan", "power": "nan", "building_u": "nan", "flickr": "nan", "education": "nan", "ref": "nan", "athletics": "nan", "man_made": "nan", "ceremonial": "nan", "inscriptio": "nan", "material": "nan", "start_date": "nan", "bicycle_pa": "nan", "shelter_ty": "nan", "playground": "nan", "disused": "nan", "type": "nan", "addr_count": "nan", "internet_a": "nan", "name_de": "nan", "name_es": "nan", "name_fr": "nan", "name_it": "nan", "name_ja": "nan", "short_na_1": "nan", "short_na_2": "nan", "designatio": "nan", "path": "Point?crs=EPSG:4326&field=element:string(80,0)&field=id:string(80,0)&field=amenity:string(80,0)&field=name:string(80,0)&field=access:string(80,0)&field=barrier:string(80,0)&field=bicycle:string(80,0)&field=foot:string(80,0)&field=motor_vehi:string(80,0)&", "poi_tpye": "office" }, "geometry": { "type": "Point", "coordinates": [ 114.3570269, 30.53107285 ] } },
{ "type": "Feature", "properties": { "element": "way", "id": "104219264", "amenity": "nan", "name": "地球空间环境与大地测量研究室", "access": "nan", "barrier": "nan", "bicycle": "nan", "foot": "nan", "motor_vehi": "nan", "opening_ho": "nan", "alt_name": "nan", "old_name": "nan", "locked": "nan", "leisure": "nan", "sport": "nan", "horse": "nan", "brand": "nan", "brand_en": "nan", "brand_wiki": "nan", "brand_wi_1": "nan", "brand_zh": "nan", "cuisine": "nan", "level": "nan", "name_en": "nan", "name_zh": "nan", "takeaway": "nan", "diet_halal": "nan", "addr_city": "nan", "addr_distr": "nan", "addr_postc": "nan", "addr_provi": "nan", "addr_stree": "nan", "building": "university", "fee": "nan", "diet_meat": "nan", "note": "nan", "outdoor_se": "nan", "brand_zh-H": "nan", "brand_zh_1": "nan", "delivery": "nan", "name_zh-Ha": "nan", "name_zh-_1": "nan", "layer": "nan", "fast_food": "nan", "brand_zh-L": "nan", "name_zh-La": "nan", "surface": "nan", "addr_place": "nan", "addr_unit": "nan", "nohousenum": "nan", "roof_colou": "nan", "emergency": "nan", "healthcare": "nan", "healthca_1": "nan", "loc_name": "nan", "operator": "武汉大学大学测绘学院", "website": "nan", "wheelchair": "nan", "building_c": "nan", "building_l": "nan", "museum": "nan", "tourism": "nan", "official_n": "nan", "wikimedia_": "nan", "office": "nan", "int_name": "nan", "height": "nan", "short_name": "nan", "wikidata": "nan", "wikipedia": "nan", "historic": "nan", "roof_orien": "nan", "roof_shape": "nan", "addr_house": "nan", "addr_hou_1": "nan", "power": "nan", "building_u": "nan", "flickr": "nan", "education": "nan", "ref": "nan", "athletics": "nan", "man_made": "nan", "ceremonial": "nan", "inscriptio": "nan", "material": "nan", "start_date": "nan", "bicycle_pa": "nan", "shelter_ty": "nan", "playground": "nan", "disused": "nan", "type": "nan", "addr_count": "nan", "internet_a": "nan", "name_de": "nan", "name_es": "nan", "name_fr": "nan", "name_it": "nan", "name_ja": "nan", "short_na_1": "nan", "short_na_2": "nan", "designatio": "nan", "path": "Point?crs=EPSG:4326&field=element:string(80,0)&field=id:string(80,0)&field=amenity:string(80,0)&field=name:string(80,0)&field=access:string(80,0)&field=barrier:string(80,0)&field=bicycle:string(80,0)&field=foot:string(80,0)&field=motor_vehi:string(80,0)&", "poi_tpye": "office" }, "geometry": { "type": "Point", "coordinates": [ 114.357034014285134, 30.531652278908606 ] } },
{ "type": "Feature", "properties": { "element": "way", "id": "104376127", "amenity": "nan", "name": "青3栋", "access": "nan", "barrier": "nan", "bicycle": "nan", "foot": "nan", "motor_vehi": "nan", "opening_ho": "nan", "alt_name": "nan", "old_name": "nan", "locked": "nan", "leisure": "nan", "sport": "nan", "horse": "nan", "brand": "nan", "brand_en": "nan", "brand_wiki": "nan", "brand_wi_1": "nan", "brand_zh": "nan", "cuisine": "nan", "level": "nan", "name_en": "nan", "name_zh": "nan", "takeaway": "nan", "diet_halal": "nan", "addr_city": "nan", "addr_distr": "nan", "addr_postc": "nan", "addr_provi": "nan", "addr_stree": "nan", "building": "apartments", "fee": "nan", "diet_meat": "nan", "note": "nan", "outdoor_se": "nan", "brand_zh-H": "nan", "brand_zh_1": "nan", "delivery": "nan", "name_zh-Ha": "nan", "name_zh-_1": "nan", "layer": "nan", "fast_food": "nan", "brand_zh-L": "nan", "name_zh-La": "nan", "surface": "nan", "addr_place": "nan", "addr_unit": "nan", "nohousenum": "nan", "roof_colou": "nan", "emergency": "nan", "healthcare": "nan", "healthca_1": "nan", "loc_name": "nan", "operator": "nan", "website": "nan", "wheelchair": "nan", "building_c": "nan", "building_l": "8", "museum": "nan", "tourism": "nan", "official_n": "nan", "wikimedia_": "nan", "office": "nan", "int_name": "nan", "height": "nan", "short_name": "nan", "wikidata": "nan", "wikipedia": "nan", "historic": "nan", "roof_orien": "nan", "roof_shape": "nan", "addr_house": "nan", "addr_hou_1": "nan", "power": "nan", "building_u": "nan", "flickr": "nan", "education": "nan", "ref": "nan", "athletics": "nan", "man_made": "nan", "ceremonial": "nan", "inscriptio": "nan", "material": "nan", "start_date": "nan", "bicycle_pa": "nan", "shelter_ty": "nan", "playground": "nan", "disused": "nan", "type": "nan", "addr_count": "nan", "internet_a": "nan", "name_de": "nan", "name_es": "nan", "name_fr": "nan", "name_it": "nan", "name_ja": "nan", "short_na_1": "nan", "short_na_2": "nan", "designatio": "nan", "path": "Point?crs=EPSG:4326&field=element:string(80,0)&field=id:string(80,0)&field=amenity:string(80,0)&field=name:string(80,0)&field=access:string(80,0)&field=barrier:string(80,0)&field=bicycle:string(80,0)&field=foot:string(80,0)&field=motor_vehi:string(80,0)&", "poi_tpye": "dormitory" }, "geometry": { "type": "Point", "coordinates": [ 114.351586603784426, 30.531926795839887 ] } },
{ "type": "Feature", "properties": { "element": "way", "id": "1475253993", "amenity": "university", "name": "中国科学院水生生物研究所", "access": "nan", "barrier": "nan", "bicycle": "nan", "foot": "nan", "motor_vehi": "nan", "opening_ho": "nan", "alt_name": "nan", "old_name": "nan", "locked": "nan", "leisure": "nan", "sport": "nan", "horse": "nan", "brand": "nan", "brand_en": "nan", "brand_wiki": "nan", "brand_wi_1": "nan", "brand_zh": "nan", "cuisine": "nan", "level": "nan", "name_en": "nan", "name_zh": "nan", "takeaway": "nan", "diet_halal": "nan", "addr_city": "nan", "addr_distr": "nan", "addr_postc": "nan", "addr_provi": "nan", "addr_stree": "nan", "building": "nan", "fee": "nan", "diet_meat": "nan", "note": "nan", "outdoor_se": "nan", "brand_zh-H": "nan", "brand_zh_1": "nan", "delivery": "nan", "name_zh-Ha": "nan", "name_zh-_1": "nan", "layer": "nan", "fast_food": "nan", "brand_zh-L": "nan", "name_zh-La": "nan", "surface": "nan", "addr_place": "nan", "addr_unit": "nan", "nohousenum": "nan", "roof_colou": "nan", "emergency": "nan", "healthcare": "nan", "healthca_1": "nan", "loc_name": "nan", "operator": "nan", "website": "nan", "wheelchair": "nan", "building_c": "nan", "building_l": "nan", "museum": "nan", "tourism": "nan", "official_n": "nan", "wikimedia_": "nan", "office": "nan", "int_name": "nan", "height": "nan", "short_name": "nan", "wikidata": "nan", "wikipedia": "nan", "historic": "nan", "roof_orien": "nan", "roof_shape": "nan", "addr_house": "nan", "addr_hou_1": "nan", "power": "nan", "building_u": "nan", "flickr": "nan", "education": "university", "ref": "nan", "athletics": "nan", "man_made": "nan", "ceremonial": "nan", "inscriptio": "nan", "material": "nan", "start_date": "nan", "bicycle_pa": "nan", "shelter_ty": "nan", "playground": "nan", "disused": "nan", "type": "nan", "addr_count": "nan", "internet_a": "nan", "name_de": "nan", "name_es": "nan", "name_fr": "nan", "name_it": "nan", "name_ja": "nan", "short_na_1": "nan", "short_na_2": "nan", "designatio": "nan", "path": "Point?crs=EPSG:4326&field=element:string(80,0)&field=id:string(80,0)&field=amenity:string(80,0)&field=name:string(80,0)&field=access:string(80,0)&field=barrier:string(80,0)&field=bicycle:string(80,0)&field=foot:string(80,0)&field=motor_vehi:string(80,0)&", "poi_tpye": "office" }, "geometry": { "type": "Point", "coordinates": [ 114.351597934084893, 30.546911770250947 ] } },
{ "type": "Feature", "properties": { "element": "way", "id": "104376126", "amenity": "nan", "name": "青2栋", "access": "nan", "barrier": "nan", "bicycle": "nan", "foot": "nan", "motor_vehi": "nan", "opening_ho": "nan", "alt_name": "nan", "old_name": "nan", "locked": "nan", "leisure": "nan", "sport": "nan", "horse": "nan", "brand": "nan", "brand_en": "nan", "brand_wiki": "nan", "brand_wi_1": "nan", "brand_zh": "nan", "cuisine": "nan", "level": "nan", "name_en": "nan", "name_zh": "nan", "takeaway": "nan", "diet_halal": "nan", "addr_city": "nan", "addr_distr": "nan", "addr_postc": "nan", "addr_provi": "nan", "addr_stree": "nan", "building": "apartments", "fee": "nan", "diet_meat": "nan", "note": "nan", "outdoor_se": "nan", "brand_zh-H": "nan", "brand_zh_1": "nan", "delivery": "nan", "name_zh-Ha": "nan", "name_zh-_1": "nan", "layer": "nan", "fast_food": "nan", "brand_zh-L": "nan", "name_zh-La": "nan", "surface": "nan", "addr_place": "nan", "addr_unit": "nan", "nohousenum": "nan", "roof_colou": "nan", "emergency": "nan", "healthcare": "nan", "healthca_1": "nan", "loc_name": "nan", "operator": "nan", "website": "nan", "wheelchair": "nan", "building_c": "nan", "building_l": "8", "museum": "nan", "tourism": "nan", "official_n": "nan", "wikimedia_": "nan", "office": "nan", "int_name": "nan", "height": "nan", "short_name": "nan", "wikidata": "nan", "wikipedia": "nan", "historic": "nan", "roof_orien": "nan", "roof_shape": "nan", "addr_house": "nan", "addr_hou_1": "nan", "power": "nan", "building_u": "nan", "flickr": "nan", "education": "nan", "ref": "nan", "athletics": "nan", "man_made": "nan", "ceremonial": "nan", "inscriptio": "nan", "material": "nan", "start_date": "nan", "bicycle_pa": "nan", "shelter_ty": "nan", "playground": "nan", "disused": "nan", "type": "nan", "addr_count": "nan", "internet_a": "nan", "name_de": "nan", "name_es": "nan", "name_fr": "nan", "name_it": "nan", "name_ja": "nan", "short_na_1": "nan", "short_na_2": "nan", "designatio": "nan", "path": "Point?crs=EPSG:4326&field=element:string(80,0)&field=id:string(80,0)&field=amenity:string(80,0)&field=name:string(80,0)&field=access:string(80,0)&field=barrier:string(80,0)&field=bicycle:string(80,0)&field=foot:string(80,0)&field=motor_vehi:string(80,0)&", "poi_tpye": "dormitory" }, "geometry": { "type": "Point", "coordinates": [ 114.35154675, 30.5316863 ] } },
{ "type": "Feature", "properties": { "element": "way", "id": "104376125", "amenity": "nan", "name": "青1栋", "access": "nan", "barrier": "nan", "bicycle": "nan", "foot": "nan", "motor_vehi": "nan", "opening_ho": "nan", "alt_name": "nan", "old_name": "nan", "locked": "nan", "leisure": "nan", "sport": "nan", "horse": "nan", "brand": "nan", "brand_en": "nan", "brand_wiki": "nan", "brand_wi_1": "nan", "brand_zh": "nan", "cuisine": "nan", "level": "nan", "name_en": "nan", "name_zh": "nan", "takeaway": "nan", "diet_halal": "nan", "addr_city": "nan", "addr_distr": "nan", "addr_postc": "nan", "addr_provi": "nan", "addr_stree": "nan", "building": "apartments", "fee": "nan", "diet_meat": "nan", "note": "nan", "outdoor_se": "nan", "brand_zh-H": "nan", "brand_zh_1": "nan", "delivery": "nan", "name_zh-Ha": "nan", "name_zh-_1": "nan", "layer": "nan", "fast_food": "nan", "brand_zh-L": "nan", "name_zh-La": "nan", "surface": "nan", "addr_place": "nan", "addr_unit": "nan", "nohousenum": "nan", "roof_colou": "nan", "emergency": "nan", "healthcare": "nan", "healthca_1": "nan", "loc_name": "nan", "operator": "nan", "website": "nan", "wheelchair": "nan", "building_c": "nan", "building_l": "8", "museum": "nan", "tourism": "nan", "official_n": "nan", "wikimedia_": "nan", "office": "nan", "int_name": "nan", "height": "nan", "short_name": "nan", "wikidata": "nan", "wikipedia": "nan", "historic": "nan", "roof_orien": "nan", "roof_shape": "nan", "addr_house": "nan", "addr_hou_1": "nan", "power": "nan", "building_u": "nan", "flickr": "nan", "education": "nan", "ref": "nan", "athletics": "nan", "man_made": "nan", "ceremonial": "nan", "inscriptio": "nan", "material": "nan", "start_date": "nan", "bicycle_pa": "nan", "shelter_ty": "nan", "playground": "nan", "disused": "nan", "type": "nan", "addr_count": "nan", "internet_a": "nan", "name_de": "nan", "name_es": "nan", "name_fr": "nan", "name_it": "nan", "name_ja": "nan", "short_na_1": "nan", "short_na_2": "nan", "designatio": "nan", "path": "Point?crs=EPSG:4326&field=element:string(80,0)&field=id:string(80,0)&field=amenity:string(80,0)&field=name:string(80,0)&field=access:string(80,0)&field=barrier:string(80,0)&field=bicycle:string(80,0)&field=foot:string(80,0)&field=motor_vehi:string(80,0)&", "poi_tpye": "dormitory" }, "geometry": { "type": "Point", "coordinates": [ 114.351671861227686, 30.531460820064957 ] } },
{ "type": "Feature", "properties": { "element": "way", "id": "104373483", "amenity": "nan", "name": "星园食堂", "access": "nan", "barrier": "nan", "bicycle": "nan", "foot": "nan", "motor_vehi": "nan", "opening_ho": "nan", "alt_name": "nan", "old_name": "nan", "locked": "nan", "leisure": "nan", "sport": "nan", "horse": "nan", "brand": "nan", "brand_en": "nan", "brand_wiki": "nan", "brand_wi_1": "nan", "brand_zh": "nan", "cuisine": "nan", "level": "nan", "name_en": "nan", "name_zh": "nan", "takeaway": "nan", "diet_halal": "nan", "addr_city": "nan", "addr_distr": "nan", "addr_postc": "nan", "addr_provi": "nan", "addr_stree": "nan", "building": "yes", "fee": "nan", "diet_meat": "nan", "note": "nan", "outdoor_se": "nan", "brand_zh-H": "nan", "brand_zh_1": "nan", "delivery": "nan", "name_zh-Ha": "nan", "name_zh-_1": "nan", "layer": "nan", "fast_food": "nan", "brand_zh-L": "nan", "name_zh-La": "nan", "surface": "nan", "addr_place": "nan", "addr_unit": "nan", "nohousenum": "nan", "roof_colou": "nan", "emergency": "nan", "healthcare": "nan", "healthca_1": "nan", "loc_name": "nan", "operator": "nan", "website": "nan", "wheelchair": "nan", "building_c": "nan", "building_l": "nan", "museum": "nan", "tourism": "nan", "official_n": "nan", "wikimedia_": "nan", "office": "nan", "int_name": "nan", "height": "nan", "short_name": "nan", "wikidata": "nan", "wikipedia": "nan", "historic": "nan", "roof_orien": "nan", "roof_shape": "nan", "addr_house": "nan", "addr_hou_1": "nan", "power": "nan", "building_u": "nan", "flickr": "nan", "education": "nan", "ref": "nan", "athletics": "nan", "man_made": "nan", "ceremonial": "nan", "inscriptio": "nan", "material": "nan", "start_date": "nan", "bicycle_pa": "nan", "shelter_ty": "nan", "playground": "nan", "disused": "nan", "type": "nan", "addr_count": "nan", "internet_a": "nan", "name_de": "nan", "name_es": "nan", "name_fr": "nan", "name_it": "nan", "name_ja": "nan", "short_na_1": "nan", "short_na_2": "nan", "designatio": "nan", "path": "Point?crs=EPSG:4326&field=element:string(80,0)&field=id:string(80,0)&field=amenity:string(80,0)&field=name:string(80,0)&field=access:string(80,0)&field=barrier:string(80,0)&field=bicycle:string(80,0)&field=foot:string(80,0)&field=motor_vehi:string(80,0)&", "poi_tpye": "cafeteria" }, "geometry": { "type": "Point", "coordinates": [ 114.355044751731995, 30.532826524169032 ] } },
{ "type": "Feature", "properties": { "element": "way", "id": "104373476", "amenity": "nan", "name": "星湖园招待所", "access": "nan", "barrier": "nan", "bicycle": "nan", "foot": "nan", "motor_vehi": "nan", "opening_ho": "nan", "alt_name": "nan", "old_name": "nan", "locked": "nan", "leisure": "nan", "sport": "nan", "horse": "nan", "brand": "nan", "brand_en": "nan", "brand_wiki": "nan", "brand_wi_1": "nan", "brand_zh": "nan", "cuisine": "nan", "level": "nan", "name_en": "nan", "name_zh": "nan", "takeaway": "nan", "diet_halal": "nan", "addr_city": "nan", "addr_distr": "nan", "addr_postc": "nan", "addr_provi": "nan", "addr_stree": "nan", "building": "commercial", "fee": "nan", "diet_meat": "nan", "note": "nan", "outdoor_se": "nan", "brand_zh-H": "nan", "brand_zh_1": "nan", "delivery": "nan", "name_zh-Ha": "nan", "name_zh-_1": "nan", "layer": "nan", "fast_food": "nan", "brand_zh-L": "nan", "name_zh-La": "nan", "surface": "nan", "addr_place": "nan", "addr_unit": "nan", "nohousenum": "nan", "roof_colou": "nan", "emergency": "nan", "healthcare": "nan", "healthca_1": "nan", "loc_name": "nan", "operator": "nan", "website": "nan", "wheelchair": "nan", "building_c": "nan", "building_l": "5", "museum": "nan", "tourism": "hotel", "official_n": "nan", "wikimedia_": "nan", "office": "nan", "int_name": "nan", "height": "nan", "short_name": "nan", "wikidata": "nan", "wikipedia": "nan", "historic": "nan", "roof_orien": "nan", "roof_shape": "nan", "addr_house": "nan", "addr_hou_1": "nan", "power": "nan", "building_u": "nan", "flickr": "nan", "education": "nan", "ref": "nan", "athletics": "nan", "man_made": "nan", "ceremonial": "nan", "inscriptio": "nan", "material": "nan", "start_date": "nan", "bicycle_pa": "nan", "shelter_ty": "nan", "playground": "nan", "disused": "nan", "type": "nan", "addr_count": "nan", "internet_a": "nan", "name_de": "nan", "name_es": "nan", "name_fr": "nan", "name_it": "nan", "name_ja": "nan", "short_na_1": "nan", "short_na_2": "nan", "designatio": "nan", "path": "Point?crs=EPSG:4326&field=element:string(80,0)&field=id:string(80,0)&field=amenity:string(80,0)&field=name:string(80,0)&field=access:string(80,0)&field=barrier:string(80,0)&field=bicycle:string(80,0)&field=foot:string(80,0)&field=motor_vehi:string(80,0)&", "poi_tpye": "food" }, "geometry": { "type": "Point", "coordinates": [ 114.355022710911626, 30.532364259338973 ] } },
{ "type": "Feature", "properties": { "element": "way", "id": "104373475", "amenity": "nan", "name": "青年楼", "access": "nan", "barrier": "nan", "bicycle": "nan", "foot": "nan", "motor_vehi": "nan", "opening_ho": "nan", "alt_name": "nan", "old_name": "nan", "locked": "nan", "leisure": "nan", "sport": "nan", "horse": "nan", "brand": "nan", "brand_en": "nan", "brand_wiki": "nan", "brand_wi_1": "nan", "brand_zh": "nan", "cuisine": "nan", "level": "nan", "name_en": "nan", "name_zh": "nan", "takeaway": "nan", "diet_halal": "nan", "addr_city": "nan", "addr_distr": "nan", "addr_postc": "nan", "addr_provi": "nan", "addr_stree": "nan", "building": "apartments", "fee": "nan", "diet_meat": "nan", "note": "nan", "outdoor_se": "nan", "brand_zh-H": "nan", "brand_zh_1": "nan", "delivery": "nan", "name_zh-Ha": "nan", "name_zh-_1": "nan", "layer": "nan", "fast_food": "nan", "brand_zh-L": "nan", "name_zh-La": "nan", "surface": "nan", "addr_place": "nan", "addr_unit": "nan", "nohousenum": "nan", "roof_colou": "nan", "emergency": "nan", "healthcare": "nan", "healthca_1": "nan", "loc_name": "nan", "operator": "nan", "website": "nan", "wheelchair": "nan", "building_c": "nan", "building_l": "nan", "museum": "nan", "tourism": "nan", "official_n": "nan", "wikimedia_": "nan", "office": "nan", "int_name": "nan", "height": "nan", "short_name": "nan", "wikidata": "nan", "wikipedia": "nan", "historic": "nan", "roof_orien": "nan", "roof_shape": "nan", "addr_house": "nan", "addr_hou_1": "nan", "power": "nan", "building_u": "nan", "flickr": "nan", "education": "nan", "ref": "nan", "athletics": "nan", "man_made": "nan", "ceremonial": "nan", "inscriptio": "nan", "material": "nan", "start_date": "nan", "bicycle_pa": "nan", "shelter_ty": "nan", "playground": "nan", "disused": "nan", "type": "nan", "addr_count": "nan", "internet_a": "nan", "name_de": "nan", "name_es": "nan", "name_fr": "nan", "name_it": "nan", "name_ja": "nan", "short_na_1": "nan", "short_na_2": "nan", "designatio": "nan", "path": "Point?crs=EPSG:4326&field=element:string(80,0)&field=id:string(80,0)&field=amenity:string(80,0)&field=name:string(80,0)&field=access:string(80,0)&field=barrier:string(80,0)&field=bicycle:string(80,0)&field=foot:string(80,0)&field=motor_vehi:string(80,0)&", "poi_tpye": "office" }, "geometry": { "type": "Point", "coordinates": [ 114.356440629983211, 30.532338841468853 ] } },
{ "type": "Feature", "properties": { "element": "way", "id": "1476723182", "amenity": "nan", "name": "喻鹏楼", "access": "nan", "barrier": "nan", "bicycle": "nan", "foot": "nan", "motor_vehi": "nan", "opening_ho": "nan", "alt_name": "高等研究院科研楼", "old_name": "nan", "locked": "nan", "leisure": "nan", "sport": "nan", "horse": "nan", "brand": "nan", "brand_en": "nan", "brand_wiki": "nan", "brand_wi_1": "nan", "brand_zh": "nan", "cuisine": "nan", "level": "nan", "name_en": "nan", "name_zh": "nan", "takeaway": "nan", "diet_halal": "nan", "addr_city": "nan", "addr_distr": "nan", "addr_postc": "nan", "addr_provi": "nan", "addr_stree": "nan", "building": "university", "fee": "nan", "diet_meat": "nan", "note": "nan", "outdoor_se": "nan", "brand_zh-H": "nan", "brand_zh_1": "nan", "delivery": "nan", "name_zh-Ha": "nan", "name_zh-_1": "nan", "layer": "nan", "fast_food": "nan", "brand_zh-L": "nan", "name_zh-La": "nan", "surface": "nan", "addr_place": "nan", "addr_unit": "nan", "nohousenum": "nan", "roof_colou": "nan", "emergency": "nan", "healthcare": "nan", "healthca_1": "nan", "loc_name": "nan", "operator": "nan", "website": "nan", "wheelchair": "nan", "building_c": "nan", "building_l": "nan", "museum": "nan", "tourism": "nan", "official_n": "nan", "wikimedia_": "nan", "office": "nan", "int_name": "nan", "height": "nan", "short_name": "nan", "wikidata": "nan", "wikipedia": "nan", "historic": "nan", "roof_orien": "nan", "roof_shape": "nan", "addr_house": "nan", "addr_hou_1": "nan", "power": "nan", "building_u": "nan", "flickr": "nan", "education": "nan", "ref": "nan", "athletics": "nan", "man_made": "nan", "ceremonial": "nan", "inscriptio": "nan", "material": "nan", "start_date": "nan", "bicycle_pa": "nan", "shelter_ty": "nan", "playground": "nan", "disused": "nan", "type": "nan", "addr_count": "nan", "internet_a": "nan", "name_de": "nan", "name_es": "nan", "name_fr": "nan", "name_it": "nan", "name_ja": "nan", "short_na_1": "nan", "short_na_2": "nan", "designatio": "nan", "path": "Point?crs=EPSG:4326&field=element:string(80,0)&field=id:string(80,0)&field=amenity:string(80,0)&field=name:string(80,0)&field=access:string(80,0)&field=barrier:string(80,0)&field=bicycle:string(80,0)&field=foot:string(80,0)&field=motor_vehi:string(80,0)&", "poi_tpye": "office" }, "geometry": { "type": "Point", "coordinates": [ 114.354835926845496, 30.534776235773045 ] } },
{ "type": "Feature", "properties": { "element": "way", "id": "104376430", "amenity": "nan", "name": "青4栋", "access": "nan", "barrier": "nan", "bicycle": "nan", "foot": "nan", "motor_vehi": "nan", "opening_ho": "nan", "alt_name": "nan", "old_name": "nan", "locked": "nan", "leisure": "nan", "sport": "nan", "horse": "nan", "brand": "nan", "brand_en": "nan", "brand_wiki": "nan", "brand_wi_1": "nan", "brand_zh": "nan", "cuisine": "nan", "level": "nan", "name_en": "nan", "name_zh": "nan", "takeaway": "nan", "diet_halal": "nan", "addr_city": "nan", "addr_distr": "nan", "addr_postc": "nan", "addr_provi": "nan", "addr_stree": "nan", "building": "apartments", "fee": "nan", "diet_meat": "nan", "note": "nan", "outdoor_se": "nan", "brand_zh-H": "nan", "brand_zh_1": "nan", "delivery": "nan", "name_zh-Ha": "nan", "name_zh-_1": "nan", "layer": "nan", "fast_food": "nan", "brand_zh-L": "nan", "name_zh-La": "nan", "surface": "nan", "addr_place": "nan", "addr_unit": "nan", "nohousenum": "nan", "roof_colou": "nan", "emergency": "nan", "healthcare": "nan", "healthca_1": "nan", "loc_name": "nan", "operator": "nan", "website": "nan", "wheelchair": "nan", "building_c": "nan", "building_l": "nan", "museum": "nan", "tourism": "nan", "official_n": "nan", "wikimedia_": "nan", "office": "nan", "int_name": "nan", "height": "nan", "short_name": "nan", "wikidata": "nan", "wikipedia": "nan", "historic": "nan", "roof_orien": "nan", "roof_shape": "nan", "addr_house": "nan", "addr_hou_1": "nan", "power": "nan", "building_u": "nan", "flickr": "nan", "education": "nan", "ref": "nan", "athletics": "nan", "man_made": "nan", "ceremonial": "nan", "inscriptio": "nan", "material": "nan", "start_date": "nan", "bicycle_pa": "nan", "shelter_ty": "nan", "playground": "nan", "disused": "nan", "type": "nan", "addr_count": "nan", "internet_a": "nan", "name_de": "nan", "name_es": "nan", "name_fr": "nan", "name_it": "nan", "name_ja": "nan", "short_na_1": "nan", "short_na_2": "nan", "designatio": "nan", "path": "Point?crs=EPSG:4326&field=element:string(80,0)&field=id:string(80,0)&field=amenity:string(80,0)&field=name:string(80,0)&field=access:string(80,0)&field=barrier:string(80,0)&field=bicycle:string(80,0)&field=foot:string(80,0)&field=motor_vehi:string(80,0)&", "poi_tpye": "dormitory" }, "geometry": { "type": "Point", "coordinates": [ 114.351673494581291, 30.532154225119555 ] } },
{ "type": "Feature", "properties": { "element": "way", "id": "104376429", "amenity": "nan", "name": "青5栋", "access": "nan", "barrier": "nan", "bicycle": "nan", "foot": "nan", "motor_vehi": "nan", "opening_ho": "nan", "alt_name": "nan", "old_name": "nan", "locked": "nan", "leisure": "nan", "sport": "nan", "horse": "nan", "brand": "nan", "brand_en": "nan", "brand_wiki": "nan", "brand_wi_1": "nan", "brand_zh": "nan", "cuisine": "nan", "level": "nan", "name_en": "nan", "name_zh": "nan", "takeaway": "nan", "diet_halal": "nan", "addr_city": "nan", "addr_distr": "nan", "addr_postc": "nan", "addr_provi": "nan", "addr_stree": "nan", "building": "apartments", "fee": "nan", "diet_meat": "nan", "note": "nan", "outdoor_se": "nan", "brand_zh-H": "nan", "brand_zh_1": "nan", "delivery": "nan", "name_zh-Ha": "nan", "name_zh-_1": "nan", "layer": "nan", "fast_food": "nan", "brand_zh-L": "nan", "name_zh-La": "nan", "surface": "nan", "addr_place": "nan", "addr_unit": "nan", "nohousenum": "nan", "roof_colou": "nan", "emergency": "nan", "healthcare": "nan", "healthca_1": "nan", "loc_name": "nan", "operator": "nan", "website": "nan", "wheelchair": "nan", "building_c": "nan", "building_l": "7", "museum": "nan", "tourism": "nan", "official_n": "nan", "wikimedia_": "nan", "office": "nan", "int_name": "nan", "height": "nan", "short_name": "nan", "wikidata": "nan", "wikipedia": "nan", "historic": "nan", "roof_orien": "nan", "roof_shape": "nan", "addr_house": "nan", "addr_hou_1": "nan", "power": "nan", "building_u": "nan", "flickr": "nan", "education": "nan", "ref": "nan", "athletics": "nan", "man_made": "nan", "ceremonial": "nan", "inscriptio": "nan", "material": "nan", "start_date": "nan", "bicycle_pa": "nan", "shelter_ty": "nan", "playground": "nan", "disused": "nan", "type": "nan", "addr_count": "nan", "internet_a": "nan", "name_de": "nan", "name_es": "nan", "name_fr": "nan", "name_it": "nan", "name_ja": "nan", "short_na_1": "nan", "short_na_2": "nan", "designatio": "nan", "path": "Point?crs=EPSG:4326&field=element:string(80,0)&field=id:string(80,0)&field=amenity:string(80,0)&field=name:string(80,0)&field=access:string(80,0)&field=barrier:string(80,0)&field=bicycle:string(80,0)&field=foot:string(80,0)&field=motor_vehi:string(80,0)&", "poi_tpye": "dormitory" }, "geometry": { "type": "Point", "coordinates": [ 114.35209803285052, 30.532248643866431 ] } },
{ "type": "Feature", "properties": { "element": "way", "id": "1477327856", "amenity": "nan", "name": "湖滨十七舍", "access": "nan", "barrier": "nan", "bicycle": "nan", "foot": "nan", "motor_vehi": "nan", "opening_ho": "nan", "alt_name": "nan", "old_name": "nan", "locked": "nan", "leisure": "nan", "sport": "nan", "horse": "nan", "brand": "nan", "brand_en": "nan", "brand_wiki": "nan", "brand_wi_1": "nan", "brand_zh": "nan", "cuisine": "nan", "level": "nan", "name_en": "nan", "name_zh": "nan", "takeaway": "nan", "diet_halal": "nan", "addr_city": "nan", "addr_distr": "nan", "addr_postc": "nan", "addr_provi": "nan", "addr_stree": "nan", "building": "dormitory", "fee": "nan", "diet_meat": "nan", "note": "nan", "outdoor_se": "nan", "brand_zh-H": "nan", "brand_zh_1": "nan", "delivery": "nan", "name_zh-Ha": "nan", "name_zh-_1": "nan", "layer": "nan", "fast_food": "nan", "brand_zh-L": "nan", "name_zh-La": "nan", "surface": "nan", "addr_place": "nan", "addr_unit": "nan", "nohousenum": "nan", "roof_colou": "nan", "emergency": "nan", "healthcare": "nan", "healthca_1": "nan", "loc_name": "nan", "operator": "nan", "website": "nan", "wheelchair": "nan", "building_c": "nan", "building_l": "nan", "museum": "nan", "tourism": "nan", "official_n": "nan", "wikimedia_": "nan", "office": "nan", "int_name": "nan", "height": "nan", "short_name": "nan", "wikidata": "nan", "wikipedia": "nan", "historic": "nan", "roof_orien": "nan", "roof_shape": "nan", "addr_house": "nan", "addr_hou_1": "nan", "power": "nan", "building_u": "nan", "flickr": "nan", "education": "nan", "ref": "nan", "athletics": "nan", "man_made": "nan", "ceremonial": "nan", "inscriptio": "nan", "material": "nan", "start_date": "nan", "bicycle_pa": "nan", "shelter_ty": "nan", "playground": "nan", "disused": "nan", "type": "nan", "addr_count": "nan", "internet_a": "nan", "name_de": "nan", "name_es": "nan", "name_fr": "nan", "name_it": "nan", "name_ja": "nan", "short_na_1": "nan", "short_na_2": "nan", "designatio": "nan", "path": "Point?crs=EPSG:4326&field=element:string(80,0)&field=id:string(80,0)&field=amenity:string(80,0)&field=name:string(80,0)&field=access:string(80,0)&field=barrier:string(80,0)&field=bicycle:string(80,0)&field=foot:string(80,0)&field=motor_vehi:string(80,0)&", "poi_tpye": "dormitory" }, "geometry": { "type": "Point", "coordinates": [ 114.363252192922118, 30.544477184604872 ] } },
{ "type": "Feature", "properties": { "element": "way", "id": "104449619", "amenity": "nan", "name": "国际交流中心", "access": "nan", "barrier": "nan", "bicycle": "nan", "foot": "nan", "motor_vehi": "nan", "opening_ho": "nan", "alt_name": "nan", "old_name": "预览山庄", "locked": "nan", "leisure": "nan", "sport": "nan", "horse": "nan", "brand": "nan", "brand_en": "nan", "brand_wiki": "nan", "brand_wi_1": "nan", "brand_zh": "nan", "cuisine": "nan", "level": "nan", "name_en": "nan", "name_zh": "nan", "takeaway": "nan", "diet_halal": "nan", "addr_city": "nan", "addr_distr": "nan", "addr_postc": "nan", "addr_provi": "nan", "addr_stree": "nan", "building": "university", "fee": "nan", "diet_meat": "nan", "note": "nan", "outdoor_se": "nan", "brand_zh-H": "nan", "brand_zh_1": "nan", "delivery": "nan", "name_zh-Ha": "nan", "name_zh-_1": "nan", "layer": "nan", "fast_food": "nan", "brand_zh-L": "nan", "name_zh-La": "nan", "surface": "nan", "addr_place": "nan", "addr_unit": "nan", "nohousenum": "nan", "roof_colou": "nan", "emergency": "nan", "healthcare": "nan", "healthca_1": "nan", "loc_name": "nan", "operator": "nan", "website": "nan", "wheelchair": "nan", "building_c": "nan", "building_l": "nan", "museum": "nan", "tourism": "nan", "official_n": "nan", "wikimedia_": "nan", "office": "nan", "int_name": "nan", "height": "nan", "short_name": "nan", "wikidata": "nan", "wikipedia": "nan", "historic": "nan", "roof_orien": "nan", "roof_shape": "nan", "addr_house": "nan", "addr_hou_1": "nan", "power": "nan", "building_u": "nan", "flickr": "nan", "education": "nan", "ref": "nan", "athletics": "nan", "man_made": "nan", "ceremonial": "nan", "inscriptio": "nan", "material": "nan", "start_date": "nan", "bicycle_pa": "nan", "shelter_ty": "nan", "playground": "nan", "disused": "nan", "type": "nan", "addr_count": "nan", "internet_a": "nan", "name_de": "nan", "name_es": "nan", "name_fr": "nan", "name_it": "nan", "name_ja": "nan", "short_na_1": "nan", "short_na_2": "nan", "designatio": "nan", "path": "Point?crs=EPSG:4326&field=element:string(80,0)&field=id:string(80,0)&field=amenity:string(80,0)&field=name:string(80,0)&field=access:string(80,0)&field=barrier:string(80,0)&field=bicycle:string(80,0)&field=foot:string(80,0)&field=motor_vehi:string(80,0)&", "poi_tpye": "office" }, "geometry": { "type": "Point", "coordinates": [ 114.352409177928578, 30.533171002426933 ] } },
{ "type": "Feature", "properties": { "element": "way", "id": "127025731", "amenity": "nan", "name": "信息学部3号教学楼", "access": "nan", "barrier": "nan", "bicycle": "nan", "foot": "nan", "motor_vehi": "nan", "opening_ho": "nan", "alt_name": "信息学部3教", "old_name": "nan", "locked": "nan", "leisure": "nan", "sport": "nan", "horse": "nan", "brand": "nan", "brand_en": "nan", "brand_wiki": "nan", "brand_wi_1": "nan", "brand_zh": "nan", "cuisine": "nan", "level": "nan", "name_en": "nan", "name_zh": "nan", "takeaway": "nan", "diet_halal": "nan", "addr_city": "nan", "addr_distr": "nan", "addr_postc": "nan", "addr_provi": "nan", "addr_stree": "nan", "building": "university", "fee": "nan", "diet_meat": "nan", "note": "nan", "outdoor_se": "nan", "brand_zh-H": "nan", "brand_zh_1": "nan", "delivery": "nan", "name_zh-Ha": "nan", "name_zh-_1": "nan", "layer": "nan", "fast_food": "nan", "brand_zh-L": "nan", "name_zh-La": "nan", "surface": "nan", "addr_place": "nan", "addr_unit": "nan", "nohousenum": "nan", "roof_colou": "nan", "emergency": "nan", "healthcare": "nan", "healthca_1": "nan", "loc_name": "nan", "operator": "nan", "website": "nan", "wheelchair": "nan", "building_c": "#cae2ea", "building_l": "nan", "museum": "nan", "tourism": "nan", "official_n": "nan", "wikimedia_": "nan", "office": "nan", "int_name": "nan", "height": "nan", "short_name": "nan", "wikidata": "nan", "wikipedia": "nan", "historic": "nan", "roof_orien": "nan", "roof_shape": "nan", "addr_house": "nan", "addr_hou_1": "3号教学楼", "power": "nan", "building_u": "nan", "flickr": "nan", "education": "nan", "ref": "nan", "athletics": "nan", "man_made": "nan", "ceremonial": "nan", "inscriptio": "nan", "material": "nan", "start_date": "nan", "bicycle_pa": "nan", "shelter_ty": "nan", "playground": "nan", "disused": "nan", "type": "nan", "addr_count": "nan", "internet_a": "nan", "name_de": "nan", "name_es": "nan", "name_fr": "nan", "name_it": "nan", "name_ja": "nan", "short_na_1": "nan", "short_na_2": "nan", "designatio": "nan", "path": "Point?crs=EPSG:4326&field=element:string(80,0)&field=id:string(80,0)&field=amenity:string(80,0)&field=name:string(80,0)&field=access:string(80,0)&field=barrier:string(80,0)&field=bicycle:string(80,0)&field=foot:string(80,0)&field=motor_vehi:string(80,0)&", "poi_tpye": "teaching_building" }, "geometry": { "type": "Point", "coordinates": [ 114.354561500426655, 30.528826725038265 ] } },
{ "type": "Feature", "properties": { "element": "way", "id": "127025729", "amenity": "nan", "name": "信息学部1号教学楼", "access": "nan", "barrier": "nan", "bicycle": "nan", "foot": "nan", "motor_vehi": "nan", "opening_ho": "nan", "alt_name": "信息学部3教", "old_name": "nan", "locked": "nan", "leisure": "nan", "sport": "nan", "horse": "nan", "brand": "nan", "brand_en": "nan", "brand_wiki": "nan", "brand_wi_1": "nan", "brand_zh": "nan", "cuisine": "nan", "level": "nan", "name_en": "nan", "name_zh": "nan", "takeaway": "nan", "diet_halal": "nan", "addr_city": "nan", "addr_distr": "nan", "addr_postc": "nan", "addr_provi": "nan", "addr_stree": "nan", "building": "university", "fee": "nan", "diet_meat": "nan", "note": "nan", "outdoor_se": "nan", "brand_zh-H": "nan", "brand_zh_1": "nan", "delivery": "nan", "name_zh-Ha": "nan", "name_zh-_1": "nan", "layer": "nan", "fast_food": "nan", "brand_zh-L": "nan", "name_zh-La": "nan", "surface": "nan", "addr_place": "nan", "addr_unit": "nan", "nohousenum": "nan", "roof_colou": "nan", "emergency": "nan", "healthcare": "nan", "healthca_1": "nan", "loc_name": "nan", "operator": "nan", "website": "nan", "wheelchair": "nan", "building_c": "#cae2ea", "building_l": "7", "museum": "nan", "tourism": "nan", "official_n": "nan", "wikimedia_": "nan", "office": "nan", "int_name": "nan", "height": "nan", "short_name": "nan", "wikidata": "nan", "wikipedia": "nan", "historic": "nan", "roof_orien": "nan", "roof_shape": "nan", "addr_house": "nan", "addr_hou_1": "nan", "power": "nan", "building_u": "nan", "flickr": "nan", "education": "nan", "ref": "nan", "athletics": "nan", "man_made": "nan", "ceremonial": "nan", "inscriptio": "nan", "material": "nan", "start_date": "nan", "bicycle_pa": "nan", "shelter_ty": "nan", "playground": "nan", "disused": "nan", "type": "nan", "addr_count": "nan", "internet_a": "nan", "name_de": "nan", "name_es": "nan", "name_fr": "nan", "name_it": "nan", "name_ja": "nan", "short_na_1": "nan", "short_na_2": "nan", "designatio": "nan", "path": "Point?crs=EPSG:4326&field=element:string(80,0)&field=id:string(80,0)&field=amenity:string(80,0)&field=name:string(80,0)&field=access:string(80,0)&field=barrier:string(80,0)&field=bicycle:string(80,0)&field=foot:string(80,0)&field=motor_vehi:string(80,0)&", "poi_tpye": "teaching_building" }, "geometry": { "type": "Point", "coordinates": [ 114.355700463481114, 30.528816826527962 ] } },
{ "type": "Feature", "properties": { "element": "way", "id": "127025727", "amenity": "nan", "name": "信息学部2号教学楼", "access": "nan", "barrier": "nan", "bicycle": "nan", "foot": "nan", "motor_vehi": "nan", "opening_ho": "nan", "alt_name": "信息学部2教", "old_name": "nan", "locked": "nan", "leisure": "nan", "sport": "nan", "horse": "nan", "brand": "nan", "brand_en": "nan", "brand_wiki": "nan", "brand_wi_1": "nan", "brand_zh": "nan", "cuisine": "nan", "level": "nan", "name_en": "nan", "name_zh": "nan", "takeaway": "nan", "diet_halal": "nan", "addr_city": "nan", "addr_distr": "nan", "addr_postc": "nan", "addr_provi": "nan", "addr_stree": "nan", "building": "university", "fee": "nan", "diet_meat": "nan", "note": "nan", "outdoor_se": "nan", "brand_zh-H": "nan", "brand_zh_1": "nan", "delivery": "nan", "name_zh-Ha": "nan", "name_zh-_1": "nan", "layer": "nan", "fast_food": "nan", "brand_zh-L": "nan", "name_zh-La": "nan", "surface": "nan", "addr_place": "nan", "addr_unit": "nan", "nohousenum": "nan", "roof_colou": "nan", "emergency": "nan", "healthcare": "nan", "healthca_1": "nan", "loc_name": "nan", "operator": "nan", "website": "nan", "wheelchair": "nan", "building_c": "#cae2ea", "building_l": "nan", "museum": "nan", "tourism": "nan", "official_n": "nan", "wikimedia_": "nan", "office": "nan", "int_name": "nan", "height": "nan", "short_name": "nan", "wikidata": "nan", "wikipedia": "nan", "historic": "nan", "roof_orien": "nan", "roof_shape": "nan", "addr_house": "nan", "addr_hou_1": "nan", "power": "nan", "building_u": "nan", "flickr": "nan", "education": "nan", "ref": "nan", "athletics": "nan", "man_made": "nan", "ceremonial": "nan", "inscriptio": "nan", "material": "nan", "start_date": "nan", "bicycle_pa": "nan", "shelter_ty": "nan", "playground": "nan", "disused": "nan", "type": "nan", "addr_count": "nan", "internet_a": "nan", "name_de": "nan", "name_es": "nan", "name_fr": "nan", "name_it": "nan", "name_ja": "nan", "short_na_1": "nan", "short_na_2": "nan", "designatio": "nan", "path": "Point?crs=EPSG:4326&field=element:string(80,0)&field=id:string(80,0)&field=amenity:string(80,0)&field=name:string(80,0)&field=access:string(80,0)&field=barrier:string(80,0)&field=bicycle:string(80,0)&field=foot:string(80,0)&field=motor_vehi:string(80,0)&", "poi_tpye": "teaching_building" }, "geometry": { "type": "Point", "coordinates": [ 114.356851011816232, 30.528821725404409 ] } },
{ "type": "Feature", "properties": { "element": "way", "id": "104450163", "amenity": "nan", "name": "老年活动中心", "access": "nan", "barrier": "nan", "bicycle": "nan", "foot": "nan", "motor_vehi": "nan", "opening_ho": "nan", "alt_name": "nan", "old_name": "nan", "locked": "nan", "leisure": "nan", "sport": "nan", "horse": "nan", "brand": "nan", "brand_en": "nan", "brand_wiki": "nan", "brand_wi_1": "nan", "brand_zh": "nan", "cuisine": "nan", "level": "nan", "name_en": "nan", "name_zh": "nan", "takeaway": "nan", "diet_halal": "nan", "addr_city": "nan", "addr_distr": "nan", "addr_postc": "nan", "addr_provi": "nan", "addr_stree": "nan", "building": "yes", "fee": "nan", "diet_meat": "nan", "note": "nan", "outdoor_se": "nan", "brand_zh-H": "nan", "brand_zh_1": "nan", "delivery": "nan", "name_zh-Ha": "nan", "name_zh-_1": "nan", "layer": "nan", "fast_food": "nan", "brand_zh-L": "nan", "name_zh-La": "nan", "surface": "nan", "addr_place": "nan", "addr_unit": "nan", "nohousenum": "nan", "roof_colou": "nan", "emergency": "nan", "healthcare": "nan", "healthca_1": "nan", "loc_name": "nan", "operator": "nan", "website": "nan", "wheelchair": "nan", "building_c": "nan", "building_l": "nan", "museum": "nan", "tourism": "nan", "official_n": "nan", "wikimedia_": "nan", "office": "nan", "int_name": "nan", "height": "nan", "short_name": "nan", "wikidata": "nan", "wikipedia": "nan", "historic": "nan", "roof_orien": "nan", "roof_shape": "nan", "addr_house": "nan", "addr_hou_1": "nan", "power": "nan", "building_u": "nan", "flickr": "nan", "education": "nan", "ref": "nan", "athletics": "nan", "man_made": "nan", "ceremonial": "nan", "inscriptio": "nan", "material": "nan", "start_date": "nan", "bicycle_pa": "nan", "shelter_ty": "nan", "playground": "nan", "disused": "nan", "type": "nan", "addr_count": "nan", "internet_a": "nan", "name_de": "nan", "name_es": "nan", "name_fr": "nan", "name_it": "nan", "name_ja": "nan", "short_na_1": "nan", "short_na_2": "nan", "designatio": "nan", "path": "Point?crs=EPSG:4326&field=element:string(80,0)&field=id:string(80,0)&field=amenity:string(80,0)&field=name:string(80,0)&field=access:string(80,0)&field=barrier:string(80,0)&field=bicycle:string(80,0)&field=foot:string(80,0)&field=motor_vehi:string(80,0)&", "poi_tpye": "office" }, "geometry": { "type": "Point", "coordinates": [ 114.355659171533262, 30.532669038237568 ] } },
{ "type": "Feature", "properties": { "element": "way", "id": "1479290117", "amenity": "shelter", "name": "博学亭", "access": "nan", "barrier": "nan", "bicycle": "nan", "foot": "nan", "motor_vehi": "nan", "opening_ho": "nan", "alt_name": "nan", "old_name": "nan", "locked": "nan", "leisure": "nan", "sport": "nan", "horse": "nan", "brand": "nan", "brand_en": "nan", "brand_wiki": "nan", "brand_wi_1": "nan", "brand_zh": "nan", "cuisine": "nan", "level": "nan", "name_en": "nan", "name_zh": "nan", "takeaway": "nan", "diet_halal": "nan", "addr_city": "nan", "addr_distr": "nan", "addr_postc": "nan", "addr_provi": "nan", "addr_stree": "nan", "building": "yes", "fee": "nan", "diet_meat": "nan", "note": "nan", "outdoor_se": "nan", "brand_zh-H": "nan", "brand_zh_1": "nan", "delivery": "nan", "name_zh-Ha": "nan", "name_zh-_1": "nan", "layer": "nan", "fast_food": "nan", "brand_zh-L": "nan", "name_zh-La": "nan", "surface": "nan", "addr_place": "nan", "addr_unit": "nan", "nohousenum": "nan", "roof_colou": "nan", "emergency": "nan", "healthcare": "nan", "healthca_1": "nan", "loc_name": "nan", "operator": "nan", "website": "nan", "wheelchair": "nan", "building_c": "nan", "building_l": "nan", "museum": "nan", "tourism": "nan", "official_n": "nan", "wikimedia_": "nan", "office": "nan", "int_name": "nan", "height": "nan", "short_name": "nan", "wikidata": "nan", "wikipedia": "nan", "historic": "nan", "roof_orien": "nan", "roof_shape": "nan", "addr_house": "nan", "addr_hou_1": "nan", "power": "nan", "building_u": "nan", "flickr": "nan", "education": "nan", "ref": "nan", "athletics": "nan", "man_made": "nan", "ceremonial": "nan", "inscriptio": "nan", "material": "nan", "start_date": "nan", "bicycle_pa": "nan", "shelter_ty": "gazebo", "playground": "nan", "disused": "nan", "type": "nan", "addr_count": "nan", "internet_a": "nan", "name_de": "nan", "name_es": "nan", "name_fr": "nan", "name_it": "nan", "name_ja": "nan", "short_na_1": "nan", "short_na_2": "nan", "designatio": "nan", "path": "Point?crs=EPSG:4326&field=element:string(80,0)&field=id:string(80,0)&field=amenity:string(80,0)&field=name:string(80,0)&field=access:string(80,0)&field=barrier:string(80,0)&field=bicycle:string(80,0)&field=foot:string(80,0)&field=motor_vehi:string(80,0)&" }, "geometry": { "type": "Point", "coordinates": [ 114.359818716138136, 30.544466970523477 ] } },
{ "type": "Feature", "properties": { "element": "way", "id": "153741407", "amenity": "marketplace", "name": "工学部集贸市场", "access": "nan", "barrier": "nan", "bicycle": "nan", "foot": "nan", "motor_vehi": "nan", "opening_ho": "nan", "alt_name": "工学部菜市场", "old_name": "nan", "locked": "nan", "leisure": "nan", "sport": "nan", "horse": "nan", "brand": "nan", "brand_en": "nan", "brand_wiki": "nan", "brand_wi_1": "nan", "brand_zh": "nan", "cuisine": "nan", "level": "nan", "name_en": "nan", "name_zh": "nan", "takeaway": "nan", "diet_halal": "nan", "addr_city": "nan", "addr_distr": "nan", "addr_postc": "nan", "addr_provi": "nan", "addr_stree": "nan", "building": "retail", "fee": "nan", "diet_meat": "nan", "note": "nan", "outdoor_se": "nan", "brand_zh-H": "nan", "brand_zh_1": "nan", "delivery": "nan", "name_zh-Ha": "nan", "name_zh-_1": "nan", "layer": "nan", "fast_food": "nan", "brand_zh-L": "nan", "name_zh-La": "nan", "surface": "nan", "addr_place": "nan", "addr_unit": "nan", "nohousenum": "nan", "roof_colou": "nan", "emergency": "nan", "healthcare": "nan", "healthca_1": "nan", "loc_name": "nan", "operator": "nan", "website": "nan", "wheelchair": "nan", "building_c": "nan", "building_l": "nan", "museum": "nan", "tourism": "nan", "official_n": "nan", "wikimedia_": "nan", "office": "nan", "int_name": "nan", "height": "nan", "short_name": "工菜", "wikidata": "nan", "wikipedia": "nan", "historic": "nan", "roof_orien": "nan", "roof_shape": "nan", "addr_house": "nan", "addr_hou_1": "nan", "power": "nan", "building_u": "nan", "flickr": "nan", "education": "nan", "ref": "nan", "athletics": "nan", "man_made": "nan", "ceremonial": "nan", "inscriptio": "nan", "material": "nan", "start_date": "nan", "bicycle_pa": "nan", "shelter_ty": "nan", "playground": "nan", "disused": "nan", "type": "nan", "addr_count": "nan", "internet_a": "nan", "name_de": "nan", "name_es": "nan", "name_fr": "nan", "name_it": "nan", "name_ja": "nan", "short_na_1": "nan", "short_na_2": "nan", "designatio": "nan", "path": "Point?crs=EPSG:4326&field=element:string(80,0)&field=id:string(80,0)&field=amenity:string(80,0)&field=name:string(80,0)&field=access:string(80,0)&field=barrier:string(80,0)&field=bicycle:string(80,0)&field=foot:string(80,0)&field=motor_vehi:string(80,0)&" }, "geometry": { "type": "Point", "coordinates": [ 114.351418368740624, 30.542651990160476 ] } },
{ "type": "Feature", "properties": { "element": "way", "id": "1480419190", "amenity": "nan", "name": "测绘科技大厦", "access": "nan", "barrier": "nan", "bicycle": "nan", "foot": "nan", "motor_vehi": "nan", "opening_ho": "nan", "alt_name": "nan", "old_name": "nan", "locked": "nan", "leisure": "nan", "sport": "nan", "horse": "nan", "brand": "nan", "brand_en": "nan", "brand_wiki": "nan", "brand_wi_1": "nan", "brand_zh": "nan", "cuisine": "nan", "level": "nan", "name_en": "nan", "name_zh": "nan", "takeaway": "nan", "diet_halal": "nan", "addr_city": "nan", "addr_distr": "nan", "addr_postc": "nan", "addr_provi": "nan", "addr_stree": "nan", "building": "commercial", "fee": "nan", "diet_meat": "nan", "note": "nan", "outdoor_se": "nan", "brand_zh-H": "nan", "brand_zh_1": "nan", "delivery": "nan", "name_zh-Ha": "nan", "name_zh-_1": "nan", "layer": "nan", "fast_food": "nan", "brand_zh-L": "nan", "name_zh-La": "nan", "surface": "nan", "addr_place": "nan", "addr_unit": "nan", "nohousenum": "nan", "roof_colou": "nan", "emergency": "nan", "healthcare": "nan", "healthca_1": "nan", "loc_name": "nan", "operator": "nan", "website": "nan", "wheelchair": "nan", "building_c": "nan", "building_l": "nan", "museum": "nan", "tourism": "nan", "official_n": "nan", "wikimedia_": "nan", "office": "nan", "int_name": "nan", "height": "nan", "short_name": "nan", "wikidata": "nan", "wikipedia": "nan", "historic": "nan", "roof_orien": "nan", "roof_shape": "nan", "addr_house": "nan", "addr_hou_1": "nan", "power": "nan", "building_u": "nan", "flickr": "nan", "education": "nan", "ref": "nan", "athletics": "nan", "man_made": "nan", "ceremonial": "nan", "inscriptio": "nan", "material": "nan", "start_date": "nan", "bicycle_pa": "nan", "shelter_ty": "nan", "playground": "nan", "disused": "nan", "type": "nan", "addr_count": "nan", "internet_a": "nan", "name_de": "nan", "name_es": "nan", "name_fr": "nan", "name_it": "nan", "name_ja": "nan", "short_na_1": "nan", "short_na_2": "nan", "designatio": "nan", "path": "Point?crs=EPSG:4326&field=element:string(80,0)&field=id:string(80,0)&field=amenity:string(80,0)&field=name:string(80,0)&field=access:string(80,0)&field=barrier:string(80,0)&field=bicycle:string(80,0)&field=foot:string(80,0)&field=motor_vehi:string(80,0)&", "poi_tpye": "office" }, "geometry": { "type": "Point", "coordinates": [ 114.354866358020686, 30.527353474921302 ] } },
{ "type": "Feature", "properties": { "element": "way", "id": "153742407", "amenity": "nan", "name": "教工新3栋", "access": "nan", "barrier": "nan", "bicycle": "nan", "foot": "nan", "motor_vehi": "nan", "opening_ho": "nan", "alt_name": "nan", "old_name": "nan", "locked": "nan", "leisure": "nan", "sport": "nan", "horse": "nan", "brand": "nan", "brand_en": "nan", "brand_wiki": "nan", "brand_wi_1": "nan", "brand_zh": "nan", "cuisine": "nan", "level": "nan", "name_en": "nan", "name_zh": "nan", "takeaway": "nan", "diet_halal": "nan", "addr_city": "nan", "addr_distr": "nan", "addr_postc": "nan", "addr_provi": "nan", "addr_stree": "nan", "building": "apartments", "fee": "nan", "diet_meat": "nan", "note": "nan", "outdoor_se": "nan", "brand_zh-H": "nan", "brand_zh_1": "nan", "delivery": "nan", "name_zh-Ha": "nan", "name_zh-_1": "nan", "layer": "nan", "fast_food": "nan", "brand_zh-L": "nan", "name_zh-La": "nan", "surface": "nan", "addr_place": "nan", "addr_unit": "nan", "nohousenum": "nan", "roof_colou": "nan", "emergency": "nan", "healthcare": "nan", "healthca_1": "nan", "loc_name": "nan", "operator": "nan", "website": "nan", "wheelchair": "nan", "building_c": "nan", "building_l": "nan", "museum": "nan", "tourism": "nan", "official_n": "nan", "wikimedia_": "nan", "office": "nan", "int_name": "nan", "height": "nan", "short_name": "nan", "wikidata": "nan", "wikipedia": "nan", "historic": "nan", "roof_orien": "nan", "roof_shape": "nan", "addr_house": "nan", "addr_hou_1": "nan", "power": "nan", "building_u": "nan", "flickr": "nan", "education": "nan", "ref": "nan", "athletics": "nan", "man_made": "nan", "ceremonial": "nan", "inscriptio": "nan", "material": "nan", "start_date": "nan", "bicycle_pa": "nan", "shelter_ty": "nan", "playground": "nan", "disused": "nan", "type": "nan", "addr_count": "nan", "internet_a": "nan", "name_de": "nan", "name_es": "nan", "name_fr": "nan", "name_it": "nan", "name_ja": "nan", "short_na_1": "nan", "short_na_2": "nan", "designatio": "nan", "path": "Point?crs=EPSG:4326&field=element:string(80,0)&field=id:string(80,0)&field=amenity:string(80,0)&field=name:string(80,0)&field=access:string(80,0)&field=barrier:string(80,0)&field=bicycle:string(80,0)&field=foot:string(80,0)&field=motor_vehi:string(80,0)&", "poi_tpye": "dormitory" }, "geometry": { "type": "Point", "coordinates": [ 114.351219964426633, 30.543802473670738 ] } },
{ "type": "Feature", "properties": { "element": "way", "id": "153742405", "amenity": "nan", "name": "学生新1栋", "access": "nan", "barrier": "nan", "bicycle": "nan", "foot": "nan", "motor_vehi": "nan", "opening_ho": "nan", "alt_name": "nan", "old_name": "nan", "locked": "nan", "leisure": "nan", "sport": "nan", "horse": "nan", "brand": "nan", "brand_en": "nan", "brand_wiki": "nan", "brand_wi_1": "nan", "brand_zh": "nan", "cuisine": "nan", "level": "nan", "name_en": "nan", "name_zh": "nan", "takeaway": "nan", "diet_halal": "nan", "addr_city": "nan", "addr_distr": "nan", "addr_postc": "nan", "addr_provi": "nan", "addr_stree": "nan", "building": "dormitory", "fee": "nan", "diet_meat": "nan", "note": "nan", "outdoor_se": "nan", "brand_zh-H": "nan", "brand_zh_1": "nan", "delivery": "nan", "name_zh-Ha": "nan", "name_zh-_1": "nan", "layer": "nan", "fast_food": "nan", "brand_zh-L": "nan", "name_zh-La": "nan", "surface": "nan", "addr_place": "nan", "addr_unit": "nan", "nohousenum": "nan", "roof_colou": "#cc7b60", "emergency": "nan", "healthcare": "nan", "healthca_1": "nan", "loc_name": "nan", "operator": "nan", "website": "nan", "wheelchair": "nan", "building_c": "nan", "building_l": "nan", "museum": "nan", "tourism": "nan", "official_n": "nan", "wikimedia_": "nan", "office": "nan", "int_name": "nan", "height": "nan", "short_name": "nan", "wikidata": "nan", "wikipedia": "nan", "historic": "nan", "roof_orien": "nan", "roof_shape": "nan", "addr_house": "nan", "addr_hou_1": "nan", "power": "nan", "building_u": "nan", "flickr": "nan", "education": "nan", "ref": "nan", "athletics": "nan", "man_made": "nan", "ceremonial": "nan", "inscriptio": "nan", "material": "nan", "start_date": "nan", "bicycle_pa": "nan", "shelter_ty": "nan", "playground": "nan", "disused": "nan", "type": "nan", "addr_count": "nan", "internet_a": "nan", "name_de": "nan", "name_es": "nan", "name_fr": "nan", "name_it": "nan", "name_ja": "nan", "short_na_1": "nan", "short_na_2": "nan", "designatio": "nan", "path": "Point?crs=EPSG:4326&field=element:string(80,0)&field=id:string(80,0)&field=amenity:string(80,0)&field=name:string(80,0)&field=access:string(80,0)&field=barrier:string(80,0)&field=bicycle:string(80,0)&field=foot:string(80,0)&field=motor_vehi:string(80,0)&", "poi_tpye": "dormitory" }, "geometry": { "type": "Point", "coordinates": [ 114.351353546442638, 30.544125377664745 ] } },
{ "type": "Feature", "properties": { "element": "way", "id": "153742402", "amenity": "nan", "name": "学生新4栋", "access": "nan", "barrier": "nan", "bicycle": "nan", "foot": "nan", "motor_vehi": "nan", "opening_ho": "nan", "alt_name": "nan", "old_name": "nan", "locked": "nan", "leisure": "nan", "sport": "nan", "horse": "nan", "brand": "nan", "brand_en": "nan", "brand_wiki": "nan", "brand_wi_1": "nan", "brand_zh": "nan", "cuisine": "nan", "level": "nan", "name_en": "nan", "name_zh": "nan", "takeaway": "nan", "diet_halal": "nan", "addr_city": "nan", "addr_distr": "nan", "addr_postc": "nan", "addr_provi": "nan", "addr_stree": "nan", "building": "dormitory", "fee": "nan", "diet_meat": "nan", "note": "nan", "outdoor_se": "nan", "brand_zh-H": "nan", "brand_zh_1": "nan", "delivery": "nan", "name_zh-Ha": "nan", "name_zh-_1": "nan", "layer": "nan", "fast_food": "nan", "brand_zh-L": "nan", "name_zh-La": "nan", "surface": "nan", "addr_place": "nan", "addr_unit": "nan", "nohousenum": "nan", "roof_colou": "nan", "emergency": "nan", "healthcare": "nan", "healthca_1": "nan", "loc_name": "nan", "operator": "nan", "website": "nan", "wheelchair": "nan", "building_c": "nan", "building_l": "nan", "museum": "nan", "tourism": "nan", "official_n": "nan", "wikimedia_": "nan", "office": "nan", "int_name": "nan", "height": "nan", "short_name": "nan", "wikidata": "nan", "wikipedia": "nan", "historic": "nan", "roof_orien": "nan", "roof_shape": "nan", "addr_house": "nan", "addr_hou_1": "nan", "power": "nan", "building_u": "nan", "flickr": "nan", "education": "nan", "ref": "nan", "athletics": "nan", "man_made": "nan", "ceremonial": "nan", "inscriptio": "nan", "material": "nan", "start_date": "nan", "bicycle_pa": "nan", "shelter_ty": "nan", "playground": "nan", "disused": "nan", "type": "nan", "addr_count": "nan", "internet_a": "nan", "name_de": "nan", "name_es": "nan", "name_fr": "nan", "name_it": "nan", "name_ja": "nan", "short_na_1": "nan", "short_na_2": "nan", "designatio": "nan", "path": "Point?crs=EPSG:4326&field=element:string(80,0)&field=id:string(80,0)&field=amenity:string(80,0)&field=name:string(80,0)&field=access:string(80,0)&field=barrier:string(80,0)&field=bicycle:string(80,0)&field=foot:string(80,0)&field=motor_vehi:string(80,0)&", "poi_tpye": "dormitory" }, "geometry": { "type": "Point", "coordinates": [ 114.351951660784934, 30.544162103475667 ] } },
{ "type": "Feature", "properties": { "element": "way", "id": "153751900", "amenity": "nan", "name": "水工实验楼", "access": "nan", "barrier": "nan", "bicycle": "nan", "foot": "nan", "motor_vehi": "nan", "opening_ho": "nan", "alt_name": "nan", "old_name": "nan", "locked": "nan", "leisure": "nan", "sport": "nan", "horse": "nan", "brand": "nan", "brand_en": "nan", "brand_wiki": "nan", "brand_wi_1": "nan", "brand_zh": "nan", "cuisine": "nan", "level": "nan", "name_en": "nan", "name_zh": "nan", "takeaway": "nan", "diet_halal": "nan", "addr_city": "nan", "addr_distr": "nan", "addr_postc": "nan", "addr_provi": "nan", "addr_stree": "nan", "building": "university", "fee": "nan", "diet_meat": "nan", "note": "nan", "outdoor_se": "nan", "brand_zh-H": "nan", "brand_zh_1": "nan", "delivery": "nan", "name_zh-Ha": "nan", "name_zh-_1": "nan", "layer": "nan", "fast_food": "nan", "brand_zh-L": "nan", "name_zh-La": "nan", "surface": "nan", "addr_place": "nan", "addr_unit": "nan", "nohousenum": "nan", "roof_colou": "nan", "emergency": "nan", "healthcare": "nan", "healthca_1": "nan", "loc_name": "nan", "operator": "nan", "website": "nan", "wheelchair": "nan", "building_c": "nan", "building_l": "nan", "museum": "nan", "tourism": "nan", "official_n": "nan", "wikimedia_": "nan", "office": "nan", "int_name": "nan", "height": "nan", "short_name": "nan", "wikidata": "nan", "wikipedia": "nan", "historic": "nan", "roof_orien": "nan", "roof_shape": "nan", "addr_house": "nan", "addr_hou_1": "nan", "power": "nan", "building_u": "nan", "flickr": "nan", "education": "nan", "ref": "nan", "athletics": "nan", "man_made": "nan", "ceremonial": "nan", "inscriptio": "nan", "material": "nan", "start_date": "nan", "bicycle_pa": "nan", "shelter_ty": "nan", "playground": "nan", "disused": "nan", "type": "nan", "addr_count": "nan", "internet_a": "nan", "name_de": "nan", "name_es": "nan", "name_fr": "nan", "name_it": "nan", "name_ja": "nan", "short_na_1": "nan", "short_na_2": "nan", "designatio": "nan", "path": "Point?crs=EPSG:4326&field=element:string(80,0)&field=id:string(80,0)&field=amenity:string(80,0)&field=name:string(80,0)&field=access:string(80,0)&field=barrier:string(80,0)&field=bicycle:string(80,0)&field=foot:string(80,0)&field=motor_vehi:string(80,0)&", "poi_tpye": "office" }, "geometry": { "type": "Point", "coordinates": [ 114.35592450008177, 30.544412442870222 ] } },
{ "type": "Feature", "properties": { "element": "way", "id": "153744434", "amenity": "library", "name": "工学部图书馆", "access": "nan", "barrier": "nan", "bicycle": "nan", "foot": "nan", "motor_vehi": "nan", "opening_ho": "nan", "alt_name": "nan", "old_name": "nan", "locked": "nan", "leisure": "nan", "sport": "nan", "horse": "nan", "brand": "nan", "brand_en": "nan", "brand_wiki": "nan", "brand_wi_1": "nan", "brand_zh": "nan", "cuisine": "nan", "level": "nan", "name_en": "nan", "name_zh": "nan", "takeaway": "nan", "diet_halal": "nan", "addr_city": "nan", "addr_distr": "nan", "addr_postc": "nan", "addr_provi": "nan", "addr_stree": "nan", "building": "library", "fee": "nan", "diet_meat": "nan", "note": "nan", "outdoor_se": "nan", "brand_zh-H": "nan", "brand_zh_1": "nan", "delivery": "nan", "name_zh-Ha": "nan", "name_zh-_1": "nan", "layer": "nan", "fast_food": "nan", "brand_zh-L": "nan", "name_zh-La": "nan", "surface": "nan", "addr_place": "nan", "addr_unit": "nan", "nohousenum": "nan", "roof_colou": "nan", "emergency": "nan", "healthcare": "nan", "healthca_1": "nan", "loc_name": "nan", "operator": "nan", "website": "https://www.lib.whu.edu.cn/", "wheelchair": "nan", "building_c": "nan", "building_l": "nan", "museum": "nan", "tourism": "nan", "official_n": "nan", "wikimedia_": "nan", "office": "nan", "int_name": "nan", "height": "nan", "short_name": "nan", "wikidata": "nan", "wikipedia": "nan", "historic": "nan", "roof_orien": "nan", "roof_shape": "nan", "addr_house": "nan", "addr_hou_1": "nan", "power": "nan", "building_u": "nan", "flickr": "nan", "education": "nan", "ref": "nan", "athletics": "nan", "man_made": "nan", "ceremonial": "nan", "inscriptio": "nan", "material": "nan", "start_date": "nan", "bicycle_pa": "nan", "shelter_ty": "nan", "playground": "nan", "disused": "nan", "type": "nan", "addr_count": "nan", "internet_a": "nan", "name_de": "nan", "name_es": "nan", "name_fr": "nan", "name_it": "nan", "name_ja": "nan", "short_na_1": "nan", "short_na_2": "nan", "designatio": "nan", "path": "Point?crs=EPSG:4326&field=element:string(80,0)&field=id:string(80,0)&field=amenity:string(80,0)&field=name:string(80,0)&field=access:string(80,0)&field=barrier:string(80,0)&field=bicycle:string(80,0)&field=foot:string(80,0)&field=motor_vehi:string(80,0)&", "poi_tpye": "library" }, "geometry": { "type": "Point", "coordinates": [ 114.355804120739037, 30.54607594239031 ] } },
{ "type": "Feature", "properties": { "element": "way", "id": "153744031", "amenity": "nan", "name": "11教学楼", "access": "nan", "barrier": "nan", "bicycle": "nan", "foot": "nan", "motor_vehi": "nan", "opening_ho": "nan", "alt_name": "nan", "old_name": "nan", "locked": "nan", "leisure": "nan", "sport": "nan", "horse": "nan", "brand": "nan", "brand_en": "nan", "brand_wiki": "nan", "brand_wi_1": "nan", "brand_zh": "nan", "cuisine": "nan", "level": "nan", "name_en": "nan", "name_zh": "nan", "takeaway": "nan", "diet_halal": "nan", "addr_city": "nan", "addr_distr": "nan", "addr_postc": "nan", "addr_provi": "nan", "addr_stree": "nan", "building": "university", "fee": "nan", "diet_meat": "nan", "note": "nan", "outdoor_se": "nan", "brand_zh-H": "nan", "brand_zh_1": "nan", "delivery": "nan", "name_zh-Ha": "11教学楼", "name_zh-_1": "11教學樓", "layer": "nan", "fast_food": "nan", "brand_zh-L": "nan", "name_zh-La": "nan", "surface": "nan", "addr_place": "nan", "addr_unit": "nan", "nohousenum": "nan", "roof_colou": "nan", "emergency": "nan", "healthcare": "nan", "healthca_1": "nan", "loc_name": "nan", "operator": "nan", "website": "nan", "wheelchair": "nan", "building_c": "nan", "building_l": "nan", "museum": "nan", "tourism": "nan", "official_n": "nan", "wikimedia_": "nan", "office": "nan", "int_name": "nan", "height": "nan", "short_name": "nan", "wikidata": "nan", "wikipedia": "nan", "historic": "nan", "roof_orien": "nan", "roof_shape": "nan", "addr_house": "nan", "addr_hou_1": "nan", "power": "nan", "building_u": "nan", "flickr": "nan", "education": "nan", "ref": "nan", "athletics": "nan", "man_made": "nan", "ceremonial": "nan", "inscriptio": "nan", "material": "nan", "start_date": "nan", "bicycle_pa": "nan", "shelter_ty": "nan", "playground": "nan", "disused": "nan", "type": "nan", "addr_count": "nan", "internet_a": "nan", "name_de": "nan", "name_es": "nan", "name_fr": "nan", "name_it": "nan", "name_ja": "nan", "short_na_1": "nan", "short_na_2": "nan", "designatio": "nan", "path": "Point?crs=EPSG:4326&field=element:string(80,0)&field=id:string(80,0)&field=amenity:string(80,0)&field=name:string(80,0)&field=access:string(80,0)&field=barrier:string(80,0)&field=bicycle:string(80,0)&field=foot:string(80,0)&field=motor_vehi:string(80,0)&", "poi_tpye": "teaching_building" }, "geometry": { "type": "Point", "coordinates": [ 114.355383677535414, 30.543008297736762 ] } },
{ "type": "Feature", "properties": { "element": "way", "id": "153744028", "amenity": "nan", "name": "高电压绝缘监测实验室", "access": "nan", "barrier": "nan", "bicycle": "nan", "foot": "nan", "motor_vehi": "nan", "opening_ho": "nan", "alt_name": "nan", "old_name": "nan", "locked": "nan", "leisure": "nan", "sport": "nan", "horse": "nan", "brand": "nan", "brand_en": "nan", "brand_wiki": "nan", "brand_wi_1": "nan", "brand_zh": "nan", "cuisine": "nan", "level": "nan", "name_en": "nan", "name_zh": "nan", "takeaway": "nan", "diet_halal": "nan", "addr_city": "nan", "addr_distr": "nan", "addr_postc": "nan", "addr_provi": "nan", "addr_stree": "nan", "building": "university", "fee": "nan", "diet_meat": "nan", "note": "nan", "outdoor_se": "nan", "brand_zh-H": "nan", "brand_zh_1": "nan", "delivery": "nan", "name_zh-Ha": "nan", "name_zh-_1": "nan", "layer": "nan", "fast_food": "nan", "brand_zh-L": "nan", "name_zh-La": "nan", "surface": "nan", "addr_place": "nan", "addr_unit": "nan", "nohousenum": "nan", "roof_colou": "nan", "emergency": "nan", "healthcare": "nan", "healthca_1": "nan", "loc_name": "nan", "operator": "nan", "website": "nan", "wheelchair": "nan", "building_c": "nan", "building_l": "nan", "museum": "nan", "tourism": "nan", "official_n": "nan", "wikimedia_": "nan", "office": "nan", "int_name": "nan", "height": "nan", "short_name": "nan", "wikidata": "nan", "wikipedia": "nan", "historic": "nan", "roof_orien": "nan", "roof_shape": "nan", "addr_house": "nan", "addr_hou_1": "nan", "power": "nan", "building_u": "nan", "flickr": "nan", "education": "nan", "ref": "nan", "athletics": "nan", "man_made": "nan", "ceremonial": "nan", "inscriptio": "nan", "material": "nan", "start_date": "nan", "bicycle_pa": "nan", "shelter_ty": "nan", "playground": "nan", "disused": "nan", "type": "nan", "addr_count": "nan", "internet_a": "nan", "name_de": "nan", "name_es": "nan", "name_fr": "nan", "name_it": "nan", "name_ja": "nan", "short_na_1": "nan", "short_na_2": "nan", "designatio": "nan", "path": "Point?crs=EPSG:4326&field=element:string(80,0)&field=id:string(80,0)&field=amenity:string(80,0)&field=name:string(80,0)&field=access:string(80,0)&field=barrier:string(80,0)&field=bicycle:string(80,0)&field=foot:string(80,0)&field=motor_vehi:string(80,0)&", "poi_tpye": "office" }, "geometry": { "type": "Point", "coordinates": [ 114.354902129097312, 30.542937797637315 ] } },
{ "type": "Feature", "properties": { "element": "way", "id": "153743130", "amenity": "nan", "name": "桂园九舍", "access": "nan", "barrier": "nan", "bicycle": "nan", "foot": "nan", "motor_vehi": "nan", "opening_ho": "nan", "alt_name": "nan", "old_name": "nan", "locked": "nan", "leisure": "nan", "sport": "nan", "horse": "nan", "brand": "nan", "brand_en": "nan", "brand_wiki": "nan", "brand_wi_1": "nan", "brand_zh": "nan", "cuisine": "nan", "level": "nan", "name_en": "nan", "name_zh": "nan", "takeaway": "nan", "diet_halal": "nan", "addr_city": "nan", "addr_distr": "nan", "addr_postc": "nan", "addr_provi": "nan", "addr_stree": "nan", "building": "dormitory", "fee": "nan", "diet_meat": "nan", "note": "nan", "outdoor_se": "nan", "brand_zh-H": "nan", "brand_zh_1": "nan", "delivery": "nan", "name_zh-Ha": "nan", "name_zh-_1": "nan", "layer": "nan", "fast_food": "nan", "brand_zh-L": "nan", "name_zh-La": "nan", "surface": "nan", "addr_place": "nan", "addr_unit": "nan", "nohousenum": "nan", "roof_colou": "nan", "emergency": "nan", "healthcare": "nan", "healthca_1": "nan", "loc_name": "nan", "operator": "nan", "website": "nan", "wheelchair": "nan", "building_c": "nan", "building_l": "nan", "museum": "nan", "tourism": "nan", "official_n": "nan", "wikimedia_": "nan", "office": "nan", "int_name": "nan", "height": "nan", "short_name": "nan", "wikidata": "nan", "wikipedia": "nan", "historic": "nan", "roof_orien": "nan", "roof_shape": "nan", "addr_house": "nan", "addr_hou_1": "nan", "power": "nan", "building_u": "nan", "flickr": "nan", "education": "nan", "ref": "nan", "athletics": "nan", "man_made": "nan", "ceremonial": "nan", "inscriptio": "nan", "material": "nan", "start_date": "nan", "bicycle_pa": "nan", "shelter_ty": "nan", "playground": "nan", "disused": "nan", "type": "nan", "addr_count": "nan", "internet_a": "nan", "name_de": "nan", "name_es": "nan", "name_fr": "nan", "name_it": "nan", "name_ja": "nan", "short_na_1": "nan", "short_na_2": "nan", "designatio": "nan", "path": "Point?crs=EPSG:4326&field=element:string(80,0)&field=id:string(80,0)&field=amenity:string(80,0)&field=name:string(80,0)&field=access:string(80,0)&field=barrier:string(80,0)&field=bicycle:string(80,0)&field=foot:string(80,0)&field=motor_vehi:string(80,0)&", "poi_tpye": "dormitory" }, "geometry": { "type": "Point", "coordinates": [ 114.35353445, 30.5424291 ] } },
{ "type": "Feature", "properties": { "element": "way", "id": "161502947", "amenity": "nan", "name": "工学部1舍", "access": "nan", "barrier": "nan", "bicycle": "nan", "foot": "nan", "motor_vehi": "nan", "opening_ho": "nan", "alt_name": "nan", "old_name": "nan", "locked": "nan", "leisure": "nan", "sport": "nan", "horse": "nan", "brand": "nan", "brand_en": "nan", "brand_wiki": "nan", "brand_wi_1": "nan", "brand_zh": "nan", "cuisine": "nan", "level": "nan", "name_en": "nan", "name_zh": "nan", "takeaway": "nan", "diet_halal": "nan", "addr_city": "nan", "addr_distr": "nan", "addr_postc": "nan", "addr_provi": "nan", "addr_stree": "nan", "building": "dormitory", "fee": "nan", "diet_meat": "nan", "note": "nan", "outdoor_se": "nan", "brand_zh-H": "nan", "brand_zh_1": "nan", "delivery": "nan", "name_zh-Ha": "nan", "name_zh-_1": "nan", "layer": "nan", "fast_food": "nan", "brand_zh-L": "nan", "name_zh-La": "nan", "surface": "nan", "addr_place": "nan", "addr_unit": "nan", "nohousenum": "nan", "roof_colou": "nan", "emergency": "nan", "healthcare": "nan", "healthca_1": "nan", "loc_name": "nan", "operator": "nan", "website": "nan", "wheelchair": "nan", "building_c": "nan", "building_l": "nan", "museum": "nan", "tourism": "nan", "official_n": "nan", "wikimedia_": "nan", "office": "nan", "int_name": "nan", "height": "nan", "short_name": "nan", "wikidata": "nan", "wikipedia": "nan", "historic": "nan", "roof_orien": "nan", "roof_shape": "nan", "addr_house": "nan", "addr_hou_1": "nan", "power": "nan", "building_u": "nan", "flickr": "nan", "education": "nan", "ref": "nan", "athletics": "nan", "man_made": "nan", "ceremonial": "nan", "inscriptio": "nan", "material": "nan", "start_date": "nan", "bicycle_pa": "nan", "shelter_ty": "nan", "playground": "nan", "disused": "nan", "type": "nan", "addr_count": "nan", "internet_a": "nan", "name_de": "nan", "name_es": "nan", "name_fr": "nan", "name_it": "nan", "name_ja": "nan", "short_na_1": "nan", "short_na_2": "nan", "designatio": "nan", "path": "Point?crs=EPSG:4326&field=element:string(80,0)&field=id:string(80,0)&field=amenity:string(80,0)&field=name:string(80,0)&field=access:string(80,0)&field=barrier:string(80,0)&field=bicycle:string(80,0)&field=foot:string(80,0)&field=motor_vehi:string(80,0)&", "poi_tpye": "dormitory" }, "geometry": { "type": "Point", "coordinates": [ 114.359759174397027, 30.544800591537296 ] } },
{ "type": "Feature", "properties": { "element": "way", "id": "161502945", "amenity": "nan", "name": "工学部3舍", "access": "nan", "barrier": "nan", "bicycle": "nan", "foot": "nan", "motor_vehi": "nan", "opening_ho": "nan", "alt_name": "nan", "old_name": "nan", "locked": "nan", "leisure": "nan", "sport": "nan", "horse": "nan", "brand": "nan", "brand_en": "nan", "brand_wiki": "nan", "brand_wi_1": "nan", "brand_zh": "nan", "cuisine": "nan", "level": "nan", "name_en": "nan", "name_zh": "nan", "takeaway": "nan", "diet_halal": "nan", "addr_city": "nan", "addr_distr": "nan", "addr_postc": "nan", "addr_provi": "nan", "addr_stree": "nan", "building": "dormitory", "fee": "nan", "diet_meat": "nan", "note": "nan", "outdoor_se": "nan", "brand_zh-H": "nan", "brand_zh_1": "nan", "delivery": "nan", "name_zh-Ha": "nan", "name_zh-_1": "nan", "layer": "nan", "fast_food": "nan", "brand_zh-L": "nan", "name_zh-La": "nan", "surface": "nan", "addr_place": "nan", "addr_unit": "nan", "nohousenum": "nan", "roof_colou": "nan", "emergency": "nan", "healthcare": "nan", "healthca_1": "nan", "loc_name": "nan", "operator": "nan", "website": "nan", "wheelchair": "nan", "building_c": "nan", "building_l": "nan", "museum": "nan", "tourism": "nan", "official_n": "nan", "wikimedia_": "nan", "office": "nan", "int_name": "nan", "height": "nan", "short_name": "nan", "wikidata": "nan", "wikipedia": "nan", "historic": "nan", "roof_orien": "nan", "roof_shape": "nan", "addr_house": "nan", "addr_hou_1": "nan", "power": "nan", "building_u": "nan", "flickr": "nan", "education": "nan", "ref": "nan", "athletics": "nan", "man_made": "nan", "ceremonial": "nan", "inscriptio": "nan", "material": "nan", "start_date": "nan", "bicycle_pa": "nan", "shelter_ty": "nan", "playground": "nan", "disused": "nan", "type": "nan", "addr_count": "nan", "internet_a": "nan", "name_de": "nan", "name_es": "nan", "name_fr": "nan", "name_it": "nan", "name_ja": "nan", "short_na_1": "nan", "short_na_2": "nan", "designatio": "nan", "path": "Point?crs=EPSG:4326&field=element:string(80,0)&field=id:string(80,0)&field=amenity:string(80,0)&field=name:string(80,0)&field=access:string(80,0)&field=barrier:string(80,0)&field=bicycle:string(80,0)&field=foot:string(80,0)&field=motor_vehi:string(80,0)&", "poi_tpye": "dormitory" }, "geometry": { "type": "Point", "coordinates": [ 114.360599489580778, 30.544815962782497 ] } },
{ "type": "Feature", "properties": { "element": "way", "id": "153753514", "amenity": "nan", "name": "工学部9号教学楼", "access": "nan", "barrier": "nan", "bicycle": "nan", "foot": "nan", "motor_vehi": "nan", "opening_ho": "nan", "alt_name": "nan", "old_name": "nan", "locked": "nan", "leisure": "nan", "sport": "nan", "horse": "nan", "brand": "nan", "brand_en": "nan", "brand_wiki": "nan", "brand_wi_1": "nan", "brand_zh": "nan", "cuisine": "nan", "level": "nan", "name_en": "nan", "name_zh": "nan", "takeaway": "nan", "diet_halal": "nan", "addr_city": "nan", "addr_distr": "nan", "addr_postc": "nan", "addr_provi": "nan", "addr_stree": "nan", "building": "university", "fee": "nan", "diet_meat": "nan", "note": "nan", "outdoor_se": "nan", "brand_zh-H": "nan", "brand_zh_1": "nan", "delivery": "nan", "name_zh-Ha": "nan", "name_zh-_1": "nan", "layer": "nan", "fast_food": "nan", "brand_zh-L": "nan", "name_zh-La": "nan", "surface": "nan", "addr_place": "nan", "addr_unit": "nan", "nohousenum": "nan", "roof_colou": "nan", "emergency": "nan", "healthcare": "nan", "healthca_1": "nan", "loc_name": "nan", "operator": "nan", "website": "nan", "wheelchair": "nan", "building_c": "nan", "building_l": "nan", "museum": "nan", "tourism": "nan", "official_n": "nan", "wikimedia_": "nan", "office": "nan", "int_name": "nan", "height": "nan", "short_name": "nan", "wikidata": "nan", "wikipedia": "nan", "historic": "nan", "roof_orien": "nan", "roof_shape": "nan", "addr_house": "nan", "addr_hou_1": "nan", "power": "nan", "building_u": "nan", "flickr": "nan", "education": "nan", "ref": "nan", "athletics": "nan", "man_made": "nan", "ceremonial": "nan", "inscriptio": "nan", "material": "nan", "start_date": "nan", "bicycle_pa": "nan", "shelter_ty": "nan", "playground": "nan", "disused": "nan", "type": "nan", "addr_count": "nan", "internet_a": "nan", "name_de": "nan", "name_es": "nan", "name_fr": "nan", "name_it": "nan", "name_ja": "nan", "short_na_1": "nan", "short_na_2": "nan", "designatio": "nan", "path": "Point?crs=EPSG:4326&field=element:string(80,0)&field=id:string(80,0)&field=amenity:string(80,0)&field=name:string(80,0)&field=access:string(80,0)&field=barrier:string(80,0)&field=bicycle:string(80,0)&field=foot:string(80,0)&field=motor_vehi:string(80,0)&", "poi_tpye": "teaching_building" }, "geometry": { "type": "Point", "coordinates": [ 114.357776478742068, 30.547030190043163 ] } },
{ "type": "Feature", "properties": { "element": "way", "id": "153753164", "amenity": "nan", "name": "结构楼", "access": "nan", "barrier": "nan", "bicycle": "nan", "foot": "nan", "motor_vehi": "nan", "opening_ho": "nan", "alt_name": "工学部10号教学楼", "old_name": "nan", "locked": "nan", "leisure": "nan", "sport": "nan", "horse": "nan", "brand": "nan", "brand_en": "nan", "brand_wiki": "nan", "brand_wi_1": "nan", "brand_zh": "nan", "cuisine": "nan", "level": "nan", "name_en": "nan", "name_zh": "nan", "takeaway": "nan", "diet_halal": "nan", "addr_city": "nan", "addr_distr": "nan", "addr_postc": "nan", "addr_provi": "nan", "addr_stree": "nan", "building": "university", "fee": "nan", "diet_meat": "nan", "note": "nan", "outdoor_se": "nan", "brand_zh-H": "nan", "brand_zh_1": "nan", "delivery": "nan", "name_zh-Ha": "nan", "name_zh-_1": "nan", "layer": "nan", "fast_food": "nan", "brand_zh-L": "nan", "name_zh-La": "nan", "surface": "nan", "addr_place": "nan", "addr_unit": "nan", "nohousenum": "nan", "roof_colou": "nan", "emergency": "nan", "healthcare": "nan", "healthca_1": "nan", "loc_name": "nan", "operator": "nan", "website": "nan", "wheelchair": "nan", "building_c": "nan", "building_l": "nan", "museum": "nan", "tourism": "nan", "official_n": "nan", "wikimedia_": "nan", "office": "nan", "int_name": "nan", "height": "nan", "short_name": "nan", "wikidata": "nan", "wikipedia": "nan", "historic": "nan", "roof_orien": "nan", "roof_shape": "nan", "addr_house": "nan", "addr_hou_1": "nan", "power": "nan", "building_u": "nan", "flickr": "nan", "education": "nan", "ref": "nan", "athletics": "nan", "man_made": "nan", "ceremonial": "nan", "inscriptio": "nan", "material": "nan", "start_date": "nan", "bicycle_pa": "nan", "shelter_ty": "nan", "playground": "nan", "disused": "nan", "type": "nan", "addr_count": "nan", "internet_a": "nan", "name_de": "nan", "name_es": "nan", "name_fr": "nan", "name_it": "nan", "name_ja": "nan", "short_na_1": "nan", "short_na_2": "nan", "designatio": "nan", "path": "Point?crs=EPSG:4326&field=element:string(80,0)&field=id:string(80,0)&field=amenity:string(80,0)&field=name:string(80,0)&field=access:string(80,0)&field=barrier:string(80,0)&field=bicycle:string(80,0)&field=foot:string(80,0)&field=motor_vehi:string(80,0)&", "poi_tpye": "office" }, "geometry": { "type": "Point", "coordinates": [ 114.355476786948458, 30.546981828049116 ] } },
{ "type": "Feature", "properties": { "element": "way", "id": "153752967", "amenity": "nan", "name": "工学部5号教学楼", "access": "nan", "barrier": "nan", "bicycle": "nan", "foot": "nan", "motor_vehi": "nan", "opening_ho": "nan", "alt_name": "nan", "old_name": "工学部第三教学楼", "locked": "nan", "leisure": "nan", "sport": "nan", "horse": "nan", "brand": "nan", "brand_en": "nan", "brand_wiki": "nan", "brand_wi_1": "nan", "brand_zh": "nan", "cuisine": "nan", "level": "nan", "name_en": "nan", "name_zh": "nan", "takeaway": "nan", "diet_halal": "nan", "addr_city": "nan", "addr_distr": "nan", "addr_postc": "nan", "addr_provi": "nan", "addr_stree": "nan", "building": "university", "fee": "nan", "diet_meat": "nan", "note": "nan", "outdoor_se": "nan", "brand_zh-H": "nan", "brand_zh_1": "nan", "delivery": "nan", "name_zh-Ha": "nan", "name_zh-_1": "nan", "layer": "nan", "fast_food": "nan", "brand_zh-L": "nan", "name_zh-La": "nan", "surface": "nan", "addr_place": "nan", "addr_unit": "nan", "nohousenum": "nan", "roof_colou": "nan", "emergency": "nan", "healthcare": "nan", "healthca_1": "nan", "loc_name": "nan", "operator": "nan", "website": "nan", "wheelchair": "nan", "building_c": "nan", "building_l": "nan", "museum": "nan", "tourism": "nan", "official_n": "nan", "wikimedia_": "nan", "office": "nan", "int_name": "nan", "height": "nan", "short_name": "nan", "wikidata": "nan", "wikipedia": "nan", "historic": "nan", "roof_orien": "nan", "roof_shape": "nan", "addr_house": "nan", "addr_hou_1": "nan", "power": "nan", "building_u": "nan", "flickr": "nan", "education": "nan", "ref": "nan", "athletics": "nan", "man_made": "nan", "ceremonial": "nan", "inscriptio": "nan", "material": "nan", "start_date": "nan", "bicycle_pa": "nan", "shelter_ty": "nan", "playground": "nan", "disused": "nan", "type": "nan", "addr_count": "nan", "internet_a": "nan", "name_de": "nan", "name_es": "nan", "name_fr": "nan", "name_it": "nan", "name_ja": "nan", "short_na_1": "nan", "short_na_2": "nan", "designatio": "nan", "path": "Point?crs=EPSG:4326&field=element:string(80,0)&field=id:string(80,0)&field=amenity:string(80,0)&field=name:string(80,0)&field=access:string(80,0)&field=barrier:string(80,0)&field=bicycle:string(80,0)&field=foot:string(80,0)&field=motor_vehi:string(80,0)&", "poi_tpye": "teaching_building" }, "geometry": { "type": "Point", "coordinates": [ 114.357944955479724, 30.545698840172317 ] } },
{ "type": "Feature", "properties": { "element": "way", "id": "153752966", "amenity": "nan", "name": "工学部3号教学楼", "access": "nan", "barrier": "nan", "bicycle": "nan", "foot": "nan", "motor_vehi": "nan", "opening_ho": "nan", "alt_name": "nan", "old_name": "nan", "locked": "nan", "leisure": "nan", "sport": "nan", "horse": "nan", "brand": "nan", "brand_en": "nan", "brand_wiki": "nan", "brand_wi_1": "nan", "brand_zh": "nan", "cuisine": "nan", "level": "nan", "name_en": "nan", "name_zh": "nan", "takeaway": "nan", "diet_halal": "nan", "addr_city": "nan", "addr_distr": "nan", "addr_postc": "nan", "addr_provi": "nan", "addr_stree": "nan", "building": "university", "fee": "nan", "diet_meat": "nan", "note": "nan", "outdoor_se": "nan", "brand_zh-H": "nan", "brand_zh_1": "nan", "delivery": "nan", "name_zh-Ha": "nan", "name_zh-_1": "nan", "layer": "nan", "fast_food": "nan", "brand_zh-L": "nan", "name_zh-La": "nan", "surface": "nan", "addr_place": "nan", "addr_unit": "nan", "nohousenum": "nan", "roof_colou": "nan", "emergency": "nan", "healthcare": "nan", "healthca_1": "nan", "loc_name": "nan", "operator": "nan", "website": "nan", "wheelchair": "nan", "building_c": "nan", "building_l": "nan", "museum": "nan", "tourism": "nan", "official_n": "nan", "wikimedia_": "nan", "office": "nan", "int_name": "nan", "height": "nan", "short_name": "nan", "wikidata": "nan", "wikipedia": "nan", "historic": "nan", "roof_orien": "nan", "roof_shape": "nan", "addr_house": "nan", "addr_hou_1": "nan", "power": "nan", "building_u": "nan", "flickr": "nan", "education": "nan", "ref": "nan", "athletics": "nan", "man_made": "nan", "ceremonial": "nan", "inscriptio": "nan", "material": "nan", "start_date": "nan", "bicycle_pa": "nan", "shelter_ty": "nan", "playground": "nan", "disused": "nan", "type": "nan", "addr_count": "nan", "internet_a": "nan", "name_de": "nan", "name_es": "nan", "name_fr": "nan", "name_it": "nan", "name_ja": "nan", "short_na_1": "nan", "short_na_2": "nan", "designatio": "nan", "path": "Point?crs=EPSG:4326&field=element:string(80,0)&field=id:string(80,0)&field=amenity:string(80,0)&field=name:string(80,0)&field=access:string(80,0)&field=barrier:string(80,0)&field=bicycle:string(80,0)&field=foot:string(80,0)&field=motor_vehi:string(80,0)&", "poi_tpye": "teaching_building" }, "geometry": { "type": "Point", "coordinates": [ 114.357612931292991, 30.546260211176431 ] } },
{ "type": "Feature", "properties": { "element": "way", "id": "153752728", "amenity": "nan", "name": "农田水利楼", "access": "nan", "barrier": "nan", "bicycle": "nan", "foot": "nan", "motor_vehi": "nan", "opening_ho": "nan", "alt_name": "nan", "old_name": "nan", "locked": "nan", "leisure": "nan", "sport": "nan", "horse": "nan", "brand": "nan", "brand_en": "nan", "brand_wiki": "nan", "brand_wi_1": "nan", "brand_zh": "nan", "cuisine": "nan", "level": "nan", "name_en": "nan", "name_zh": "nan", "takeaway": "nan", "diet_halal": "nan", "addr_city": "nan", "addr_distr": "nan", "addr_postc": "nan", "addr_provi": "nan", "addr_stree": "nan", "building": "university", "fee": "nan", "diet_meat": "nan", "note": "nan", "outdoor_se": "nan", "brand_zh-H": "nan", "brand_zh_1": "nan", "delivery": "nan", "name_zh-Ha": "nan", "name_zh-_1": "nan", "layer": "nan", "fast_food": "nan", "brand_zh-L": "nan", "name_zh-La": "nan", "surface": "nan", "addr_place": "nan", "addr_unit": "nan", "nohousenum": "nan", "roof_colou": "nan", "emergency": "nan", "healthcare": "nan", "healthca_1": "nan", "loc_name": "nan", "operator": "nan", "website": "nan", "wheelchair": "nan", "building_c": "nan", "building_l": "nan", "museum": "nan", "tourism": "nan", "official_n": "nan", "wikimedia_": "nan", "office": "nan", "int_name": "nan", "height": "nan", "short_name": "nan", "wikidata": "nan", "wikipedia": "nan", "historic": "nan", "roof_orien": "nan", "roof_shape": "nan", "addr_house": "nan", "addr_hou_1": "nan", "power": "nan", "building_u": "nan", "flickr": "nan", "education": "nan", "ref": "nan", "athletics": "nan", "man_made": "nan", "ceremonial": "nan", "inscriptio": "nan", "material": "nan", "start_date": "nan", "bicycle_pa": "nan", "shelter_ty": "nan", "playground": "nan", "disused": "nan", "type": "nan", "addr_count": "nan", "internet_a": "nan", "name_de": "nan", "name_es": "nan", "name_fr": "nan", "name_it": "nan", "name_ja": "nan", "short_na_1": "nan", "short_na_2": "nan", "designatio": "nan", "path": "Point?crs=EPSG:4326&field=element:string(80,0)&field=id:string(80,0)&field=amenity:string(80,0)&field=name:string(80,0)&field=access:string(80,0)&field=barrier:string(80,0)&field=bicycle:string(80,0)&field=foot:string(80,0)&field=motor_vehi:string(80,0)&", "poi_tpye": "office" }, "geometry": { "type": "Point", "coordinates": [ 114.35692778141842, 30.544521045661948 ] } },
{ "type": "Feature", "properties": { "element": "way", "id": "153752721", "amenity": "nan", "name": "工学部8号教学楼", "access": "nan", "barrier": "nan", "bicycle": "nan", "foot": "nan", "motor_vehi": "nan", "opening_ho": "nan", "alt_name": "水利水电学院大楼", "old_name": "nan", "locked": "nan", "leisure": "nan", "sport": "nan", "horse": "nan", "brand": "nan", "brand_en": "nan", "brand_wiki": "nan", "brand_wi_1": "nan", "brand_zh": "nan", "cuisine": "nan", "level": "nan", "name_en": "nan", "name_zh": "nan", "takeaway": "nan", "diet_halal": "nan", "addr_city": "nan", "addr_distr": "nan", "addr_postc": "nan", "addr_provi": "nan", "addr_stree": "nan", "building": "university", "fee": "nan", "diet_meat": "nan", "note": "nan", "outdoor_se": "nan", "brand_zh-H": "nan", "brand_zh_1": "nan", "delivery": "nan", "name_zh-Ha": "nan", "name_zh-_1": "nan", "layer": "nan", "fast_food": "nan", "brand_zh-L": "nan", "name_zh-La": "nan", "surface": "nan", "addr_place": "nan", "addr_unit": "nan", "nohousenum": "nan", "roof_colou": "nan", "emergency": "nan", "healthcare": "nan", "healthca_1": "nan", "loc_name": "nan", "operator": "nan", "website": "nan", "wheelchair": "nan", "building_c": "nan", "building_l": "nan", "museum": "nan", "tourism": "nan", "official_n": "nan", "wikimedia_": "nan", "office": "nan", "int_name": "nan", "height": "nan", "short_name": "nan", "wikidata": "nan", "wikipedia": "nan", "historic": "nan", "roof_orien": "nan", "roof_shape": "nan", "addr_house": "nan", "addr_hou_1": "nan", "power": "nan", "building_u": "nan", "flickr": "nan", "education": "nan", "ref": "nan", "athletics": "nan", "man_made": "nan", "ceremonial": "nan", "inscriptio": "nan", "material": "nan", "start_date": "nan", "bicycle_pa": "nan", "shelter_ty": "nan", "playground": "nan", "disused": "nan", "type": "nan", "addr_count": "nan", "internet_a": "nan", "name_de": "nan", "name_es": "nan", "name_fr": "nan", "name_it": "nan", "name_ja": "nan", "short_na_1": "nan", "short_na_2": "nan", "designatio": "nan", "path": "Point?crs=EPSG:4326&field=element:string(80,0)&field=id:string(80,0)&field=amenity:string(80,0)&field=name:string(80,0)&field=access:string(80,0)&field=barrier:string(80,0)&field=bicycle:string(80,0)&field=foot:string(80,0)&field=motor_vehi:string(80,0)&", "poi_tpye": "teaching_building" }, "geometry": { "type": "Point", "coordinates": [ 114.356884144058455, 30.544876176072854 ] } },
{ "type": "Feature", "properties": { "element": "way", "id": "153752703", "amenity": "nan", "name": "教材中心", "access": "nan", "barrier": "nan", "bicycle": "nan", "foot": "nan", "motor_vehi": "nan", "opening_ho": "nan", "alt_name": "nan", "old_name": "nan", "locked": "nan", "leisure": "nan", "sport": "nan", "horse": "nan", "brand": "nan", "brand_en": "nan", "brand_wiki": "nan", "brand_wi_1": "nan", "brand_zh": "nan", "cuisine": "nan", "level": "nan", "name_en": "nan", "name_zh": "nan", "takeaway": "nan", "diet_halal": "nan", "addr_city": "nan", "addr_distr": "nan", "addr_postc": "nan", "addr_provi": "nan", "addr_stree": "nan", "building": "yes", "fee": "nan", "diet_meat": "nan", "note": "nan", "outdoor_se": "nan", "brand_zh-H": "nan", "brand_zh_1": "nan", "delivery": "nan", "name_zh-Ha": "nan", "name_zh-_1": "nan", "layer": "nan", "fast_food": "nan", "brand_zh-L": "nan", "name_zh-La": "nan", "surface": "nan", "addr_place": "nan", "addr_unit": "nan", "nohousenum": "nan", "roof_colou": "nan", "emergency": "nan", "healthcare": "nan", "healthca_1": "nan", "loc_name": "nan", "operator": "nan", "website": "nan", "wheelchair": "nan", "building_c": "nan", "building_l": "nan", "museum": "nan", "tourism": "nan", "official_n": "nan", "wikimedia_": "nan", "office": "nan", "int_name": "nan", "height": "nan", "short_name": "nan", "wikidata": "nan", "wikipedia": "nan", "historic": "nan", "roof_orien": "nan", "roof_shape": "nan", "addr_house": "nan", "addr_hou_1": "nan", "power": "nan", "building_u": "nan", "flickr": "nan", "education": "nan", "ref": "nan", "athletics": "nan", "man_made": "nan", "ceremonial": "nan", "inscriptio": "nan", "material": "nan", "start_date": "nan", "bicycle_pa": "nan", "shelter_ty": "nan", "playground": "nan", "disused": "nan", "type": "nan", "addr_count": "nan", "internet_a": "nan", "name_de": "nan", "name_es": "nan", "name_fr": "nan", "name_it": "nan", "name_ja": "nan", "short_na_1": "nan", "short_na_2": "nan", "designatio": "nan", "path": "Point?crs=EPSG:4326&field=element:string(80,0)&field=id:string(80,0)&field=amenity:string(80,0)&field=name:string(80,0)&field=access:string(80,0)&field=barrier:string(80,0)&field=bicycle:string(80,0)&field=foot:string(80,0)&field=motor_vehi:string(80,0)&", "poi_tpye": "office" }, "geometry": { "type": "Point", "coordinates": [ 114.358279129164686, 30.54454179846196 ] } },
{ "type": "Feature", "properties": { "element": "way", "id": "153752702", "amenity": "nan", "name": "高压大厅", "access": "nan", "barrier": "nan", "bicycle": "nan", "foot": "nan", "motor_vehi": "nan", "opening_ho": "nan", "alt_name": "nan", "old_name": "nan", "locked": "nan", "leisure": "nan", "sport": "nan", "horse": "nan", "brand": "nan", "brand_en": "nan", "brand_wiki": "nan", "brand_wi_1": "nan", "brand_zh": "nan", "cuisine": "nan", "level": "nan", "name_en": "nan", "name_zh": "nan", "takeaway": "nan", "diet_halal": "nan", "addr_city": "nan", "addr_distr": "nan", "addr_postc": "nan", "addr_provi": "nan", "addr_stree": "nan", "building": "university", "fee": "nan", "diet_meat": "nan", "note": "nan", "outdoor_se": "nan", "brand_zh-H": "nan", "brand_zh_1": "nan", "delivery": "nan", "name_zh-Ha": "nan", "name_zh-_1": "nan", "layer": "nan", "fast_food": "nan", "brand_zh-L": "nan", "name_zh-La": "nan", "surface": "nan", "addr_place": "nan", "addr_unit": "nan", "nohousenum": "nan", "roof_colou": "nan", "emergency": "nan", "healthcare": "nan", "healthca_1": "nan", "loc_name": "nan", "operator": "nan", "website": "nan", "wheelchair": "nan", "building_c": "nan", "building_l": "nan", "museum": "nan", "tourism": "nan", "official_n": "nan", "wikimedia_": "nan", "office": "nan", "int_name": "nan", "height": "nan", "short_name": "nan", "wikidata": "nan", "wikipedia": "nan", "historic": "nan", "roof_orien": "nan", "roof_shape": "nan", "addr_house": "nan", "addr_hou_1": "nan", "power": "nan", "building_u": "nan", "flickr": "nan", "education": "nan", "ref": "nan", "athletics": "nan", "man_made": "nan", "ceremonial": "nan", "inscriptio": "nan", "material": "nan", "start_date": "nan", "bicycle_pa": "nan", "shelter_ty": "nan", "playground": "nan", "disused": "nan", "type": "nan", "addr_count": "nan", "internet_a": "nan", "name_de": "nan", "name_es": "nan", "name_fr": "nan", "name_it": "nan", "name_ja": "nan", "short_na_1": "nan", "short_na_2": "nan", "designatio": "nan", "path": "Point?crs=EPSG:4326&field=element:string(80,0)&field=id:string(80,0)&field=amenity:string(80,0)&field=name:string(80,0)&field=access:string(80,0)&field=barrier:string(80,0)&field=bicycle:string(80,0)&field=foot:string(80,0)&field=motor_vehi:string(80,0)&" }, "geometry": { "type": "Point", "coordinates": [ 114.358111378123738, 30.545056458350405 ] } },
{ "type": "Feature", "properties": { "element": "way", "id": "153752698", "amenity": "nan", "name": "机电实验楼", "access": "nan", "barrier": "nan", "bicycle": "nan", "foot": "nan", "motor_vehi": "nan", "opening_ho": "nan", "alt_name": "nan", "old_name": "nan", "locked": "nan", "leisure": "nan", "sport": "nan", "horse": "nan", "brand": "nan", "brand_en": "nan", "brand_wiki": "nan", "brand_wi_1": "nan", "brand_zh": "nan", "cuisine": "nan", "level": "nan", "name_en": "nan", "name_zh": "nan", "takeaway": "nan", "diet_halal": "nan", "addr_city": "nan", "addr_distr": "nan", "addr_postc": "nan", "addr_provi": "nan", "addr_stree": "nan", "building": "university", "fee": "nan", "diet_meat": "nan", "note": "nan", "outdoor_se": "nan", "brand_zh-H": "nan", "brand_zh_1": "nan", "delivery": "nan", "name_zh-Ha": "nan", "name_zh-_1": "nan", "layer": "nan", "fast_food": "nan", "brand_zh-L": "nan", "name_zh-La": "nan", "surface": "nan", "addr_place": "nan", "addr_unit": "nan", "nohousenum": "nan", "roof_colou": "nan", "emergency": "nan", "healthcare": "nan", "healthca_1": "nan", "loc_name": "nan", "operator": "nan", "website": "nan", "wheelchair": "nan", "building_c": "nan", "building_l": "nan", "museum": "nan", "tourism": "nan", "official_n": "nan", "wikimedia_": "nan", "office": "nan", "int_name": "nan", "height": "nan", "short_name": "nan", "wikidata": "nan", "wikipedia": "nan", "historic": "nan", "roof_orien": "nan", "roof_shape": "nan", "addr_house": "nan", "addr_hou_1": "nan", "power": "nan", "building_u": "nan", "flickr": "nan", "education": "nan", "ref": "nan", "athletics": "nan", "man_made": "nan", "ceremonial": "nan", "inscriptio": "nan", "material": "nan", "start_date": "nan", "bicycle_pa": "nan", "shelter_ty": "nan", "playground": "nan", "disused": "nan", "type": "nan", "addr_count": "nan", "internet_a": "nan", "name_de": "nan", "name_es": "nan", "name_fr": "nan", "name_it": "nan", "name_ja": "nan", "short_na_1": "nan", "short_na_2": "nan", "designatio": "nan", "path": "Point?crs=EPSG:4326&field=element:string(80,0)&field=id:string(80,0)&field=amenity:string(80,0)&field=name:string(80,0)&field=access:string(80,0)&field=barrier:string(80,0)&field=bicycle:string(80,0)&field=foot:string(80,0)&field=motor_vehi:string(80,0)&", "poi_tpye": "office" }, "geometry": { "type": "Point", "coordinates": [ 114.357834240520631, 30.544576350102677 ] } },
{ "type": "Feature", "properties": { "element": "way", "id": "153752697", "amenity": "nan", "name": "工学部7号教学楼", "access": "nan", "barrier": "nan", "bicycle": "nan", "foot": "nan", "motor_vehi": "nan", "opening_ho": "nan", "alt_name": "电气与自动化学院高压楼", "old_name": "nan", "locked": "nan", "leisure": "nan", "sport": "nan", "horse": "nan", "brand": "nan", "brand_en": "nan", "brand_wiki": "nan", "brand_wi_1": "nan", "brand_zh": "nan", "cuisine": "nan", "level": "nan", "name_en": "nan", "name_zh": "nan", "takeaway": "nan", "diet_halal": "nan", "addr_city": "nan", "addr_distr": "nan", "addr_postc": "nan", "addr_provi": "nan", "addr_stree": "nan", "building": "university", "fee": "nan", "diet_meat": "nan", "note": "nan", "outdoor_se": "nan", "brand_zh-H": "nan", "brand_zh_1": "nan", "delivery": "nan", "name_zh-Ha": "nan", "name_zh-_1": "nan", "layer": "nan", "fast_food": "nan", "brand_zh-L": "nan", "name_zh-La": "nan", "surface": "nan", "addr_place": "nan", "addr_unit": "nan", "nohousenum": "nan", "roof_colou": "nan", "emergency": "nan", "healthcare": "nan", "healthca_1": "nan", "loc_name": "nan", "operator": "nan", "website": "nan", "wheelchair": "nan", "building_c": "nan", "building_l": "nan", "museum": "nan", "tourism": "nan", "official_n": "nan", "wikimedia_": "nan", "office": "nan", "int_name": "nan", "height": "nan", "short_name": "nan", "wikidata": "nan", "wikipedia": "nan", "historic": "nan", "roof_orien": "nan", "roof_shape": "nan", "addr_house": "nan", "addr_hou_1": "nan", "power": "nan", "building_u": "nan", "flickr": "nan", "education": "nan", "ref": "nan", "athletics": "nan", "man_made": "nan", "ceremonial": "nan", "inscriptio": "nan", "material": "nan", "start_date": "nan", "bicycle_pa": "nan", "shelter_ty": "nan", "playground": "nan", "disused": "nan", "type": "nan", "addr_count": "nan", "internet_a": "nan", "name_de": "nan", "name_es": "nan", "name_fr": "nan", "name_it": "nan", "name_ja": "nan", "short_na_1": "nan", "short_na_2": "nan", "designatio": "nan", "path": "Point?crs=EPSG:4326&field=element:string(80,0)&field=id:string(80,0)&field=amenity:string(80,0)&field=name:string(80,0)&field=access:string(80,0)&field=barrier:string(80,0)&field=bicycle:string(80,0)&field=foot:string(80,0)&field=motor_vehi:string(80,0)&", "poi_tpye": "teaching_building" }, "geometry": { "type": "Point", "coordinates": [ 114.357659029325262, 30.544922794837071 ] } },
{ "type": "Feature", "properties": { "element": "way", "id": "153751904", "amenity": "nan", "name": "工学部6号教学楼", "access": "nan", "barrier": "nan", "bicycle": "nan", "foot": "nan", "motor_vehi": "nan", "opening_ho": "nan", "alt_name": "水利水电学院实验教学楼", "old_name": "nan", "locked": "nan", "leisure": "nan", "sport": "nan", "horse": "nan", "brand": "nan", "brand_en": "nan", "brand_wiki": "nan", "brand_wi_1": "nan", "brand_zh": "nan", "cuisine": "nan", "level": "nan", "name_en": "nan", "name_zh": "nan", "takeaway": "nan", "diet_halal": "nan", "addr_city": "nan", "addr_distr": "nan", "addr_postc": "nan", "addr_provi": "nan", "addr_stree": "nan", "building": "university", "fee": "nan", "diet_meat": "nan", "note": "nan", "outdoor_se": "nan", "brand_zh-H": "nan", "brand_zh_1": "nan", "delivery": "nan", "name_zh-Ha": "nan", "name_zh-_1": "nan", "layer": "nan", "fast_food": "nan", "brand_zh-L": "nan", "name_zh-La": "nan", "surface": "nan", "addr_place": "nan", "addr_unit": "nan", "nohousenum": "nan", "roof_colou": "nan", "emergency": "nan", "healthcare": "nan", "healthca_1": "nan", "loc_name": "nan", "operator": "nan", "website": "nan", "wheelchair": "nan", "building_c": "nan", "building_l": "nan", "museum": "nan", "tourism": "nan", "official_n": "nan", "wikimedia_": "nan", "office": "nan", "int_name": "nan", "height": "nan", "short_name": "nan", "wikidata": "nan", "wikipedia": "nan", "historic": "nan", "roof_orien": "nan", "roof_shape": "nan", "addr_house": "nan", "addr_hou_1": "nan", "power": "nan", "building_u": "nan", "flickr": "nan", "education": "nan", "ref": "nan", "athletics": "nan", "man_made": "nan", "ceremonial": "nan", "inscriptio": "nan", "material": "nan", "start_date": "nan", "bicycle_pa": "nan", "shelter_ty": "nan", "playground": "nan", "disused": "nan", "type": "nan", "addr_count": "nan", "internet_a": "nan", "name_de": "nan", "name_es": "nan", "name_fr": "nan", "name_it": "nan", "name_ja": "nan", "short_na_1": "nan", "short_na_2": "nan", "designatio": "nan", "path": "Point?crs=EPSG:4326&field=element:string(80,0)&field=id:string(80,0)&field=amenity:string(80,0)&field=name:string(80,0)&field=access:string(80,0)&field=barrier:string(80,0)&field=bicycle:string(80,0)&field=foot:string(80,0)&field=motor_vehi:string(80,0)&", "poi_tpye": "teaching_building" }, "geometry": { "type": "Point", "coordinates": [ 114.355953215851954, 30.544803212906992 ] } },
{ "type": "Feature", "properties": { "element": "way", "id": "153751902", "amenity": "nan", "name": "工学部4号教学楼", "access": "nan", "barrier": "nan", "bicycle": "nan", "foot": "nan", "motor_vehi": "nan", "opening_ho": "nan", "alt_name": "nan", "old_name": "工学部第二教学楼", "locked": "nan", "leisure": "nan", "sport": "nan", "horse": "nan", "brand": "nan", "brand_en": "nan", "brand_wiki": "nan", "brand_wi_1": "nan", "brand_zh": "nan", "cuisine": "nan", "level": "nan", "name_en": "nan", "name_zh": "nan", "takeaway": "nan", "diet_halal": "nan", "addr_city": "nan", "addr_distr": "nan", "addr_postc": "nan", "addr_provi": "nan", "addr_stree": "nan", "building": "university", "fee": "nan", "diet_meat": "nan", "note": "nan", "outdoor_se": "nan", "brand_zh-H": "nan", "brand_zh_1": "nan", "delivery": "nan", "name_zh-Ha": "nan", "name_zh-_1": "nan", "layer": "nan", "fast_food": "nan", "brand_zh-L": "nan", "name_zh-La": "nan", "surface": "nan", "addr_place": "nan", "addr_unit": "nan", "nohousenum": "nan", "roof_colou": "nan", "emergency": "nan", "healthcare": "nan", "healthca_1": "nan", "loc_name": "nan", "operator": "nan", "website": "nan", "wheelchair": "nan", "building_c": "nan", "building_l": "nan", "museum": "nan", "tourism": "nan", "official_n": "nan", "wikimedia_": "nan", "office": "nan", "int_name": "nan", "height": "nan", "short_name": "nan", "wikidata": "nan", "wikipedia": "nan", "historic": "nan", "roof_orien": "nan", "roof_shape": "nan", "addr_house": "nan", "addr_hou_1": "nan", "power": "nan", "building_u": "nan", "flickr": "nan", "education": "nan", "ref": "nan", "athletics": "nan", "man_made": "nan", "ceremonial": "nan", "inscriptio": "nan", "material": "nan", "start_date": "nan", "bicycle_pa": "nan", "shelter_ty": "nan", "playground": "nan", "disused": "nan", "type": "nan", "addr_count": "nan", "internet_a": "nan", "name_de": "nan", "name_es": "nan", "name_fr": "nan", "name_it": "nan", "name_ja": "nan", "short_na_1": "nan", "short_na_2": "nan", "designatio": "nan", "path": "Point?crs=EPSG:4326&field=element:string(80,0)&field=id:string(80,0)&field=amenity:string(80,0)&field=name:string(80,0)&field=access:string(80,0)&field=barrier:string(80,0)&field=bicycle:string(80,0)&field=foot:string(80,0)&field=motor_vehi:string(80,0)&", "poi_tpye": "teaching_building" }, "geometry": { "type": "Point", "coordinates": [ 114.355650731758544, 30.54543534960921 ] } },
{ "type": "Feature", "properties": { "element": "way", "id": "182357908", "amenity": "nan", "name": "工学部5舍", "access": "nan", "barrier": "nan", "bicycle": "nan", "foot": "nan", "motor_vehi": "nan", "opening_ho": "nan", "alt_name": "nan", "old_name": "nan", "locked": "nan", "leisure": "nan", "sport": "nan", "horse": "nan", "brand": "nan", "brand_en": "nan", "brand_wiki": "nan", "brand_wi_1": "nan", "brand_zh": "nan", "cuisine": "nan", "level": "nan", "name_en": "nan", "name_zh": "nan", "takeaway": "nan", "diet_halal": "nan", "addr_city": "nan", "addr_distr": "nan", "addr_postc": "nan", "addr_provi": "nan", "addr_stree": "nan", "building": "dormitory", "fee": "nan", "diet_meat": "nan", "note": "nan", "outdoor_se": "nan", "brand_zh-H": "nan", "brand_zh_1": "nan", "delivery": "nan", "name_zh-Ha": "nan", "name_zh-_1": "nan", "layer": "nan", "fast_food": "nan", "brand_zh-L": "nan", "name_zh-La": "nan", "surface": "nan", "addr_place": "nan", "addr_unit": "nan", "nohousenum": "nan", "roof_colou": "nan", "emergency": "nan", "healthcare": "nan", "healthca_1": "nan", "loc_name": "nan", "operator": "nan", "website": "nan", "wheelchair": "nan", "building_c": "nan", "building_l": "nan", "museum": "nan", "tourism": "nan", "official_n": "nan", "wikimedia_": "nan", "office": "nan", "int_name": "nan", "height": "nan", "short_name": "nan", "wikidata": "nan", "wikipedia": "nan", "historic": "nan", "roof_orien": "nan", "roof_shape": "nan", "addr_house": "nan", "addr_hou_1": "nan", "power": "nan", "building_u": "nan", "flickr": "nan", "education": "nan", "ref": "nan", "athletics": "nan", "man_made": "nan", "ceremonial": "nan", "inscriptio": "nan", "material": "nan", "start_date": "nan", "bicycle_pa": "nan", "shelter_ty": "nan", "playground": "nan", "disused": "nan", "type": "nan", "addr_count": "nan", "internet_a": "nan", "name_de": "nan", "name_es": "nan", "name_fr": "nan", "name_it": "nan", "name_ja": "nan", "short_na_1": "nan", "short_na_2": "nan", "designatio": "nan", "path": "Point?crs=EPSG:4326&field=element:string(80,0)&field=id:string(80,0)&field=amenity:string(80,0)&field=name:string(80,0)&field=access:string(80,0)&field=barrier:string(80,0)&field=bicycle:string(80,0)&field=foot:string(80,0)&field=motor_vehi:string(80,0)&", "poi_tpye": "dormitory" }, "geometry": { "type": "Point", "coordinates": [ 114.359081954738031, 30.544129153627541 ] } },
{ "type": "Feature", "properties": { "element": "way", "id": "182357906", "amenity": "nan", "name": "工学部11舍", "access": "nan", "barrier": "nan", "bicycle": "nan", "foot": "nan", "motor_vehi": "nan", "opening_ho": "nan", "alt_name": "nan", "old_name": "nan", "locked": "nan", "leisure": "nan", "sport": "nan", "horse": "nan", "brand": "nan", "brand_en": "nan", "brand_wiki": "nan", "brand_wi_1": "nan", "brand_zh": "nan", "cuisine": "nan", "level": "nan", "name_en": "nan", "name_zh": "nan", "takeaway": "nan", "diet_halal": "nan", "addr_city": "nan", "addr_distr": "nan", "addr_postc": "nan", "addr_provi": "nan", "addr_stree": "nan", "building": "dormitory", "fee": "nan", "diet_meat": "nan", "note": "nan", "outdoor_se": "nan", "brand_zh-H": "nan", "brand_zh_1": "nan", "delivery": "nan", "name_zh-Ha": "nan", "name_zh-_1": "nan", "layer": "nan", "fast_food": "nan", "brand_zh-L": "nan", "name_zh-La": "nan", "surface": "nan", "addr_place": "nan", "addr_unit": "nan", "nohousenum": "nan", "roof_colou": "nan", "emergency": "nan", "healthcare": "nan", "healthca_1": "nan", "loc_name": "nan", "operator": "nan", "website": "nan", "wheelchair": "nan", "building_c": "nan", "building_l": "nan", "museum": "nan", "tourism": "nan", "official_n": "nan", "wikimedia_": "nan", "office": "nan", "int_name": "nan", "height": "nan", "short_name": "nan", "wikidata": "nan", "wikipedia": "nan", "historic": "nan", "roof_orien": "nan", "roof_shape": "nan", "addr_house": "nan", "addr_hou_1": "nan", "power": "nan", "building_u": "nan", "flickr": "nan", "education": "nan", "ref": "nan", "athletics": "nan", "man_made": "nan", "ceremonial": "nan", "inscriptio": "nan", "material": "nan", "start_date": "nan", "bicycle_pa": "nan", "shelter_ty": "nan", "playground": "nan", "disused": "nan", "type": "nan", "addr_count": "nan", "internet_a": "nan", "name_de": "nan", "name_es": "nan", "name_fr": "nan", "name_it": "nan", "name_ja": "nan", "short_na_1": "nan", "short_na_2": "nan", "designatio": "nan", "path": "Point?crs=EPSG:4326&field=element:string(80,0)&field=id:string(80,0)&field=amenity:string(80,0)&field=name:string(80,0)&field=access:string(80,0)&field=barrier:string(80,0)&field=bicycle:string(80,0)&field=foot:string(80,0)&field=motor_vehi:string(80,0)&", "poi_tpye": "dormitory" }, "geometry": { "type": "Point", "coordinates": [ 114.3596121, 30.5463549 ] } },
{ "type": "Feature", "properties": { "element": "way", "id": "182357901", "amenity": "nan", "name": "工学部15舍", "access": "nan", "barrier": "nan", "bicycle": "nan", "foot": "nan", "motor_vehi": "nan", "opening_ho": "nan", "alt_name": "nan", "old_name": "nan", "locked": "nan", "leisure": "nan", "sport": "nan", "horse": "nan", "brand": "nan", "brand_en": "nan", "brand_wiki": "nan", "brand_wi_1": "nan", "brand_zh": "nan", "cuisine": "nan", "level": "nan", "name_en": "nan", "name_zh": "nan", "takeaway": "nan", "diet_halal": "nan", "addr_city": "nan", "addr_distr": "nan", "addr_postc": "nan", "addr_provi": "nan", "addr_stree": "nan", "building": "dormitory", "fee": "nan", "diet_meat": "nan", "note": "nan", "outdoor_se": "nan", "brand_zh-H": "nan", "brand_zh_1": "nan", "delivery": "nan", "name_zh-Ha": "nan", "name_zh-_1": "nan", "layer": "nan", "fast_food": "nan", "brand_zh-L": "nan", "name_zh-La": "nan", "surface": "nan", "addr_place": "nan", "addr_unit": "nan", "nohousenum": "nan", "roof_colou": "nan", "emergency": "nan", "healthcare": "nan", "healthca_1": "nan", "loc_name": "nan", "operator": "nan", "website": "nan", "wheelchair": "nan", "building_c": "nan", "building_l": "nan", "museum": "nan", "tourism": "nan", "official_n": "nan", "wikimedia_": "nan", "office": "nan", "int_name": "nan", "height": "nan", "short_name": "nan", "wikidata": "nan", "wikipedia": "nan", "historic": "nan", "roof_orien": "nan", "roof_shape": "nan", "addr_house": "nan", "addr_hou_1": "nan", "power": "nan", "building_u": "nan", "flickr": "nan", "education": "nan", "ref": "nan", "athletics": "nan", "man_made": "nan", "ceremonial": "nan", "inscriptio": "nan", "material": "nan", "start_date": "nan", "bicycle_pa": "nan", "shelter_ty": "nan", "playground": "nan", "disused": "nan", "type": "nan", "addr_count": "nan", "internet_a": "nan", "name_de": "nan", "name_es": "nan", "name_fr": "nan", "name_it": "nan", "name_ja": "nan", "short_na_1": "nan", "short_na_2": "nan", "designatio": "nan", "path": "Point?crs=EPSG:4326&field=element:string(80,0)&field=id:string(80,0)&field=amenity:string(80,0)&field=name:string(80,0)&field=access:string(80,0)&field=barrier:string(80,0)&field=bicycle:string(80,0)&field=foot:string(80,0)&field=motor_vehi:string(80,0)&", "poi_tpye": "dormitory" }, "geometry": { "type": "Point", "coordinates": [ 114.360536160575819, 30.543809197819453 ] } },
{ "type": "Feature", "properties": { "element": "way", "id": "182357899", "amenity": "nan", "name": "工学部4舍", "access": "nan", "barrier": "nan", "bicycle": "nan", "foot": "nan", "motor_vehi": "nan", "opening_ho": "nan", "alt_name": "nan", "old_name": "nan", "locked": "nan", "leisure": "nan", "sport": "nan", "horse": "nan", "brand": "nan", "brand_en": "nan", "brand_wiki": "nan", "brand_wi_1": "nan", "brand_zh": "nan", "cuisine": "nan", "level": "nan", "name_en": "nan", "name_zh": "nan", "takeaway": "nan", "diet_halal": "nan", "addr_city": "nan", "addr_distr": "nan", "addr_postc": "nan", "addr_provi": "nan", "addr_stree": "nan", "building": "dormitory", "fee": "nan", "diet_meat": "nan", "note": "nan", "outdoor_se": "nan", "brand_zh-H": "nan", "brand_zh_1": "nan", "delivery": "nan", "name_zh-Ha": "nan", "name_zh-_1": "nan", "layer": "nan", "fast_food": "nan", "brand_zh-L": "nan", "name_zh-La": "nan", "surface": "nan", "addr_place": "nan", "addr_unit": "nan", "nohousenum": "nan", "roof_colou": "nan", "emergency": "nan", "healthcare": "nan", "healthca_1": "nan", "loc_name": "nan", "operator": "nan", "website": "nan", "wheelchair": "nan", "building_c": "nan", "building_l": "nan", "museum": "nan", "tourism": "nan", "official_n": "nan", "wikimedia_": "nan", "office": "nan", "int_name": "nan", "height": "nan", "short_name": "nan", "wikidata": "nan", "wikipedia": "nan", "historic": "nan", "roof_orien": "nan", "roof_shape": "nan", "addr_house": "nan", "addr_hou_1": "nan", "power": "nan", "building_u": "nan", "flickr": "nan", "education": "nan", "ref": "nan", "athletics": "nan", "man_made": "nan", "ceremonial": "nan", "inscriptio": "nan", "material": "nan", "start_date": "nan", "bicycle_pa": "nan", "shelter_ty": "nan", "playground": "nan", "disused": "nan", "type": "nan", "addr_count": "nan", "internet_a": "nan", "name_de": "nan", "name_es": "nan", "name_fr": "nan", "name_it": "nan", "name_ja": "nan", "short_na_1": "nan", "short_na_2": "nan", "designatio": "nan", "path": "Point?crs=EPSG:4326&field=element:string(80,0)&field=id:string(80,0)&field=amenity:string(80,0)&field=name:string(80,0)&field=access:string(80,0)&field=barrier:string(80,0)&field=bicycle:string(80,0)&field=foot:string(80,0)&field=motor_vehi:string(80,0)&", "poi_tpye": "dormitory" }, "geometry": { "type": "Point", "coordinates": [ 114.359843382280673, 30.544221044020727 ] } },
{ "type": "Feature", "properties": { "element": "way", "id": "182357897", "amenity": "nan", "name": "工学部6舍", "access": "nan", "barrier": "nan", "bicycle": "nan", "foot": "nan", "motor_vehi": "nan", "opening_ho": "nan", "alt_name": "nan", "old_name": "nan", "locked": "nan", "leisure": "nan", "sport": "nan", "horse": "nan", "brand": "nan", "brand_en": "nan", "brand_wiki": "nan", "brand_wi_1": "nan", "brand_zh": "nan", "cuisine": "nan", "level": "nan", "name_en": "nan", "name_zh": "nan", "takeaway": "nan", "diet_halal": "nan", "addr_city": "nan", "addr_distr": "nan", "addr_postc": "nan", "addr_provi": "nan", "addr_stree": "nan", "building": "dormitory", "fee": "nan", "diet_meat": "nan", "note": "nan", "outdoor_se": "nan", "brand_zh-H": "nan", "brand_zh_1": "nan", "delivery": "nan", "name_zh-Ha": "nan", "name_zh-_1": "nan", "layer": "nan", "fast_food": "nan", "brand_zh-L": "nan", "name_zh-La": "nan", "surface": "nan", "addr_place": "nan", "addr_unit": "nan", "nohousenum": "nan", "roof_colou": "nan", "emergency": "nan", "healthcare": "nan", "healthca_1": "nan", "loc_name": "nan", "operator": "nan", "website": "nan", "wheelchair": "nan", "building_c": "nan", "building_l": "nan", "museum": "nan", "tourism": "nan", "official_n": "nan", "wikimedia_": "nan", "office": "nan", "int_name": "nan", "height": "nan", "short_name": "nan", "wikidata": "nan", "wikipedia": "nan", "historic": "nan", "roof_orien": "nan", "roof_shape": "nan", "addr_house": "nan", "addr_hou_1": "nan", "power": "nan", "building_u": "nan", "flickr": "nan", "education": "nan", "ref": "nan", "athletics": "nan", "man_made": "nan", "ceremonial": "nan", "inscriptio": "nan", "material": "nan", "start_date": "nan", "bicycle_pa": "nan", "shelter_ty": "nan", "playground": "nan", "disused": "nan", "type": "nan", "addr_count": "nan", "internet_a": "nan", "name_de": "nan", "name_es": "nan", "name_fr": "nan", "name_it": "nan", "name_ja": "nan", "short_na_1": "nan", "short_na_2": "nan", "designatio": "nan", "path": "Point?crs=EPSG:4326&field=element:string(80,0)&field=id:string(80,0)&field=amenity:string(80,0)&field=name:string(80,0)&field=access:string(80,0)&field=barrier:string(80,0)&field=bicycle:string(80,0)&field=foot:string(80,0)&field=motor_vehi:string(80,0)&", "poi_tpye": "dormitory" }, "geometry": { "type": "Point", "coordinates": [ 114.360610473313031, 30.544286990731038 ] } },
{ "type": "Feature", "properties": { "element": "way", "id": "182357892", "amenity": "nan", "name": "工学部8舍", "access": "nan", "barrier": "nan", "bicycle": "nan", "foot": "nan", "motor_vehi": "nan", "opening_ho": "nan", "alt_name": "nan", "old_name": "nan", "locked": "nan", "leisure": "nan", "sport": "nan", "horse": "nan", "brand": "nan", "brand_en": "nan", "brand_wiki": "nan", "brand_wi_1": "nan", "brand_zh": "nan", "cuisine": "nan", "level": "nan", "name_en": "nan", "name_zh": "nan", "takeaway": "nan", "diet_halal": "nan", "addr_city": "nan", "addr_distr": "nan", "addr_postc": "nan", "addr_provi": "nan", "addr_stree": "nan", "building": "dormitory", "fee": "nan", "diet_meat": "nan", "note": "nan", "outdoor_se": "nan", "brand_zh-H": "nan", "brand_zh_1": "nan", "delivery": "nan", "name_zh-Ha": "nan", "name_zh-_1": "nan", "layer": "nan", "fast_food": "nan", "brand_zh-L": "nan", "name_zh-La": "nan", "surface": "nan", "addr_place": "nan", "addr_unit": "nan", "nohousenum": "nan", "roof_colou": "nan", "emergency": "nan", "healthcare": "nan", "healthca_1": "nan", "loc_name": "nan", "operator": "nan", "website": "nan", "wheelchair": "nan", "building_c": "nan", "building_l": "nan", "museum": "nan", "tourism": "nan", "official_n": "nan", "wikimedia_": "nan", "office": "nan", "int_name": "nan", "height": "nan", "short_name": "nan", "wikidata": "nan", "wikipedia": "nan", "historic": "nan", "roof_orien": "nan", "roof_shape": "nan", "addr_house": "nan", "addr_hou_1": "nan", "power": "nan", "building_u": "nan", "flickr": "nan", "education": "nan", "ref": "nan", "athletics": "nan", "man_made": "nan", "ceremonial": "nan", "inscriptio": "nan", "material": "nan", "start_date": "nan", "bicycle_pa": "nan", "shelter_ty": "nan", "playground": "nan", "disused": "nan", "type": "nan", "addr_count": "nan", "internet_a": "nan", "name_de": "nan", "name_es": "nan", "name_fr": "nan", "name_it": "nan", "name_ja": "nan", "short_na_1": "nan", "short_na_2": "nan", "designatio": "nan", "path": "Point?crs=EPSG:4326&field=element:string(80,0)&field=id:string(80,0)&field=amenity:string(80,0)&field=name:string(80,0)&field=access:string(80,0)&field=barrier:string(80,0)&field=bicycle:string(80,0)&field=foot:string(80,0)&field=motor_vehi:string(80,0)&", "poi_tpye": "dormitory" }, "geometry": { "type": "Point", "coordinates": [ 114.359000026806598, 30.546254865150228 ] } },
{ "type": "Feature", "properties": { "element": "way", "id": "173419312", "amenity": "canteen", "name": "工学部一、二、清真食堂", "access": "nan", "barrier": "nan", "bicycle": "nan", "foot": "nan", "motor_vehi": "nan", "opening_ho": "nan", "alt_name": "nan", "old_name": "nan", "locked": "nan", "leisure": "nan", "sport": "nan", "horse": "nan", "brand": "nan", "brand_en": "nan", "brand_wiki": "nan", "brand_wi_1": "nan", "brand_zh": "nan", "cuisine": "nan", "level": "3", "name_en": "nan", "name_zh": "nan", "takeaway": "no", "diet_halal": "yes", "addr_city": "nan", "addr_distr": "nan", "addr_postc": "nan", "addr_provi": "nan", "addr_stree": "nan", "building": "yes", "fee": "nan", "diet_meat": "nan", "note": "nan", "outdoor_se": "nan", "brand_zh-H": "nan", "brand_zh_1": "nan", "delivery": "nan", "name_zh-Ha": "nan", "name_zh-_1": "nan", "layer": "nan", "fast_food": "nan", "brand_zh-L": "nan", "name_zh-La": "nan", "surface": "nan", "addr_place": "nan", "addr_unit": "nan", "nohousenum": "nan", "roof_colou": "nan", "emergency": "nan", "healthcare": "nan", "healthca_1": "nan", "loc_name": "nan", "operator": "nan", "website": "nan", "wheelchair": "nan", "building_c": "nan", "building_l": "nan", "museum": "nan", "tourism": "nan", "official_n": "nan", "wikimedia_": "nan", "office": "nan", "int_name": "nan", "height": "nan", "short_name": "nan", "wikidata": "nan", "wikipedia": "nan", "historic": "nan", "roof_orien": "nan", "roof_shape": "nan", "addr_house": "nan", "addr_hou_1": "nan", "power": "nan", "building_u": "nan", "flickr": "nan", "education": "nan", "ref": "nan", "athletics": "nan", "man_made": "nan", "ceremonial": "nan", "inscriptio": "nan", "material": "nan", "start_date": "nan", "bicycle_pa": "nan", "shelter_ty": "nan", "playground": "nan", "disused": "nan", "type": "nan", "addr_count": "nan", "internet_a": "nan", "name_de": "nan", "name_es": "nan", "name_fr": "nan", "name_it": "nan", "name_ja": "nan", "short_na_1": "nan", "short_na_2": "nan", "designatio": "nan", "path": "Point?crs=EPSG:4326&field=element:string(80,0)&field=id:string(80,0)&field=amenity:string(80,0)&field=name:string(80,0)&field=access:string(80,0)&field=barrier:string(80,0)&field=bicycle:string(80,0)&field=foot:string(80,0)&field=motor_vehi:string(80,0)&", "poi_tpye": "cafeteria" }, "geometry": { "type": "Point", "coordinates": [ 114.360389909734153, 30.545505129569896 ] } },
{ "type": "Feature", "properties": { "element": "node", "id": "1196703578", "amenity": "nan", "name": "珞东二门", "access": "permit", "barrier": "gate", "bicycle": "permit", "foot": "permit", "motor_vehi": "no", "opening_ho": "Mo-Su 06:30-22:30", "alt_name": "nan", "old_name": "nan", "locked": "nan", "leisure": "nan", "sport": "nan", "horse": "nan", "brand": "nan", "brand_en": "nan", "brand_wiki": "nan", "brand_wi_1": "nan", "brand_zh": "nan", "cuisine": "nan", "level": "nan", "name_en": "nan", "name_zh": "nan", "takeaway": "nan", "diet_halal": "nan", "addr_city": "nan", "addr_distr": "nan", "addr_postc": "nan", "addr_provi": "nan", "addr_stree": "nan", "building": "nan", "fee": "nan", "diet_meat": "nan", "note": "nan", "outdoor_se": "nan", "brand_zh-H": "nan", "brand_zh_1": "nan", "delivery": "nan", "name_zh-Ha": "nan", "name_zh-_1": "nan", "layer": "nan", "fast_food": "nan", "brand_zh-L": "nan", "name_zh-La": "nan", "surface": "nan", "addr_place": "nan", "addr_unit": "nan", "nohousenum": "nan", "roof_colou": "nan", "emergency": "nan", "healthcare": "nan", "healthca_1": "nan", "loc_name": "nan", "operator": "nan", "website": "nan", "wheelchair": "nan", "building_c": "nan", "building_l": "nan", "museum": "nan", "tourism": "nan", "official_n": "nan", "wikimedia_": "nan", "office": "nan", "int_name": "nan", "height": "nan", "short_name": "nan", "wikidata": "nan", "wikipedia": "nan", "historic": "nan", "roof_orien": "nan", "roof_shape": "nan", "addr_house": "nan", "addr_hou_1": "nan", "power": "nan", "building_u": "nan", "flickr": "nan", "education": "nan", "ref": "nan", "athletics": "nan", "man_made": "nan", "ceremonial": "nan", "inscriptio": "nan", "material": "nan", "start_date": "nan", "bicycle_pa": "nan", "shelter_ty": "nan", "playground": "nan", "disused": "nan", "type": "nan", "addr_count": "nan", "internet_a": "nan", "name_de": "nan", "name_es": "nan", "name_fr": "nan", "name_it": "nan", "name_ja": "nan", "short_na_1": "nan", "short_na_2": "nan", "designatio": "nan", "path": "G:/ShiKongShuJuWaJue/WHU_ElectricalBike/whu_spatial_data/whu_pois.shp", "poi_tpye": "gate" }, "geometry": { "type": "Point", "coordinates": [ 114.366326, 30.5343546 ] } },
{ "type": "Feature", "properties": { "element": "way", "id": "173419310", "amenity": "nan", "name": "工学部12舍", "access": "nan", "barrier": "nan", "bicycle": "nan", "foot": "nan", "motor_vehi": "nan", "opening_ho": "nan", "alt_name": "nan", "old_name": "nan", "locked": "nan", "leisure": "nan", "sport": "nan", "horse": "nan", "brand": "nan", "brand_en": "nan", "brand_wiki": "nan", "brand_wi_1": "nan", "brand_zh": "nan", "cuisine": "nan", "level": "nan", "name_en": "nan", "name_zh": "nan", "takeaway": "nan", "diet_halal": "nan", "addr_city": "nan", "addr_distr": "nan", "addr_postc": "nan", "addr_provi": "nan", "addr_stree": "nan", "building": "dormitory", "fee": "nan", "diet_meat": "nan", "note": "nan", "outdoor_se": "nan", "brand_zh-H": "nan", "brand_zh_1": "nan", "delivery": "nan", "name_zh-Ha": "nan", "name_zh-_1": "nan", "layer": "nan", "fast_food": "nan", "brand_zh-L": "nan", "name_zh-La": "nan", "surface": "nan", "addr_place": "nan", "addr_unit": "nan", "nohousenum": "nan", "roof_colou": "nan", "emergency": "nan", "healthcare": "nan", "healthca_1": "nan", "loc_name": "nan", "operator": "nan", "website": "nan", "wheelchair": "nan", "building_c": "nan", "building_l": "nan", "museum": "nan", "tourism": "nan", "official_n": "nan", "wikimedia_": "nan", "office": "nan", "int_name": "nan", "height": "nan", "short_name": "nan", "wikidata": "nan", "wikipedia": "nan", "historic": "nan", "roof_orien": "nan", "roof_shape": "nan", "addr_house": "nan", "addr_hou_1": "nan", "power": "nan", "building_u": "nan", "flickr": "nan", "education": "nan", "ref": "nan", "athletics": "nan", "man_made": "nan", "ceremonial": "nan", "inscriptio": "nan", "material": "nan", "start_date": "nan", "bicycle_pa": "nan", "shelter_ty": "nan", "playground": "nan", "disused": "nan", "type": "nan", "addr_count": "nan", "internet_a": "nan", "name_de": "nan", "name_es": "nan", "name_fr": "nan", "name_it": "nan", "name_ja": "nan", "short_na_1": "nan", "short_na_2": "nan", "designatio": "nan", "path": "Point?crs=EPSG:4326&field=element:string(80,0)&field=id:string(80,0)&field=amenity:string(80,0)&field=name:string(80,0)&field=access:string(80,0)&field=barrier:string(80,0)&field=bicycle:string(80,0)&field=foot:string(80,0)&field=motor_vehi:string(80,0)&", "poi_tpye": "dormitory" }, "geometry": { "type": "Point", "coordinates": [ 114.359611385831272, 30.546890188042969 ] } },
{ "type": "Feature", "properties": { "element": "node", "id": "1196688831", "amenity": "restaurant", "name": "珈园小观园", "access": "nan", "barrier": "nan", "bicycle": "nan", "foot": "nan", "motor_vehi": "nan", "opening_ho": "nan", "alt_name": "nan", "old_name": "nan", "locked": "nan", "leisure": "nan", "sport": "nan", "horse": "nan", "brand": "nan", "brand_en": "nan", "brand_wiki": "nan", "brand_wi_1": "nan", "brand_zh": "nan", "cuisine": "nan", "level": "nan", "name_en": "nan", "name_zh": "nan", "takeaway": "nan", "diet_halal": "nan", "addr_city": "nan", "addr_distr": "nan", "addr_postc": "nan", "addr_provi": "nan", "addr_stree": "nan", "building": "nan", "fee": "nan", "diet_meat": "nan", "note": "nan", "outdoor_se": "nan", "brand_zh-H": "nan", "brand_zh_1": "nan", "delivery": "nan", "name_zh-Ha": "nan", "name_zh-_1": "nan", "layer": "nan", "fast_food": "nan", "brand_zh-L": "nan", "name_zh-La": "nan", "surface": "nan", "addr_place": "nan", "addr_unit": "nan", "nohousenum": "nan", "roof_colou": "nan", "emergency": "nan", "healthcare": "nan", "healthca_1": "nan", "loc_name": "nan", "operator": "nan", "website": "nan", "wheelchair": "nan", "building_c": "nan", "building_l": "nan", "museum": "nan", "tourism": "nan", "official_n": "nan", "wikimedia_": "nan", "office": "nan", "int_name": "nan", "height": "nan", "short_name": "nan", "wikidata": "nan", "wikipedia": "nan", "historic": "nan", "roof_orien": "nan", "roof_shape": "nan", "addr_house": "nan", "addr_hou_1": "nan", "power": "nan", "building_u": "nan", "flickr": "nan", "education": "nan", "ref": "nan", "athletics": "nan", "man_made": "nan", "ceremonial": "nan", "inscriptio": "nan", "material": "nan", "start_date": "nan", "bicycle_pa": "nan", "shelter_ty": "nan", "playground": "nan", "disused": "nan", "type": "nan", "addr_count": "nan", "internet_a": "nan", "name_de": "nan", "name_es": "nan", "name_fr": "nan", "name_it": "nan", "name_ja": "nan", "short_na_1": "nan", "short_na_2": "nan", "designatio": "nan", "path": "G:/ShiKongShuJuWaJue/WHU_ElectricalBike/whu_spatial_data/whu_pois.shp", "poi_tpye": "food" }, "geometry": { "type": "Point", "coordinates": [ 114.3621547, 30.5340402 ] } },
{ "type": "Feature", "properties": { "element": "way", "id": "173419309", "amenity": "nan", "name": "水工大厅", "access": "nan", "barrier": "nan", "bicycle": "nan", "foot": "nan", "motor_vehi": "nan", "opening_ho": "nan", "alt_name": "nan", "old_name": "nan", "locked": "nan", "leisure": "nan", "sport": "nan", "horse": "nan", "brand": "nan", "brand_en": "nan", "brand_wiki": "nan", "brand_wi_1": "nan", "brand_zh": "nan", "cuisine": "nan", "level": "nan", "name_en": "nan", "name_zh": "nan", "takeaway": "nan", "diet_halal": "nan", "addr_city": "nan", "addr_distr": "nan", "addr_postc": "nan", "addr_provi": "nan", "addr_stree": "nan", "building": "university", "fee": "nan", "diet_meat": "nan", "note": "nan", "outdoor_se": "nan", "brand_zh-H": "nan", "brand_zh_1": "nan", "delivery": "nan", "name_zh-Ha": "nan", "name_zh-_1": "nan", "layer": "nan", "fast_food": "nan", "brand_zh-L": "nan", "name_zh-La": "nan", "surface": "nan", "addr_place": "nan", "addr_unit": "nan", "nohousenum": "nan", "roof_colou": "nan", "emergency": "nan", "healthcare": "nan", "healthca_1": "nan", "loc_name": "nan", "operator": "nan", "website": "nan", "wheelchair": "nan", "building_c": "nan", "building_l": "nan", "museum": "nan", "tourism": "nan", "official_n": "nan", "wikimedia_": "nan", "office": "nan", "int_name": "nan", "height": "nan", "short_name": "nan", "wikidata": "nan", "wikipedia": "nan", "historic": "nan", "roof_orien": "nan", "roof_shape": "nan", "addr_house": "nan", "addr_hou_1": "nan", "power": "nan", "building_u": "nan", "flickr": "nan", "education": "nan", "ref": "nan", "athletics": "nan", "man_made": "nan", "ceremonial": "nan", "inscriptio": "nan", "material": "nan", "start_date": "nan", "bicycle_pa": "nan", "shelter_ty": "nan", "playground": "nan", "disused": "nan", "type": "nan", "addr_count": "nan", "internet_a": "nan", "name_de": "nan", "name_es": "nan", "name_fr": "nan", "name_it": "nan", "name_ja": "nan", "short_na_1": "nan", "short_na_2": "nan", "designatio": "nan", "path": "Point?crs=EPSG:4326&field=element:string(80,0)&field=id:string(80,0)&field=amenity:string(80,0)&field=name:string(80,0)&field=access:string(80,0)&field=barrier:string(80,0)&field=bicycle:string(80,0)&field=foot:string(80,0)&field=motor_vehi:string(80,0)&", "poi_tpye": "office" }, "geometry": { "type": "Point", "coordinates": [ 114.358978307352558, 30.546800527212433 ] } },
{ "type": "Feature", "properties": { "element": "way", "id": "173419304", "amenity": "nan", "name": "工学部10舍", "access": "nan", "barrier": "nan", "bicycle": "nan", "foot": "nan", "motor_vehi": "nan", "opening_ho": "nan", "alt_name": "nan", "old_name": "nan", "locked": "nan", "leisure": "nan", "sport": "nan", "horse": "nan", "brand": "nan", "brand_en": "nan", "brand_wiki": "nan", "brand_wi_1": "nan", "brand_zh": "nan", "cuisine": "nan", "level": "nan", "name_en": "nan", "name_zh": "nan", "takeaway": "nan", "diet_halal": "nan", "addr_city": "nan", "addr_distr": "nan", "addr_postc": "nan", "addr_provi": "nan", "addr_stree": "nan", "building": "dormitory", "fee": "nan", "diet_meat": "nan", "note": "nan", "outdoor_se": "nan", "brand_zh-H": "nan", "brand_zh_1": "nan", "delivery": "nan", "name_zh-Ha": "nan", "name_zh-_1": "nan", "layer": "nan", "fast_food": "nan", "brand_zh-L": "nan", "name_zh-La": "nan", "surface": "nan", "addr_place": "nan", "addr_unit": "nan", "nohousenum": "nan", "roof_colou": "nan", "emergency": "nan", "healthcare": "nan", "healthca_1": "nan", "loc_name": "nan", "operator": "nan", "website": "nan", "wheelchair": "nan", "building_c": "nan", "building_l": "nan", "museum": "nan", "tourism": "nan", "official_n": "nan", "wikimedia_": "nan", "office": "nan", "int_name": "nan", "height": "nan", "short_name": "nan", "wikidata": "nan", "wikipedia": "nan", "historic": "nan", "roof_orien": "nan", "roof_shape": "nan", "addr_house": "nan", "addr_hou_1": "nan", "power": "nan", "building_u": "nan", "flickr": "nan", "education": "nan", "ref": "nan", "athletics": "nan", "man_made": "nan", "ceremonial": "nan", "inscriptio": "nan", "material": "nan", "start_date": "nan", "bicycle_pa": "nan", "shelter_ty": "nan", "playground": "nan", "disused": "nan", "type": "nan", "addr_count": "nan", "internet_a": "nan", "name_de": "nan", "name_es": "nan", "name_fr": "nan", "name_it": "nan", "name_ja": "nan", "short_na_1": "nan", "short_na_2": "nan", "designatio": "nan", "path": "Point?crs=EPSG:4326&field=element:string(80,0)&field=id:string(80,0)&field=amenity:string(80,0)&field=name:string(80,0)&field=access:string(80,0)&field=barrier:string(80,0)&field=bicycle:string(80,0)&field=foot:string(80,0)&field=motor_vehi:string(80,0)&", "poi_tpye": "dormitory" }, "geometry": { "type": "Point", "coordinates": [ 114.360177971859244, 30.547263050475923 ] } },
{ "type": "Feature", "properties": { "element": "way", "id": "173419301", "amenity": "nan", "name": "工学部9舍", "access": "nan", "barrier": "nan", "bicycle": "nan", "foot": "nan", "motor_vehi": "nan", "opening_ho": "nan", "alt_name": "nan", "old_name": "nan", "locked": "nan", "leisure": "nan", "sport": "nan", "horse": "nan", "brand": "nan", "brand_en": "nan", "brand_wiki": "nan", "brand_wi_1": "nan", "brand_zh": "nan", "cuisine": "nan", "level": "nan", "name_en": "nan", "name_zh": "nan", "takeaway": "nan", "diet_halal": "nan", "addr_city": "nan", "addr_distr": "nan", "addr_postc": "nan", "addr_provi": "nan", "addr_stree": "nan", "building": "dormitory", "fee": "nan", "diet_meat": "nan", "note": "nan", "outdoor_se": "nan", "brand_zh-H": "nan", "brand_zh_1": "nan", "delivery": "nan", "name_zh-Ha": "nan", "name_zh-_1": "nan", "layer": "nan", "fast_food": "nan", "brand_zh-L": "nan", "name_zh-La": "nan", "surface": "nan", "addr_place": "nan", "addr_unit": "nan", "nohousenum": "nan", "roof_colou": "nan", "emergency": "nan", "healthcare": "nan", "healthca_1": "nan", "loc_name": "nan", "operator": "nan", "website": "nan", "wheelchair": "nan", "building_c": "nan", "building_l": "nan", "museum": "nan", "tourism": "nan", "official_n": "nan", "wikimedia_": "nan", "office": "nan", "int_name": "nan", "height": "nan", "short_name": "nan", "wikidata": "nan", "wikipedia": "nan", "historic": "nan", "roof_orien": "nan", "roof_shape": "nan", "addr_house": "nan", "addr_hou_1": "nan", "power": "nan", "building_u": "nan", "flickr": "nan", "education": "nan", "ref": "nan", "athletics": "nan", "man_made": "nan", "ceremonial": "nan", "inscriptio": "nan", "material": "nan", "start_date": "nan", "bicycle_pa": "nan", "shelter_ty": "nan", "playground": "nan", "disused": "nan", "type": "nan", "addr_count": "nan", "internet_a": "nan", "name_de": "nan", "name_es": "nan", "name_fr": "nan", "name_it": "nan", "name_ja": "nan", "short_na_1": "nan", "short_na_2": "nan", "designatio": "nan", "path": "Point?crs=EPSG:4326&field=element:string(80,0)&field=id:string(80,0)&field=amenity:string(80,0)&field=name:string(80,0)&field=access:string(80,0)&field=barrier:string(80,0)&field=bicycle:string(80,0)&field=foot:string(80,0)&field=motor_vehi:string(80,0)&", "poi_tpye": "dormitory" }, "geometry": { "type": "Point", "coordinates": [ 114.360229583685395, 30.546849361917516 ] } },
{ "type": "Feature", "properties": { "element": "way", "id": "173417055", "amenity": "nan", "name": "工学部体育馆", "access": "nan", "barrier": "nan", "bicycle": "nan", "foot": "nan", "motor_vehi": "nan", "opening_ho": "nan", "alt_name": "松园体育馆", "old_name": "nan", "locked": "nan", "leisure": "sports_hall", "sport": "nan", "horse": "nan", "brand": "nan", "brand_en": "nan", "brand_wiki": "nan", "brand_wi_1": "nan", "brand_zh": "nan", "cuisine": "nan", "level": "nan", "name_en": "nan", "name_zh": "nan", "takeaway": "nan", "diet_halal": "nan", "addr_city": "nan", "addr_distr": "nan", "addr_postc": "nan", "addr_provi": "nan", "addr_stree": "nan", "building": "sports_hall", "fee": "nan", "diet_meat": "nan", "note": "nan", "outdoor_se": "nan", "brand_zh-H": "nan", "brand_zh_1": "nan", "delivery": "nan", "name_zh-Ha": "nan", "name_zh-_1": "nan", "layer": "nan", "fast_food": "nan", "brand_zh-L": "nan", "name_zh-La": "nan", "surface": "nan", "addr_place": "nan", "addr_unit": "nan", "nohousenum": "nan", "roof_colou": "nan", "emergency": "nan", "healthcare": "nan", "healthca_1": "nan", "loc_name": "nan", "operator": "nan", "website": "nan", "wheelchair": "nan", "building_c": "nan", "building_l": "nan", "museum": "nan", "tourism": "nan", "official_n": "nan", "wikimedia_": "nan", "office": "nan", "int_name": "nan", "height": "nan", "short_name": "nan", "wikidata": "nan", "wikipedia": "nan", "historic": "nan", "roof_orien": "nan", "roof_shape": "nan", "addr_house": "nan", "addr_hou_1": "nan", "power": "nan", "building_u": "nan", "flickr": "nan", "education": "nan", "ref": "nan", "athletics": "nan", "man_made": "nan", "ceremonial": "nan", "inscriptio": "nan", "material": "nan", "start_date": "nan", "bicycle_pa": "nan", "shelter_ty": "nan", "playground": "nan", "disused": "nan", "type": "nan", "addr_count": "nan", "internet_a": "nan", "name_de": "nan", "name_es": "nan", "name_fr": "nan", "name_it": "nan", "name_ja": "nan", "short_na_1": "nan", "short_na_2": "nan", "designatio": "nan", "path": "Point?crs=EPSG:4326&field=element:string(80,0)&field=id:string(80,0)&field=amenity:string(80,0)&field=name:string(80,0)&field=access:string(80,0)&field=barrier:string(80,0)&field=bicycle:string(80,0)&field=foot:string(80,0)&field=motor_vehi:string(80,0)&", "poi_tpye": "sports" }, "geometry": { "type": "Point", "coordinates": [ 114.361250223973485, 30.546059221073865 ] } },
{ "type": "Feature", "properties": { "element": "way", "id": "161502949", "amenity": "nan", "name": "工学部7舍", "access": "nan", "barrier": "nan", "bicycle": "nan", "foot": "nan", "motor_vehi": "nan", "opening_ho": "nan", "alt_name": "nan", "old_name": "nan", "locked": "nan", "leisure": "nan", "sport": "nan", "horse": "nan", "brand": "nan", "brand_en": "nan", "brand_wiki": "nan", "brand_wi_1": "nan", "brand_zh": "nan", "cuisine": "nan", "level": "nan", "name_en": "nan", "name_zh": "nan", "takeaway": "nan", "diet_halal": "nan", "addr_city": "nan", "addr_distr": "nan", "addr_postc": "nan", "addr_provi": "nan", "addr_stree": "nan", "building": "dormitory", "fee": "nan", "diet_meat": "nan", "note": "nan", "outdoor_se": "nan", "brand_zh-H": "nan", "brand_zh_1": "nan", "delivery": "nan", "name_zh-Ha": "nan", "name_zh-_1": "nan", "layer": "nan", "fast_food": "nan", "brand_zh-L": "nan", "name_zh-La": "nan", "surface": "nan", "addr_place": "nan", "addr_unit": "nan", "nohousenum": "nan", "roof_colou": "nan", "emergency": "nan", "healthcare": "nan", "healthca_1": "nan", "loc_name": "nan", "operator": "nan", "website": "nan", "wheelchair": "nan", "building_c": "nan", "building_l": "nan", "museum": "nan", "tourism": "nan", "official_n": "nan", "wikimedia_": "nan", "office": "nan", "int_name": "nan", "height": "nan", "short_name": "nan", "wikidata": "nan", "wikipedia": "nan", "historic": "nan", "roof_orien": "nan", "roof_shape": "nan", "addr_house": "nan", "addr_hou_1": "nan", "power": "nan", "building_u": "nan", "flickr": "nan", "education": "nan", "ref": "nan", "athletics": "nan", "man_made": "nan", "ceremonial": "nan", "inscriptio": "nan", "material": "nan", "start_date": "nan", "bicycle_pa": "nan", "shelter_ty": "nan", "playground": "nan", "disused": "nan", "type": "nan", "addr_count": "nan", "internet_a": "nan", "name_de": "nan", "name_es": "nan", "name_fr": "nan", "name_it": "nan", "name_ja": "nan", "short_na_1": "nan", "short_na_2": "nan", "designatio": "nan", "path": "Point?crs=EPSG:4326&field=element:string(80,0)&field=id:string(80,0)&field=amenity:string(80,0)&field=name:string(80,0)&field=access:string(80,0)&field=barrier:string(80,0)&field=bicycle:string(80,0)&field=foot:string(80,0)&field=motor_vehi:string(80,0)&", "poi_tpye": "dormitory" }, "geometry": { "type": "Point", "coordinates": [ 114.359116896317161, 30.545385437102716 ] } },
{ "type": "Feature", "properties": { "element": "way", "id": "161502948", "amenity": "nan", "name": "工学部2舍", "access": "nan", "barrier": "nan", "bicycle": "nan", "foot": "nan", "motor_vehi": "nan", "opening_ho": "nan", "alt_name": "nan", "old_name": "nan", "locked": "nan", "leisure": "nan", "sport": "nan", "horse": "nan", "brand": "nan", "brand_en": "nan", "brand_wiki": "nan", "brand_wi_1": "nan", "brand_zh": "nan", "cuisine": "nan", "level": "nan", "name_en": "nan", "name_zh": "nan", "takeaway": "nan", "diet_halal": "nan", "addr_city": "nan", "addr_distr": "nan", "addr_postc": "nan", "addr_provi": "nan", "addr_stree": "nan", "building": "dormitory", "fee": "nan", "diet_meat": "nan", "note": "nan", "outdoor_se": "nan", "brand_zh-H": "nan", "brand_zh_1": "nan", "delivery": "nan", "name_zh-Ha": "nan", "name_zh-_1": "nan", "layer": "nan", "fast_food": "nan", "brand_zh-L": "nan", "name_zh-La": "nan", "surface": "nan", "addr_place": "nan", "addr_unit": "nan", "nohousenum": "nan", "roof_colou": "nan", "emergency": "nan", "healthcare": "nan", "healthca_1": "nan", "loc_name": "nan", "operator": "nan", "website": "nan", "wheelchair": "nan", "building_c": "nan", "building_l": "nan", "museum": "nan", "tourism": "nan", "official_n": "nan", "wikimedia_": "nan", "office": "nan", "int_name": "nan", "height": "nan", "short_name": "nan", "wikidata": "nan", "wikipedia": "nan", "historic": "nan", "roof_orien": "nan", "roof_shape": "nan", "addr_house": "nan", "addr_hou_1": "nan", "power": "nan", "building_u": "nan", "flickr": "nan", "education": "nan", "ref": "nan", "athletics": "nan", "man_made": "nan", "ceremonial": "nan", "inscriptio": "nan", "material": "nan", "start_date": "nan", "bicycle_pa": "nan", "shelter_ty": "nan", "playground": "nan", "disused": "nan", "type": "nan", "addr_count": "nan", "internet_a": "nan", "name_de": "nan", "name_es": "nan", "name_fr": "nan", "name_it": "nan", "name_ja": "nan", "short_na_1": "nan", "short_na_2": "nan", "designatio": "nan", "path": "Point?crs=EPSG:4326&field=element:string(80,0)&field=id:string(80,0)&field=amenity:string(80,0)&field=name:string(80,0)&field=access:string(80,0)&field=barrier:string(80,0)&field=bicycle:string(80,0)&field=foot:string(80,0)&field=motor_vehi:string(80,0)&", "poi_tpye": "dormitory" }, "geometry": { "type": "Point", "coordinates": [ 114.358954580141059, 30.544644768184448 ] } },
{ "type": "Feature", "properties": { "element": "way", "id": "306232318", "amenity": "nan", "name": "雅各楼", "access": "nan", "barrier": "nan", "bicycle": "nan", "foot": "nan", "motor_vehi": "nan", "opening_ho": "nan", "alt_name": "工学部行政楼", "old_name": "nan", "locked": "nan", "leisure": "nan", "sport": "nan", "horse": "nan", "brand": "nan", "brand_en": "nan", "brand_wiki": "nan", "brand_wi_1": "nan", "brand_zh": "nan", "cuisine": "nan", "level": "nan", "name_en": "nan", "name_zh": "nan", "takeaway": "nan", "diet_halal": "nan", "addr_city": "nan", "addr_distr": "nan", "addr_postc": "nan", "addr_provi": "nan", "addr_stree": "nan", "building": "office", "fee": "nan", "diet_meat": "nan", "note": "nan", "outdoor_se": "nan", "brand_zh-H": "nan", "brand_zh_1": "nan", "delivery": "nan", "name_zh-Ha": "nan", "name_zh-_1": "nan", "layer": "nan", "fast_food": "nan", "brand_zh-L": "nan", "name_zh-La": "nan", "surface": "nan", "addr_place": "nan", "addr_unit": "nan", "nohousenum": "nan", "roof_colou": "nan", "emergency": "nan", "healthcare": "nan", "healthca_1": "nan", "loc_name": "nan", "operator": "nan", "website": "nan", "wheelchair": "nan", "building_c": "nan", "building_l": "nan", "museum": "nan", "tourism": "nan", "official_n": "nan", "wikimedia_": "nan", "office": "nan", "int_name": "nan", "height": "nan", "short_name": "nan", "wikidata": "nan", "wikipedia": "nan", "historic": "nan", "roof_orien": "nan", "roof_shape": "nan", "addr_house": "nan", "addr_hou_1": "nan", "power": "nan", "building_u": "nan", "flickr": "nan", "education": "nan", "ref": "nan", "athletics": "nan", "man_made": "nan", "ceremonial": "nan", "inscriptio": "nan", "material": "nan", "start_date": "nan", "bicycle_pa": "nan", "shelter_ty": "nan", "playground": "nan", "disused": "nan", "type": "nan", "addr_count": "nan", "internet_a": "nan", "name_de": "nan", "name_es": "nan", "name_fr": "nan", "name_it": "nan", "name_ja": "nan", "short_na_1": "nan", "short_na_2": "nan", "designatio": "nan", "path": "Point?crs=EPSG:4326&field=element:string(80,0)&field=id:string(80,0)&field=amenity:string(80,0)&field=name:string(80,0)&field=access:string(80,0)&field=barrier:string(80,0)&field=bicycle:string(80,0)&field=foot:string(80,0)&field=motor_vehi:string(80,0)&", "poi_tpye": "teaching_building" }, "geometry": { "type": "Point", "coordinates": [ 114.354661434349211, 30.545275748509837 ] } },
{ "type": "Feature", "properties": { "element": "way", "id": "305553574", "amenity": "nan", "name": "信息学部2舍", "access": "nan", "barrier": "nan", "bicycle": "nan", "foot": "nan", "motor_vehi": "nan", "opening_ho": "nan", "alt_name": "nan", "old_name": "nan", "locked": "nan", "leisure": "nan", "sport": "nan", "horse": "nan", "brand": "nan", "brand_en": "nan", "brand_wiki": "nan", "brand_wi_1": "nan", "brand_zh": "nan", "cuisine": "nan", "level": "nan", "name_en": "nan", "name_zh": "nan", "takeaway": "nan", "diet_halal": "nan", "addr_city": "nan", "addr_distr": "nan", "addr_postc": "nan", "addr_provi": "nan", "addr_stree": "nan", "building": "dormitory", "fee": "nan", "diet_meat": "nan", "note": "nan", "outdoor_se": "nan", "brand_zh-H": "nan", "brand_zh_1": "nan", "delivery": "nan", "name_zh-Ha": "nan", "name_zh-_1": "nan", "layer": "nan", "fast_food": "nan", "brand_zh-L": "nan", "name_zh-La": "nan", "surface": "nan", "addr_place": "nan", "addr_unit": "nan", "nohousenum": "nan", "roof_colou": "nan", "emergency": "nan", "healthcare": "nan", "healthca_1": "nan", "loc_name": "nan", "operator": "武汉大学", "website": "nan", "wheelchair": "nan", "building_c": "nan", "building_l": "6", "museum": "nan", "tourism": "nan", "official_n": "nan", "wikimedia_": "nan", "office": "nan", "int_name": "nan", "height": "nan", "short_name": "nan", "wikidata": "nan", "wikipedia": "nan", "historic": "nan", "roof_orien": "nan", "roof_shape": "nan", "addr_house": "nan", "addr_hou_1": "nan", "power": "nan", "building_u": "residential;retail", "flickr": "nan", "education": "nan", "ref": "nan", "athletics": "nan", "man_made": "nan", "ceremonial": "nan", "inscriptio": "nan", "material": "nan", "start_date": "nan", "bicycle_pa": "nan", "shelter_ty": "nan", "playground": "nan", "disused": "nan", "type": "nan", "addr_count": "nan", "internet_a": "nan", "name_de": "nan", "name_es": "nan", "name_fr": "nan", "name_it": "nan", "name_ja": "nan", "short_na_1": "nan", "short_na_2": "nan", "designatio": "nan", "path": "Point?crs=EPSG:4326&field=element:string(80,0)&field=id:string(80,0)&field=amenity:string(80,0)&field=name:string(80,0)&field=access:string(80,0)&field=barrier:string(80,0)&field=bicycle:string(80,0)&field=foot:string(80,0)&field=motor_vehi:string(80,0)&", "poi_tpye": "dormitory" }, "geometry": { "type": "Point", "coordinates": [ 114.354608400089035, 30.53026518646206 ] } },
{ "type": "Feature", "properties": { "element": "way", "id": "303368388", "amenity": "nan", "name": "武汉大学一站式学生服务中心", "access": "nan", "barrier": "nan", "bicycle": "nan", "foot": "nan", "motor_vehi": "nan", "opening_ho": "nan", "alt_name": "nan", "old_name": "nan", "locked": "nan", "leisure": "nan", "sport": "nan", "horse": "nan", "brand": "nan", "brand_en": "nan", "brand_wiki": "nan", "brand_wi_1": "nan", "brand_zh": "nan", "cuisine": "nan", "level": "nan", "name_en": "nan", "name_zh": "nan", "takeaway": "nan", "diet_halal": "nan", "addr_city": "nan", "addr_distr": "nan", "addr_postc": "nan", "addr_provi": "nan", "addr_stree": "nan", "building": "yes", "fee": "nan", "diet_meat": "nan", "note": "nan", "outdoor_se": "nan", "brand_zh-H": "nan", "brand_zh_1": "nan", "delivery": "nan", "name_zh-Ha": "nan", "name_zh-_1": "nan", "layer": "nan", "fast_food": "nan", "brand_zh-L": "nan", "name_zh-La": "nan", "surface": "nan", "addr_place": "nan", "addr_unit": "nan", "nohousenum": "nan", "roof_colou": "nan", "emergency": "nan", "healthcare": "nan", "healthca_1": "nan", "loc_name": "nan", "operator": "nan", "website": "nan", "wheelchair": "nan", "building_c": "nan", "building_l": "nan", "museum": "nan", "tourism": "nan", "official_n": "nan", "wikimedia_": "nan", "office": "nan", "int_name": "nan", "height": "nan", "short_name": "nan", "wikidata": "nan", "wikipedia": "nan", "historic": "nan", "roof_orien": "nan", "roof_shape": "nan", "addr_house": "nan", "addr_hou_1": "nan", "power": "nan", "building_u": "nan", "flickr": "nan", "education": "nan", "ref": "nan", "athletics": "nan", "man_made": "nan", "ceremonial": "nan", "inscriptio": "nan", "material": "nan", "start_date": "nan", "bicycle_pa": "nan", "shelter_ty": "nan", "playground": "nan", "disused": "nan", "type": "nan", "addr_count": "nan", "internet_a": "nan", "name_de": "nan", "name_es": "nan", "name_fr": "nan", "name_it": "nan", "name_ja": "nan", "short_na_1": "nan", "short_na_2": "nan", "designatio": "nan", "path": "Point?crs=EPSG:4326&field=element:string(80,0)&field=id:string(80,0)&field=amenity:string(80,0)&field=name:string(80,0)&field=access:string(80,0)&field=barrier:string(80,0)&field=bicycle:string(80,0)&field=foot:string(80,0)&field=motor_vehi:string(80,0)&" }, "geometry": { "type": "Point", "coordinates": [ 114.356235, 30.54322235 ] } },
{ "type": "Feature", "properties": { "element": "way", "id": "286543789", "amenity": "nan", "name": "信息学部一食堂、二食堂", "access": "nan", "barrier": "nan", "bicycle": "nan", "foot": "nan", "motor_vehi": "nan", "opening_ho": "nan", "alt_name": "nan", "old_name": "nan", "locked": "nan", "leisure": "nan", "sport": "nan", "horse": "nan", "brand": "nan", "brand_en": "nan", "brand_wiki": "nan", "brand_wi_1": "nan", "brand_zh": "nan", "cuisine": "nan", "level": "nan", "name_en": "nan", "name_zh": "nan", "takeaway": "nan", "diet_halal": "nan", "addr_city": "nan", "addr_distr": "nan", "addr_postc": "nan", "addr_provi": "nan", "addr_stree": "nan", "building": "yes", "fee": "nan", "diet_meat": "nan", "note": "nan", "outdoor_se": "nan", "brand_zh-H": "nan", "brand_zh_1": "nan", "delivery": "nan", "name_zh-Ha": "nan", "name_zh-_1": "nan", "layer": "nan", "fast_food": "nan", "brand_zh-L": "nan", "name_zh-La": "nan", "surface": "nan", "addr_place": "nan", "addr_unit": "nan", "nohousenum": "nan", "roof_colou": "nan", "emergency": "nan", "healthcare": "nan", "healthca_1": "nan", "loc_name": "nan", "operator": "nan", "website": "nan", "wheelchair": "nan", "building_c": "nan", "building_l": "2", "museum": "nan", "tourism": "nan", "official_n": "nan", "wikimedia_": "nan", "office": "nan", "int_name": "nan", "height": "nan", "short_name": "nan", "wikidata": "nan", "wikipedia": "nan", "historic": "nan", "roof_orien": "nan", "roof_shape": "nan", "addr_house": "nan", "addr_hou_1": "nan", "power": "nan", "building_u": "nan", "flickr": "nan", "education": "nan", "ref": "nan", "athletics": "nan", "man_made": "nan", "ceremonial": "nan", "inscriptio": "nan", "material": "nan", "start_date": "nan", "bicycle_pa": "nan", "shelter_ty": "nan", "playground": "nan", "disused": "nan", "type": "nan", "addr_count": "nan", "internet_a": "nan", "name_de": "nan", "name_es": "nan", "name_fr": "nan", "name_it": "nan", "name_ja": "nan", "short_na_1": "nan", "short_na_2": "nan", "designatio": "nan", "path": "Point?crs=EPSG:4326&field=element:string(80,0)&field=id:string(80,0)&field=amenity:string(80,0)&field=name:string(80,0)&field=access:string(80,0)&field=barrier:string(80,0)&field=bicycle:string(80,0)&field=foot:string(80,0)&field=motor_vehi:string(80,0)&", "poi_tpye": "cafeteria" }, "geometry": { "type": "Point", "coordinates": [ 114.353642923256189, 30.530683926659655 ] } },
{ "type": "Feature", "properties": { "element": "way", "id": "273968040", "amenity": "nan", "name": "附3教学楼", "access": "nan", "barrier": "nan", "bicycle": "nan", "foot": "nan", "motor_vehi": "nan", "opening_ho": "nan", "alt_name": "nan", "old_name": "nan", "locked": "nan", "leisure": "nan", "sport": "nan", "horse": "nan", "brand": "nan", "brand_en": "nan", "brand_wiki": "nan", "brand_wi_1": "nan", "brand_zh": "nan", "cuisine": "nan", "level": "nan", "name_en": "nan", "name_zh": "nan", "takeaway": "nan", "diet_halal": "nan", "addr_city": "nan", "addr_distr": "nan", "addr_postc": "nan", "addr_provi": "nan", "addr_stree": "nan", "building": "university", "fee": "nan", "diet_meat": "nan", "note": "nan", "outdoor_se": "nan", "brand_zh-H": "nan", "brand_zh_1": "nan", "delivery": "nan", "name_zh-Ha": "nan", "name_zh-_1": "nan", "layer": "nan", "fast_food": "nan", "brand_zh-L": "nan", "name_zh-La": "nan", "surface": "nan", "addr_place": "nan", "addr_unit": "nan", "nohousenum": "nan", "roof_colou": "nan", "emergency": "nan", "healthcare": "nan", "healthca_1": "nan", "loc_name": "nan", "operator": "nan", "website": "nan", "wheelchair": "nan", "building_c": "nan", "building_l": "5", "museum": "nan", "tourism": "nan", "official_n": "nan", "wikimedia_": "nan", "office": "nan", "int_name": "nan", "height": "nan", "short_name": "nan", "wikidata": "nan", "wikipedia": "nan", "historic": "nan", "roof_orien": "nan", "roof_shape": "nan", "addr_house": "nan", "addr_hou_1": "nan", "power": "nan", "building_u": "nan", "flickr": "nan", "education": "nan", "ref": "nan", "athletics": "nan", "man_made": "nan", "ceremonial": "nan", "inscriptio": "nan", "material": "nan", "start_date": "nan", "bicycle_pa": "nan", "shelter_ty": "nan", "playground": "nan", "disused": "nan", "type": "nan", "addr_count": "nan", "internet_a": "nan", "name_de": "nan", "name_es": "nan", "name_fr": "nan", "name_it": "nan", "name_ja": "nan", "short_na_1": "nan", "short_na_2": "nan", "designatio": "nan", "path": "Point?crs=EPSG:4326&field=element:string(80,0)&field=id:string(80,0)&field=amenity:string(80,0)&field=name:string(80,0)&field=access:string(80,0)&field=barrier:string(80,0)&field=bicycle:string(80,0)&field=foot:string(80,0)&field=motor_vehi:string(80,0)&", "poi_tpye": "teaching_building" }, "geometry": { "type": "Point", "coordinates": [ 114.35437001771669, 30.528569801043162 ] } },
{ "type": "Feature", "properties": { "element": "way", "id": "273968039", "amenity": "nan", "name": "信息学部5号教学楼", "access": "nan", "barrier": "nan", "bicycle": "nan", "foot": "nan", "motor_vehi": "nan", "opening_ho": "nan", "alt_name": "nan", "old_name": "nan", "locked": "nan", "leisure": "nan", "sport": "nan", "horse": "nan", "brand": "nan", "brand_en": "nan", "brand_wiki": "nan", "brand_wi_1": "nan", "brand_zh": "nan", "cuisine": "nan", "level": "nan", "name_en": "nan", "name_zh": "nan", "takeaway": "nan", "diet_halal": "nan", "addr_city": "nan", "addr_distr": "nan", "addr_postc": "nan", "addr_provi": "nan", "addr_stree": "nan", "building": "university", "fee": "nan", "diet_meat": "nan", "note": "nan", "outdoor_se": "nan", "brand_zh-H": "nan", "brand_zh_1": "nan", "delivery": "nan", "name_zh-Ha": "nan", "name_zh-_1": "nan", "layer": "nan", "fast_food": "nan", "brand_zh-L": "nan", "name_zh-La": "nan", "surface": "nan", "addr_place": "nan", "addr_unit": "nan", "nohousenum": "nan", "roof_colou": "nan", "emergency": "nan", "healthcare": "nan", "healthca_1": "nan", "loc_name": "nan", "operator": "nan", "website": "nan", "wheelchair": "nan", "building_c": "nan", "building_l": "4", "museum": "nan", "tourism": "nan", "official_n": "nan", "wikimedia_": "nan", "office": "nan", "int_name": "nan", "height": "nan", "short_name": "nan", "wikidata": "nan", "wikipedia": "nan", "historic": "nan", "roof_orien": "nan", "roof_shape": "nan", "addr_house": "nan", "addr_hou_1": "nan", "power": "nan", "building_u": "nan", "flickr": "nan", "education": "nan", "ref": "nan", "athletics": "nan", "man_made": "nan", "ceremonial": "nan", "inscriptio": "nan", "material": "nan", "start_date": "nan", "bicycle_pa": "nan", "shelter_ty": "nan", "playground": "nan", "disused": "nan", "type": "nan", "addr_count": "nan", "internet_a": "nan", "name_de": "nan", "name_es": "nan", "name_fr": "nan", "name_it": "nan", "name_ja": "nan", "short_na_1": "nan", "short_na_2": "nan", "designatio": "nan", "path": "Point?crs=EPSG:4326&field=element:string(80,0)&field=id:string(80,0)&field=amenity:string(80,0)&field=name:string(80,0)&field=access:string(80,0)&field=barrier:string(80,0)&field=bicycle:string(80,0)&field=foot:string(80,0)&field=motor_vehi:string(80,0)&", "poi_tpye": "teaching_building" }, "geometry": { "type": "Point", "coordinates": [ 114.354578800853687, 30.528293355220132 ] } },
{ "type": "Feature", "properties": { "element": "node", "id": "4475011097", "amenity": "fast_food", "name": "肯德基", "access": "nan", "barrier": "nan", "bicycle": "nan", "foot": "nan", "motor_vehi": "nan", "opening_ho": "nan", "alt_name": "nan", "old_name": "nan", "locked": "nan", "leisure": "nan", "sport": "nan", "horse": "nan", "brand": "肯德基", "brand_en": "KFC", "brand_wiki": "Q524757", "brand_wi_1": "zh:肯德基", "brand_zh": "肯德基", "cuisine": "chicken", "level": "1", "name_en": "KFC", "name_zh": "肯德基", "takeaway": "yes", "diet_halal": "nan", "addr_city": "nan", "addr_distr": "nan", "addr_postc": "nan", "addr_provi": "nan", "addr_stree": "nan", "building": "nan", "fee": "nan", "diet_meat": "nan", "note": "nan", "outdoor_se": "nan", "brand_zh-H": "nan", "brand_zh_1": "nan", "delivery": "nan", "name_zh-Ha": "nan", "name_zh-_1": "nan", "layer": "nan", "fast_food": "nan", "brand_zh-L": "nan", "name_zh-La": "nan", "surface": "nan", "addr_place": "nan", "addr_unit": "nan", "nohousenum": "nan", "roof_colou": "nan", "emergency": "nan", "healthcare": "nan", "healthca_1": "nan", "loc_name": "nan", "operator": "nan", "website": "nan", "wheelchair": "nan", "building_c": "nan", "building_l": "nan", "museum": "nan", "tourism": "nan", "official_n": "nan", "wikimedia_": "nan", "office": "nan", "int_name": "nan", "height": "nan", "short_name": "nan", "wikidata": "nan", "wikipedia": "nan", "historic": "nan", "roof_orien": "nan", "roof_shape": "nan", "addr_house": "nan", "addr_hou_1": "nan", "power": "nan", "building_u": "nan", "flickr": "nan", "education": "nan", "ref": "nan", "athletics": "nan", "man_made": "nan", "ceremonial": "nan", "inscriptio": "nan", "material": "nan", "start_date": "nan", "bicycle_pa": "nan", "shelter_ty": "nan", "playground": "nan", "disused": "nan", "type": "nan", "addr_count": "nan", "internet_a": "nan", "name_de": "nan", "name_es": "nan", "name_fr": "nan", "name_it": "nan", "name_ja": "nan", "short_na_1": "nan", "short_na_2": "nan", "designatio": "nan", "path": "G:/ShiKongShuJuWaJue/WHU_ElectricalBike/whu_spatial_data/whu_pois.shp", "poi_tpye": "food" }, "geometry": { "type": "Point", "coordinates": [ 114.3591408, 30.537896199999988 ] } },
{ "type": "Feature", "properties": { "element": "way", "id": "256668241", "amenity": "nan", "name": "信息学部9舍", "access": "nan", "barrier": "nan", "bicycle": "nan", "foot": "nan", "motor_vehi": "nan", "opening_ho": "nan", "alt_name": "nan", "old_name": "nan", "locked": "nan", "leisure": "nan", "sport": "nan", "horse": "nan", "brand": "nan", "brand_en": "nan", "brand_wiki": "nan", "brand_wi_1": "nan", "brand_zh": "nan", "cuisine": "nan", "level": "nan", "name_en": "nan", "name_zh": "nan", "takeaway": "nan", "diet_halal": "nan", "addr_city": "nan", "addr_distr": "nan", "addr_postc": "nan", "addr_provi": "nan", "addr_stree": "nan", "building": "dormitory", "fee": "nan", "diet_meat": "nan", "note": "nan", "outdoor_se": "nan", "brand_zh-H": "nan", "brand_zh_1": "nan", "delivery": "nan", "name_zh-Ha": "nan", "name_zh-_1": "nan", "layer": "nan", "fast_food": "nan", "brand_zh-L": "nan", "name_zh-La": "nan", "surface": "nan", "addr_place": "nan", "addr_unit": "nan", "nohousenum": "nan", "roof_colou": "nan", "emergency": "nan", "healthcare": "nan", "healthca_1": "nan", "loc_name": "nan", "operator": "武汉大学", "website": "nan", "wheelchair": "nan", "building_c": "nan", "building_l": "7", "museum": "nan", "tourism": "nan", "official_n": "nan", "wikimedia_": "nan", "office": "nan", "int_name": "nan", "height": "nan", "short_name": "nan", "wikidata": "nan", "wikipedia": "nan", "historic": "nan", "roof_orien": "nan", "roof_shape": "nan", "addr_house": "nan", "addr_hou_1": "nan", "power": "nan", "building_u": "nan", "flickr": "nan", "education": "nan", "ref": "nan", "athletics": "nan", "man_made": "nan", "ceremonial": "nan", "inscriptio": "nan", "material": "nan", "start_date": "nan", "bicycle_pa": "nan", "shelter_ty": "nan", "playground": "nan", "disused": "nan", "type": "nan", "addr_count": "nan", "internet_a": "nan", "name_de": "nan", "name_es": "nan", "name_fr": "nan", "name_it": "nan", "name_ja": "nan", "short_na_1": "nan", "short_na_2": "nan", "designatio": "nan", "path": "Point?crs=EPSG:4326&field=element:string(80,0)&field=id:string(80,0)&field=amenity:string(80,0)&field=name:string(80,0)&field=access:string(80,0)&field=barrier:string(80,0)&field=bicycle:string(80,0)&field=foot:string(80,0)&field=motor_vehi:string(80,0)&", "poi_tpye": "dormitory" }, "geometry": { "type": "Point", "coordinates": [ 114.352430434700892, 30.528479002877944 ] } },
{ "type": "Feature", "properties": { "element": "node", "id": "3709156166", "amenity": "nan", "name": "珞珈门", "access": "nan", "barrier": "gate", "bicycle": "private", "foot": "private", "motor_vehi": "private", "opening_ho": "nan", "alt_name": "nan", "old_name": "nan", "locked": "nan", "leisure": "nan", "sport": "nan", "horse": "no", "brand": "nan", "brand_en": "nan", "brand_wiki": "nan", "brand_wi_1": "nan", "brand_zh": "nan", "cuisine": "nan", "level": "nan", "name_en": "nan", "name_zh": "nan", "takeaway": "nan", "diet_halal": "nan", "addr_city": "nan", "addr_distr": "nan", "addr_postc": "nan", "addr_provi": "nan", "addr_stree": "nan", "building": "nan", "fee": "nan", "diet_meat": "nan", "note": "nan", "outdoor_se": "nan", "brand_zh-H": "nan", "brand_zh_1": "nan", "delivery": "nan", "name_zh-Ha": "nan", "name_zh-_1": "nan", "layer": "nan", "fast_food": "nan", "brand_zh-L": "nan", "name_zh-La": "nan", "surface": "nan", "addr_place": "nan", "addr_unit": "nan", "nohousenum": "nan", "roof_colou": "nan", "emergency": "nan", "healthcare": "nan", "healthca_1": "nan", "loc_name": "nan", "operator": "nan", "website": "nan", "wheelchair": "nan", "building_c": "nan", "building_l": "nan", "museum": "nan", "tourism": "nan", "official_n": "nan", "wikimedia_": "nan", "office": "nan", "int_name": "nan", "height": "nan", "short_name": "nan", "wikidata": "nan", "wikipedia": "nan", "historic": "nan", "roof_orien": "nan", "roof_shape": "nan", "addr_house": "nan", "addr_hou_1": "nan", "power": "nan", "building_u": "nan", "flickr": "nan", "education": "nan", "ref": "nan", "athletics": "nan", "man_made": "nan", "ceremonial": "nan", "inscriptio": "nan", "material": "nan", "start_date": "nan", "bicycle_pa": "nan", "shelter_ty": "nan", "playground": "nan", "disused": "nan", "type": "nan", "addr_count": "nan", "internet_a": "nan", "name_de": "nan", "name_es": "nan", "name_fr": "nan", "name_it": "nan", "name_ja": "nan", "short_na_1": "nan", "short_na_2": "nan", "designatio": "nan", "path": "G:/ShiKongShuJuWaJue/WHU_ElectricalBike/whu_spatial_data/whu_pois.shp", "poi_tpye": "gate" }, "geometry": { "type": "Point", "coordinates": [ 114.3523725, 30.5349699 ] } },
{ "type": "Feature", "properties": { "element": "way", "id": "256668237", "amenity": "nan", "name": "信息学部7舍", "access": "nan", "barrier": "nan", "bicycle": "nan", "foot": "nan", "motor_vehi": "nan", "opening_ho": "nan", "alt_name": "nan", "old_name": "nan", "locked": "nan", "leisure": "nan", "sport": "nan", "horse": "nan", "brand": "nan", "brand_en": "nan", "brand_wiki": "nan", "brand_wi_1": "nan", "brand_zh": "nan", "cuisine": "nan", "level": "nan", "name_en": "nan", "name_zh": "nan", "takeaway": "nan", "diet_halal": "nan", "addr_city": "nan", "addr_distr": "nan", "addr_postc": "nan", "addr_provi": "nan", "addr_stree": "nan", "building": "dormitory", "fee": "nan", "diet_meat": "nan", "note": "nan", "outdoor_se": "nan", "brand_zh-H": "nan", "brand_zh_1": "nan", "delivery": "nan", "name_zh-Ha": "nan", "name_zh-_1": "nan", "layer": "nan", "fast_food": "nan", "brand_zh-L": "nan", "name_zh-La": "nan", "surface": "nan", "addr_place": "nan", "addr_unit": "nan", "nohousenum": "nan", "roof_colou": "nan", "emergency": "nan", "healthcare": "nan", "healthca_1": "nan", "loc_name": "nan", "operator": "武汉大学", "website": "nan", "wheelchair": "nan", "building_c": "nan", "building_l": "7", "museum": "nan", "tourism": "nan", "official_n": "nan", "wikimedia_": "nan", "office": "nan", "int_name": "nan", "height": "nan", "short_name": "nan", "wikidata": "nan", "wikipedia": "nan", "historic": "nan", "roof_orien": "nan", "roof_shape": "nan", "addr_house": "nan", "addr_hou_1": "nan", "power": "nan", "building_u": "nan", "flickr": "nan", "education": "nan", "ref": "nan", "athletics": "nan", "man_made": "nan", "ceremonial": "nan", "inscriptio": "nan", "material": "nan", "start_date": "nan", "bicycle_pa": "nan", "shelter_ty": "nan", "playground": "nan", "disused": "nan", "type": "nan", "addr_count": "nan", "internet_a": "nan", "name_de": "nan", "name_es": "nan", "name_fr": "nan", "name_it": "nan", "name_ja": "nan", "short_na_1": "nan", "short_na_2": "nan", "designatio": "nan", "path": "Point?crs=EPSG:4326&field=element:string(80,0)&field=id:string(80,0)&field=amenity:string(80,0)&field=name:string(80,0)&field=access:string(80,0)&field=barrier:string(80,0)&field=bicycle:string(80,0)&field=foot:string(80,0)&field=motor_vehi:string(80,0)&", "poi_tpye": "dormitory" }, "geometry": { "type": "Point", "coordinates": [ 114.353553105674095, 30.528856489468655 ] } },
{ "type": "Feature", "properties": { "element": "node", "id": "3631666752", "amenity": "nan", "name": "珞南二门", "access": "permit", "barrier": "gate", "bicycle": "permit", "foot": "permit", "motor_vehi": "no", "opening_ho": "Mo-Su 07:00-22:00", "alt_name": "明贤门", "old_name": "nan", "locked": "nan", "leisure": "nan", "sport": "nan", "horse": "nan", "brand": "nan", "brand_en": "nan", "brand_wiki": "nan", "brand_wi_1": "nan", "brand_zh": "nan", "cuisine": "nan", "level": "nan", "name_en": "nan", "name_zh": "nan", "takeaway": "nan", "diet_halal": "nan", "addr_city": "nan", "addr_distr": "nan", "addr_postc": "nan", "addr_provi": "nan", "addr_stree": "nan", "building": "nan", "fee": "nan", "diet_meat": "nan", "note": "nan", "outdoor_se": "nan", "brand_zh-H": "nan", "brand_zh_1": "nan", "delivery": "nan", "name_zh-Ha": "nan", "name_zh-_1": "nan", "layer": "nan", "fast_food": "nan", "brand_zh-L": "nan", "name_zh-La": "nan", "surface": "nan", "addr_place": "nan", "addr_unit": "nan", "nohousenum": "nan", "roof_colou": "nan", "emergency": "nan", "healthcare": "nan", "healthca_1": "nan", "loc_name": "nan", "operator": "nan", "website": "nan", "wheelchair": "nan", "building_c": "nan", "building_l": "nan", "museum": "nan", "tourism": "nan", "official_n": "nan", "wikimedia_": "nan", "office": "nan", "int_name": "nan", "height": "nan", "short_name": "nan", "wikidata": "nan", "wikipedia": "nan", "historic": "nan", "roof_orien": "nan", "roof_shape": "nan", "addr_house": "nan", "addr_hou_1": "nan", "power": "nan", "building_u": "nan", "flickr": "nan", "education": "nan", "ref": "nan", "athletics": "nan", "man_made": "nan", "ceremonial": "nan", "inscriptio": "nan", "material": "nan", "start_date": "nan", "bicycle_pa": "nan", "shelter_ty": "nan", "playground": "nan", "disused": "nan", "type": "nan", "addr_count": "nan", "internet_a": "nan", "name_de": "nan", "name_es": "nan", "name_fr": "nan", "name_it": "nan", "name_ja": "nan", "short_na_1": "nan", "short_na_2": "nan", "designatio": "nan", "path": "G:/ShiKongShuJuWaJue/WHU_ElectricalBike/whu_spatial_data/whu_pois.shp", "poi_tpye": "gate" }, "geometry": { "type": "Point", "coordinates": [ 114.3576676, 30.5334385 ] } },
{ "type": "Feature", "properties": { "element": "way", "id": "236801236", "amenity": "nan", "name": "信息学部5舍", "access": "nan", "barrier": "nan", "bicycle": "nan", "foot": "nan", "motor_vehi": "nan", "opening_ho": "nan", "alt_name": "nan", "old_name": "nan", "locked": "nan", "leisure": "nan", "sport": "nan", "horse": "nan", "brand": "nan", "brand_en": "nan", "brand_wiki": "nan", "brand_wi_1": "nan", "brand_zh": "nan", "cuisine": "nan", "level": "nan", "name_en": "nan", "name_zh": "nan", "takeaway": "nan", "diet_halal": "nan", "addr_city": "nan", "addr_distr": "nan", "addr_postc": "nan", "addr_provi": "nan", "addr_stree": "nan", "building": "dormitory", "fee": "nan", "diet_meat": "nan", "note": "nan", "outdoor_se": "nan", "brand_zh-H": "nan", "brand_zh_1": "nan", "delivery": "nan", "name_zh-Ha": "nan", "name_zh-_1": "nan", "layer": "nan", "fast_food": "nan", "brand_zh-L": "nan", "name_zh-La": "nan", "surface": "nan", "addr_place": "nan", "addr_unit": "nan", "nohousenum": "nan", "roof_colou": "nan", "emergency": "nan", "healthcare": "nan", "healthca_1": "nan", "loc_name": "nan", "operator": "武汉大学", "website": "nan", "wheelchair": "nan", "building_c": "nan", "building_l": "6", "museum": "nan", "tourism": "nan", "official_n": "nan", "wikimedia_": "nan", "office": "nan", "int_name": "nan", "height": "nan", "short_name": "nan", "wikidata": "nan", "wikipedia": "nan", "historic": "nan", "roof_orien": "nan", "roof_shape": "nan", "addr_house": "nan", "addr_hou_1": "nan", "power": "nan", "building_u": "nan", "flickr": "nan", "education": "nan", "ref": "nan", "athletics": "nan", "man_made": "nan", "ceremonial": "nan", "inscriptio": "nan", "material": "nan", "start_date": "nan", "bicycle_pa": "nan", "shelter_ty": "nan", "playground": "nan", "disused": "nan", "type": "nan", "addr_count": "nan", "internet_a": "nan", "name_de": "nan", "name_es": "nan", "name_fr": "nan", "name_it": "nan", "name_ja": "nan", "short_na_1": "nan", "short_na_2": "nan", "designatio": "nan", "path": "Point?crs=EPSG:4326&field=element:string(80,0)&field=id:string(80,0)&field=amenity:string(80,0)&field=name:string(80,0)&field=access:string(80,0)&field=barrier:string(80,0)&field=bicycle:string(80,0)&field=foot:string(80,0)&field=motor_vehi:string(80,0)&", "poi_tpye": "dormitory" }, "geometry": { "type": "Point", "coordinates": [ 114.354536024668178, 30.531387535206978 ] } },
{ "type": "Feature", "properties": { "element": "node", "id": "3186610000", "amenity": "nan", "name": "武汉大学科技门", "access": "nan", "barrier": "gate", "bicycle": "yes", "foot": "yes", "motor_vehi": "no", "opening_ho": "nan", "alt_name": "nan", "old_name": "nan", "locked": "nan", "leisure": "nan", "sport": "nan", "horse": "nan", "brand": "nan", "brand_en": "nan", "brand_wiki": "nan", "brand_wi_1": "nan", "brand_zh": "nan", "cuisine": "nan", "level": "nan", "name_en": "nan", "name_zh": "nan", "takeaway": "nan", "diet_halal": "nan", "addr_city": "nan", "addr_distr": "nan", "addr_postc": "nan", "addr_provi": "nan", "addr_stree": "nan", "building": "nan", "fee": "nan", "diet_meat": "nan", "note": "nan", "outdoor_se": "nan", "brand_zh-H": "nan", "brand_zh_1": "nan", "delivery": "nan", "name_zh-Ha": "nan", "name_zh-_1": "nan", "layer": "nan", "fast_food": "nan", "brand_zh-L": "nan", "name_zh-La": "nan", "surface": "nan", "addr_place": "nan", "addr_unit": "nan", "nohousenum": "nan", "roof_colou": "nan", "emergency": "nan", "healthcare": "nan", "healthca_1": "nan", "loc_name": "nan", "operator": "nan", "website": "nan", "wheelchair": "nan", "building_c": "nan", "building_l": "nan", "museum": "nan", "tourism": "nan", "official_n": "nan", "wikimedia_": "nan", "office": "nan", "int_name": "nan", "height": "nan", "short_name": "nan", "wikidata": "nan", "wikipedia": "nan", "historic": "nan", "roof_orien": "nan", "roof_shape": "nan", "addr_house": "nan", "addr_hou_1": "nan", "power": "nan", "building_u": "nan", "flickr": "nan", "education": "nan", "ref": "nan", "athletics": "nan", "man_made": "nan", "ceremonial": "nan", "inscriptio": "nan", "material": "nan", "start_date": "nan", "bicycle_pa": "nan", "shelter_ty": "nan", "playground": "nan", "disused": "nan", "type": "nan", "addr_count": "nan", "internet_a": "nan", "name_de": "nan", "name_es": "nan", "name_fr": "nan", "name_it": "nan", "name_ja": "nan", "short_na_1": "nan", "short_na_2": "nan", "designatio": "nan", "path": "G:/ShiKongShuJuWaJue/WHU_ElectricalBike/whu_spatial_data/whu_pois.shp", "poi_tpye": "gate" }, "geometry": { "type": "Point", "coordinates": [ 114.355103, 30.5343861 ] } },
{ "type": "Feature", "properties": { "element": "node", "id": "3148705291", "amenity": "nan", "name": "珞瑜二门", "access": "permit", "barrier": "gate", "bicycle": "no", "foot": "permit", "motor_vehi": "no", "opening_ho": "24/7", "alt_name": "南二门", "old_name": "nan", "locked": "nan", "leisure": "nan", "sport": "nan", "horse": "nan", "brand": "nan", "brand_en": "nan", "brand_wiki": "nan", "brand_wi_1": "nan", "brand_zh": "nan", "cuisine": "nan", "level": "nan", "name_en": "nan", "name_zh": "nan", "takeaway": "nan", "diet_halal": "nan", "addr_city": "nan", "addr_distr": "nan", "addr_postc": "nan", "addr_provi": "nan", "addr_stree": "nan", "building": "nan", "fee": "nan", "diet_meat": "nan", "note": "nan", "outdoor_se": "nan", "brand_zh-H": "nan", "brand_zh_1": "nan", "delivery": "nan", "name_zh-Ha": "nan", "name_zh-_1": "nan", "layer": "nan", "fast_food": "nan", "brand_zh-L": "nan", "name_zh-La": "nan", "surface": "nan", "addr_place": "nan", "addr_unit": "nan", "nohousenum": "nan", "roof_colou": "nan", "emergency": "nan", "healthcare": "nan", "healthca_1": "nan", "loc_name": "nan", "operator": "nan", "website": "nan", "wheelchair": "nan", "building_c": "nan", "building_l": "nan", "museum": "nan", "tourism": "nan", "official_n": "nan", "wikimedia_": "nan", "office": "nan", "int_name": "nan", "height": "nan", "short_name": "nan", "wikidata": "nan", "wikipedia": "nan", "historic": "nan", "roof_orien": "nan", "roof_shape": "nan", "addr_house": "nan", "addr_hou_1": "nan", "power": "nan", "building_u": "nan", "flickr": "nan", "education": "nan", "ref": "nan", "athletics": "nan", "man_made": "nan", "ceremonial": "nan", "inscriptio": "nan", "material": "nan", "start_date": "nan", "bicycle_pa": "nan", "shelter_ty": "nan", "playground": "nan", "disused": "nan", "type": "nan", "addr_count": "nan", "internet_a": "nan", "name_de": "nan", "name_es": "nan", "name_fr": "nan", "name_it": "nan", "name_ja": "nan", "short_na_1": "nan", "short_na_2": "nan", "designatio": "nan", "path": "G:/ShiKongShuJuWaJue/WHU_ElectricalBike/whu_spatial_data/whu_pois.shp", "poi_tpye": "gate" }, "geometry": { "type": "Point", "coordinates": [ 114.3520363, 30.5283362 ] } },
{ "type": "Feature", "properties": { "element": "way", "id": "202279989", "amenity": "nan", "name": "教学实验大楼", "access": "nan", "barrier": "nan", "bicycle": "nan", "foot": "nan", "motor_vehi": "nan", "opening_ho": "nan", "alt_name": "nan", "old_name": "nan", "locked": "nan", "leisure": "nan", "sport": "nan", "horse": "nan", "brand": "nan", "brand_en": "nan", "brand_wiki": "nan", "brand_wi_1": "nan", "brand_zh": "nan", "cuisine": "nan", "level": "nan", "name_en": "nan", "name_zh": "nan", "takeaway": "nan", "diet_halal": "nan", "addr_city": "nan", "addr_distr": "nan", "addr_postc": "nan", "addr_provi": "nan", "addr_stree": "nan", "building": "university", "fee": "nan", "diet_meat": "nan", "note": "nan", "outdoor_se": "nan", "brand_zh-H": "nan", "brand_zh_1": "nan", "delivery": "nan", "name_zh-Ha": "nan", "name_zh-_1": "nan", "layer": "nan", "fast_food": "nan", "brand_zh-L": "nan", "name_zh-La": "nan", "surface": "nan", "addr_place": "nan", "addr_unit": "nan", "nohousenum": "nan", "roof_colou": "nan", "emergency": "nan", "healthcare": "nan", "healthca_1": "nan", "loc_name": "nan", "operator": "nan", "website": "nan", "wheelchair": "nan", "building_c": "nan", "building_l": "nan", "museum": "nan", "tourism": "nan", "official_n": "nan", "wikimedia_": "nan", "office": "nan", "int_name": "nan", "height": "nan", "short_name": "nan", "wikidata": "nan", "wikipedia": "nan", "historic": "nan", "roof_orien": "nan", "roof_shape": "nan", "addr_house": "nan", "addr_hou_1": "nan", "power": "nan", "building_u": "nan", "flickr": "nan", "education": "nan", "ref": "nan", "athletics": "nan", "man_made": "nan", "ceremonial": "nan", "inscriptio": "nan", "material": "nan", "start_date": "nan", "bicycle_pa": "nan", "shelter_ty": "nan", "playground": "nan", "disused": "nan", "type": "nan", "addr_count": "nan", "internet_a": "nan", "name_de": "nan", "name_es": "nan", "name_fr": "nan", "name_it": "nan", "name_ja": "nan", "short_na_1": "nan", "short_na_2": "nan", "designatio": "nan", "path": "Point?crs=EPSG:4326&field=element:string(80,0)&field=id:string(80,0)&field=amenity:string(80,0)&field=name:string(80,0)&field=access:string(80,0)&field=barrier:string(80,0)&field=bicycle:string(80,0)&field=foot:string(80,0)&field=motor_vehi:string(80,0)&", "poi_tpye": "office" }, "geometry": { "type": "Point", "coordinates": [ 114.356724053098816, 30.527815570701328 ] } },
{ "type": "Feature", "properties": { "element": "node", "id": "2177869899", "amenity": "nan", "name": "乒乓球馆", "access": "nan", "barrier": "nan", "bicycle": "nan", "foot": "nan", "motor_vehi": "nan", "opening_ho": "nan", "alt_name": "nan", "old_name": "nan", "locked": "nan", "leisure": "pitch", "sport": "table_tennis", "horse": "nan", "brand": "nan", "brand_en": "nan", "brand_wiki": "nan", "brand_wi_1": "nan", "brand_zh": "nan", "cuisine": "nan", "level": "nan", "name_en": "nan", "name_zh": "nan", "takeaway": "nan", "diet_halal": "nan", "addr_city": "nan", "addr_distr": "nan", "addr_postc": "nan", "addr_provi": "nan", "addr_stree": "nan", "building": "nan", "fee": "nan", "diet_meat": "nan", "note": "nan", "outdoor_se": "nan", "brand_zh-H": "nan", "brand_zh_1": "nan", "delivery": "nan", "name_zh-Ha": "nan", "name_zh-_1": "nan", "layer": "nan", "fast_food": "nan", "brand_zh-L": "nan", "name_zh-La": "nan", "surface": "nan", "addr_place": "nan", "addr_unit": "nan", "nohousenum": "nan", "roof_colou": "nan", "emergency": "nan", "healthcare": "nan", "healthca_1": "nan", "loc_name": "nan", "operator": "nan", "website": "nan", "wheelchair": "nan", "building_c": "nan", "building_l": "nan", "museum": "nan", "tourism": "nan", "official_n": "nan", "wikimedia_": "nan", "office": "nan", "int_name": "nan", "height": "nan", "short_name": "nan", "wikidata": "nan", "wikipedia": "nan", "historic": "nan", "roof_orien": "nan", "roof_shape": "nan", "addr_house": "nan", "addr_hou_1": "nan", "power": "nan", "building_u": "nan", "flickr": "nan", "education": "nan", "ref": "nan", "athletics": "nan", "man_made": "nan", "ceremonial": "nan", "inscriptio": "nan", "material": "nan", "start_date": "nan", "bicycle_pa": "nan", "shelter_ty": "nan", "playground": "nan", "disused": "nan", "type": "nan", "addr_count": "nan", "internet_a": "nan", "name_de": "nan", "name_es": "nan", "name_fr": "nan", "name_it": "nan", "name_ja": "nan", "short_na_1": "nan", "short_na_2": "nan", "designatio": "nan", "path": "G:/ShiKongShuJuWaJue/WHU_ElectricalBike/whu_spatial_data/whu_pois.shp" }, "geometry": { "type": "Point", "coordinates": [ 114.3568137, 30.5301662 ] } },
{ "type": "Feature", "properties": { "element": "node", "id": "1663906468", "amenity": "nan", "name": "茶港门", "access": "permit", "barrier": "gate", "bicycle": "permit", "foot": "permit", "motor_vehi": "permit", "opening_ho": "24/7", "alt_name": "nan", "old_name": "nan", "locked": "nan", "leisure": "nan", "sport": "nan", "horse": "nan", "brand": "nan", "brand_en": "nan", "brand_wiki": "nan", "brand_wi_1": "nan", "brand_zh": "nan", "cuisine": "nan", "level": "nan", "name_en": "nan", "name_zh": "nan", "takeaway": "nan", "diet_halal": "nan", "addr_city": "nan", "addr_distr": "nan", "addr_postc": "nan", "addr_provi": "nan", "addr_stree": "nan", "building": "nan", "fee": "nan", "diet_meat": "nan", "note": "nan", "outdoor_se": "nan", "brand_zh-H": "nan", "brand_zh_1": "nan", "delivery": "nan", "name_zh-Ha": "nan", "name_zh-_1": "nan", "layer": "nan", "fast_food": "nan", "brand_zh-L": "nan", "name_zh-La": "nan", "surface": "nan", "addr_place": "nan", "addr_unit": "nan", "nohousenum": "nan", "roof_colou": "nan", "emergency": "nan", "healthcare": "nan", "healthca_1": "nan", "loc_name": "nan", "operator": "nan", "website": "nan", "wheelchair": "nan", "building_c": "nan", "building_l": "nan", "museum": "nan", "tourism": "nan", "official_n": "nan", "wikimedia_": "nan", "office": "nan", "int_name": "nan", "height": "nan", "short_name": "nan", "wikidata": "nan", "wikipedia": "nan", "historic": "nan", "roof_orien": "nan", "roof_shape": "nan", "addr_house": "nan", "addr_hou_1": "nan", "power": "nan", "building_u": "nan", "flickr": "nan", "education": "nan", "ref": "nan", "athletics": "nan", "man_made": "nan", "ceremonial": "nan", "inscriptio": "nan", "material": "nan", "start_date": "nan", "bicycle_pa": "nan", "shelter_ty": "nan", "playground": "nan", "disused": "nan", "type": "nan", "addr_count": "nan", "internet_a": "nan", "name_de": "nan", "name_es": "nan", "name_fr": "nan", "name_it": "nan", "name_ja": "nan", "short_na_1": "nan", "short_na_2": "nan", "designatio": "nan", "path": "G:/ShiKongShuJuWaJue/WHU_ElectricalBike/whu_spatial_data/whu_pois.shp", "poi_tpye": "gate" }, "geometry": { "type": "Point", "coordinates": [ 114.3490155, 30.5416326 ] } },
{ "type": "Feature", "properties": { "element": "way", "id": "182357912", "amenity": "nan", "name": "工学部17舍", "access": "nan", "barrier": "nan", "bicycle": "nan", "foot": "nan", "motor_vehi": "nan", "opening_ho": "nan", "alt_name": "nan", "old_name": "nan", "locked": "nan", "leisure": "nan", "sport": "nan", "horse": "nan", "brand": "nan", "brand_en": "nan", "brand_wiki": "nan", "brand_wi_1": "nan", "brand_zh": "nan", "cuisine": "nan", "level": "nan", "name_en": "nan", "name_zh": "nan", "takeaway": "nan", "diet_halal": "nan", "addr_city": "nan", "addr_distr": "nan", "addr_postc": "nan", "addr_provi": "nan", "addr_stree": "nan", "building": "dormitory", "fee": "nan", "diet_meat": "nan", "note": "nan", "outdoor_se": "nan", "brand_zh-H": "nan", "brand_zh_1": "nan", "delivery": "nan", "name_zh-Ha": "nan", "name_zh-_1": "nan", "layer": "nan", "fast_food": "nan", "brand_zh-L": "nan", "name_zh-La": "nan", "surface": "nan", "addr_place": "nan", "addr_unit": "nan", "nohousenum": "nan", "roof_colou": "nan", "emergency": "nan", "healthcare": "nan", "healthca_1": "nan", "loc_name": "nan", "operator": "nan", "website": "nan", "wheelchair": "nan", "building_c": "nan", "building_l": "nan", "museum": "nan", "tourism": "nan", "official_n": "nan", "wikimedia_": "nan", "office": "nan", "int_name": "nan", "height": "nan", "short_name": "nan", "wikidata": "nan", "wikipedia": "nan", "historic": "nan", "roof_orien": "nan", "roof_shape": "nan", "addr_house": "nan", "addr_hou_1": "nan", "power": "nan", "building_u": "nan", "flickr": "nan", "education": "nan", "ref": "nan", "athletics": "nan", "man_made": "nan", "ceremonial": "nan", "inscriptio": "nan", "material": "nan", "start_date": "nan", "bicycle_pa": "nan", "shelter_ty": "nan", "playground": "nan", "disused": "nan", "type": "nan", "addr_count": "nan", "internet_a": "nan", "name_de": "nan", "name_es": "nan", "name_fr": "nan", "name_it": "nan", "name_ja": "nan", "short_na_1": "nan", "short_na_2": "nan", "designatio": "nan", "path": "Point?crs=EPSG:4326&field=element:string(80,0)&field=id:string(80,0)&field=amenity:string(80,0)&field=name:string(80,0)&field=access:string(80,0)&field=barrier:string(80,0)&field=bicycle:string(80,0)&field=foot:string(80,0)&field=motor_vehi:string(80,0)&", "poi_tpye": "dormitory" }, "geometry": { "type": "Point", "coordinates": [ 114.361363865514562, 30.543422203881924 ] } },
{ "type": "Feature", "properties": { "element": "node", "id": "1358787382", "amenity": "nan", "name": "扬波门", "access": "permit", "barrier": "gate", "bicycle": "private", "foot": "permit", "motor_vehi": "permit", "opening_ho": "nan", "alt_name": "东门", "old_name": "烟波门", "locked": "nan", "leisure": "nan", "sport": "nan", "horse": "nan", "brand": "nan", "brand_en": "nan", "brand_wiki": "nan", "brand_wi_1": "nan", "brand_zh": "nan", "cuisine": "nan", "level": "nan", "name_en": "nan", "name_zh": "nan", "takeaway": "nan", "diet_halal": "nan", "addr_city": "nan", "addr_distr": "nan", "addr_postc": "nan", "addr_provi": "nan", "addr_stree": "nan", "building": "nan", "fee": "nan", "diet_meat": "nan", "note": "nan", "outdoor_se": "nan", "brand_zh-H": "nan", "brand_zh_1": "nan", "delivery": "nan", "name_zh-Ha": "nan", "name_zh-_1": "nan", "layer": "nan", "fast_food": "nan", "brand_zh-L": "nan", "name_zh-La": "nan", "surface": "nan", "addr_place": "nan", "addr_unit": "nan", "nohousenum": "nan", "roof_colou": "nan", "emergency": "nan", "healthcare": "nan", "healthca_1": "nan", "loc_name": "nan", "operator": "nan", "website": "nan", "wheelchair": "nan", "building_c": "nan", "building_l": "nan", "museum": "nan", "tourism": "nan", "official_n": "nan", "wikimedia_": "nan", "office": "nan", "int_name": "nan", "height": "nan", "short_name": "nan", "wikidata": "nan", "wikipedia": "nan", "historic": "nan", "roof_orien": "nan", "roof_shape": "nan", "addr_house": "nan", "addr_hou_1": "nan", "power": "nan", "building_u": "nan", "flickr": "nan", "education": "nan", "ref": "nan", "athletics": "nan", "man_made": "nan", "ceremonial": "nan", "inscriptio": "nan", "material": "nan", "start_date": "nan", "bicycle_pa": "nan", "shelter_ty": "nan", "playground": "nan", "disused": "nan", "type": "nan", "addr_count": "nan", "internet_a": "nan", "name_de": "nan", "name_es": "nan", "name_fr": "nan", "name_it": "nan", "name_ja": "nan", "short_na_1": "nan", "short_na_2": "nan", "designatio": "nan", "path": "G:/ShiKongShuJuWaJue/WHU_ElectricalBike/whu_spatial_data/whu_pois.shp", "poi_tpye": "gate" }, "geometry": { "type": "Point", "coordinates": [ 114.3718686, 30.537472 ] } },
{ "type": "Feature", "properties": { "element": "way", "id": "182357911", "amenity": "nan", "name": "工学部16舍", "access": "nan", "barrier": "nan", "bicycle": "nan", "foot": "nan", "motor_vehi": "nan", "opening_ho": "nan", "alt_name": "nan", "old_name": "nan", "locked": "nan", "leisure": "nan", "sport": "nan", "horse": "nan", "brand": "nan", "brand_en": "nan", "brand_wiki": "nan", "brand_wi_1": "nan", "brand_zh": "nan", "cuisine": "nan", "level": "nan", "name_en": "nan", "name_zh": "nan", "takeaway": "nan", "diet_halal": "nan", "addr_city": "nan", "addr_distr": "nan", "addr_postc": "nan", "addr_provi": "nan", "addr_stree": "nan", "building": "dormitory", "fee": "nan", "diet_meat": "nan", "note": "nan", "outdoor_se": "nan", "brand_zh-H": "nan", "brand_zh_1": "nan", "delivery": "nan", "name_zh-Ha": "nan", "name_zh-_1": "nan", "layer": "nan", "fast_food": "nan", "brand_zh-L": "nan", "name_zh-La": "nan", "surface": "nan", "addr_place": "nan", "addr_unit": "nan", "nohousenum": "nan", "roof_colou": "nan", "emergency": "nan", "healthcare": "nan", "healthca_1": "nan", "loc_name": "nan", "operator": "nan", "website": "nan", "wheelchair": "nan", "building_c": "nan", "building_l": "nan", "museum": "nan", "tourism": "nan", "official_n": "nan", "wikimedia_": "nan", "office": "nan", "int_name": "nan", "height": "nan", "short_name": "nan", "wikidata": "nan", "wikipedia": "nan", "historic": "nan", "roof_orien": "nan", "roof_shape": "nan", "addr_house": "nan", "addr_hou_1": "nan", "power": "nan", "building_u": "nan", "flickr": "nan", "education": "nan", "ref": "nan", "athletics": "nan", "man_made": "nan", "ceremonial": "nan", "inscriptio": "nan", "material": "nan", "start_date": "nan", "bicycle_pa": "nan", "shelter_ty": "nan", "playground": "nan", "disused": "nan", "type": "nan", "addr_count": "nan", "internet_a": "nan", "name_de": "nan", "name_es": "nan", "name_fr": "nan", "name_it": "nan", "name_ja": "nan", "short_na_1": "nan", "short_na_2": "nan", "designatio": "nan", "path": "Point?crs=EPSG:4326&field=element:string(80,0)&field=id:string(80,0)&field=amenity:string(80,0)&field=name:string(80,0)&field=access:string(80,0)&field=barrier:string(80,0)&field=bicycle:string(80,0)&field=foot:string(80,0)&field=motor_vehi:string(80,0)&", "poi_tpye": "dormitory" }, "geometry": { "type": "Point", "coordinates": [ 114.360609424293358, 30.543388897923499 ] } },
{ "type": "Feature", "properties": { "element": "way", "id": "306379145", "amenity": "nan", "name": "湖滨十一舍", "access": "nan", "barrier": "nan", "bicycle": "nan", "foot": "nan", "motor_vehi": "nan", "opening_ho": "nan", "alt_name": "nan", "old_name": "nan", "locked": "nan", "leisure": "nan", "sport": "nan", "horse": "nan", "brand": "nan", "brand_en": "nan", "brand_wiki": "nan", "brand_wi_1": "nan", "brand_zh": "nan", "cuisine": "nan", "level": "nan", "name_en": "nan", "name_zh": "nan", "takeaway": "nan", "diet_halal": "nan", "addr_city": "nan", "addr_distr": "nan", "addr_postc": "nan", "addr_provi": "nan", "addr_stree": "nan", "building": "dormitory", "fee": "nan", "diet_meat": "nan", "note": "nan", "outdoor_se": "nan", "brand_zh-H": "nan", "brand_zh_1": "nan", "delivery": "nan", "name_zh-Ha": "nan", "name_zh-_1": "nan", "layer": "nan", "fast_food": "nan", "brand_zh-L": "nan", "name_zh-La": "nan", "surface": "nan", "addr_place": "nan", "addr_unit": "nan", "nohousenum": "nan", "roof_colou": "nan", "emergency": "nan", "healthcare": "nan", "healthca_1": "nan", "loc_name": "nan", "operator": "nan", "website": "nan", "wheelchair": "nan", "building_c": "nan", "building_l": "nan", "museum": "nan", "tourism": "nan", "official_n": "nan", "wikimedia_": "nan", "office": "nan", "int_name": "nan", "height": "nan", "short_name": "nan", "wikidata": "nan", "wikipedia": "nan", "historic": "nan", "roof_orien": "nan", "roof_shape": "nan", "addr_house": "nan", "addr_hou_1": "nan", "power": "nan", "building_u": "nan", "flickr": "nan", "education": "nan", "ref": "nan", "athletics": "nan", "man_made": "nan", "ceremonial": "nan", "inscriptio": "nan", "material": "nan", "start_date": "nan", "bicycle_pa": "nan", "shelter_ty": "nan", "playground": "nan", "disused": "nan", "type": "nan", "addr_count": "nan", "internet_a": "nan", "name_de": "nan", "name_es": "nan", "name_fr": "nan", "name_it": "nan", "name_ja": "nan", "short_na_1": "nan", "short_na_2": "nan", "designatio": "nan", "path": "Point?crs=EPSG:4326&field=element:string(80,0)&field=id:string(80,0)&field=amenity:string(80,0)&field=name:string(80,0)&field=access:string(80,0)&field=barrier:string(80,0)&field=bicycle:string(80,0)&field=foot:string(80,0)&field=motor_vehi:string(80,0)&", "poi_tpye": "dormitory" }, "geometry": { "type": "Point", "coordinates": [ 114.363913580125839, 30.545310094839909 ] } },
{ "type": "Feature", "properties": { "element": "way", "id": "306379143", "amenity": "nan", "name": "武汉大学科学技术发展研究院", "access": "nan", "barrier": "nan", "bicycle": "nan", "foot": "nan", "motor_vehi": "nan", "opening_ho": "nan", "alt_name": "nan", "old_name": "nan", "locked": "nan", "leisure": "nan", "sport": "nan", "horse": "nan", "brand": "nan", "brand_en": "nan", "brand_wiki": "nan", "brand_wi_1": "nan", "brand_zh": "nan", "cuisine": "nan", "level": "nan", "name_en": "nan", "name_zh": "nan", "takeaway": "nan", "diet_halal": "nan", "addr_city": "nan", "addr_distr": "nan", "addr_postc": "nan", "addr_provi": "nan", "addr_stree": "nan", "building": "university", "fee": "nan", "diet_meat": "nan", "note": "nan", "outdoor_se": "nan", "brand_zh-H": "nan", "brand_zh_1": "nan", "delivery": "nan", "name_zh-Ha": "nan", "name_zh-_1": "nan", "layer": "nan", "fast_food": "nan", "brand_zh-L": "nan", "name_zh-La": "nan", "surface": "nan", "addr_place": "nan", "addr_unit": "nan", "nohousenum": "nan", "roof_colou": "nan", "emergency": "nan", "healthcare": "nan", "healthca_1": "nan", "loc_name": "nan", "operator": "nan", "website": "nan", "wheelchair": "nan", "building_c": "nan", "building_l": "nan", "museum": "nan", "tourism": "nan", "official_n": "nan", "wikimedia_": "nan", "office": "nan", "int_name": "nan", "height": "nan", "short_name": "nan", "wikidata": "nan", "wikipedia": "nan", "historic": "nan", "roof_orien": "nan", "roof_shape": "nan", "addr_house": "nan", "addr_hou_1": "nan", "power": "nan", "building_u": "nan", "flickr": "nan", "education": "nan", "ref": "nan", "athletics": "nan", "man_made": "nan", "ceremonial": "nan", "inscriptio": "nan", "material": "nan", "start_date": "nan", "bicycle_pa": "nan", "shelter_ty": "nan", "playground": "nan", "disused": "nan", "type": "nan", "addr_count": "nan", "internet_a": "nan", "name_de": "nan", "name_es": "nan", "name_fr": "nan", "name_it": "nan", "name_ja": "nan", "short_na_1": "nan", "short_na_2": "nan", "designatio": "nan", "path": "Point?crs=EPSG:4326&field=element:string(80,0)&field=id:string(80,0)&field=amenity:string(80,0)&field=name:string(80,0)&field=access:string(80,0)&field=barrier:string(80,0)&field=bicycle:string(80,0)&field=foot:string(80,0)&field=motor_vehi:string(80,0)&", "poi_tpye": "office" }, "geometry": { "type": "Point", "coordinates": [ 114.354081473522854, 30.544879455645692 ] } },
{ "type": "Feature", "properties": { "element": "node", "id": "1199819000", "amenity": "nan", "name": "洪波门", "access": "permit", "barrier": "gate", "bicycle": "no", "foot": "permit", "motor_vehi": "no", "opening_ho": "Mo-Su 07:00-22:00", "alt_name": "nan", "old_name": "桃园门", "locked": "nan", "leisure": "nan", "sport": "nan", "horse": "nan", "brand": "nan", "brand_en": "nan", "brand_wiki": "nan", "brand_wi_1": "nan", "brand_zh": "nan", "cuisine": "nan", "level": "nan", "name_en": "nan", "name_zh": "nan", "takeaway": "nan", "diet_halal": "nan", "addr_city": "nan", "addr_distr": "nan", "addr_postc": "nan", "addr_provi": "nan", "addr_stree": "nan", "building": "nan", "fee": "nan", "diet_meat": "nan", "note": "nan", "outdoor_se": "nan", "brand_zh-H": "nan", "brand_zh_1": "nan", "delivery": "nan", "name_zh-Ha": "nan", "name_zh-_1": "nan", "layer": "nan", "fast_food": "nan", "brand_zh-L": "nan", "name_zh-La": "nan", "surface": "nan", "addr_place": "nan", "addr_unit": "nan", "nohousenum": "nan", "roof_colou": "nan", "emergency": "nan", "healthcare": "nan", "healthca_1": "nan", "loc_name": "nan", "operator": "nan", "website": "nan", "wheelchair": "nan", "building_c": "nan", "building_l": "nan", "museum": "nan", "tourism": "nan", "official_n": "nan", "wikimedia_": "nan", "office": "nan", "int_name": "nan", "height": "nan", "short_name": "nan", "wikidata": "nan", "wikipedia": "nan", "historic": "nan", "roof_orien": "nan", "roof_shape": "nan", "addr_house": "nan", "addr_hou_1": "nan", "power": "nan", "building_u": "nan", "flickr": "nan", "education": "nan", "ref": "nan", "athletics": "nan", "man_made": "nan", "ceremonial": "nan", "inscriptio": "nan", "material": "nan", "start_date": "nan", "bicycle_pa": "nan", "shelter_ty": "nan", "playground": "nan", "disused": "nan", "type": "nan", "addr_count": "nan", "internet_a": "nan", "name_de": "nan", "name_es": "nan", "name_fr": "nan", "name_it": "nan", "name_ja": "nan", "short_na_1": "nan", "short_na_2": "nan", "designatio": "nan", "path": "G:/ShiKongShuJuWaJue/WHU_ElectricalBike/whu_spatial_data/whu_pois.shp", "poi_tpye": "gate" }, "geometry": { "type": "Point", "coordinates": [ 114.360592, 30.5475755 ] } },
{ "type": "Feature", "properties": { "element": "node", "id": "1197839325", "amenity": "nan", "name": "澄波门", "access": "permit", "barrier": "gate", "bicycle": "permit", "foot": "permit", "motor_vehi": "no", "opening_ho": "nan", "alt_name": "nan", "old_name": "nan", "locked": "nan", "leisure": "nan", "sport": "nan", "horse": "nan", "brand": "nan", "brand_en": "nan", "brand_wiki": "nan", "brand_wi_1": "nan", "brand_zh": "nan", "cuisine": "nan", "level": "nan", "name_en": "nan", "name_zh": "nan", "takeaway": "nan", "diet_halal": "nan", "addr_city": "nan", "addr_distr": "nan", "addr_postc": "nan", "addr_provi": "nan", "addr_stree": "nan", "building": "nan", "fee": "nan", "diet_meat": "nan", "note": "nan", "outdoor_se": "nan", "brand_zh-H": "nan", "brand_zh_1": "nan", "delivery": "nan", "name_zh-Ha": "nan", "name_zh-_1": "nan", "layer": "nan", "fast_food": "nan", "brand_zh-L": "nan", "name_zh-La": "nan", "surface": "nan", "addr_place": "nan", "addr_unit": "nan", "nohousenum": "nan", "roof_colou": "nan", "emergency": "nan", "healthcare": "nan", "healthca_1": "nan", "loc_name": "nan", "operator": "nan", "website": "nan", "wheelchair": "nan", "building_c": "nan", "building_l": "nan", "museum": "nan", "tourism": "nan", "official_n": "nan", "wikimedia_": "nan", "office": "nan", "int_name": "nan", "height": "nan", "short_name": "nan", "wikidata": "nan", "wikipedia": "nan", "historic": "nan", "roof_orien": "nan", "roof_shape": "nan", "addr_house": "nan", "addr_hou_1": "nan", "power": "nan", "building_u": "nan", "flickr": "nan", "education": "nan", "ref": "nan", "athletics": "nan", "man_made": "nan", "ceremonial": "nan", "inscriptio": "nan", "material": "nan", "start_date": "nan", "bicycle_pa": "nan", "shelter_ty": "nan", "playground": "nan", "disused": "nan", "type": "nan", "addr_count": "nan", "internet_a": "nan", "name_de": "nan", "name_es": "nan", "name_fr": "nan", "name_it": "nan", "name_ja": "nan", "short_na_1": "nan", "short_na_2": "nan", "designatio": "nan", "path": "G:/ShiKongShuJuWaJue/WHU_ElectricalBike/whu_spatial_data/whu_pois.shp", "poi_tpye": "gate" }, "geometry": { "type": "Point", "coordinates": [ 114.3521343, 30.546276 ] } },
{ "type": "Feature", "properties": { "element": "way", "id": "306379133", "amenity": "clinic", "name": "武汉大学医院一门诊部", "access": "nan", "barrier": "nan", "bicycle": "nan", "foot": "nan", "motor_vehi": "nan", "opening_ho": "Mo-Fr 08:00-18:00", "alt_name": "武汉大学医院工学部院区", "old_name": "nan", "locked": "nan", "leisure": "nan", "sport": "nan", "horse": "nan", "brand": "nan", "brand_en": "nan", "brand_wiki": "nan", "brand_wi_1": "nan", "brand_zh": "nan", "cuisine": "nan", "level": "nan", "name_en": "nan", "name_zh": "nan", "takeaway": "nan", "diet_halal": "nan", "addr_city": "nan", "addr_distr": "nan", "addr_postc": "nan", "addr_provi": "nan", "addr_stree": "nan", "building": "clinic", "fee": "nan", "diet_meat": "nan", "note": "nan", "outdoor_se": "nan", "brand_zh-H": "nan", "brand_zh_1": "nan", "delivery": "nan", "name_zh-Ha": "nan", "name_zh-_1": "nan", "layer": "nan", "fast_food": "nan", "brand_zh-L": "nan", "name_zh-La": "nan", "surface": "nan", "addr_place": "nan", "addr_unit": "nan", "nohousenum": "nan", "roof_colou": "nan", "emergency": "nan", "healthcare": "clinic", "healthca_1": "general;surgery;stomatology;blood_check;radiology;community;psychiatry;ophthalmology;gynaecology;traditional_chinese_medicine", "loc_name": "工学部校医院", "operator": "武汉大学医院", "website": "https://hospital.whu.edu.cn/", "wheelchair": "nan", "building_c": "nan", "building_l": "nan", "museum": "nan", "tourism": "nan", "official_n": "nan", "wikimedia_": "nan", "office": "nan", "int_name": "nan", "height": "nan", "short_name": "nan", "wikidata": "nan", "wikipedia": "nan", "historic": "nan", "roof_orien": "nan", "roof_shape": "nan", "addr_house": "nan", "addr_hou_1": "nan", "power": "nan", "building_u": "nan", "flickr": "nan", "education": "nan", "ref": "nan", "athletics": "nan", "man_made": "nan", "ceremonial": "nan", "inscriptio": "nan", "material": "nan", "start_date": "nan", "bicycle_pa": "nan", "shelter_ty": "nan", "playground": "nan", "disused": "nan", "type": "nan", "addr_count": "nan", "internet_a": "nan", "name_de": "nan", "name_es": "nan", "name_fr": "nan", "name_it": "nan", "name_ja": "nan", "short_na_1": "nan", "short_na_2": "nan", "designatio": "nan", "path": "Point?crs=EPSG:4326&field=element:string(80,0)&field=id:string(80,0)&field=amenity:string(80,0)&field=name:string(80,0)&field=access:string(80,0)&field=barrier:string(80,0)&field=bicycle:string(80,0)&field=foot:string(80,0)&field=motor_vehi:string(80,0)&", "poi_tpye": "hospital" }, "geometry": { "type": "Point", "coordinates": [ 114.353999198110387, 30.544193783270945 ] } },
{ "type": "Feature", "properties": { "element": "node", "id": "10743000841", "amenity": "cafe", "name": "古茗", "access": "nan", "barrier": "nan", "bicycle": "nan", "foot": "nan", "motor_vehi": "nan", "opening_ho": "nan", "alt_name": "nan", "old_name": "nan", "locked": "nan", "leisure": "nan", "sport": "nan", "horse": "nan", "brand": "古茗", "brand_en": "Good me", "brand_wiki": "Q101500324", "brand_wi_1": "nan", "brand_zh": "古茗", "cuisine": "bubble_tea", "level": "nan", "name_en": "Good me", "name_zh": "古茗", "takeaway": "yes", "diet_halal": "nan", "addr_city": "nan", "addr_distr": "nan", "addr_postc": "nan", "addr_provi": "nan", "addr_stree": "nan", "building": "nan", "fee": "nan", "diet_meat": "nan", "note": "nan", "outdoor_se": "nan", "brand_zh-H": "nan", "brand_zh_1": "nan", "delivery": "nan", "name_zh-Ha": "nan", "name_zh-_1": "nan", "layer": "nan", "fast_food": "nan", "brand_zh-L": "nan", "name_zh-La": "nan", "surface": "nan", "addr_place": "nan", "addr_unit": "nan", "nohousenum": "nan", "roof_colou": "nan", "emergency": "nan", "healthcare": "nan", "healthca_1": "nan", "loc_name": "nan", "operator": "nan", "website": "nan", "wheelchair": "nan", "building_c": "nan", "building_l": "nan", "museum": "nan", "tourism": "nan", "official_n": "nan", "wikimedia_": "nan", "office": "nan", "int_name": "nan", "height": "nan", "short_name": "nan", "wikidata": "nan", "wikipedia": "nan", "historic": "nan", "roof_orien": "nan", "roof_shape": "nan", "addr_house": "nan", "addr_hou_1": "nan", "power": "nan", "building_u": "nan", "flickr": "nan", "education": "nan", "ref": "nan", "athletics": "nan", "man_made": "nan", "ceremonial": "nan", "inscriptio": "nan", "material": "nan", "start_date": "nan", "bicycle_pa": "nan", "shelter_ty": "nan", "playground": "nan", "disused": "nan", "type": "nan", "addr_count": "nan", "internet_a": "nan", "name_de": "nan", "name_es": "nan", "name_fr": "nan", "name_it": "nan", "name_ja": "nan", "short_na_1": "nan", "short_na_2": "nan", "designatio": "nan", "path": "G:/ShiKongShuJuWaJue/WHU_ElectricalBike/whu_spatial_data/whu_pois.shp", "poi_tpye": "food" }, "geometry": { "type": "Point", "coordinates": [ 114.3544107, 30.5301551 ] } },
{ "type": "Feature", "properties": { "element": "way", "id": "306379132", "amenity": "nan", "name": "明珠园酒店", "access": "nan", "barrier": "nan", "bicycle": "nan", "foot": "nan", "motor_vehi": "nan", "opening_ho": "nan", "alt_name": "nan", "old_name": "nan", "locked": "nan", "leisure": "nan", "sport": "nan", "horse": "nan", "brand": "nan", "brand_en": "nan", "brand_wiki": "nan", "brand_wi_1": "nan", "brand_zh": "nan", "cuisine": "nan", "level": "nan", "name_en": "nan", "name_zh": "nan", "takeaway": "nan", "diet_halal": "nan", "addr_city": "nan", "addr_distr": "nan", "addr_postc": "nan", "addr_provi": "nan", "addr_stree": "nan", "building": "yes", "fee": "nan", "diet_meat": "nan", "note": "nan", "outdoor_se": "nan", "brand_zh-H": "nan", "brand_zh_1": "nan", "delivery": "nan", "name_zh-Ha": "nan", "name_zh-_1": "nan", "layer": "nan", "fast_food": "nan", "brand_zh-L": "nan", "name_zh-La": "nan", "surface": "nan", "addr_place": "nan", "addr_unit": "nan", "nohousenum": "nan", "roof_colou": "nan", "emergency": "nan", "healthcare": "nan", "healthca_1": "nan", "loc_name": "nan", "operator": "nan", "website": "nan", "wheelchair": "nan", "building_c": "nan", "building_l": "nan", "museum": "nan", "tourism": "hotel", "official_n": "nan", "wikimedia_": "nan", "office": "nan", "int_name": "nan", "height": "nan", "short_name": "nan", "wikidata": "nan", "wikipedia": "nan", "historic": "nan", "roof_orien": "nan", "roof_shape": "nan", "addr_house": "nan", "addr_hou_1": "nan", "power": "nan", "building_u": "nan", "flickr": "nan", "education": "nan", "ref": "nan", "athletics": "nan", "man_made": "nan", "ceremonial": "nan", "inscriptio": "nan", "material": "nan", "start_date": "nan", "bicycle_pa": "nan", "shelter_ty": "nan", "playground": "nan", "disused": "nan", "type": "nan", "addr_count": "nan", "internet_a": "nan", "name_de": "nan", "name_es": "nan", "name_fr": "nan", "name_it": "nan", "name_ja": "nan", "short_na_1": "nan", "short_na_2": "nan", "designatio": "nan", "path": "Point?crs=EPSG:4326&field=element:string(80,0)&field=id:string(80,0)&field=amenity:string(80,0)&field=name:string(80,0)&field=access:string(80,0)&field=barrier:string(80,0)&field=bicycle:string(80,0)&field=foot:string(80,0)&field=motor_vehi:string(80,0)&" }, "geometry": { "type": "Point", "coordinates": [ 114.353447716696778, 30.544416246957294 ] } },
{ "type": "Feature", "properties": { "element": "node", "id": "10743000840", "amenity": "cafe", "name": "茶颜悦色", "access": "nan", "barrier": "nan", "bicycle": "nan", "foot": "nan", "motor_vehi": "nan", "opening_ho": "nan", "alt_name": "nan", "old_name": "nan", "locked": "nan", "leisure": "nan", "sport": "nan", "horse": "nan", "brand": "茶颜悦色", "brand_en": "Sexytea", "brand_wiki": "Q60992994", "brand_wi_1": "nan", "brand_zh": "茶颜悦色", "cuisine": "bubble_tea", "level": "nan", "name_en": "Sexytea", "name_zh": "茶颜悦色", "takeaway": "yes", "diet_halal": "nan", "addr_city": "nan", "addr_distr": "nan", "addr_postc": "nan", "addr_provi": "nan", "addr_stree": "nan", "building": "nan", "fee": "nan", "diet_meat": "nan", "note": "新开", "outdoor_se": "no", "brand_zh-H": "nan", "brand_zh_1": "nan", "delivery": "nan", "name_zh-Ha": "nan", "name_zh-_1": "nan", "layer": "nan", "fast_food": "nan", "brand_zh-L": "nan", "name_zh-La": "nan", "surface": "nan", "addr_place": "nan", "addr_unit": "nan", "nohousenum": "nan", "roof_colou": "nan", "emergency": "nan", "healthcare": "nan", "healthca_1": "nan", "loc_name": "nan", "operator": "nan", "website": "nan", "wheelchair": "nan", "building_c": "nan", "building_l": "nan", "museum": "nan", "tourism": "nan", "official_n": "nan", "wikimedia_": "nan", "office": "nan", "int_name": "nan", "height": "nan", "short_name": "nan", "wikidata": "nan", "wikipedia": "nan", "historic": "nan", "roof_orien": "nan", "roof_shape": "nan", "addr_house": "nan", "addr_hou_1": "nan", "power": "nan", "building_u": "nan", "flickr": "nan", "education": "nan", "ref": "nan", "athletics": "nan", "man_made": "nan", "ceremonial": "nan", "inscriptio": "nan", "material": "nan", "start_date": "nan", "bicycle_pa": "nan", "shelter_ty": "nan", "playground": "nan", "disused": "nan", "type": "nan", "addr_count": "nan", "internet_a": "nan", "name_de": "nan", "name_es": "nan", "name_fr": "nan", "name_it": "nan", "name_ja": "nan", "short_na_1": "nan", "short_na_2": "nan", "designatio": "nan", "path": "G:/ShiKongShuJuWaJue/WHU_ElectricalBike/whu_spatial_data/whu_pois.shp", "poi_tpye": "food" }, "geometry": { "type": "Point", "coordinates": [ 114.3545326, 30.530154199999984 ] } },
{ "type": "Feature", "properties": { "element": "node", "id": "10743000838", "amenity": "restaurant", "name": "初汀", "access": "nan", "barrier": "nan", "bicycle": "nan", "foot": "nan", "motor_vehi": "nan", "opening_ho": "nan", "alt_name": "nan", "old_name": "nan", "locked": "nan", "leisure": "nan", "sport": "nan", "horse": "nan", "brand": "nan", "brand_en": "nan", "brand_wiki": "nan", "brand_wi_1": "nan", "brand_zh": "nan", "cuisine": "cake;dessert", "level": "nan", "name_en": "nan", "name_zh": "nan", "takeaway": "nan", "diet_halal": "nan", "addr_city": "nan", "addr_distr": "nan", "addr_postc": "nan", "addr_provi": "nan", "addr_stree": "nan", "building": "nan", "fee": "nan", "diet_meat": "yes", "note": "nan", "outdoor_se": "nan", "brand_zh-H": "nan", "brand_zh_1": "nan", "delivery": "nan", "name_zh-Ha": "nan", "name_zh-_1": "nan", "layer": "nan", "fast_food": "nan", "brand_zh-L": "nan", "name_zh-La": "nan", "surface": "nan", "addr_place": "nan", "addr_unit": "nan", "nohousenum": "nan", "roof_colou": "nan", "emergency": "nan", "healthcare": "nan", "healthca_1": "nan", "loc_name": "nan", "operator": "nan", "website": "nan", "wheelchair": "nan", "building_c": "nan", "building_l": "nan", "museum": "nan", "tourism": "nan", "official_n": "nan", "wikimedia_": "nan", "office": "nan", "int_name": "nan", "height": "nan", "short_name": "nan", "wikidata": "nan", "wikipedia": "nan", "historic": "nan", "roof_orien": "nan", "roof_shape": "nan", "addr_house": "nan", "addr_hou_1": "nan", "power": "nan", "building_u": "nan", "flickr": "nan", "education": "nan", "ref": "nan", "athletics": "nan", "man_made": "nan", "ceremonial": "nan", "inscriptio": "nan", "material": "nan", "start_date": "nan", "bicycle_pa": "nan", "shelter_ty": "nan", "playground": "nan", "disused": "nan", "type": "nan", "addr_count": "nan", "internet_a": "nan", "name_de": "nan", "name_es": "nan", "name_fr": "nan", "name_it": "nan", "name_ja": "nan", "short_na_1": "nan", "short_na_2": "nan", "designatio": "nan", "path": "G:/ShiKongShuJuWaJue/WHU_ElectricalBike/whu_spatial_data/whu_pois.shp", "poi_tpye": "food" }, "geometry": { "type": "Point", "coordinates": [ 114.3546728, 30.5301533 ] } },
{ "type": "Feature", "properties": { "element": "way", "id": "306232326", "amenity": "nan", "name": "保卫部楼", "access": "nan", "barrier": "nan", "bicycle": "nan", "foot": "nan", "motor_vehi": "nan", "opening_ho": "nan", "alt_name": "nan", "old_name": "nan", "locked": "nan", "leisure": "nan", "sport": "nan", "horse": "nan", "brand": "nan", "brand_en": "nan", "brand_wiki": "nan", "brand_wi_1": "nan", "brand_zh": "nan", "cuisine": "nan", "level": "nan", "name_en": "nan", "name_zh": "nan", "takeaway": "nan", "diet_halal": "nan", "addr_city": "nan", "addr_distr": "nan", "addr_postc": "nan", "addr_provi": "nan", "addr_stree": "nan", "building": "office", "fee": "nan", "diet_meat": "nan", "note": "nan", "outdoor_se": "nan", "brand_zh-H": "nan", "brand_zh_1": "nan", "delivery": "nan", "name_zh-Ha": "nan", "name_zh-_1": "nan", "layer": "nan", "fast_food": "nan", "brand_zh-L": "nan", "name_zh-La": "nan", "surface": "nan", "addr_place": "nan", "addr_unit": "nan", "nohousenum": "nan", "roof_colou": "nan", "emergency": "nan", "healthcare": "nan", "healthca_1": "nan", "loc_name": "nan", "operator": "nan", "website": "nan", "wheelchair": "nan", "building_c": "nan", "building_l": "nan", "museum": "nan", "tourism": "nan", "official_n": "nan", "wikimedia_": "nan", "office": "nan", "int_name": "nan", "height": "nan", "short_name": "nan", "wikidata": "nan", "wikipedia": "nan", "historic": "nan", "roof_orien": "nan", "roof_shape": "nan", "addr_house": "nan", "addr_hou_1": "nan", "power": "nan", "building_u": "nan", "flickr": "nan", "education": "nan", "ref": "nan", "athletics": "nan", "man_made": "nan", "ceremonial": "nan", "inscriptio": "nan", "material": "nan", "start_date": "nan", "bicycle_pa": "nan", "shelter_ty": "nan", "playground": "nan", "disused": "nan", "type": "nan", "addr_count": "nan", "internet_a": "nan", "name_de": "nan", "name_es": "nan", "name_fr": "nan", "name_it": "nan", "name_ja": "nan", "short_na_1": "nan", "short_na_2": "nan", "designatio": "nan", "path": "Point?crs=EPSG:4326&field=element:string(80,0)&field=id:string(80,0)&field=amenity:string(80,0)&field=name:string(80,0)&field=access:string(80,0)&field=barrier:string(80,0)&field=bicycle:string(80,0)&field=foot:string(80,0)&field=motor_vehi:string(80,0)&", "poi_tpye": "office" }, "geometry": { "type": "Point", "coordinates": [ 114.354891249673329, 30.545769823097569 ] } },
{ "type": "Feature", "properties": { "element": "node", "id": "10742578168", "amenity": "nan", "name": "羽毛球场", "access": "nan", "barrier": "nan", "bicycle": "nan", "foot": "nan", "motor_vehi": "nan", "opening_ho": "nan", "alt_name": "nan", "old_name": "nan", "locked": "nan", "leisure": "pitch", "sport": "badminton", "horse": "nan", "brand": "nan", "brand_en": "nan", "brand_wiki": "nan", "brand_wi_1": "nan", "brand_zh": "nan", "cuisine": "nan", "level": "nan", "name_en": "nan", "name_zh": "nan", "takeaway": "nan", "diet_halal": "nan", "addr_city": "nan", "addr_distr": "nan", "addr_postc": "nan", "addr_provi": "nan", "addr_stree": "nan", "building": "nan", "fee": "nan", "diet_meat": "nan", "note": "nan", "outdoor_se": "nan", "brand_zh-H": "nan", "brand_zh_1": "nan", "delivery": "nan", "name_zh-Ha": "nan", "name_zh-_1": "nan", "layer": "nan", "fast_food": "nan", "brand_zh-L": "nan", "name_zh-La": "nan", "surface": "nan", "addr_place": "nan", "addr_unit": "nan", "nohousenum": "nan", "roof_colou": "nan", "emergency": "nan", "healthcare": "nan", "healthca_1": "nan", "loc_name": "nan", "operator": "nan", "website": "nan", "wheelchair": "nan", "building_c": "nan", "building_l": "nan", "museum": "nan", "tourism": "nan", "official_n": "nan", "wikimedia_": "nan", "office": "nan", "int_name": "nan", "height": "nan", "short_name": "nan", "wikidata": "nan", "wikipedia": "nan", "historic": "nan", "roof_orien": "nan", "roof_shape": "nan", "addr_house": "nan", "addr_hou_1": "nan", "power": "nan", "building_u": "nan", "flickr": "nan", "education": "nan", "ref": "nan", "athletics": "nan", "man_made": "nan", "ceremonial": "nan", "inscriptio": "nan", "material": "nan", "start_date": "nan", "bicycle_pa": "nan", "shelter_ty": "nan", "playground": "nan", "disused": "nan", "type": "nan", "addr_count": "nan", "internet_a": "nan", "name_de": "nan", "name_es": "nan", "name_fr": "nan", "name_it": "nan", "name_ja": "nan", "short_na_1": "nan", "short_na_2": "nan", "designatio": "nan", "path": "G:/ShiKongShuJuWaJue/WHU_ElectricalBike/whu_spatial_data/whu_pois.shp", "poi_tpye": "sports" }, "geometry": { "type": "Point", "coordinates": [ 114.3568203, 30.5298728 ] } },
{ "type": "Feature", "properties": { "element": "way", "id": "306232324", "amenity": "nan", "name": "力学实验楼", "access": "nan", "barrier": "nan", "bicycle": "nan", "foot": "nan", "motor_vehi": "nan", "opening_ho": "nan", "alt_name": "nan", "old_name": "nan", "locked": "nan", "leisure": "nan", "sport": "nan", "horse": "nan", "brand": "nan", "brand_en": "nan", "brand_wiki": "nan", "brand_wi_1": "nan", "brand_zh": "nan", "cuisine": "nan", "level": "nan", "name_en": "nan", "name_zh": "nan", "takeaway": "nan", "diet_halal": "nan", "addr_city": "nan", "addr_distr": "nan", "addr_postc": "nan", "addr_provi": "nan", "addr_stree": "nan", "building": "university", "fee": "nan", "diet_meat": "nan", "note": "nan", "outdoor_se": "nan", "brand_zh-H": "nan", "brand_zh_1": "nan", "delivery": "nan", "name_zh-Ha": "nan", "name_zh-_1": "nan", "layer": "nan", "fast_food": "nan", "brand_zh-L": "nan", "name_zh-La": "nan", "surface": "nan", "addr_place": "nan", "addr_unit": "nan", "nohousenum": "nan", "roof_colou": "nan", "emergency": "nan", "healthcare": "nan", "healthca_1": "nan", "loc_name": "nan", "operator": "nan", "website": "nan", "wheelchair": "nan", "building_c": "nan", "building_l": "nan", "museum": "nan", "tourism": "nan", "official_n": "nan", "wikimedia_": "nan", "office": "nan", "int_name": "nan", "height": "nan", "short_name": "nan", "wikidata": "nan", "wikipedia": "nan", "historic": "nan", "roof_orien": "nan", "roof_shape": "nan", "addr_house": "nan", "addr_hou_1": "nan", "power": "nan", "building_u": "nan", "flickr": "nan", "education": "nan", "ref": "nan", "athletics": "nan", "man_made": "nan", "ceremonial": "nan", "inscriptio": "nan", "material": "nan", "start_date": "nan", "bicycle_pa": "nan", "shelter_ty": "nan", "playground": "nan", "disused": "nan", "type": "nan", "addr_count": "nan", "internet_a": "nan", "name_de": "nan", "name_es": "nan", "name_fr": "nan", "name_it": "nan", "name_ja": "nan", "short_na_1": "nan", "short_na_2": "nan", "designatio": "nan", "path": "Point?crs=EPSG:4326&field=element:string(80,0)&field=id:string(80,0)&field=amenity:string(80,0)&field=name:string(80,0)&field=access:string(80,0)&field=barrier:string(80,0)&field=bicycle:string(80,0)&field=foot:string(80,0)&field=motor_vehi:string(80,0)&", "poi_tpye": "teaching_building" }, "geometry": { "type": "Point", "coordinates": [ 114.354674967244677, 30.546368859605018 ] } },
{ "type": "Feature", "properties": { "element": "node", "id": "10742576350", "amenity": "restaurant", "name": "黄蜀郎鸡公煲", "access": "nan", "barrier": "nan", "bicycle": "nan", "foot": "nan", "motor_vehi": "nan", "opening_ho": "nan", "alt_name": "nan", "old_name": "nan", "locked": "nan", "leisure": "nan", "sport": "nan", "horse": "nan", "brand": "nan", "brand_en": "nan", "brand_wiki": "nan", "brand_wi_1": "nan", "brand_zh": "nan", "cuisine": "nan", "level": "nan", "name_en": "nan", "name_zh": "nan", "takeaway": "nan", "diet_halal": "nan", "addr_city": "nan", "addr_distr": "nan", "addr_postc": "nan", "addr_provi": "nan", "addr_stree": "nan", "building": "nan", "fee": "nan", "diet_meat": "nan", "note": "nan", "outdoor_se": "nan", "brand_zh-H": "nan", "brand_zh_1": "nan", "delivery": "nan", "name_zh-Ha": "nan", "name_zh-_1": "nan", "layer": "nan", "fast_food": "nan", "brand_zh-L": "nan", "name_zh-La": "nan", "surface": "nan", "addr_place": "nan", "addr_unit": "nan", "nohousenum": "nan", "roof_colou": "nan", "emergency": "nan", "healthcare": "nan", "healthca_1": "nan", "loc_name": "nan", "operator": "nan", "website": "nan", "wheelchair": "nan", "building_c": "nan", "building_l": "nan", "museum": "nan", "tourism": "nan", "official_n": "nan", "wikimedia_": "nan", "office": "nan", "int_name": "nan", "height": "nan", "short_name": "nan", "wikidata": "nan", "wikipedia": "nan", "historic": "nan", "roof_orien": "nan", "roof_shape": "nan", "addr_house": "nan", "addr_hou_1": "nan", "power": "nan", "building_u": "nan", "flickr": "nan", "education": "nan", "ref": "nan", "athletics": "nan", "man_made": "nan", "ceremonial": "nan", "inscriptio": "nan", "material": "nan", "start_date": "nan", "bicycle_pa": "nan", "shelter_ty": "nan", "playground": "nan", "disused": "nan", "type": "nan", "addr_count": "nan", "internet_a": "nan", "name_de": "nan", "name_es": "nan", "name_fr": "nan", "name_it": "nan", "name_ja": "nan", "short_na_1": "nan", "short_na_2": "nan", "designatio": "nan", "path": "G:/ShiKongShuJuWaJue/WHU_ElectricalBike/whu_spatial_data/whu_pois.shp", "poi_tpye": "food" }, "geometry": { "type": "Point", "coordinates": [ 114.3530757, 30.54375 ] } },
{ "type": "Feature", "properties": { "element": "node", "id": "9655586490", "amenity": "nan", "name": "大学生体育活动中心", "access": "nan", "barrier": "nan", "bicycle": "nan", "foot": "nan", "motor_vehi": "nan", "opening_ho": "nan", "alt_name": "nan", "old_name": "nan", "locked": "nan", "leisure": "sports_centre", "sport": "nan", "horse": "nan", "brand": "nan", "brand_en": "nan", "brand_wiki": "nan", "brand_wi_1": "nan", "brand_zh": "nan", "cuisine": "nan", "level": "nan", "name_en": "nan", "name_zh": "nan", "takeaway": "nan", "diet_halal": "nan", "addr_city": "武汉市", "addr_distr": "武昌区", "addr_postc": "430072", "addr_provi": "湖北省", "addr_stree": "珞狮北路", "building": "house", "fee": "no", "diet_meat": "nan", "note": "nan", "outdoor_se": "nan", "brand_zh-H": "nan", "brand_zh_1": "nan", "delivery": "nan", "name_zh-Ha": "nan", "name_zh-_1": "nan", "layer": "nan", "fast_food": "nan", "brand_zh-L": "nan", "name_zh-La": "nan", "surface": "nan", "addr_place": "nan", "addr_unit": "nan", "nohousenum": "nan", "roof_colou": "nan", "emergency": "nan", "healthcare": "nan", "healthca_1": "nan", "loc_name": "nan", "operator": "nan", "website": "nan", "wheelchair": "nan", "building_c": "nan", "building_l": "nan", "museum": "nan", "tourism": "nan", "official_n": "nan", "wikimedia_": "nan", "office": "nan", "int_name": "nan", "height": "nan", "short_name": "nan", "wikidata": "nan", "wikipedia": "nan", "historic": "nan", "roof_orien": "nan", "roof_shape": "nan", "addr_house": "nan", "addr_hou_1": "nan", "power": "nan", "building_u": "nan", "flickr": "nan", "education": "nan", "ref": "nan", "athletics": "nan", "man_made": "nan", "ceremonial": "nan", "inscriptio": "nan", "material": "nan", "start_date": "nan", "bicycle_pa": "nan", "shelter_ty": "nan", "playground": "nan", "disused": "nan", "type": "nan", "addr_count": "nan", "internet_a": "nan", "name_de": "nan", "name_es": "nan", "name_fr": "nan", "name_it": "nan", "name_ja": "nan", "short_na_1": "nan", "short_na_2": "nan", "designatio": "nan", "path": "G:/ShiKongShuJuWaJue/WHU_ElectricalBike/whu_spatial_data/whu_pois.shp", "poi_tpye": "sports" }, "geometry": { "type": "Point", "coordinates": [ 114.3522209, 30.5389359 ] } },
{ "type": "Feature", "properties": { "element": "node", "id": "9555904999", "amenity": "restaurant", "name": "五洲餐厅", "access": "nan", "barrier": "nan", "bicycle": "nan", "foot": "nan", "motor_vehi": "nan", "opening_ho": "nan", "alt_name": "nan", "old_name": "nan", "locked": "nan", "leisure": "nan", "sport": "nan", "horse": "nan", "brand": "nan", "brand_en": "nan", "brand_wiki": "nan", "brand_wi_1": "nan", "brand_zh": "nan", "cuisine": "nan", "level": "nan", "name_en": "nan", "name_zh": "nan", "takeaway": "nan", "diet_halal": "nan", "addr_city": "nan", "addr_distr": "nan", "addr_postc": "nan", "addr_provi": "nan", "addr_stree": "nan", "building": "nan", "fee": "nan", "diet_meat": "nan", "note": "nan", "outdoor_se": "nan", "brand_zh-H": "nan", "brand_zh_1": "nan", "delivery": "nan", "name_zh-Ha": "nan", "name_zh-_1": "nan", "layer": "nan", "fast_food": "nan", "brand_zh-L": "nan", "name_zh-La": "nan", "surface": "nan", "addr_place": "nan", "addr_unit": "nan", "nohousenum": "nan", "roof_colou": "nan", "emergency": "nan", "healthcare": "nan", "healthca_1": "nan", "loc_name": "nan", "operator": "nan", "website": "nan", "wheelchair": "nan", "building_c": "nan", "building_l": "nan", "museum": "nan", "tourism": "nan", "official_n": "nan", "wikimedia_": "nan", "office": "nan", "int_name": "nan", "height": "nan", "short_name": "nan", "wikidata": "nan", "wikipedia": "nan", "historic": "nan", "roof_orien": "nan", "roof_shape": "nan", "addr_house": "nan", "addr_hou_1": "nan", "power": "nan", "building_u": "nan", "flickr": "nan", "education": "nan", "ref": "nan", "athletics": "nan", "man_made": "nan", "ceremonial": "nan", "inscriptio": "nan", "material": "nan", "start_date": "nan", "bicycle_pa": "nan", "shelter_ty": "nan", "playground": "nan", "disused": "nan", "type": "nan", "addr_count": "nan", "internet_a": "nan", "name_de": "nan", "name_es": "nan", "name_fr": "nan", "name_it": "nan", "name_ja": "nan", "short_na_1": "nan", "short_na_2": "nan", "designatio": "nan", "path": "G:/ShiKongShuJuWaJue/WHU_ElectricalBike/whu_spatial_data/whu_pois.shp", "poi_tpye": "cafeteria" }, "geometry": { "type": "Point", "coordinates": [ 114.35275080000001, 30.5325215 ] } },
{ "type": "Feature", "properties": { "element": "way", "id": "306232321", "amenity": "nan", "name": "武汉大学信息中心", "access": "nan", "barrier": "nan", "bicycle": "nan", "foot": "nan", "motor_vehi": "nan", "opening_ho": "nan", "alt_name": "nan", "old_name": "nan", "locked": "nan", "leisure": "nan", "sport": "nan", "horse": "nan", "brand": "nan", "brand_en": "nan", "brand_wiki": "nan", "brand_wi_1": "nan", "brand_zh": "nan", "cuisine": "nan", "level": "nan", "name_en": "nan", "name_zh": "nan", "takeaway": "nan", "diet_halal": "nan", "addr_city": "nan", "addr_distr": "nan", "addr_postc": "nan", "addr_provi": "nan", "addr_stree": "nan", "building": "office", "fee": "nan", "diet_meat": "nan", "note": "nan", "outdoor_se": "nan", "brand_zh-H": "nan", "brand_zh_1": "nan", "delivery": "nan", "name_zh-Ha": "nan", "name_zh-_1": "nan", "layer": "nan", "fast_food": "nan", "brand_zh-L": "nan", "name_zh-La": "nan", "surface": "nan", "addr_place": "nan", "addr_unit": "nan", "nohousenum": "nan", "roof_colou": "nan", "emergency": "nan", "healthcare": "nan", "healthca_1": "nan", "loc_name": "nan", "operator": "nan", "website": "nan", "wheelchair": "nan", "building_c": "nan", "building_l": "nan", "museum": "nan", "tourism": "nan", "official_n": "nan", "wikimedia_": "nan", "office": "nan", "int_name": "nan", "height": "nan", "short_name": "nan", "wikidata": "nan", "wikipedia": "nan", "historic": "nan", "roof_orien": "nan", "roof_shape": "nan", "addr_house": "nan", "addr_hou_1": "nan", "power": "nan", "building_u": "nan", "flickr": "nan", "education": "nan", "ref": "nan", "athletics": "nan", "man_made": "nan", "ceremonial": "nan", "inscriptio": "nan", "material": "nan", "start_date": "nan", "bicycle_pa": "nan", "shelter_ty": "nan", "playground": "nan", "disused": "nan", "type": "nan", "addr_count": "nan", "internet_a": "nan", "name_de": "nan", "name_es": "nan", "name_fr": "nan", "name_it": "nan", "name_ja": "nan", "short_na_1": "nan", "short_na_2": "nan", "designatio": "nan", "path": "Point?crs=EPSG:4326&field=element:string(80,0)&field=id:string(80,0)&field=amenity:string(80,0)&field=name:string(80,0)&field=access:string(80,0)&field=barrier:string(80,0)&field=bicycle:string(80,0)&field=foot:string(80,0)&field=motor_vehi:string(80,0)&", "poi_tpye": "office" }, "geometry": { "type": "Point", "coordinates": [ 114.354692274833482, 30.546036572120276 ] } },
{ "type": "Feature", "properties": { "element": "way", "id": "306232319", "amenity": "nan", "name": "温室", "access": "nan", "barrier": "nan", "bicycle": "nan", "foot": "nan", "motor_vehi": "nan", "opening_ho": "nan", "alt_name": "珞珈广场温室", "old_name": "nan", "locked": "nan", "leisure": "nan", "sport": "nan", "horse": "nan", "brand": "nan", "brand_en": "nan", "brand_wiki": "nan", "brand_wi_1": "nan", "brand_zh": "nan", "cuisine": "nan", "level": "nan", "name_en": "nan", "name_zh": "nan", "takeaway": "nan", "diet_halal": "nan", "addr_city": "nan", "addr_distr": "nan", "addr_postc": "nan", "addr_provi": "nan", "addr_stree": "nan", "building": "greenhouse", "fee": "nan", "diet_meat": "nan", "note": "nan", "outdoor_se": "nan", "brand_zh-H": "nan", "brand_zh_1": "nan", "delivery": "nan", "name_zh-Ha": "nan", "name_zh-_1": "nan", "layer": "nan", "fast_food": "nan", "brand_zh-L": "nan", "name_zh-La": "nan", "surface": "nan", "addr_place": "nan", "addr_unit": "nan", "nohousenum": "nan", "roof_colou": "nan", "emergency": "nan", "healthcare": "nan", "healthca_1": "nan", "loc_name": "nan", "operator": "nan", "website": "nan", "wheelchair": "nan", "building_c": "nan", "building_l": "nan", "museum": "nan", "tourism": "nan", "official_n": "武汉大学植物发育生物学教育部重点实验温室", "wikimedia_": "nan", "office": "nan", "int_name": "nan", "height": "nan", "short_name": "nan", "wikidata": "nan", "wikipedia": "nan", "historic": "nan", "roof_orien": "nan", "roof_shape": "nan", "addr_house": "nan", "addr_hou_1": "nan", "power": "nan", "building_u": "nan", "flickr": "nan", "education": "nan", "ref": "nan", "athletics": "nan", "man_made": "nan", "ceremonial": "nan", "inscriptio": "nan", "material": "nan", "start_date": "nan", "bicycle_pa": "nan", "shelter_ty": "nan", "playground": "nan", "disused": "nan", "type": "nan", "addr_count": "nan", "internet_a": "nan", "name_de": "nan", "name_es": "nan", "name_fr": "nan", "name_it": "nan", "name_ja": "nan", "short_na_1": "nan", "short_na_2": "nan", "designatio": "nan", "path": "Point?crs=EPSG:4326&field=element:string(80,0)&field=id:string(80,0)&field=amenity:string(80,0)&field=name:string(80,0)&field=access:string(80,0)&field=barrier:string(80,0)&field=bicycle:string(80,0)&field=foot:string(80,0)&field=motor_vehi:string(80,0)&" }, "geometry": { "type": "Point", "coordinates": [ 114.355306040885267, 30.537829408014147 ] } },
{ "type": "Feature", "properties": { "element": "node", "id": "9553919077", "amenity": "restaurant", "name": "珞珈川味面馆", "access": "nan", "barrier": "nan", "bicycle": "nan", "foot": "nan", "motor_vehi": "nan", "opening_ho": "nan", "alt_name": "nan", "old_name": "nan", "locked": "nan", "leisure": "nan", "sport": "nan", "horse": "nan", "brand": "nan", "brand_en": "nan", "brand_wiki": "nan", "brand_wi_1": "nan", "brand_zh": "nan", "cuisine": "chinese", "level": "0", "name_en": "nan", "name_zh": "nan", "takeaway": "nan", "diet_halal": "nan", "addr_city": "nan", "addr_distr": "nan", "addr_postc": "nan", "addr_provi": "nan", "addr_stree": "nan", "building": "nan", "fee": "nan", "diet_meat": "nan", "note": "nan", "outdoor_se": "nan", "brand_zh-H": "nan", "brand_zh_1": "nan", "delivery": "nan", "name_zh-Ha": "nan", "name_zh-_1": "nan", "layer": "nan", "fast_food": "nan", "brand_zh-L": "nan", "name_zh-La": "nan", "surface": "nan", "addr_place": "nan", "addr_unit": "nan", "nohousenum": "nan", "roof_colou": "nan", "emergency": "nan", "healthcare": "nan", "healthca_1": "nan", "loc_name": "nan", "operator": "nan", "website": "nan", "wheelchair": "nan", "building_c": "nan", "building_l": "nan", "museum": "nan", "tourism": "nan", "official_n": "nan", "wikimedia_": "nan", "office": "nan", "int_name": "nan", "height": "nan", "short_name": "nan", "wikidata": "nan", "wikipedia": "nan", "historic": "nan", "roof_orien": "nan", "roof_shape": "nan", "addr_house": "nan", "addr_hou_1": "nan", "power": "nan", "building_u": "nan", "flickr": "nan", "education": "nan", "ref": "nan", "athletics": "nan", "man_made": "nan", "ceremonial": "nan", "inscriptio": "nan", "material": "nan", "start_date": "nan", "bicycle_pa": "nan", "shelter_ty": "nan", "playground": "nan", "disused": "nan", "type": "nan", "addr_count": "nan", "internet_a": "nan", "name_de": "nan", "name_es": "nan", "name_fr": "nan", "name_it": "nan", "name_ja": "nan", "short_na_1": "nan", "short_na_2": "nan", "designatio": "nan", "path": "G:/ShiKongShuJuWaJue/WHU_ElectricalBike/whu_spatial_data/whu_pois.shp", "poi_tpye": "food" }, "geometry": { "type": "Point", "coordinates": [ 114.3537399, 30.5308301 ] } },
{ "type": "Feature", "properties": { "element": "node", "id": "9553919076", "amenity": "restaurant", "name": "信息学部清真食堂", "access": "nan", "barrier": "nan", "bicycle": "nan", "foot": "nan", "motor_vehi": "nan", "opening_ho": "nan", "alt_name": "nan", "old_name": "nan", "locked": "nan", "leisure": "nan", "sport": "nan", "horse": "nan", "brand": "nan", "brand_en": "nan", "brand_wiki": "nan", "brand_wi_1": "nan", "brand_zh": "nan", "cuisine": "chinese", "level": "0", "name_en": "nan", "name_zh": "nan", "takeaway": "nan", "diet_halal": "yes", "addr_city": "nan", "addr_distr": "nan", "addr_postc": "nan", "addr_provi": "nan", "addr_stree": "nan", "building": "nan", "fee": "nan", "diet_meat": "nan", "note": "nan", "outdoor_se": "nan", "brand_zh-H": "nan", "brand_zh_1": "nan", "delivery": "nan", "name_zh-Ha": "nan", "name_zh-_1": "nan", "layer": "nan", "fast_food": "nan", "brand_zh-L": "nan", "name_zh-La": "nan", "surface": "nan", "addr_place": "nan", "addr_unit": "nan", "nohousenum": "nan", "roof_colou": "nan", "emergency": "nan", "healthcare": "nan", "healthca_1": "nan", "loc_name": "nan", "operator": "nan", "website": "nan", "wheelchair": "nan", "building_c": "nan", "building_l": "nan", "museum": "nan", "tourism": "nan", "official_n": "nan", "wikimedia_": "nan", "office": "nan", "int_name": "nan", "height": "nan", "short_name": "nan", "wikidata": "nan", "wikipedia": "nan", "historic": "nan", "roof_orien": "nan", "roof_shape": "nan", "addr_house": "nan", "addr_hou_1": "nan", "power": "nan", "building_u": "nan", "flickr": "nan", "education": "nan", "ref": "nan", "athletics": "nan", "man_made": "nan", "ceremonial": "nan", "inscriptio": "nan", "material": "nan", "start_date": "nan", "bicycle_pa": "nan", "shelter_ty": "nan", "playground": "nan", "disused": "nan", "type": "nan", "addr_count": "nan", "internet_a": "nan", "name_de": "nan", "name_es": "nan", "name_fr": "nan", "name_it": "nan", "name_ja": "nan", "short_na_1": "nan", "short_na_2": "nan", "designatio": "nan", "path": "G:/ShiKongShuJuWaJue/WHU_ElectricalBike/whu_spatial_data/whu_pois.shp", "poi_tpye": "cafeteria" }, "geometry": { "type": "Point", "coordinates": [ 114.3531186, 30.5293565 ] } },
{ "type": "Feature", "properties": { "element": "node", "id": "9552100000", "amenity": "cafe", "name": "提亚", "access": "nan", "barrier": "nan", "bicycle": "nan", "foot": "nan", "motor_vehi": "nan", "opening_ho": "nan", "alt_name": "nan", "old_name": "nan", "locked": "nan", "leisure": "nan", "sport": "nan", "horse": "nan", "brand": "nan", "brand_en": "nan", "brand_wiki": "nan", "brand_wi_1": "nan", "brand_zh": "nan", "cuisine": "nan", "level": "nan", "name_en": "nan", "name_zh": "nan", "takeaway": "nan", "diet_halal": "nan", "addr_city": "nan", "addr_distr": "nan", "addr_postc": "nan", "addr_provi": "nan", "addr_stree": "nan", "building": "nan", "fee": "nan", "diet_meat": "nan", "note": "nan", "outdoor_se": "nan", "brand_zh-H": "nan", "brand_zh_1": "nan", "delivery": "nan", "name_zh-Ha": "nan", "name_zh-_1": "nan", "layer": "nan", "fast_food": "nan", "brand_zh-L": "nan", "name_zh-La": "nan", "surface": "nan", "addr_place": "nan", "addr_unit": "nan", "nohousenum": "nan", "roof_colou": "nan", "emergency": "nan", "healthcare": "nan", "healthca_1": "nan", "loc_name": "nan", "operator": "nan", "website": "nan", "wheelchair": "nan", "building_c": "nan", "building_l": "nan", "museum": "nan", "tourism": "nan", "official_n": "nan", "wikimedia_": "nan", "office": "nan", "int_name": "nan", "height": "nan", "short_name": "nan", "wikidata": "nan", "wikipedia": "nan", "historic": "nan", "roof_orien": "nan", "roof_shape": "nan", "addr_house": "nan", "addr_hou_1": "nan", "power": "nan", "building_u": "nan", "flickr": "nan", "education": "nan", "ref": "nan", "athletics": "nan", "man_made": "nan", "ceremonial": "nan", "inscriptio": "nan", "material": "nan", "start_date": "nan", "bicycle_pa": "nan", "shelter_ty": "nan", "playground": "nan", "disused": "nan", "type": "nan", "addr_count": "nan", "internet_a": "nan", "name_de": "nan", "name_es": "nan", "name_fr": "nan", "name_it": "nan", "name_ja": "nan", "short_na_1": "nan", "short_na_2": "nan", "designatio": "nan", "path": "G:/ShiKongShuJuWaJue/WHU_ElectricalBike/whu_spatial_data/whu_pois.shp", "poi_tpye": "food" }, "geometry": { "type": "Point", "coordinates": [ 114.3569127, 30.5457196 ] } },
{ "type": "Feature", "properties": { "element": "way", "id": "306407487", "amenity": "nan", "name": "工会", "access": "nan", "barrier": "nan", "bicycle": "nan", "foot": "nan", "motor_vehi": "nan", "opening_ho": "nan", "alt_name": "nan", "old_name": "nan", "locked": "nan", "leisure": "nan", "sport": "nan", "horse": "nan", "brand": "nan", "brand_en": "nan", "brand_wiki": "nan", "brand_wi_1": "nan", "brand_zh": "nan", "cuisine": "nan", "level": "nan", "name_en": "nan", "name_zh": "nan", "takeaway": "nan", "diet_halal": "nan", "addr_city": "nan", "addr_distr": "nan", "addr_postc": "nan", "addr_provi": "nan", "addr_stree": "nan", "building": "yes", "fee": "nan", "diet_meat": "nan", "note": "nan", "outdoor_se": "nan", "brand_zh-H": "nan", "brand_zh_1": "nan", "delivery": "nan", "name_zh-Ha": "nan", "name_zh-_1": "nan", "layer": "nan", "fast_food": "nan", "brand_zh-L": "nan", "name_zh-La": "nan", "surface": "nan", "addr_place": "nan", "addr_unit": "nan", "nohousenum": "nan", "roof_colou": "#cc7b60", "emergency": "nan", "healthcare": "nan", "healthca_1": "nan", "loc_name": "nan", "operator": "nan", "website": "nan", "wheelchair": "nan", "building_c": "nan", "building_l": "nan", "museum": "nan", "tourism": "nan", "official_n": "nan", "wikimedia_": "nan", "office": "nan", "int_name": "nan", "height": "nan", "short_name": "nan", "wikidata": "nan", "wikipedia": "nan", "historic": "nan", "roof_orien": "nan", "roof_shape": "nan", "addr_house": "nan", "addr_hou_1": "nan", "power": "nan", "building_u": "nan", "flickr": "nan", "education": "nan", "ref": "nan", "athletics": "nan", "man_made": "nan", "ceremonial": "nan", "inscriptio": "nan", "material": "nan", "start_date": "nan", "bicycle_pa": "nan", "shelter_ty": "nan", "playground": "nan", "disused": "nan", "type": "nan", "addr_count": "nan", "internet_a": "nan", "name_de": "nan", "name_es": "nan", "name_fr": "nan", "name_it": "nan", "name_ja": "nan", "short_na_1": "nan", "short_na_2": "nan", "designatio": "nan", "path": "Point?crs=EPSG:4326&field=element:string(80,0)&field=id:string(80,0)&field=amenity:string(80,0)&field=name:string(80,0)&field=access:string(80,0)&field=barrier:string(80,0)&field=bicycle:string(80,0)&field=foot:string(80,0)&field=motor_vehi:string(80,0)&" }, "geometry": { "type": "Point", "coordinates": [ 114.351876648076669, 30.544806014991092 ] } },
{ "type": "Feature", "properties": { "element": "node", "id": "5263425943", "amenity": "cafe", "name": "它山咖啡", "access": "nan", "barrier": "nan", "bicycle": "nan", "foot": "nan", "motor_vehi": "nan", "opening_ho": "nan", "alt_name": "nan", "old_name": "nan", "locked": "nan", "leisure": "nan", "sport": "nan", "horse": "nan", "brand": "nan", "brand_en": "nan", "brand_wiki": "nan", "brand_wi_1": "nan", "brand_zh": "nan", "cuisine": "nan", "level": "nan", "name_en": "nan", "name_zh": "nan", "takeaway": "nan", "diet_halal": "nan", "addr_city": "nan", "addr_distr": "nan", "addr_postc": "nan", "addr_provi": "nan", "addr_stree": "nan", "building": "nan", "fee": "nan", "diet_meat": "nan", "note": "nan", "outdoor_se": "nan", "brand_zh-H": "nan", "brand_zh_1": "nan", "delivery": "nan", "name_zh-Ha": "nan", "name_zh-_1": "nan", "layer": "nan", "fast_food": "nan", "brand_zh-L": "nan", "name_zh-La": "nan", "surface": "nan", "addr_place": "nan", "addr_unit": "nan", "nohousenum": "nan", "roof_colou": "nan", "emergency": "nan", "healthcare": "nan", "healthca_1": "nan", "loc_name": "nan", "operator": "nan", "website": "nan", "wheelchair": "nan", "building_c": "nan", "building_l": "nan", "museum": "nan", "tourism": "nan", "official_n": "nan", "wikimedia_": "nan", "office": "nan", "int_name": "nan", "height": "nan", "short_name": "nan", "wikidata": "nan", "wikipedia": "nan", "historic": "nan", "roof_orien": "nan", "roof_shape": "nan", "addr_house": "nan", "addr_hou_1": "nan", "power": "nan", "building_u": "nan", "flickr": "nan", "education": "nan", "ref": "nan", "athletics": "nan", "man_made": "nan", "ceremonial": "nan", "inscriptio": "nan", "material": "nan", "start_date": "nan", "bicycle_pa": "nan", "shelter_ty": "nan", "playground": "nan", "disused": "nan", "type": "nan", "addr_count": "nan", "internet_a": "nan", "name_de": "nan", "name_es": "nan", "name_fr": "nan", "name_it": "nan", "name_ja": "nan", "short_na_1": "nan", "short_na_2": "nan", "designatio": "nan", "path": "G:/ShiKongShuJuWaJue/WHU_ElectricalBike/whu_spatial_data/whu_pois.shp", "poi_tpye": "food" }, "geometry": { "type": "Point", "coordinates": [ 114.3602225, 30.5348199 ] } },
{ "type": "Feature", "properties": { "element": "node", "id": "5138941279", "amenity": "cafe", "name": "布咖啡", "access": "nan", "barrier": "nan", "bicycle": "nan", "foot": "nan", "motor_vehi": "nan", "opening_ho": "nan", "alt_name": "nan", "old_name": "nan", "locked": "nan", "leisure": "nan", "sport": "nan", "horse": "nan", "brand": "nan", "brand_en": "nan", "brand_wiki": "nan", "brand_wi_1": "nan", "brand_zh": "nan", "cuisine": "nan", "level": "nan", "name_en": "nan", "name_zh": "nan", "takeaway": "nan", "diet_halal": "nan", "addr_city": "nan", "addr_distr": "nan", "addr_postc": "nan", "addr_provi": "nan", "addr_stree": "nan", "building": "nan", "fee": "nan", "diet_meat": "nan", "note": "nan", "outdoor_se": "nan", "brand_zh-H": "nan", "brand_zh_1": "nan", "delivery": "nan", "name_zh-Ha": "nan", "name_zh-_1": "nan", "layer": "nan", "fast_food": "nan", "brand_zh-L": "nan", "name_zh-La": "nan", "surface": "nan", "addr_place": "nan", "addr_unit": "nan", "nohousenum": "nan", "roof_colou": "nan", "emergency": "nan", "healthcare": "nan", "healthca_1": "nan", "loc_name": "nan", "operator": "nan", "website": "nan", "wheelchair": "nan", "building_c": "nan", "building_l": "nan", "museum": "nan", "tourism": "nan", "official_n": "nan", "wikimedia_": "nan", "office": "nan", "int_name": "nan", "height": "nan", "short_name": "nan", "wikidata": "nan", "wikipedia": "nan", "historic": "nan", "roof_orien": "nan", "roof_shape": "nan", "addr_house": "nan", "addr_hou_1": "nan", "power": "nan", "building_u": "nan", "flickr": "nan", "education": "nan", "ref": "nan", "athletics": "nan", "man_made": "nan", "ceremonial": "nan", "inscriptio": "nan", "material": "nan", "start_date": "nan", "bicycle_pa": "nan", "shelter_ty": "nan", "playground": "nan", "disused": "nan", "type": "nan", "addr_count": "nan", "internet_a": "nan", "name_de": "nan", "name_es": "nan", "name_fr": "nan", "name_it": "nan", "name_ja": "nan", "short_na_1": "nan", "short_na_2": "nan", "designatio": "nan", "path": "G:/ShiKongShuJuWaJue/WHU_ElectricalBike/whu_spatial_data/whu_pois.shp", "poi_tpye": "food" }, "geometry": { "type": "Point", "coordinates": [ 114.3579057, 30.5378384 ] } },
{ "type": "Feature", "properties": { "element": "node", "id": "11929785269", "amenity": "library", "name": "法学院图书馆", "access": "nan", "barrier": "nan", "bicycle": "nan", "foot": "nan", "motor_vehi": "nan", "opening_ho": "nan", "alt_name": "nan", "old_name": "nan", "locked": "nan", "leisure": "nan", "sport": "nan", "horse": "nan", "brand": "nan", "brand_en": "nan", "brand_wiki": "nan", "brand_wi_1": "nan", "brand_zh": "nan", "cuisine": "nan", "level": "nan", "name_en": "nan", "name_zh": "nan", "takeaway": "nan", "diet_halal": "nan", "addr_city": "nan", "addr_distr": "nan", "addr_postc": "nan", "addr_provi": "nan", "addr_stree": "nan", "building": "nan", "fee": "nan", "diet_meat": "nan", "note": "nan", "outdoor_se": "nan", "brand_zh-H": "nan", "brand_zh_1": "nan", "delivery": "nan", "name_zh-Ha": "nan", "name_zh-_1": "nan", "layer": "nan", "fast_food": "nan", "brand_zh-L": "nan", "name_zh-La": "nan", "surface": "nan", "addr_place": "nan", "addr_unit": "nan", "nohousenum": "nan", "roof_colou": "nan", "emergency": "nan", "healthcare": "nan", "healthca_1": "nan", "loc_name": "nan", "operator": "nan", "website": "nan", "wheelchair": "nan", "building_c": "nan", "building_l": "nan", "museum": "nan", "tourism": "nan", "official_n": "nan", "wikimedia_": "nan", "office": "nan", "int_name": "nan", "height": "nan", "short_name": "nan", "wikidata": "nan", "wikipedia": "nan", "historic": "nan", "roof_orien": "nan", "roof_shape": "nan", "addr_house": "nan", "addr_hou_1": "nan", "power": "nan", "building_u": "nan", "flickr": "nan", "education": "nan", "ref": "nan", "athletics": "nan", "man_made": "nan", "ceremonial": "nan", "inscriptio": "nan", "material": "nan", "start_date": "nan", "bicycle_pa": "nan", "shelter_ty": "nan", "playground": "nan", "disused": "nan", "type": "nan", "addr_count": "nan", "internet_a": "nan", "name_de": "nan", "name_es": "nan", "name_fr": "nan", "name_it": "nan", "name_ja": "nan", "short_na_1": "nan", "short_na_2": "nan", "designatio": "nan", "path": "G:/ShiKongShuJuWaJue/WHU_ElectricalBike/whu_spatial_data/whu_pois.shp", "poi_tpye": "library" }, "geometry": { "type": "Point", "coordinates": [ 114.3650927, 30.5411734 ] } },
{ "type": "Feature", "properties": { "element": "node", "id": "11886078376", "amenity": "restaurant", "name": "梅园教工食堂", "access": "nan", "barrier": "nan", "bicycle": "nan", "foot": "nan", "motor_vehi": "nan", "opening_ho": "nan", "alt_name": "nan", "old_name": "nan", "locked": "nan", "leisure": "nan", "sport": "nan", "horse": "nan", "brand": "nan", "brand_en": "nan", "brand_wiki": "nan", "brand_wi_1": "nan", "brand_zh": "nan", "cuisine": "nan", "level": "0", "name_en": "nan", "name_zh": "nan", "takeaway": "nan", "diet_halal": "nan", "addr_city": "nan", "addr_distr": "nan", "addr_postc": "nan", "addr_provi": "nan", "addr_stree": "nan", "building": "nan", "fee": "nan", "diet_meat": "nan", "note": "nan", "outdoor_se": "nan", "brand_zh-H": "nan", "brand_zh_1": "nan", "delivery": "nan", "name_zh-Ha": "nan", "name_zh-_1": "nan", "layer": "nan", "fast_food": "nan", "brand_zh-L": "nan", "name_zh-La": "nan", "surface": "nan", "addr_place": "nan", "addr_unit": "nan", "nohousenum": "nan", "roof_colou": "nan", "emergency": "nan", "healthcare": "nan", "healthca_1": "nan", "loc_name": "nan", "operator": "nan", "website": "nan", "wheelchair": "nan", "building_c": "nan", "building_l": "nan", "museum": "nan", "tourism": "nan", "official_n": "nan", "wikimedia_": "nan", "office": "nan", "int_name": "nan", "height": "nan", "short_name": "nan", "wikidata": "nan", "wikipedia": "nan", "historic": "nan", "roof_orien": "nan", "roof_shape": "nan", "addr_house": "nan", "addr_hou_1": "nan", "power": "nan", "building_u": "nan", "flickr": "nan", "education": "nan", "ref": "nan", "athletics": "nan", "man_made": "nan", "ceremonial": "nan", "inscriptio": "nan", "material": "nan", "start_date": "nan", "bicycle_pa": "nan", "shelter_ty": "nan", "playground": "nan", "disused": "nan", "type": "nan", "addr_count": "nan", "internet_a": "nan", "name_de": "nan", "name_es": "nan", "name_fr": "nan", "name_it": "nan", "name_ja": "nan", "short_na_1": "nan", "short_na_2": "nan", "designatio": "nan", "path": "G:/ShiKongShuJuWaJue/WHU_ElectricalBike/whu_spatial_data/whu_pois.shp", "poi_tpye": "cafeteria" }, "geometry": { "type": "Point", "coordinates": [ 114.3589075, 30.5376209 ] } },
{ "type": "Feature", "properties": { "element": "way", "id": "306407477", "amenity": "nan", "name": "工学部49栋", "access": "nan", "barrier": "nan", "bicycle": "nan", "foot": "nan", "motor_vehi": "nan", "opening_ho": "nan", "alt_name": "nan", "old_name": "nan", "locked": "nan", "leisure": "nan", "sport": "nan", "horse": "nan", "brand": "nan", "brand_en": "nan", "brand_wiki": "nan", "brand_wi_1": "nan", "brand_zh": "nan", "cuisine": "nan", "level": "nan", "name_en": "nan", "name_zh": "nan", "takeaway": "nan", "diet_halal": "nan", "addr_city": "nan", "addr_distr": "nan", "addr_postc": "nan", "addr_provi": "nan", "addr_stree": "nan", "building": "apartments", "fee": "nan", "diet_meat": "nan", "note": "nan", "outdoor_se": "nan", "brand_zh-H": "nan", "brand_zh_1": "nan", "delivery": "nan", "name_zh-Ha": "nan", "name_zh-_1": "nan", "layer": "nan", "fast_food": "nan", "brand_zh-L": "nan", "name_zh-La": "nan", "surface": "nan", "addr_place": "nan", "addr_unit": "nan", "nohousenum": "nan", "roof_colou": "nan", "emergency": "nan", "healthcare": "nan", "healthca_1": "nan", "loc_name": "nan", "operator": "nan", "website": "nan", "wheelchair": "nan", "building_c": "nan", "building_l": "nan", "museum": "nan", "tourism": "nan", "official_n": "nan", "wikimedia_": "nan", "office": "nan", "int_name": "nan", "height": "nan", "short_name": "nan", "wikidata": "nan", "wikipedia": "nan", "historic": "nan", "roof_orien": "nan", "roof_shape": "nan", "addr_house": "nan", "addr_hou_1": "nan", "power": "nan", "building_u": "nan", "flickr": "nan", "education": "nan", "ref": "nan", "athletics": "nan", "man_made": "nan", "ceremonial": "nan", "inscriptio": "nan", "material": "nan", "start_date": "nan", "bicycle_pa": "nan", "shelter_ty": "nan", "playground": "nan", "disused": "nan", "type": "nan", "addr_count": "nan", "internet_a": "nan", "name_de": "nan", "name_es": "nan", "name_fr": "nan", "name_it": "nan", "name_ja": "nan", "short_na_1": "nan", "short_na_2": "nan", "designatio": "nan", "path": "Point?crs=EPSG:4326&field=element:string(80,0)&field=id:string(80,0)&field=amenity:string(80,0)&field=name:string(80,0)&field=access:string(80,0)&field=barrier:string(80,0)&field=bicycle:string(80,0)&field=foot:string(80,0)&field=motor_vehi:string(80,0)&", "poi_tpye": "dormitory" }, "geometry": { "type": "Point", "coordinates": [ 114.352580256913711, 30.544151864427764 ] } },
{ "type": "Feature", "properties": { "element": "node", "id": "11782936511", "amenity": "restaurant", "name": "刘长和手工粉面", "access": "nan", "barrier": "nan", "bicycle": "nan", "foot": "nan", "motor_vehi": "nan", "opening_ho": "nan", "alt_name": "nan", "old_name": "nan", "locked": "nan", "leisure": "nan", "sport": "nan", "horse": "nan", "brand": "nan", "brand_en": "nan", "brand_wiki": "nan", "brand_wi_1": "nan", "brand_zh": "nan", "cuisine": "nan", "level": "nan", "name_en": "nan", "name_zh": "nan", "takeaway": "nan", "diet_halal": "nan", "addr_city": "nan", "addr_distr": "nan", "addr_postc": "nan", "addr_provi": "nan", "addr_stree": "nan", "building": "nan", "fee": "nan", "diet_meat": "nan", "note": "nan", "outdoor_se": "nan", "brand_zh-H": "nan", "brand_zh_1": "nan", "delivery": "nan", "name_zh-Ha": "nan", "name_zh-_1": "nan", "layer": "nan", "fast_food": "nan", "brand_zh-L": "nan", "name_zh-La": "nan", "surface": "nan", "addr_place": "nan", "addr_unit": "nan", "nohousenum": "nan", "roof_colou": "nan", "emergency": "nan", "healthcare": "nan", "healthca_1": "nan", "loc_name": "nan", "operator": "nan", "website": "nan", "wheelchair": "nan", "building_c": "nan", "building_l": "nan", "museum": "nan", "tourism": "nan", "official_n": "nan", "wikimedia_": "nan", "office": "nan", "int_name": "nan", "height": "nan", "short_name": "nan", "wikidata": "nan", "wikipedia": "nan", "historic": "nan", "roof_orien": "nan", "roof_shape": "nan", "addr_house": "nan", "addr_hou_1": "nan", "power": "nan", "building_u": "nan", "flickr": "nan", "education": "nan", "ref": "nan", "athletics": "nan", "man_made": "nan", "ceremonial": "nan", "inscriptio": "nan", "material": "nan", "start_date": "nan", "bicycle_pa": "nan", "shelter_ty": "nan", "playground": "nan", "disused": "nan", "type": "nan", "addr_count": "nan", "internet_a": "nan", "name_de": "nan", "name_es": "nan", "name_fr": "nan", "name_it": "nan", "name_ja": "nan", "short_na_1": "nan", "short_na_2": "nan", "designatio": "nan", "path": "G:/ShiKongShuJuWaJue/WHU_ElectricalBike/whu_spatial_data/whu_pois.shp", "poi_tpye": "food" }, "geometry": { "type": "Point", "coordinates": [ 114.3546099, 30.5302438 ] } },
{ "type": "Feature", "properties": { "element": "way", "id": "306407476", "amenity": "nan", "name": "学生新2栋", "access": "nan", "barrier": "nan", "bicycle": "nan", "foot": "nan", "motor_vehi": "nan", "opening_ho": "nan", "alt_name": "nan", "old_name": "nan", "locked": "nan", "leisure": "nan", "sport": "nan", "horse": "nan", "brand": "nan", "brand_en": "nan", "brand_wiki": "nan", "brand_wi_1": "nan", "brand_zh": "nan", "cuisine": "nan", "level": "nan", "name_en": "nan", "name_zh": "nan", "takeaway": "nan", "diet_halal": "nan", "addr_city": "nan", "addr_distr": "nan", "addr_postc": "nan", "addr_provi": "nan", "addr_stree": "nan", "building": "apartments", "fee": "nan", "diet_meat": "nan", "note": "nan", "outdoor_se": "nan", "brand_zh-H": "nan", "brand_zh_1": "nan", "delivery": "nan", "name_zh-Ha": "nan", "name_zh-_1": "nan", "layer": "nan", "fast_food": "nan", "brand_zh-L": "nan", "name_zh-La": "nan", "surface": "nan", "addr_place": "nan", "addr_unit": "nan", "nohousenum": "nan", "roof_colou": "nan", "emergency": "nan", "healthcare": "nan", "healthca_1": "nan", "loc_name": "nan", "operator": "nan", "website": "nan", "wheelchair": "nan", "building_c": "nan", "building_l": "nan", "museum": "nan", "tourism": "nan", "official_n": "nan", "wikimedia_": "nan", "office": "nan", "int_name": "nan", "height": "nan", "short_name": "nan", "wikidata": "nan", "wikipedia": "nan", "historic": "nan", "roof_orien": "nan", "roof_shape": "nan", "addr_house": "nan", "addr_hou_1": "nan", "power": "nan", "building_u": "nan", "flickr": "nan", "education": "nan", "ref": "nan", "athletics": "nan", "man_made": "nan", "ceremonial": "nan", "inscriptio": "nan", "material": "nan", "start_date": "nan", "bicycle_pa": "nan", "shelter_ty": "nan", "playground": "nan", "disused": "nan", "type": "nan", "addr_count": "nan", "internet_a": "nan", "name_de": "nan", "name_es": "nan", "name_fr": "nan", "name_it": "nan", "name_ja": "nan", "short_na_1": "nan", "short_na_2": "nan", "designatio": "nan", "path": "Point?crs=EPSG:4326&field=element:string(80,0)&field=id:string(80,0)&field=amenity:string(80,0)&field=name:string(80,0)&field=access:string(80,0)&field=barrier:string(80,0)&field=bicycle:string(80,0)&field=foot:string(80,0)&field=motor_vehi:string(80,0)&", "poi_tpye": "dormitory" }, "geometry": { "type": "Point", "coordinates": [ 114.353201630210222, 30.545271502954762 ] } },
{ "type": "Feature", "properties": { "element": "node", "id": "11782936509", "amenity": "restaurant", "name": "钵钵鸡", "access": "nan", "barrier": "nan", "bicycle": "nan", "foot": "nan", "motor_vehi": "nan", "opening_ho": "nan", "alt_name": "nan", "old_name": "nan", "locked": "nan", "leisure": "nan", "sport": "nan", "horse": "nan", "brand": "nan", "brand_en": "nan", "brand_wiki": "nan", "brand_wi_1": "nan", "brand_zh": "nan", "cuisine": "nan", "level": "nan", "name_en": "nan", "name_zh": "nan", "takeaway": "nan", "diet_halal": "nan", "addr_city": "nan", "addr_distr": "nan", "addr_postc": "nan", "addr_provi": "nan", "addr_stree": "nan", "building": "nan", "fee": "nan", "diet_meat": "nan", "note": "nan", "outdoor_se": "nan", "brand_zh-H": "nan", "brand_zh_1": "nan", "delivery": "nan", "name_zh-Ha": "nan", "name_zh-_1": "nan", "layer": "nan", "fast_food": "nan", "brand_zh-L": "nan", "name_zh-La": "nan", "surface": "nan", "addr_place": "nan", "addr_unit": "nan", "nohousenum": "nan", "roof_colou": "nan", "emergency": "nan", "healthcare": "nan", "healthca_1": "nan", "loc_name": "nan", "operator": "nan", "website": "nan", "wheelchair": "nan", "building_c": "nan", "building_l": "nan", "museum": "nan", "tourism": "nan", "official_n": "nan", "wikimedia_": "nan", "office": "nan", "int_name": "nan", "height": "nan", "short_name": "nan", "wikidata": "nan", "wikipedia": "nan", "historic": "nan", "roof_orien": "nan", "roof_shape": "nan", "addr_house": "nan", "addr_hou_1": "nan", "power": "nan", "building_u": "nan", "flickr": "nan", "education": "nan", "ref": "nan", "athletics": "nan", "man_made": "nan", "ceremonial": "nan", "inscriptio": "nan", "material": "nan", "start_date": "nan", "bicycle_pa": "nan", "shelter_ty": "nan", "playground": "nan", "disused": "nan", "type": "nan", "addr_count": "nan", "internet_a": "nan", "name_de": "nan", "name_es": "nan", "name_fr": "nan", "name_it": "nan", "name_ja": "nan", "short_na_1": "nan", "short_na_2": "nan", "designatio": "nan", "path": "G:/ShiKongShuJuWaJue/WHU_ElectricalBike/whu_spatial_data/whu_pois.shp", "poi_tpye": "food" }, "geometry": { "type": "Point", "coordinates": [ 114.3545438, 30.5303034 ] } },
{ "type": "Feature", "properties": { "element": "node", "id": "11777328386", "amenity": "cafe", "name": "瑞幸咖啡", "access": "nan", "barrier": "nan", "bicycle": "nan", "foot": "nan", "motor_vehi": "nan", "opening_ho": "nan", "alt_name": "nan", "old_name": "nan", "locked": "nan", "leisure": "nan", "sport": "nan", "horse": "nan", "brand": "瑞幸咖啡", "brand_en": "Luckin Coffee", "brand_wiki": "Q56811344", "brand_wi_1": "nan", "brand_zh": "瑞幸咖啡", "cuisine": "coffee_shop", "level": "nan", "name_en": "Luckin Coffee", "name_zh": "瑞幸咖啡", "takeaway": "yes", "diet_halal": "nan", "addr_city": "nan", "addr_distr": "nan", "addr_postc": "nan", "addr_provi": "nan", "addr_stree": "nan", "building": "nan", "fee": "nan", "diet_meat": "nan", "note": "nan", "outdoor_se": "nan", "brand_zh-H": "nan", "brand_zh_1": "nan", "delivery": "nan", "name_zh-Ha": "nan", "name_zh-_1": "nan", "layer": "nan", "fast_food": "nan", "brand_zh-L": "nan", "name_zh-La": "nan", "surface": "nan", "addr_place": "nan", "addr_unit": "nan", "nohousenum": "nan", "roof_colou": "nan", "emergency": "nan", "healthcare": "nan", "healthca_1": "nan", "loc_name": "nan", "operator": "nan", "website": "nan", "wheelchair": "nan", "building_c": "nan", "building_l": "nan", "museum": "nan", "tourism": "nan", "official_n": "nan", "wikimedia_": "nan", "office": "nan", "int_name": "nan", "height": "nan", "short_name": "nan", "wikidata": "nan", "wikipedia": "nan", "historic": "nan", "roof_orien": "nan", "roof_shape": "nan", "addr_house": "nan", "addr_hou_1": "nan", "power": "nan", "building_u": "nan", "flickr": "nan", "education": "nan", "ref": "nan", "athletics": "nan", "man_made": "nan", "ceremonial": "nan", "inscriptio": "nan", "material": "nan", "start_date": "nan", "bicycle_pa": "nan", "shelter_ty": "nan", "playground": "nan", "disused": "nan", "type": "nan", "addr_count": "nan", "internet_a": "nan", "name_de": "nan", "name_es": "nan", "name_fr": "nan", "name_it": "nan", "name_ja": "nan", "short_na_1": "nan", "short_na_2": "nan", "designatio": "nan", "path": "G:/ShiKongShuJuWaJue/WHU_ElectricalBike/whu_spatial_data/whu_pois.shp", "poi_tpye": "food" }, "geometry": { "type": "Point", "coordinates": [ 114.3542573, 30.5301561 ] } },
{ "type": "Feature", "properties": { "element": "way", "id": "306407472", "amenity": "nan", "name": "机电排灌楼", "access": "nan", "barrier": "nan", "bicycle": "nan", "foot": "nan", "motor_vehi": "nan", "opening_ho": "nan", "alt_name": "nan", "old_name": "nan", "locked": "nan", "leisure": "nan", "sport": "nan", "horse": "nan", "brand": "nan", "brand_en": "nan", "brand_wiki": "nan", "brand_wi_1": "nan", "brand_zh": "nan", "cuisine": "nan", "level": "nan", "name_en": "nan", "name_zh": "nan", "takeaway": "nan", "diet_halal": "nan", "addr_city": "nan", "addr_distr": "nan", "addr_postc": "nan", "addr_provi": "nan", "addr_stree": "nan", "building": "university", "fee": "nan", "diet_meat": "nan", "note": "nan", "outdoor_se": "nan", "brand_zh-H": "nan", "brand_zh_1": "nan", "delivery": "nan", "name_zh-Ha": "nan", "name_zh-_1": "nan", "layer": "nan", "fast_food": "nan", "brand_zh-L": "nan", "name_zh-La": "nan", "surface": "nan", "addr_place": "nan", "addr_unit": "nan", "nohousenum": "nan", "roof_colou": "nan", "emergency": "nan", "healthcare": "nan", "healthca_1": "nan", "loc_name": "nan", "operator": "nan", "website": "nan", "wheelchair": "nan", "building_c": "nan", "building_l": "nan", "museum": "nan", "tourism": "nan", "official_n": "nan", "wikimedia_": "nan", "office": "nan", "int_name": "nan", "height": "nan", "short_name": "nan", "wikidata": "nan", "wikipedia": "nan", "historic": "nan", "roof_orien": "nan", "roof_shape": "nan", "addr_house": "nan", "addr_hou_1": "nan", "power": "nan", "building_u": "nan", "flickr": "nan", "education": "nan", "ref": "nan", "athletics": "nan", "man_made": "nan", "ceremonial": "nan", "inscriptio": "nan", "material": "nan", "start_date": "nan", "bicycle_pa": "nan", "shelter_ty": "nan", "playground": "nan", "disused": "nan", "type": "nan", "addr_count": "nan", "internet_a": "nan", "name_de": "nan", "name_es": "nan", "name_fr": "nan", "name_it": "nan", "name_ja": "nan", "short_na_1": "nan", "short_na_2": "nan", "designatio": "nan", "path": "Point?crs=EPSG:4326&field=element:string(80,0)&field=id:string(80,0)&field=amenity:string(80,0)&field=name:string(80,0)&field=access:string(80,0)&field=barrier:string(80,0)&field=bicycle:string(80,0)&field=foot:string(80,0)&field=motor_vehi:string(80,0)&", "poi_tpye": "office" }, "geometry": { "type": "Point", "coordinates": [ 114.358472458942813, 30.546749053215226 ] } },
{ "type": "Feature", "properties": { "element": "node", "id": "11777315367", "amenity": "restaurant", "name": "九筒冒菜", "access": "nan", "barrier": "nan", "bicycle": "nan", "foot": "nan", "motor_vehi": "nan", "opening_ho": "nan", "alt_name": "nan", "old_name": "nan", "locked": "nan", "leisure": "nan", "sport": "nan", "horse": "nan", "brand": "nan", "brand_en": "nan", "brand_wiki": "nan", "brand_wi_1": "nan", "brand_zh": "nan", "cuisine": "chinese", "level": "nan", "name_en": "nan", "name_zh": "nan", "takeaway": "nan", "diet_halal": "nan", "addr_city": "nan", "addr_distr": "nan", "addr_postc": "nan", "addr_provi": "nan", "addr_stree": "nan", "building": "nan", "fee": "nan", "diet_meat": "nan", "note": "nan", "outdoor_se": "nan", "brand_zh-H": "nan", "brand_zh_1": "nan", "delivery": "nan", "name_zh-Ha": "nan", "name_zh-_1": "nan", "layer": "nan", "fast_food": "nan", "brand_zh-L": "nan", "name_zh-La": "nan", "surface": "nan", "addr_place": "nan", "addr_unit": "nan", "nohousenum": "nan", "roof_colou": "nan", "emergency": "nan", "healthcare": "nan", "healthca_1": "nan", "loc_name": "nan", "operator": "nan", "website": "nan", "wheelchair": "nan", "building_c": "nan", "building_l": "nan", "museum": "nan", "tourism": "nan", "official_n": "nan", "wikimedia_": "nan", "office": "nan", "int_name": "nan", "height": "nan", "short_name": "nan", "wikidata": "nan", "wikipedia": "nan", "historic": "nan", "roof_orien": "nan", "roof_shape": "nan", "addr_house": "nan", "addr_hou_1": "nan", "power": "nan", "building_u": "nan", "flickr": "nan", "education": "nan", "ref": "nan", "athletics": "nan", "man_made": "nan", "ceremonial": "nan", "inscriptio": "nan", "material": "nan", "start_date": "nan", "bicycle_pa": "nan", "shelter_ty": "nan", "playground": "nan", "disused": "nan", "type": "nan", "addr_count": "nan", "internet_a": "nan", "name_de": "nan", "name_es": "nan", "name_fr": "nan", "name_it": "nan", "name_ja": "nan", "short_na_1": "nan", "short_na_2": "nan", "designatio": "nan", "path": "G:/ShiKongShuJuWaJue/WHU_ElectricalBike/whu_spatial_data/whu_pois.shp", "poi_tpye": "food" }, "geometry": { "type": "Point", "coordinates": [ 114.3546648, 30.530305 ] } },
{ "type": "Feature", "properties": { "element": "node", "id": "10744639730", "amenity": "cafe", "name": "Tim Hortons", "access": "nan", "barrier": "nan", "bicycle": "nan", "foot": "nan", "motor_vehi": "nan", "opening_ho": "nan", "alt_name": "nan", "old_name": "nan", "locked": "nan", "leisure": "nan", "sport": "nan", "horse": "nan", "brand": "Tim Hortons", "brand_en": "nan", "brand_wiki": "Q175106", "brand_wi_1": "nan", "brand_zh": "nan", "cuisine": "coffee_shop", "level": "1", "name_en": "nan", "name_zh": "nan", "takeaway": "yes", "diet_halal": "nan", "addr_city": "nan", "addr_distr": "nan", "addr_postc": "nan", "addr_provi": "nan", "addr_stree": "nan", "building": "nan", "fee": "nan", "diet_meat": "nan", "note": "nan", "outdoor_se": "nan", "brand_zh-H": "nan", "brand_zh_1": "nan", "delivery": "nan", "name_zh-Ha": "nan", "name_zh-_1": "nan", "layer": "nan", "fast_food": "nan", "brand_zh-L": "nan", "name_zh-La": "nan", "surface": "nan", "addr_place": "nan", "addr_unit": "nan", "nohousenum": "nan", "roof_colou": "nan", "emergency": "nan", "healthcare": "nan", "healthca_1": "nan", "loc_name": "nan", "operator": "nan", "website": "nan", "wheelchair": "nan", "building_c": "nan", "building_l": "nan", "museum": "nan", "tourism": "nan", "official_n": "nan", "wikimedia_": "nan", "office": "nan", "int_name": "nan", "height": "nan", "short_name": "nan", "wikidata": "nan", "wikipedia": "nan", "historic": "nan", "roof_orien": "nan", "roof_shape": "nan", "addr_house": "nan", "addr_hou_1": "nan", "power": "nan", "building_u": "nan", "flickr": "nan", "education": "nan", "ref": "nan", "athletics": "nan", "man_made": "nan", "ceremonial": "nan", "inscriptio": "nan", "material": "nan", "start_date": "nan", "bicycle_pa": "nan", "shelter_ty": "nan", "playground": "nan", "disused": "nan", "type": "nan", "addr_count": "nan", "internet_a": "nan", "name_de": "nan", "name_es": "nan", "name_fr": "nan", "name_it": "nan", "name_ja": "nan", "short_na_1": "nan", "short_na_2": "nan", "designatio": "nan", "path": "G:/ShiKongShuJuWaJue/WHU_ElectricalBike/whu_spatial_data/whu_pois.shp", "poi_tpye": "food" }, "geometry": { "type": "Point", "coordinates": [ 114.3592473, 30.538065 ] } },
{ "type": "Feature", "properties": { "element": "node", "id": "10744639728", "amenity": "restaurant", "name": "呷哺呷哺", "access": "nan", "barrier": "nan", "bicycle": "nan", "foot": "nan", "motor_vehi": "nan", "opening_ho": "nan", "alt_name": "nan", "old_name": "nan", "locked": "nan", "leisure": "nan", "sport": "nan", "horse": "nan", "brand": "呷哺呷哺", "brand_en": "Xiabuxiabu", "brand_wiki": "Q10866036", "brand_wi_1": "nan", "brand_zh": "呷哺呷哺", "cuisine": "chinese", "level": "1", "name_en": "Xiabuxiabu", "name_zh": "呷哺呷哺", "takeaway": "nan", "diet_halal": "nan", "addr_city": "nan", "addr_distr": "nan", "addr_postc": "nan", "addr_provi": "nan", "addr_stree": "nan", "building": "nan", "fee": "nan", "diet_meat": "nan", "note": "nan", "outdoor_se": "nan", "brand_zh-H": "nan", "brand_zh_1": "nan", "delivery": "nan", "name_zh-Ha": "nan", "name_zh-_1": "nan", "layer": "nan", "fast_food": "nan", "brand_zh-L": "nan", "name_zh-La": "nan", "surface": "nan", "addr_place": "nan", "addr_unit": "nan", "nohousenum": "nan", "roof_colou": "nan", "emergency": "nan", "healthcare": "nan", "healthca_1": "nan", "loc_name": "nan", "operator": "nan", "website": "nan", "wheelchair": "nan", "building_c": "nan", "building_l": "nan", "museum": "nan", "tourism": "nan", "official_n": "nan", "wikimedia_": "nan", "office": "nan", "int_name": "nan", "height": "nan", "short_name": "nan", "wikidata": "nan", "wikipedia": "nan", "historic": "nan", "roof_orien": "nan", "roof_shape": "nan", "addr_house": "nan", "addr_hou_1": "nan", "power": "nan", "building_u": "nan", "flickr": "nan", "education": "nan", "ref": "nan", "athletics": "nan", "man_made": "nan", "ceremonial": "nan", "inscriptio": "nan", "material": "nan", "start_date": "nan", "bicycle_pa": "nan", "shelter_ty": "nan", "playground": "nan", "disused": "nan", "type": "nan", "addr_count": "nan", "internet_a": "nan", "name_de": "nan", "name_es": "nan", "name_fr": "nan", "name_it": "nan", "name_ja": "nan", "short_na_1": "nan", "short_na_2": "nan", "designatio": "nan", "path": "G:/ShiKongShuJuWaJue/WHU_ElectricalBike/whu_spatial_data/whu_pois.shp", "poi_tpye": "food" }, "geometry": { "type": "Point", "coordinates": [ 114.3591129, 30.5377442 ] } },
{ "type": "Feature", "properties": { "element": "way", "id": "306379146", "amenity": "nan", "name": "湖滨十二舍", "access": "nan", "barrier": "nan", "bicycle": "nan", "foot": "nan", "motor_vehi": "nan", "opening_ho": "nan", "alt_name": "nan", "old_name": "nan", "locked": "nan", "leisure": "nan", "sport": "nan", "horse": "nan", "brand": "nan", "brand_en": "nan", "brand_wiki": "nan", "brand_wi_1": "nan", "brand_zh": "nan", "cuisine": "nan", "level": "nan", "name_en": "nan", "name_zh": "nan", "takeaway": "nan", "diet_halal": "nan", "addr_city": "nan", "addr_distr": "nan", "addr_postc": "nan", "addr_provi": "nan", "addr_stree": "nan", "building": "dormitory", "fee": "nan", "diet_meat": "nan", "note": "nan", "outdoor_se": "nan", "brand_zh-H": "nan", "brand_zh_1": "nan", "delivery": "nan", "name_zh-Ha": "nan", "name_zh-_1": "nan", "layer": "nan", "fast_food": "nan", "brand_zh-L": "nan", "name_zh-La": "nan", "surface": "nan", "addr_place": "nan", "addr_unit": "nan", "nohousenum": "nan", "roof_colou": "nan", "emergency": "nan", "healthcare": "nan", "healthca_1": "nan", "loc_name": "nan", "operator": "nan", "website": "nan", "wheelchair": "nan", "building_c": "nan", "building_l": "nan", "museum": "nan", "tourism": "nan", "official_n": "nan", "wikimedia_": "nan", "office": "nan", "int_name": "nan", "height": "nan", "short_name": "nan", "wikidata": "nan", "wikipedia": "nan", "historic": "nan", "roof_orien": "nan", "roof_shape": "nan", "addr_house": "nan", "addr_hou_1": "nan", "power": "nan", "building_u": "nan", "flickr": "nan", "education": "nan", "ref": "nan", "athletics": "nan", "man_made": "nan", "ceremonial": "nan", "inscriptio": "nan", "material": "nan", "start_date": "nan", "bicycle_pa": "nan", "shelter_ty": "nan", "playground": "nan", "disused": "nan", "type": "nan", "addr_count": "nan", "internet_a": "nan", "name_de": "nan", "name_es": "nan", "name_fr": "nan", "name_it": "nan", "name_ja": "nan", "short_na_1": "nan", "short_na_2": "nan", "designatio": "nan", "path": "Point?crs=EPSG:4326&field=element:string(80,0)&field=id:string(80,0)&field=amenity:string(80,0)&field=name:string(80,0)&field=access:string(80,0)&field=barrier:string(80,0)&field=bicycle:string(80,0)&field=foot:string(80,0)&field=motor_vehi:string(80,0)&", "poi_tpye": "dormitory" }, "geometry": { "type": "Point", "coordinates": [ 114.36371512733642, 30.545040115914336 ] } },
{ "type": "Feature", "properties": { "element": "node", "id": "10744639727", "amenity": "cafe", "name": "茶颜悦色", "access": "nan", "barrier": "nan", "bicycle": "nan", "foot": "nan", "motor_vehi": "nan", "opening_ho": "nan", "alt_name": "nan", "old_name": "nan", "locked": "nan", "leisure": "nan", "sport": "nan", "horse": "nan", "brand": "茶颜悦色", "brand_en": "Sexytea", "brand_wiki": "Q60992994", "brand_wi_1": "nan", "brand_zh": "茶颜悦色", "cuisine": "bubble_tea", "level": "1", "name_en": "Sexytea", "name_zh": "茶颜悦色", "takeaway": "yes", "diet_halal": "nan", "addr_city": "nan", "addr_distr": "nan", "addr_postc": "nan", "addr_provi": "nan", "addr_stree": "nan", "building": "nan", "fee": "nan", "diet_meat": "nan", "note": "nan", "outdoor_se": "nan", "brand_zh-H": "nan", "brand_zh_1": "nan", "delivery": "nan", "name_zh-Ha": "nan", "name_zh-_1": "nan", "layer": "nan", "fast_food": "nan", "brand_zh-L": "nan", "name_zh-La": "nan", "surface": "nan", "addr_place": "nan", "addr_unit": "nan", "nohousenum": "nan", "roof_colou": "nan", "emergency": "nan", "healthcare": "nan", "healthca_1": "nan", "loc_name": "nan", "operator": "nan", "website": "nan", "wheelchair": "nan", "building_c": "nan", "building_l": "nan", "museum": "nan", "tourism": "nan", "official_n": "nan", "wikimedia_": "nan", "office": "nan", "int_name": "nan", "height": "nan", "short_name": "nan", "wikidata": "nan", "wikipedia": "nan", "historic": "nan", "roof_orien": "nan", "roof_shape": "nan", "addr_house": "nan", "addr_hou_1": "nan", "power": "nan", "building_u": "nan", "flickr": "nan", "education": "nan", "ref": "nan", "athletics": "nan", "man_made": "nan", "ceremonial": "nan", "inscriptio": "nan", "material": "nan", "start_date": "nan", "bicycle_pa": "nan", "shelter_ty": "nan", "playground": "nan", "disused": "nan", "type": "nan", "addr_count": "nan", "internet_a": "nan", "name_de": "nan", "name_es": "nan", "name_fr": "nan", "name_it": "nan", "name_ja": "nan", "short_na_1": "nan", "short_na_2": "nan", "designatio": "nan", "path": "G:/ShiKongShuJuWaJue/WHU_ElectricalBike/whu_spatial_data/whu_pois.shp", "poi_tpye": "food" }, "geometry": { "type": "Point", "coordinates": [ 114.3590414, 30.537618 ] } },
{ "type": "Feature", "properties": { "element": "way", "id": "380915252", "amenity": "nan", "name": "电气工程学院报告厅", "access": "nan", "barrier": "nan", "bicycle": "nan", "foot": "nan", "motor_vehi": "nan", "opening_ho": "nan", "alt_name": "nan", "old_name": "nan", "locked": "nan", "leisure": "nan", "sport": "nan", "horse": "nan", "brand": "nan", "brand_en": "nan", "brand_wiki": "nan", "brand_wi_1": "nan", "brand_zh": "nan", "cuisine": "nan", "level": "nan", "name_en": "nan", "name_zh": "nan", "takeaway": "nan", "diet_halal": "nan", "addr_city": "nan", "addr_distr": "nan", "addr_postc": "nan", "addr_provi": "nan", "addr_stree": "nan", "building": "university", "fee": "nan", "diet_meat": "nan", "note": "nan", "outdoor_se": "nan", "brand_zh-H": "nan", "brand_zh_1": "nan", "delivery": "nan", "name_zh-Ha": "nan", "name_zh-_1": "nan", "layer": "nan", "fast_food": "nan", "brand_zh-L": "nan", "name_zh-La": "nan", "surface": "nan", "addr_place": "nan", "addr_unit": "nan", "nohousenum": "nan", "roof_colou": "nan", "emergency": "nan", "healthcare": "nan", "healthca_1": "nan", "loc_name": "nan", "operator": "nan", "website": "nan", "wheelchair": "nan", "building_c": "nan", "building_l": "nan", "museum": "nan", "tourism": "nan", "official_n": "nan", "wikimedia_": "nan", "office": "nan", "int_name": "nan", "height": "nan", "short_name": "nan", "wikidata": "nan", "wikipedia": "nan", "historic": "nan", "roof_orien": "nan", "roof_shape": "nan", "addr_house": "nan", "addr_hou_1": "nan", "power": "nan", "building_u": "nan", "flickr": "nan", "education": "nan", "ref": "nan", "athletics": "nan", "man_made": "nan", "ceremonial": "nan", "inscriptio": "nan", "material": "nan", "start_date": "nan", "bicycle_pa": "nan", "shelter_ty": "nan", "playground": "nan", "disused": "nan", "type": "nan", "addr_count": "nan", "internet_a": "nan", "name_de": "nan", "name_es": "nan", "name_fr": "nan", "name_it": "nan", "name_ja": "nan", "short_na_1": "nan", "short_na_2": "nan", "designatio": "nan", "path": "Point?crs=EPSG:4326&field=element:string(80,0)&field=id:string(80,0)&field=amenity:string(80,0)&field=name:string(80,0)&field=access:string(80,0)&field=barrier:string(80,0)&field=bicycle:string(80,0)&field=foot:string(80,0)&field=motor_vehi:string(80,0)&" }, "geometry": { "type": "Point", "coordinates": [ 114.357697949372096, 30.546188968386105 ] } },
{ "type": "Feature", "properties": { "element": "node", "id": "10744639726", "amenity": "cafe", "name": "瑞幸咖啡", "access": "nan", "barrier": "nan", "bicycle": "nan", "foot": "nan", "motor_vehi": "nan", "opening_ho": "nan", "alt_name": "nan", "old_name": "nan", "locked": "nan", "leisure": "nan", "sport": "nan", "horse": "nan", "brand": "瑞幸咖啡", "brand_en": "Luckin Coffee", "brand_wiki": "Q56811344", "brand_wi_1": "nan", "brand_zh": "瑞幸咖啡", "cuisine": "coffee_shop", "level": "1", "name_en": "Luckin Coffee", "name_zh": "瑞幸咖啡", "takeaway": "yes", "diet_halal": "nan", "addr_city": "nan", "addr_distr": "nan", "addr_postc": "nan", "addr_provi": "nan", "addr_stree": "nan", "building": "nan", "fee": "nan", "diet_meat": "nan", "note": "nan", "outdoor_se": "nan", "brand_zh-H": "nan", "brand_zh_1": "nan", "delivery": "nan", "name_zh-Ha": "nan", "name_zh-_1": "nan", "layer": "nan", "fast_food": "nan", "brand_zh-L": "nan", "name_zh-La": "nan", "surface": "nan", "addr_place": "nan", "addr_unit": "nan", "nohousenum": "nan", "roof_colou": "nan", "emergency": "nan", "healthcare": "nan", "healthca_1": "nan", "loc_name": "nan", "operator": "nan", "website": "nan", "wheelchair": "nan", "building_c": "nan", "building_l": "nan", "museum": "nan", "tourism": "nan", "official_n": "nan", "wikimedia_": "nan", "office": "nan", "int_name": "nan", "height": "nan", "short_name": "nan", "wikidata": "nan", "wikipedia": "nan", "historic": "nan", "roof_orien": "nan", "roof_shape": "nan", "addr_house": "nan", "addr_hou_1": "nan", "power": "nan", "building_u": "nan", "flickr": "nan", "education": "nan", "ref": "nan", "athletics": "nan", "man_made": "nan", "ceremonial": "nan", "inscriptio": "nan", "material": "nan", "start_date": "nan", "bicycle_pa": "nan", "shelter_ty": "nan", "playground": "nan", "disused": "nan", "type": "nan", "addr_count": "nan", "internet_a": "nan", "name_de": "nan", "name_es": "nan", "name_fr": "nan", "name_it": "nan", "name_ja": "nan", "short_na_1": "nan", "short_na_2": "nan", "designatio": "nan", "path": "G:/ShiKongShuJuWaJue/WHU_ElectricalBike/whu_spatial_data/whu_pois.shp", "poi_tpye": "food" }, "geometry": { "type": "Point", "coordinates": [ 114.3589811, 30.5375115 ] } },
{ "type": "Feature", "properties": { "element": "way", "id": "380915237", "amenity": "canteen", "name": "工学部三、四食堂", "access": "nan", "barrier": "nan", "bicycle": "nan", "foot": "nan", "motor_vehi": "nan", "opening_ho": "nan", "alt_name": "nan", "old_name": "nan", "locked": "nan", "leisure": "nan", "sport": "nan", "horse": "nan", "brand": "nan", "brand_en": "nan", "brand_wiki": "nan", "brand_wi_1": "nan", "brand_zh": "nan", "cuisine": "nan", "level": "2", "name_en": "nan", "name_zh": "nan", "takeaway": "no", "diet_halal": "nan", "addr_city": "nan", "addr_distr": "nan", "addr_postc": "nan", "addr_provi": "nan", "addr_stree": "nan", "building": "yes", "fee": "nan", "diet_meat": "nan", "note": "nan", "outdoor_se": "nan", "brand_zh-H": "nan", "brand_zh_1": "nan", "delivery": "nan", "name_zh-Ha": "nan", "name_zh-_1": "nan", "layer": "nan", "fast_food": "nan", "brand_zh-L": "nan", "name_zh-La": "nan", "surface": "nan", "addr_place": "nan", "addr_unit": "nan", "nohousenum": "nan", "roof_colou": "nan", "emergency": "nan", "healthcare": "nan", "healthca_1": "nan", "loc_name": "nan", "operator": "nan", "website": "nan", "wheelchair": "nan", "building_c": "nan", "building_l": "nan", "museum": "nan", "tourism": "nan", "official_n": "nan", "wikimedia_": "nan", "office": "nan", "int_name": "nan", "height": "nan", "short_name": "nan", "wikidata": "nan", "wikipedia": "nan", "historic": "nan", "roof_orien": "nan", "roof_shape": "nan", "addr_house": "nan", "addr_hou_1": "nan", "power": "nan", "building_u": "nan", "flickr": "nan", "education": "nan", "ref": "nan", "athletics": "nan", "man_made": "nan", "ceremonial": "nan", "inscriptio": "nan", "material": "nan", "start_date": "nan", "bicycle_pa": "nan", "shelter_ty": "nan", "playground": "nan", "disused": "nan", "type": "nan", "addr_count": "nan", "internet_a": "nan", "name_de": "nan", "name_es": "nan", "name_fr": "nan", "name_it": "nan", "name_ja": "nan", "short_na_1": "nan", "short_na_2": "nan", "designatio": "nan", "path": "Point?crs=EPSG:4326&field=element:string(80,0)&field=id:string(80,0)&field=amenity:string(80,0)&field=name:string(80,0)&field=access:string(80,0)&field=barrier:string(80,0)&field=bicycle:string(80,0)&field=foot:string(80,0)&field=motor_vehi:string(80,0)&", "poi_tpye": "cafeteria" }, "geometry": { "type": "Point", "coordinates": [ 114.360311245010493, 30.546118012386874 ] } },
{ "type": "Feature", "properties": { "element": "node", "id": "10743552426", "amenity": "restaurant", "name": "小胡鸭", "access": "nan", "barrier": "nan", "bicycle": "nan", "foot": "nan", "motor_vehi": "nan", "opening_ho": "nan", "alt_name": "nan", "old_name": "nan", "locked": "nan", "leisure": "nan", "sport": "nan", "horse": "nan", "brand": "nan", "brand_en": "nan", "brand_wiki": "nan", "brand_wi_1": "nan", "brand_zh": "nan", "cuisine": "asian", "level": "nan", "name_en": "nan", "name_zh": "nan", "takeaway": "nan", "diet_halal": "nan", "addr_city": "nan", "addr_distr": "nan", "addr_postc": "nan", "addr_provi": "nan", "addr_stree": "nan", "building": "nan", "fee": "nan", "diet_meat": "nan", "note": "nan", "outdoor_se": "nan", "brand_zh-H": "nan", "brand_zh_1": "nan", "delivery": "nan", "name_zh-Ha": "nan", "name_zh-_1": "nan", "layer": "nan", "fast_food": "nan", "brand_zh-L": "nan", "name_zh-La": "nan", "surface": "nan", "addr_place": "nan", "addr_unit": "nan", "nohousenum": "nan", "roof_colou": "nan", "emergency": "nan", "healthcare": "nan", "healthca_1": "nan", "loc_name": "nan", "operator": "nan", "website": "nan", "wheelchair": "nan", "building_c": "nan", "building_l": "nan", "museum": "nan", "tourism": "nan", "official_n": "nan", "wikimedia_": "nan", "office": "nan", "int_name": "nan", "height": "nan", "short_name": "nan", "wikidata": "nan", "wikipedia": "nan", "historic": "nan", "roof_orien": "nan", "roof_shape": "nan", "addr_house": "nan", "addr_hou_1": "nan", "power": "nan", "building_u": "nan", "flickr": "nan", "education": "nan", "ref": "nan", "athletics": "nan", "man_made": "nan", "ceremonial": "nan", "inscriptio": "nan", "material": "nan", "start_date": "nan", "bicycle_pa": "nan", "shelter_ty": "nan", "playground": "nan", "disused": "nan", "type": "nan", "addr_count": "nan", "internet_a": "nan", "name_de": "nan", "name_es": "nan", "name_fr": "nan", "name_it": "nan", "name_ja": "nan", "short_na_1": "nan", "short_na_2": "nan", "designatio": "nan", "path": "G:/ShiKongShuJuWaJue/WHU_ElectricalBike/whu_spatial_data/whu_pois.shp", "poi_tpye": "food" }, "geometry": { "type": "Point", "coordinates": [ 114.351783, 30.5423664 ] } },
{ "type": "Feature", "properties": { "element": "way", "id": "358205740", "amenity": "nan", "name": "先进制造与人工智能实验室", "access": "nan", "barrier": "nan", "bicycle": "nan", "foot": "nan", "motor_vehi": "nan", "opening_ho": "nan", "alt_name": "nan", "old_name": "nan", "locked": "nan", "leisure": "nan", "sport": "nan", "horse": "nan", "brand": "nan", "brand_en": "nan", "brand_wiki": "nan", "brand_wi_1": "nan", "brand_zh": "nan", "cuisine": "nan", "level": "nan", "name_en": "nan", "name_zh": "nan", "takeaway": "nan", "diet_halal": "nan", "addr_city": "nan", "addr_distr": "nan", "addr_postc": "nan", "addr_provi": "nan", "addr_stree": "nan", "building": "university", "fee": "nan", "diet_meat": "nan", "note": "nan", "outdoor_se": "nan", "brand_zh-H": "nan", "brand_zh_1": "nan", "delivery": "nan", "name_zh-Ha": "nan", "name_zh-_1": "nan", "layer": "nan", "fast_food": "nan", "brand_zh-L": "nan", "name_zh-La": "nan", "surface": "nan", "addr_place": "nan", "addr_unit": "nan", "nohousenum": "nan", "roof_colou": "nan", "emergency": "nan", "healthcare": "nan", "healthca_1": "nan", "loc_name": "nan", "operator": "nan", "website": "nan", "wheelchair": "nan", "building_c": "nan", "building_l": "nan", "museum": "nan", "tourism": "nan", "official_n": "nan", "wikimedia_": "nan", "office": "nan", "int_name": "nan", "height": "nan", "short_name": "nan", "wikidata": "nan", "wikipedia": "nan", "historic": "nan", "roof_orien": "nan", "roof_shape": "nan", "addr_house": "nan", "addr_hou_1": "nan", "power": "nan", "building_u": "nan", "flickr": "nan", "education": "nan", "ref": "nan", "athletics": "nan", "man_made": "nan", "ceremonial": "nan", "inscriptio": "nan", "material": "nan", "start_date": "nan", "bicycle_pa": "nan", "shelter_ty": "nan", "playground": "nan", "disused": "nan", "type": "nan", "addr_count": "nan", "internet_a": "nan", "name_de": "nan", "name_es": "nan", "name_fr": "nan", "name_it": "nan", "name_ja": "nan", "short_na_1": "nan", "short_na_2": "nan", "designatio": "nan", "path": "Point?crs=EPSG:4326&field=element:string(80,0)&field=id:string(80,0)&field=amenity:string(80,0)&field=name:string(80,0)&field=access:string(80,0)&field=barrier:string(80,0)&field=bicycle:string(80,0)&field=foot:string(80,0)&field=motor_vehi:string(80,0)&", "poi_tpye": "office" }, "geometry": { "type": "Point", "coordinates": [ 114.363567869922292, 30.544699835652754 ] } },
{ "type": "Feature", "properties": { "element": "node", "id": "10743552425", "amenity": "fast_food", "name": "派乐汉堡", "access": "nan", "barrier": "nan", "bicycle": "nan", "foot": "nan", "motor_vehi": "nan", "opening_ho": "nan", "alt_name": "nan", "old_name": "nan", "locked": "nan", "leisure": "nan", "sport": "nan", "horse": "nan", "brand": "nan", "brand_en": "nan", "brand_wiki": "nan", "brand_wi_1": "nan", "brand_zh": "nan", "cuisine": "burger", "level": "nan", "name_en": "nan", "name_zh": "nan", "takeaway": "nan", "diet_halal": "nan", "addr_city": "nan", "addr_distr": "nan", "addr_postc": "nan", "addr_provi": "nan", "addr_stree": "nan", "building": "nan", "fee": "nan", "diet_meat": "nan", "note": "nan", "outdoor_se": "nan", "brand_zh-H": "nan", "brand_zh_1": "nan", "delivery": "nan", "name_zh-Ha": "nan", "name_zh-_1": "nan", "layer": "nan", "fast_food": "nan", "brand_zh-L": "nan", "name_zh-La": "nan", "surface": "nan", "addr_place": "nan", "addr_unit": "nan", "nohousenum": "nan", "roof_colou": "nan", "emergency": "nan", "healthcare": "nan", "healthca_1": "nan", "loc_name": "nan", "operator": "nan", "website": "nan", "wheelchair": "nan", "building_c": "nan", "building_l": "nan", "museum": "nan", "tourism": "nan", "official_n": "nan", "wikimedia_": "nan", "office": "nan", "int_name": "nan", "height": "nan", "short_name": "nan", "wikidata": "nan", "wikipedia": "nan", "historic": "nan", "roof_orien": "nan", "roof_shape": "nan", "addr_house": "nan", "addr_hou_1": "nan", "power": "nan", "building_u": "nan", "flickr": "nan", "education": "nan", "ref": "nan", "athletics": "nan", "man_made": "nan", "ceremonial": "nan", "inscriptio": "nan", "material": "nan", "start_date": "nan", "bicycle_pa": "nan", "shelter_ty": "nan", "playground": "nan", "disused": "nan", "type": "nan", "addr_count": "nan", "internet_a": "nan", "name_de": "nan", "name_es": "nan", "name_fr": "nan", "name_it": "nan", "name_ja": "nan", "short_na_1": "nan", "short_na_2": "nan", "designatio": "nan", "path": "G:/ShiKongShuJuWaJue/WHU_ElectricalBike/whu_spatial_data/whu_pois.shp", "poi_tpye": "food" }, "geometry": { "type": "Point", "coordinates": [ 114.3518991, 30.5424073 ] } },
{ "type": "Feature", "properties": { "element": "way", "id": "358205730", "amenity": "nan", "name": "梅园小操场", "access": "nan", "barrier": "nan", "bicycle": "nan", "foot": "nan", "motor_vehi": "nan", "opening_ho": "nan", "alt_name": "nan", "old_name": "nan", "locked": "nan", "leisure": "pitch", "sport": "nan", "horse": "nan", "brand": "nan", "brand_en": "nan", "brand_wiki": "nan", "brand_wi_1": "nan", "brand_zh": "nan", "cuisine": "nan", "level": "nan", "name_en": "nan", "name_zh": "nan", "takeaway": "nan", "diet_halal": "nan", "addr_city": "nan", "addr_distr": "nan", "addr_postc": "nan", "addr_provi": "nan", "addr_stree": "nan", "building": "nan", "fee": "nan", "diet_meat": "nan", "note": "nan", "outdoor_se": "nan", "brand_zh-H": "nan", "brand_zh_1": "nan", "delivery": "nan", "name_zh-Ha": "nan", "name_zh-_1": "nan", "layer": "nan", "fast_food": "nan", "brand_zh-L": "nan", "name_zh-La": "nan", "surface": "nan", "addr_place": "nan", "addr_unit": "nan", "nohousenum": "nan", "roof_colou": "nan", "emergency": "nan", "healthcare": "nan", "healthca_1": "nan", "loc_name": "nan", "operator": "nan", "website": "nan", "wheelchair": "nan", "building_c": "nan", "building_l": "nan", "museum": "nan", "tourism": "nan", "official_n": "nan", "wikimedia_": "nan", "office": "nan", "int_name": "nan", "height": "nan", "short_name": "梅操", "wikidata": "nan", "wikipedia": "nan", "historic": "nan", "roof_orien": "nan", "roof_shape": "nan", "addr_house": "nan", "addr_hou_1": "nan", "power": "nan", "building_u": "nan", "flickr": "https://www.flickr.com/photos/higashimado/53928969380", "education": "nan", "ref": "nan", "athletics": "nan", "man_made": "nan", "ceremonial": "nan", "inscriptio": "nan", "material": "nan", "start_date": "nan", "bicycle_pa": "nan", "shelter_ty": "nan", "playground": "nan", "disused": "nan", "type": "nan", "addr_count": "nan", "internet_a": "nan", "name_de": "nan", "name_es": "nan", "name_fr": "nan", "name_it": "nan", "name_ja": "nan", "short_na_1": "nan", "short_na_2": "nan", "designatio": "nan", "path": "Point?crs=EPSG:4326&field=element:string(80,0)&field=id:string(80,0)&field=amenity:string(80,0)&field=name:string(80,0)&field=access:string(80,0)&field=barrier:string(80,0)&field=bicycle:string(80,0)&field=foot:string(80,0)&field=motor_vehi:string(80,0)&", "poi_tpye": "sports" }, "geometry": { "type": "Point", "coordinates": [ 114.359286557747126, 30.540782003981331 ] } },
{ "type": "Feature", "properties": { "element": "node", "id": "10743552413", "amenity": "restaurant", "name": "宝岛小厨", "access": "nan", "barrier": "nan", "bicycle": "nan", "foot": "nan", "motor_vehi": "nan", "opening_ho": "nan", "alt_name": "nan", "old_name": "nan", "locked": "nan", "leisure": "nan", "sport": "nan", "horse": "nan", "brand": "nan", "brand_en": "nan", "brand_wiki": "nan", "brand_wi_1": "nan", "brand_zh": "nan", "cuisine": "nan", "level": "nan", "name_en": "nan", "name_zh": "nan", "takeaway": "nan", "diet_halal": "nan", "addr_city": "nan", "addr_distr": "nan", "addr_postc": "nan", "addr_provi": "nan", "addr_stree": "nan", "building": "nan", "fee": "nan", "diet_meat": "nan", "note": "nan", "outdoor_se": "nan", "brand_zh-H": "nan", "brand_zh_1": "nan", "delivery": "nan", "name_zh-Ha": "nan", "name_zh-_1": "nan", "layer": "nan", "fast_food": "nan", "brand_zh-L": "nan", "name_zh-La": "nan", "surface": "nan", "addr_place": "nan", "addr_unit": "nan", "nohousenum": "nan", "roof_colou": "nan", "emergency": "nan", "healthcare": "nan", "healthca_1": "nan", "loc_name": "nan", "operator": "nan", "website": "nan", "wheelchair": "nan", "building_c": "nan", "building_l": "nan", "museum": "nan", "tourism": "nan", "official_n": "nan", "wikimedia_": "nan", "office": "nan", "int_name": "nan", "height": "nan", "short_name": "nan", "wikidata": "nan", "wikipedia": "nan", "historic": "nan", "roof_orien": "nan", "roof_shape": "nan", "addr_house": "nan", "addr_hou_1": "nan", "power": "nan", "building_u": "nan", "flickr": "nan", "education": "nan", "ref": "nan", "athletics": "nan", "man_made": "nan", "ceremonial": "nan", "inscriptio": "nan", "material": "nan", "start_date": "nan", "bicycle_pa": "nan", "shelter_ty": "nan", "playground": "nan", "disused": "nan", "type": "nan", "addr_count": "nan", "internet_a": "nan", "name_de": "nan", "name_es": "nan", "name_fr": "nan", "name_it": "nan", "name_ja": "nan", "short_na_1": "nan", "short_na_2": "nan", "designatio": "nan", "path": "G:/ShiKongShuJuWaJue/WHU_ElectricalBike/whu_spatial_data/whu_pois.shp", "poi_tpye": "food" }, "geometry": { "type": "Point", "coordinates": [ 114.3525504, 30.5440767 ] } },
{ "type": "Feature", "properties": { "element": "way", "id": "358205726", "amenity": "nan", "name": "物院新楼", "access": "nan", "barrier": "nan", "bicycle": "nan", "foot": "nan", "motor_vehi": "nan", "opening_ho": "nan", "alt_name": "nan", "old_name": "nan", "locked": "nan", "leisure": "nan", "sport": "nan", "horse": "nan", "brand": "nan", "brand_en": "nan", "brand_wiki": "nan", "brand_wi_1": "nan", "brand_zh": "nan", "cuisine": "nan", "level": "nan", "name_en": "nan", "name_zh": "nan", "takeaway": "nan", "diet_halal": "nan", "addr_city": "nan", "addr_distr": "nan", "addr_postc": "nan", "addr_provi": "nan", "addr_stree": "nan", "building": "university", "fee": "nan", "diet_meat": "nan", "note": "nan", "outdoor_se": "nan", "brand_zh-H": "nan", "brand_zh_1": "nan", "delivery": "nan", "name_zh-Ha": "nan", "name_zh-_1": "nan", "layer": "nan", "fast_food": "nan", "brand_zh-L": "nan", "name_zh-La": "nan", "surface": "nan", "addr_place": "nan", "addr_unit": "nan", "nohousenum": "nan", "roof_colou": "nan", "emergency": "nan", "healthcare": "nan", "healthca_1": "nan", "loc_name": "nan", "operator": "nan", "website": "nan", "wheelchair": "nan", "building_c": "nan", "building_l": "nan", "museum": "nan", "tourism": "nan", "official_n": "物理科学与技术学院新楼", "wikimedia_": "nan", "office": "nan", "int_name": "nan", "height": "nan", "short_name": "nan", "wikidata": "nan", "wikipedia": "nan", "historic": "nan", "roof_orien": "nan", "roof_shape": "nan", "addr_house": "nan", "addr_hou_1": "nan", "power": "nan", "building_u": "nan", "flickr": "nan", "education": "nan", "ref": "nan", "athletics": "nan", "man_made": "nan", "ceremonial": "nan", "inscriptio": "nan", "material": "nan", "start_date": "nan", "bicycle_pa": "nan", "shelter_ty": "nan", "playground": "nan", "disused": "nan", "type": "nan", "addr_count": "nan", "internet_a": "nan", "name_de": "nan", "name_es": "nan", "name_fr": "nan", "name_it": "nan", "name_ja": "nan", "short_na_1": "nan", "short_na_2": "nan", "designatio": "nan", "path": "Point?crs=EPSG:4326&field=element:string(80,0)&field=id:string(80,0)&field=amenity:string(80,0)&field=name:string(80,0)&field=access:string(80,0)&field=barrier:string(80,0)&field=bicycle:string(80,0)&field=foot:string(80,0)&field=motor_vehi:string(80,0)&", "poi_tpye": "office" }, "geometry": { "type": "Point", "coordinates": [ 114.357546277739416, 30.536150045035086 ] } },
{ "type": "Feature", "properties": { "element": "node", "id": "10743552412", "amenity": "restaurant", "name": "重庆小面", "access": "nan", "barrier": "nan", "bicycle": "nan", "foot": "nan", "motor_vehi": "nan", "opening_ho": "nan", "alt_name": "nan", "old_name": "nan", "locked": "nan", "leisure": "nan", "sport": "nan", "horse": "nan", "brand": "nan", "brand_en": "nan", "brand_wiki": "nan", "brand_wi_1": "nan", "brand_zh": "nan", "cuisine": "nan", "level": "nan", "name_en": "nan", "name_zh": "nan", "takeaway": "nan", "diet_halal": "nan", "addr_city": "nan", "addr_distr": "nan", "addr_postc": "nan", "addr_provi": "nan", "addr_stree": "nan", "building": "nan", "fee": "nan", "diet_meat": "nan", "note": "nan", "outdoor_se": "nan", "brand_zh-H": "nan", "brand_zh_1": "nan", "delivery": "nan", "name_zh-Ha": "nan", "name_zh-_1": "nan", "layer": "nan", "fast_food": "nan", "brand_zh-L": "nan", "name_zh-La": "nan", "surface": "nan", "addr_place": "nan", "addr_unit": "nan", "nohousenum": "nan", "roof_colou": "nan", "emergency": "nan", "healthcare": "nan", "healthca_1": "nan", "loc_name": "nan", "operator": "nan", "website": "nan", "wheelchair": "nan", "building_c": "nan", "building_l": "nan", "museum": "nan", "tourism": "nan", "official_n": "nan", "wikimedia_": "nan", "office": "nan", "int_name": "nan", "height": "nan", "short_name": "nan", "wikidata": "nan", "wikipedia": "nan", "historic": "nan", "roof_orien": "nan", "roof_shape": "nan", "addr_house": "nan", "addr_hou_1": "nan", "power": "nan", "building_u": "nan", "flickr": "nan", "education": "nan", "ref": "nan", "athletics": "nan", "man_made": "nan", "ceremonial": "nan", "inscriptio": "nan", "material": "nan", "start_date": "nan", "bicycle_pa": "nan", "shelter_ty": "nan", "playground": "nan", "disused": "nan", "type": "nan", "addr_count": "nan", "internet_a": "nan", "name_de": "nan", "name_es": "nan", "name_fr": "nan", "name_it": "nan", "name_ja": "nan", "short_na_1": "nan", "short_na_2": "nan", "designatio": "nan", "path": "G:/ShiKongShuJuWaJue/WHU_ElectricalBike/whu_spatial_data/whu_pois.shp", "poi_tpye": "food" }, "geometry": { "type": "Point", "coordinates": [ 114.35267930000002, 30.5440806 ] } },
{ "type": "Feature", "properties": { "element": "way", "id": "311928697", "amenity": "nan", "name": "信息学部10舍", "access": "nan", "barrier": "nan", "bicycle": "nan", "foot": "nan", "motor_vehi": "nan", "opening_ho": "nan", "alt_name": "nan", "old_name": "nan", "locked": "nan", "leisure": "nan", "sport": "nan", "horse": "nan", "brand": "nan", "brand_en": "nan", "brand_wiki": "nan", "brand_wi_1": "nan", "brand_zh": "nan", "cuisine": "nan", "level": "nan", "name_en": "nan", "name_zh": "nan", "takeaway": "nan", "diet_halal": "nan", "addr_city": "nan", "addr_distr": "nan", "addr_postc": "nan", "addr_provi": "nan", "addr_stree": "nan", "building": "dormitory", "fee": "nan", "diet_meat": "nan", "note": "nan", "outdoor_se": "nan", "brand_zh-H": "nan", "brand_zh_1": "nan", "delivery": "nan", "name_zh-Ha": "nan", "name_zh-_1": "nan", "layer": "nan", "fast_food": "nan", "brand_zh-L": "nan", "name_zh-La": "nan", "surface": "nan", "addr_place": "nan", "addr_unit": "nan", "nohousenum": "nan", "roof_colou": "nan", "emergency": "nan", "healthcare": "nan", "healthca_1": "nan", "loc_name": "nan", "operator": "武汉大学", "website": "nan", "wheelchair": "nan", "building_c": "nan", "building_l": "6", "museum": "nan", "tourism": "nan", "official_n": "nan", "wikimedia_": "nan", "office": "nan", "int_name": "nan", "height": "nan", "short_name": "nan", "wikidata": "nan", "wikipedia": "nan", "historic": "nan", "roof_orien": "nan", "roof_shape": "nan", "addr_house": "nan", "addr_hou_1": "nan", "power": "nan", "building_u": "nan", "flickr": "nan", "education": "nan", "ref": "nan", "athletics": "nan", "man_made": "nan", "ceremonial": "nan", "inscriptio": "nan", "material": "nan", "start_date": "nan", "bicycle_pa": "nan", "shelter_ty": "nan", "playground": "nan", "disused": "nan", "type": "nan", "addr_count": "nan", "internet_a": "nan", "name_de": "nan", "name_es": "nan", "name_fr": "nan", "name_it": "nan", "name_ja": "nan", "short_na_1": "nan", "short_na_2": "nan", "designatio": "nan", "path": "Point?crs=EPSG:4326&field=element:string(80,0)&field=id:string(80,0)&field=amenity:string(80,0)&field=name:string(80,0)&field=access:string(80,0)&field=barrier:string(80,0)&field=bicycle:string(80,0)&field=foot:string(80,0)&field=motor_vehi:string(80,0)&", "poi_tpye": "dormitory" }, "geometry": { "type": "Point", "coordinates": [ 114.352530995345106, 30.52880797403671 ] } },
{ "type": "Feature", "properties": { "element": "node", "id": "10743475230", "amenity": "fast_food", "name": "肯德基", "access": "nan", "barrier": "nan", "bicycle": "nan", "foot": "nan", "motor_vehi": "nan", "opening_ho": "nan", "alt_name": "nan", "old_name": "nan", "locked": "nan", "leisure": "nan", "sport": "nan", "horse": "nan", "brand": "肯德基", "brand_en": "KFC", "brand_wiki": "Q524757", "brand_wi_1": "nan", "brand_zh": "肯德基", "cuisine": "chicken", "level": "nan", "name_en": "KFC", "name_zh": "肯德基", "takeaway": "yes", "diet_halal": "nan", "addr_city": "nan", "addr_distr": "nan", "addr_postc": "nan", "addr_provi": "nan", "addr_stree": "nan", "building": "nan", "fee": "nan", "diet_meat": "nan", "note": "nan", "outdoor_se": "nan", "brand_zh-H": "nan", "brand_zh_1": "nan", "delivery": "nan", "name_zh-Ha": "nan", "name_zh-_1": "nan", "layer": "nan", "fast_food": "nan", "brand_zh-L": "nan", "name_zh-La": "nan", "surface": "nan", "addr_place": "nan", "addr_unit": "nan", "nohousenum": "nan", "roof_colou": "nan", "emergency": "nan", "healthcare": "nan", "healthca_1": "nan", "loc_name": "nan", "operator": "nan", "website": "nan", "wheelchair": "nan", "building_c": "nan", "building_l": "nan", "museum": "nan", "tourism": "nan", "official_n": "nan", "wikimedia_": "nan", "office": "nan", "int_name": "nan", "height": "nan", "short_name": "nan", "wikidata": "nan", "wikipedia": "nan", "historic": "nan", "roof_orien": "nan", "roof_shape": "nan", "addr_house": "nan", "addr_hou_1": "nan", "power": "nan", "building_u": "nan", "flickr": "nan", "education": "nan", "ref": "nan", "athletics": "nan", "man_made": "nan", "ceremonial": "nan", "inscriptio": "nan", "material": "nan", "start_date": "nan", "bicycle_pa": "nan", "shelter_ty": "nan", "playground": "nan", "disused": "nan", "type": "nan", "addr_count": "nan", "internet_a": "nan", "name_de": "nan", "name_es": "nan", "name_fr": "nan", "name_it": "nan", "name_ja": "nan", "short_na_1": "nan", "short_na_2": "nan", "designatio": "nan", "path": "G:/ShiKongShuJuWaJue/WHU_ElectricalBike/whu_spatial_data/whu_pois.shp", "poi_tpye": "food" }, "geometry": { "type": "Point", "coordinates": [ 114.354350200000013, 30.5301555 ] } },
{ "type": "Feature", "properties": { "element": "way", "id": "311927943", "amenity": "nan", "name": "信息学部8舍", "access": "nan", "barrier": "nan", "bicycle": "nan", "foot": "nan", "motor_vehi": "nan", "opening_ho": "nan", "alt_name": "nan", "old_name": "nan", "locked": "nan", "leisure": "nan", "sport": "nan", "horse": "nan", "brand": "nan", "brand_en": "nan", "brand_wiki": "nan", "brand_wi_1": "nan", "brand_zh": "nan", "cuisine": "nan", "level": "nan", "name_en": "nan", "name_zh": "nan", "takeaway": "nan", "diet_halal": "nan", "addr_city": "nan", "addr_distr": "nan", "addr_postc": "nan", "addr_provi": "nan", "addr_stree": "nan", "building": "dormitory", "fee": "nan", "diet_meat": "nan", "note": "nan", "outdoor_se": "nan", "brand_zh-H": "nan", "brand_zh_1": "nan", "delivery": "nan", "name_zh-Ha": "nan", "name_zh-_1": "nan", "layer": "nan", "fast_food": "nan", "brand_zh-L": "nan", "name_zh-La": "nan", "surface": "nan", "addr_place": "nan", "addr_unit": "nan", "nohousenum": "nan", "roof_colou": "nan", "emergency": "nan", "healthcare": "nan", "healthca_1": "nan", "loc_name": "nan", "operator": "武汉大学", "website": "nan", "wheelchair": "nan", "building_c": "nan", "building_l": "7", "museum": "nan", "tourism": "nan", "official_n": "nan", "wikimedia_": "nan", "office": "nan", "int_name": "nan", "height": "nan", "short_name": "nan", "wikidata": "nan", "wikipedia": "nan", "historic": "nan", "roof_orien": "nan", "roof_shape": "nan", "addr_house": "nan", "addr_hou_1": "nan", "power": "nan", "building_u": "nan", "flickr": "nan", "education": "nan", "ref": "nan", "athletics": "nan", "man_made": "nan", "ceremonial": "nan", "inscriptio": "nan", "material": "nan", "start_date": "nan", "bicycle_pa": "nan", "shelter_ty": "nan", "playground": "nan", "disused": "nan", "type": "nan", "addr_count": "nan", "internet_a": "nan", "name_de": "nan", "name_es": "nan", "name_fr": "nan", "name_it": "nan", "name_ja": "nan", "short_na_1": "nan", "short_na_2": "nan", "designatio": "nan", "path": "Point?crs=EPSG:4326&field=element:string(80,0)&field=id:string(80,0)&field=amenity:string(80,0)&field=name:string(80,0)&field=access:string(80,0)&field=barrier:string(80,0)&field=bicycle:string(80,0)&field=foot:string(80,0)&field=motor_vehi:string(80,0)&", "poi_tpye": "dormitory" }, "geometry": { "type": "Point", "coordinates": [ 114.353445678344144, 30.528487248790551 ] } },
{ "type": "Feature", "properties": { "element": "node", "id": "10743258309", "amenity": "cafe", "name": "霸王茶姬", "access": "nan", "barrier": "nan", "bicycle": "nan", "foot": "nan", "motor_vehi": "nan", "opening_ho": "nan", "alt_name": "nan", "old_name": "nan", "locked": "nan", "leisure": "nan", "sport": "nan", "horse": "nan", "brand": "霸王茶姬", "brand_en": "Chagee", "brand_wiki": "Q125052867", "brand_wi_1": "nan", "brand_zh": "霸王茶姬", "cuisine": "bubble_tea", "level": "nan", "name_en": "Chagee", "name_zh": "霸王茶姬", "takeaway": "yes", "diet_halal": "nan", "addr_city": "nan", "addr_distr": "nan", "addr_postc": "nan", "addr_provi": "nan", "addr_stree": "nan", "building": "nan", "fee": "nan", "diet_meat": "nan", "note": "nan", "outdoor_se": "yes", "brand_zh-H": "nan", "brand_zh_1": "nan", "delivery": "nan", "name_zh-Ha": "nan", "name_zh-_1": "nan", "layer": "nan", "fast_food": "nan", "brand_zh-L": "nan", "name_zh-La": "nan", "surface": "nan", "addr_place": "nan", "addr_unit": "nan", "nohousenum": "nan", "roof_colou": "nan", "emergency": "nan", "healthcare": "nan", "healthca_1": "nan", "loc_name": "nan", "operator": "nan", "website": "nan", "wheelchair": "nan", "building_c": "nan", "building_l": "nan", "museum": "nan", "tourism": "nan", "official_n": "nan", "wikimedia_": "nan", "office": "nan", "int_name": "nan", "height": "nan", "short_name": "nan", "wikidata": "nan", "wikipedia": "nan", "historic": "nan", "roof_orien": "nan", "roof_shape": "nan", "addr_house": "nan", "addr_hou_1": "nan", "power": "nan", "building_u": "nan", "flickr": "nan", "education": "nan", "ref": "nan", "athletics": "nan", "man_made": "nan", "ceremonial": "nan", "inscriptio": "nan", "material": "nan", "start_date": "nan", "bicycle_pa": "nan", "shelter_ty": "nan", "playground": "nan", "disused": "nan", "type": "nan", "addr_count": "nan", "internet_a": "nan", "name_de": "nan", "name_es": "nan", "name_fr": "nan", "name_it": "nan", "name_ja": "nan", "short_na_1": "nan", "short_na_2": "nan", "designatio": "nan", "path": "G:/ShiKongShuJuWaJue/WHU_ElectricalBike/whu_spatial_data/whu_pois.shp", "poi_tpye": "food" }, "geometry": { "type": "Point", "coordinates": [ 114.3542628, 30.5302998 ] } },
{ "type": "Feature", "properties": { "element": "way", "id": "307265583", "amenity": "nan", "name": "枫园教学楼", "access": "nan", "barrier": "nan", "bicycle": "nan", "foot": "nan", "motor_vehi": "nan", "opening_ho": "nan", "alt_name": "nan", "old_name": "nan", "locked": "nan", "leisure": "nan", "sport": "nan", "horse": "nan", "brand": "nan", "brand_en": "nan", "brand_wiki": "nan", "brand_wi_1": "nan", "brand_zh": "nan", "cuisine": "nan", "level": "nan", "name_en": "nan", "name_zh": "nan", "takeaway": "nan", "diet_halal": "nan", "addr_city": "nan", "addr_distr": "nan", "addr_postc": "nan", "addr_provi": "nan", "addr_stree": "nan", "building": "university", "fee": "nan", "diet_meat": "nan", "note": "nan", "outdoor_se": "nan", "brand_zh-H": "nan", "brand_zh_1": "nan", "delivery": "nan", "name_zh-Ha": "nan", "name_zh-_1": "nan", "layer": "nan", "fast_food": "nan", "brand_zh-L": "nan", "name_zh-La": "nan", "surface": "nan", "addr_place": "nan", "addr_unit": "nan", "nohousenum": "nan", "roof_colou": "nan", "emergency": "nan", "healthcare": "nan", "healthca_1": "nan", "loc_name": "nan", "operator": "nan", "website": "nan", "wheelchair": "nan", "building_c": "nan", "building_l": "nan", "museum": "nan", "tourism": "nan", "official_n": "nan", "wikimedia_": "nan", "office": "nan", "int_name": "nan", "height": "nan", "short_name": "nan", "wikidata": "nan", "wikipedia": "nan", "historic": "nan", "roof_orien": "nan", "roof_shape": "nan", "addr_house": "nan", "addr_hou_1": "nan", "power": "nan", "building_u": "nan", "flickr": "nan", "education": "nan", "ref": "nan", "athletics": "nan", "man_made": "nan", "ceremonial": "nan", "inscriptio": "nan", "material": "nan", "start_date": "nan", "bicycle_pa": "nan", "shelter_ty": "nan", "playground": "nan", "disused": "nan", "type": "nan", "addr_count": "nan", "internet_a": "nan", "name_de": "nan", "name_es": "nan", "name_fr": "nan", "name_it": "nan", "name_ja": "nan", "short_na_1": "nan", "short_na_2": "nan", "designatio": "nan", "path": "Point?crs=EPSG:4326&field=element:string(80,0)&field=id:string(80,0)&field=amenity:string(80,0)&field=name:string(80,0)&field=access:string(80,0)&field=barrier:string(80,0)&field=bicycle:string(80,0)&field=foot:string(80,0)&field=motor_vehi:string(80,0)&", "poi_tpye": "teach_building" }, "geometry": { "type": "Point", "coordinates": [ 114.368951947957527, 30.539518224348082 ] } },
{ "type": "Feature", "properties": { "element": "way", "id": "306407524", "amenity": "nan", "name": "测绘遥感信息工程国家重点实验室大楼", "access": "nan", "barrier": "nan", "bicycle": "nan", "foot": "nan", "motor_vehi": "nan", "opening_ho": "nan", "alt_name": "nan", "old_name": "nan", "locked": "nan", "leisure": "nan", "sport": "nan", "horse": "nan", "brand": "nan", "brand_en": "nan", "brand_wiki": "nan", "brand_wi_1": "nan", "brand_zh": "nan", "cuisine": "nan", "level": "nan", "name_en": "nan", "name_zh": "nan", "takeaway": "nan", "diet_halal": "nan", "addr_city": "nan", "addr_distr": "nan", "addr_postc": "nan", "addr_provi": "nan", "addr_stree": "nan", "building": "university", "fee": "nan", "diet_meat": "nan", "note": "nan", "outdoor_se": "nan", "brand_zh-H": "nan", "brand_zh_1": "nan", "delivery": "nan", "name_zh-Ha": "nan", "name_zh-_1": "nan", "layer": "nan", "fast_food": "nan", "brand_zh-L": "nan", "name_zh-La": "nan", "surface": "nan", "addr_place": "nan", "addr_unit": "nan", "nohousenum": "nan", "roof_colou": "nan", "emergency": "nan", "healthcare": "nan", "healthca_1": "nan", "loc_name": "nan", "operator": "nan", "website": "nan", "wheelchair": "nan", "building_c": "nan", "building_l": "4", "museum": "nan", "tourism": "nan", "official_n": "nan", "wikimedia_": "nan", "office": "nan", "int_name": "nan", "height": "nan", "short_name": "nan", "wikidata": "nan", "wikipedia": "nan", "historic": "nan", "roof_orien": "nan", "roof_shape": "nan", "addr_house": "nan", "addr_hou_1": "nan", "power": "nan", "building_u": "nan", "flickr": "nan", "education": "nan", "ref": "nan", "athletics": "nan", "man_made": "nan", "ceremonial": "nan", "inscriptio": "nan", "material": "nan", "start_date": "nan", "bicycle_pa": "nan", "shelter_ty": "nan", "playground": "nan", "disused": "nan", "type": "nan", "addr_count": "nan", "internet_a": "nan", "name_de": "nan", "name_es": "nan", "name_fr": "nan", "name_it": "nan", "name_ja": "nan", "short_na_1": "nan", "short_na_2": "nan", "designatio": "nan", "path": "Point?crs=EPSG:4326&field=element:string(80,0)&field=id:string(80,0)&field=amenity:string(80,0)&field=name:string(80,0)&field=access:string(80,0)&field=barrier:string(80,0)&field=bicycle:string(80,0)&field=foot:string(80,0)&field=motor_vehi:string(80,0)&", "poi_tpye": "office" }, "geometry": { "type": "Point", "coordinates": [ 114.354771090301156, 30.529399525024498 ] } },
{ "type": "Feature", "properties": { "element": "way", "id": "953298302", "amenity": "nan", "name": "当代楼", "access": "nan", "barrier": "nan", "bicycle": "nan", "foot": "nan", "motor_vehi": "nan", "opening_ho": "nan", "alt_name": "研究生院", "old_name": "nan", "locked": "nan", "leisure": "nan", "sport": "nan", "horse": "nan", "brand": "nan", "brand_en": "nan", "brand_wiki": "nan", "brand_wi_1": "nan", "brand_zh": "nan", "cuisine": "nan", "level": "nan", "name_en": "nan", "name_zh": "nan", "takeaway": "nan", "diet_halal": "nan", "addr_city": "nan", "addr_distr": "nan", "addr_postc": "nan", "addr_provi": "nan", "addr_stree": "nan", "building": "university", "fee": "nan", "diet_meat": "nan", "note": "nan", "outdoor_se": "nan", "brand_zh-H": "nan", "brand_zh_1": "nan", "delivery": "nan", "name_zh-Ha": "nan", "name_zh-_1": "nan", "layer": "1", "fast_food": "nan", "brand_zh-L": "nan", "name_zh-La": "nan", "surface": "nan", "addr_place": "nan", "addr_unit": "nan", "nohousenum": "nan", "roof_colou": "#2dd6eb", "emergency": "nan", "healthcare": "nan", "healthca_1": "nan", "loc_name": "nan", "operator": "nan", "website": "https://gs.whu.edu.cn/", "wheelchair": "nan", "building_c": "#a2a497", "building_l": "4", "museum": "nan", "tourism": "nan", "official_n": "nan", "wikimedia_": "File:Wuhan University Institute of Advanced Studies.jpg", "office": "nan", "int_name": "nan", "height": "nan", "short_name": "nan", "wikidata": "nan", "wikipedia": "nan", "historic": "nan", "roof_orien": "nan", "roof_shape": "nan", "addr_house": "nan", "addr_hou_1": "nan", "power": "nan", "building_u": "nan", "flickr": "nan", "education": "nan", "ref": "nan", "athletics": "nan", "man_made": "nan", "ceremonial": "nan", "inscriptio": "nan", "material": "nan", "start_date": "nan", "bicycle_pa": "nan", "shelter_ty": "nan", "playground": "nan", "disused": "nan", "type": "nan", "addr_count": "nan", "internet_a": "nan", "name_de": "nan", "name_es": "nan", "name_fr": "nan", "name_it": "nan", "name_ja": "nan", "short_na_1": "nan", "short_na_2": "nan", "designatio": "nan", "path": "Point?crs=EPSG:4326&field=element:string(80,0)&field=id:string(80,0)&field=amenity:string(80,0)&field=name:string(80,0)&field=access:string(80,0)&field=barrier:string(80,0)&field=bicycle:string(80,0)&field=foot:string(80,0)&field=motor_vehi:string(80,0)&", "poi_tpye": "office" }, "geometry": { "type": "Point", "coordinates": [ 114.353832493218533, 30.535252818655259 ] } },
{ "type": "Feature", "properties": { "element": "way", "id": "953298298", "amenity": "nan", "name": "湖滨14舍", "access": "nan", "barrier": "nan", "bicycle": "nan", "foot": "nan", "motor_vehi": "nan", "opening_ho": "nan", "alt_name": "nan", "old_name": "nan", "locked": "nan", "leisure": "nan", "sport": "nan", "horse": "nan", "brand": "nan", "brand_en": "nan", "brand_wiki": "nan", "brand_wi_1": "nan", "brand_zh": "nan", "cuisine": "nan", "level": "nan", "name_en": "nan", "name_zh": "nan", "takeaway": "nan", "diet_halal": "nan", "addr_city": "nan", "addr_distr": "nan", "addr_postc": "nan", "addr_provi": "nan", "addr_stree": "nan", "building": "dormitory", "fee": "nan", "diet_meat": "nan", "note": "nan", "outdoor_se": "nan", "brand_zh-H": "nan", "brand_zh_1": "nan", "delivery": "nan", "name_zh-Ha": "nan", "name_zh-_1": "nan", "layer": "nan", "fast_food": "nan", "brand_zh-L": "nan", "name_zh-La": "nan", "surface": "nan", "addr_place": "nan", "addr_unit": "nan", "nohousenum": "nan", "roof_colou": "nan", "emergency": "nan", "healthcare": "nan", "healthca_1": "nan", "loc_name": "nan", "operator": "nan", "website": "nan", "wheelchair": "nan", "building_c": "nan", "building_l": "nan", "museum": "nan", "tourism": "nan", "official_n": "nan", "wikimedia_": "nan", "office": "nan", "int_name": "nan", "height": "nan", "short_name": "nan", "wikidata": "nan", "wikipedia": "nan", "historic": "nan", "roof_orien": "nan", "roof_shape": "nan", "addr_house": "nan", "addr_hou_1": "nan", "power": "nan", "building_u": "nan", "flickr": "nan", "education": "nan", "ref": "nan", "athletics": "nan", "man_made": "nan", "ceremonial": "nan", "inscriptio": "nan", "material": "nan", "start_date": "nan", "bicycle_pa": "nan", "shelter_ty": "nan", "playground": "nan", "disused": "nan", "type": "nan", "addr_count": "nan", "internet_a": "nan", "name_de": "nan", "name_es": "nan", "name_fr": "nan", "name_it": "nan", "name_ja": "nan", "short_na_1": "nan", "short_na_2": "nan", "designatio": "nan", "path": "Point?crs=EPSG:4326&field=element:string(80,0)&field=id:string(80,0)&field=amenity:string(80,0)&field=name:string(80,0)&field=access:string(80,0)&field=barrier:string(80,0)&field=bicycle:string(80,0)&field=foot:string(80,0)&field=motor_vehi:string(80,0)&", "poi_tpye": "dormitory" }, "geometry": { "type": "Point", "coordinates": [ 114.365128255597739, 30.542984978397612 ] } },
{ "type": "Feature", "properties": { "element": "way", "id": "953298294", "amenity": "nan", "name": "留学生宿舍3号楼", "access": "nan", "barrier": "nan", "bicycle": "nan", "foot": "nan", "motor_vehi": "nan", "opening_ho": "nan", "alt_name": "nan", "old_name": "nan", "locked": "nan", "leisure": "nan", "sport": "nan", "horse": "nan", "brand": "nan", "brand_en": "nan", "brand_wiki": "nan", "brand_wi_1": "nan", "brand_zh": "nan", "cuisine": "nan", "level": "nan", "name_en": "nan", "name_zh": "nan", "takeaway": "nan", "diet_halal": "nan", "addr_city": "nan", "addr_distr": "nan", "addr_postc": "nan", "addr_provi": "nan", "addr_stree": "nan", "building": "dormitory", "fee": "nan", "diet_meat": "nan", "note": "nan", "outdoor_se": "nan", "brand_zh-H": "nan", "brand_zh_1": "nan", "delivery": "nan", "name_zh-Ha": "nan", "name_zh-_1": "nan", "layer": "nan", "fast_food": "nan", "brand_zh-L": "nan", "name_zh-La": "nan", "surface": "nan", "addr_place": "nan", "addr_unit": "nan", "nohousenum": "nan", "roof_colou": "nan", "emergency": "nan", "healthcare": "nan", "healthca_1": "nan", "loc_name": "nan", "operator": "nan", "website": "nan", "wheelchair": "nan", "building_c": "nan", "building_l": "nan", "museum": "nan", "tourism": "nan", "official_n": "nan", "wikimedia_": "nan", "office": "nan", "int_name": "nan", "height": "nan", "short_name": "nan", "wikidata": "nan", "wikipedia": "nan", "historic": "nan", "roof_orien": "nan", "roof_shape": "nan", "addr_house": "nan", "addr_hou_1": "nan", "power": "nan", "building_u": "nan", "flickr": "nan", "education": "nan", "ref": "nan", "athletics": "nan", "man_made": "nan", "ceremonial": "nan", "inscriptio": "nan", "material": "nan", "start_date": "nan", "bicycle_pa": "nan", "shelter_ty": "nan", "playground": "nan", "disused": "nan", "type": "nan", "addr_count": "nan", "internet_a": "nan", "name_de": "nan", "name_es": "nan", "name_fr": "nan", "name_it": "nan", "name_ja": "nan", "short_na_1": "nan", "short_na_2": "nan", "designatio": "nan", "path": "Point?crs=EPSG:4326&field=element:string(80,0)&field=id:string(80,0)&field=amenity:string(80,0)&field=name:string(80,0)&field=access:string(80,0)&field=barrier:string(80,0)&field=bicycle:string(80,0)&field=foot:string(80,0)&field=motor_vehi:string(80,0)&", "poi_tpye": "dormitory" }, "geometry": { "type": "Point", "coordinates": [ 114.36775590267861, 30.54017050121152 ] } },
{ "type": "Feature", "properties": { "element": "way", "id": "869323038", "amenity": "nan", "name": "卓尔附馆", "access": "nan", "barrier": "nan", "bicycle": "nan", "foot": "nan", "motor_vehi": "nan", "opening_ho": "nan", "alt_name": "nan", "old_name": "nan", "locked": "nan", "leisure": "sports_hall", "sport": "nan", "horse": "nan", "brand": "nan", "brand_en": "nan", "brand_wiki": "nan", "brand_wi_1": "nan", "brand_zh": "nan", "cuisine": "nan", "level": "nan", "name_en": "nan", "name_zh": "nan", "takeaway": "nan", "diet_halal": "nan", "addr_city": "nan", "addr_distr": "nan", "addr_postc": "nan", "addr_provi": "nan", "addr_stree": "nan", "building": "sports_hall", "fee": "nan", "diet_meat": "nan", "note": "nan", "outdoor_se": "nan", "brand_zh-H": "nan", "brand_zh_1": "nan", "delivery": "nan", "name_zh-Ha": "nan", "name_zh-_1": "nan", "layer": "nan", "fast_food": "nan", "brand_zh-L": "nan", "name_zh-La": "nan", "surface": "nan", "addr_place": "nan", "addr_unit": "nan", "nohousenum": "nan", "roof_colou": "#4f8090", "emergency": "nan", "healthcare": "nan", "healthca_1": "nan", "loc_name": "nan", "operator": "nan", "website": "nan", "wheelchair": "nan", "building_c": "nan", "building_l": "nan", "museum": "nan", "tourism": "nan", "official_n": "nan", "wikimedia_": "nan", "office": "nan", "int_name": "nan", "height": "nan", "short_name": "nan", "wikidata": "nan", "wikipedia": "nan", "historic": "nan", "roof_orien": "along", "roof_shape": "gabled", "addr_house": "nan", "addr_hou_1": "nan", "power": "nan", "building_u": "nan", "flickr": "nan", "education": "nan", "ref": "nan", "athletics": "nan", "man_made": "nan", "ceremonial": "nan", "inscriptio": "nan", "material": "nan", "start_date": "nan", "bicycle_pa": "nan", "shelter_ty": "nan", "playground": "nan", "disused": "nan", "type": "nan", "addr_count": "nan", "internet_a": "nan", "name_de": "nan", "name_es": "nan", "name_fr": "nan", "name_it": "nan", "name_ja": "nan", "short_na_1": "nan", "short_na_2": "nan", "designatio": "nan", "path": "Point?crs=EPSG:4326&field=element:string(80,0)&field=id:string(80,0)&field=amenity:string(80,0)&field=name:string(80,0)&field=access:string(80,0)&field=barrier:string(80,0)&field=bicycle:string(80,0)&field=foot:string(80,0)&field=motor_vehi:string(80,0)&", "poi_tpye": "sports" }, "geometry": { "type": "Point", "coordinates": [ 114.351396860872114, 30.540127897847089 ] } },
{ "type": "Feature", "properties": { "element": "way", "id": "869323037", "amenity": "nan", "name": "卓尔体育馆", "access": "nan", "barrier": "nan", "bicycle": "nan", "foot": "nan", "motor_vehi": "nan", "opening_ho": "nan", "alt_name": "nan", "old_name": "nan", "locked": "nan", "leisure": "sports_hall", "sport": "nan", "horse": "nan", "brand": "nan", "brand_en": "nan", "brand_wiki": "nan", "brand_wi_1": "nan", "brand_zh": "nan", "cuisine": "nan", "level": "nan", "name_en": "nan", "name_zh": "nan", "takeaway": "nan", "diet_halal": "nan", "addr_city": "nan", "addr_distr": "nan", "addr_postc": "nan", "addr_provi": "nan", "addr_stree": "nan", "building": "sports_hall", "fee": "nan", "diet_meat": "nan", "note": "nan", "outdoor_se": "nan", "brand_zh-H": "nan", "brand_zh_1": "nan", "delivery": "nan", "name_zh-Ha": "nan", "name_zh-_1": "nan", "layer": "nan", "fast_food": "nan", "brand_zh-L": "nan", "name_zh-La": "nan", "surface": "nan", "addr_place": "nan", "addr_unit": "nan", "nohousenum": "nan", "roof_colou": "#4f8090", "emergency": "nan", "healthcare": "nan", "healthca_1": "nan", "loc_name": "nan", "operator": "nan", "website": "nan", "wheelchair": "nan", "building_c": "#fafefd", "building_l": "3", "museum": "nan", "tourism": "nan", "official_n": "nan", "wikimedia_": "File:Wuhan University Zall Stadium.jpg", "office": "nan", "int_name": "nan", "height": "29.14", "short_name": "nan", "wikidata": "nan", "wikipedia": "nan", "historic": "nan", "roof_orien": "along", "roof_shape": "gabled", "addr_house": "nan", "addr_hou_1": "nan", "power": "nan", "building_u": "nan", "flickr": "nan", "education": "nan", "ref": "nan", "athletics": "nan", "man_made": "nan", "ceremonial": "nan", "inscriptio": "nan", "material": "nan", "start_date": "nan", "bicycle_pa": "nan", "shelter_ty": "nan", "playground": "nan", "disused": "nan", "type": "nan", "addr_count": "nan", "internet_a": "nan", "name_de": "nan", "name_es": "nan", "name_fr": "nan", "name_it": "nan", "name_ja": "nan", "short_na_1": "nan", "short_na_2": "nan", "designatio": "nan", "path": "Point?crs=EPSG:4326&field=element:string(80,0)&field=id:string(80,0)&field=amenity:string(80,0)&field=name:string(80,0)&field=access:string(80,0)&field=barrier:string(80,0)&field=bicycle:string(80,0)&field=foot:string(80,0)&field=motor_vehi:string(80,0)&", "poi_tpye": "sports" }, "geometry": { "type": "Point", "coordinates": [ 114.351852274893815, 30.539289983523901 ] } },
{ "type": "Feature", "properties": { "element": "way", "id": "737191893", "amenity": "nan", "name": "喷灌实验室", "access": "nan", "barrier": "nan", "bicycle": "nan", "foot": "nan", "motor_vehi": "nan", "opening_ho": "nan", "alt_name": "nan", "old_name": "nan", "locked": "nan", "leisure": "nan", "sport": "nan", "horse": "nan", "brand": "nan", "brand_en": "nan", "brand_wiki": "nan", "brand_wi_1": "nan", "brand_zh": "nan", "cuisine": "nan", "level": "nan", "name_en": "nan", "name_zh": "nan", "takeaway": "nan", "diet_halal": "nan", "addr_city": "nan", "addr_distr": "nan", "addr_postc": "nan", "addr_provi": "nan", "addr_stree": "nan", "building": "greenhouse", "fee": "nan", "diet_meat": "nan", "note": "nan", "outdoor_se": "nan", "brand_zh-H": "nan", "brand_zh_1": "nan", "delivery": "nan", "name_zh-Ha": "nan", "name_zh-_1": "nan", "layer": "nan", "fast_food": "nan", "brand_zh-L": "nan", "name_zh-La": "nan", "surface": "nan", "addr_place": "nan", "addr_unit": "nan", "nohousenum": "nan", "roof_colou": "nan", "emergency": "nan", "healthcare": "nan", "healthca_1": "nan", "loc_name": "nan", "operator": "nan", "website": "nan", "wheelchair": "nan", "building_c": "nan", "building_l": "nan", "museum": "nan", "tourism": "nan", "official_n": "nan", "wikimedia_": "nan", "office": "nan", "int_name": "nan", "height": "nan", "short_name": "nan", "wikidata": "nan", "wikipedia": "nan", "historic": "nan", "roof_orien": "nan", "roof_shape": "nan", "addr_house": "nan", "addr_hou_1": "nan", "power": "nan", "building_u": "nan", "flickr": "nan", "education": "nan", "ref": "nan", "athletics": "nan", "man_made": "nan", "ceremonial": "nan", "inscriptio": "nan", "material": "nan", "start_date": "nan", "bicycle_pa": "nan", "shelter_ty": "nan", "playground": "nan", "disused": "nan", "type": "nan", "addr_count": "nan", "internet_a": "nan", "name_de": "nan", "name_es": "nan", "name_fr": "nan", "name_it": "nan", "name_ja": "nan", "short_na_1": "nan", "short_na_2": "nan", "designatio": "nan", "path": "Point?crs=EPSG:4326&field=element:string(80,0)&field=id:string(80,0)&field=amenity:string(80,0)&field=name:string(80,0)&field=access:string(80,0)&field=barrier:string(80,0)&field=bicycle:string(80,0)&field=foot:string(80,0)&field=motor_vehi:string(80,0)&", "poi_tpye": "office" }, "geometry": { "type": "Point", "coordinates": [ 114.363338341372355, 30.546325115923349 ] } },
{ "type": "Feature", "properties": { "element": "node", "id": "12718079563", "amenity": "restaurant", "name": "老乡鸡", "access": "nan", "barrier": "nan", "bicycle": "nan", "foot": "nan", "motor_vehi": "nan", "opening_ho": "nan", "alt_name": "nan", "old_name": "nan", "locked": "nan", "leisure": "nan", "sport": "nan", "horse": "nan", "brand": "老乡鸡", "brand_en": "Home Original Chicken", "brand_wiki": "Q15950134", "brand_wi_1": "nan", "brand_zh": "老乡鸡", "cuisine": "chinese", "level": "nan", "name_en": "Home Original Chicken", "name_zh": "老乡鸡", "takeaway": "nan", "diet_halal": "nan", "addr_city": "nan", "addr_distr": "nan", "addr_postc": "nan", "addr_provi": "nan", "addr_stree": "nan", "building": "nan", "fee": "nan", "diet_meat": "nan", "note": "nan", "outdoor_se": "nan", "brand_zh-H": "nan", "brand_zh_1": "nan", "delivery": "nan", "name_zh-Ha": "nan", "name_zh-_1": "nan", "layer": "nan", "fast_food": "nan", "brand_zh-L": "nan", "name_zh-La": "nan", "surface": "nan", "addr_place": "nan", "addr_unit": "nan", "nohousenum": "nan", "roof_colou": "nan", "emergency": "nan", "healthcare": "nan", "healthca_1": "nan", "loc_name": "nan", "operator": "nan", "website": "nan", "wheelchair": "nan", "building_c": "nan", "building_l": "nan", "museum": "nan", "tourism": "nan", "official_n": "nan", "wikimedia_": "nan", "office": "nan", "int_name": "nan", "height": "nan", "short_name": "nan", "wikidata": "nan", "wikipedia": "nan", "historic": "nan", "roof_orien": "nan", "roof_shape": "nan", "addr_house": "nan", "addr_hou_1": "nan", "power": "nan", "building_u": "nan", "flickr": "nan", "education": "nan", "ref": "nan", "athletics": "nan", "man_made": "nan", "ceremonial": "nan", "inscriptio": "nan", "material": "nan", "start_date": "nan", "bicycle_pa": "nan", "shelter_ty": "nan", "playground": "nan", "disused": "nan", "type": "nan", "addr_count": "nan", "internet_a": "nan", "name_de": "nan", "name_es": "nan", "name_fr": "nan", "name_it": "nan", "name_ja": "nan", "short_na_1": "nan", "short_na_2": "nan", "designatio": "nan", "path": "G:/ShiKongShuJuWaJue/WHU_ElectricalBike/whu_spatial_data/whu_pois.shp", "poi_tpye": "food" }, "geometry": { "type": "Point", "coordinates": [ 114.354760900000016, 30.5303062 ] } },
{ "type": "Feature", "properties": { "element": "way", "id": "664756697", "amenity": "nan", "name": "主席台", "access": "nan", "barrier": "nan", "bicycle": "nan", "foot": "nan", "motor_vehi": "nan", "opening_ho": "nan", "alt_name": "nan", "old_name": "nan", "locked": "nan", "leisure": "nan", "sport": "nan", "horse": "nan", "brand": "nan", "brand_en": "nan", "brand_wiki": "nan", "brand_wi_1": "nan", "brand_zh": "nan", "cuisine": "nan", "level": "nan", "name_en": "nan", "name_zh": "nan", "takeaway": "nan", "diet_halal": "nan", "addr_city": "nan", "addr_distr": "nan", "addr_postc": "nan", "addr_provi": "nan", "addr_stree": "nan", "building": "grandstand", "fee": "nan", "diet_meat": "nan", "note": "nan", "outdoor_se": "nan", "brand_zh-H": "nan", "brand_zh_1": "nan", "delivery": "nan", "name_zh-Ha": "nan", "name_zh-_1": "nan", "layer": "1", "fast_food": "nan", "brand_zh-L": "nan", "name_zh-La": "nan", "surface": "nan", "addr_place": "nan", "addr_unit": "nan", "nohousenum": "nan", "roof_colou": "nan", "emergency": "nan", "healthcare": "nan", "healthca_1": "nan", "loc_name": "nan", "operator": "nan", "website": "nan", "wheelchair": "nan", "building_c": "nan", "building_l": "0", "museum": "nan", "tourism": "nan", "official_n": "nan", "wikimedia_": "nan", "office": "nan", "int_name": "nan", "height": "nan", "short_name": "nan", "wikidata": "nan", "wikipedia": "nan", "historic": "nan", "roof_orien": "nan", "roof_shape": "nan", "addr_house": "nan", "addr_hou_1": "nan", "power": "nan", "building_u": "nan", "flickr": "nan", "education": "nan", "ref": "nan", "athletics": "nan", "man_made": "nan", "ceremonial": "nan", "inscriptio": "nan", "material": "nan", "start_date": "nan", "bicycle_pa": "nan", "shelter_ty": "nan", "playground": "nan", "disused": "nan", "type": "nan", "addr_count": "nan", "internet_a": "nan", "name_de": "nan", "name_es": "nan", "name_fr": "nan", "name_it": "nan", "name_ja": "nan", "short_na_1": "nan", "short_na_2": "nan", "designatio": "nan", "path": "Point?crs=EPSG:4326&field=element:string(80,0)&field=id:string(80,0)&field=amenity:string(80,0)&field=name:string(80,0)&field=access:string(80,0)&field=barrier:string(80,0)&field=bicycle:string(80,0)&field=foot:string(80,0)&field=motor_vehi:string(80,0)&" }, "geometry": { "type": "Point", "coordinates": [ 114.356254667157046, 30.530020911400094 ] } },
{ "type": "Feature", "properties": { "element": "way", "id": "505746697", "amenity": "nan", "name": "星湖综合实验大楼", "access": "nan", "barrier": "nan", "bicycle": "nan", "foot": "nan", "motor_vehi": "nan", "opening_ho": "nan", "alt_name": "nan", "old_name": "nan", "locked": "nan", "leisure": "nan", "sport": "nan", "horse": "nan", "brand": "nan", "brand_en": "nan", "brand_wiki": "nan", "brand_wi_1": "nan", "brand_zh": "nan", "cuisine": "nan", "level": "nan", "name_en": "nan", "name_zh": "nan", "takeaway": "nan", "diet_halal": "nan", "addr_city": "武汉", "addr_distr": "洪山区", "addr_postc": "nan", "addr_provi": "湖北省", "addr_stree": "珞喻路", "building": "university", "fee": "nan", "diet_meat": "nan", "note": "nan", "outdoor_se": "nan", "brand_zh-H": "nan", "brand_zh_1": "nan", "delivery": "nan", "name_zh-Ha": "nan", "name_zh-_1": "nan", "layer": "nan", "fast_food": "nan", "brand_zh-L": "nan", "name_zh-La": "nan", "surface": "nan", "addr_place": "nan", "addr_unit": "nan", "nohousenum": "nan", "roof_colou": "nan", "emergency": "nan", "healthcare": "nan", "healthca_1": "nan", "loc_name": "nan", "operator": "nan", "website": "nan", "wheelchair": "nan", "building_c": "nan", "building_l": "nan", "museum": "nan", "tourism": "nan", "official_n": "nan", "wikimedia_": "nan", "office": "nan", "int_name": "nan", "height": "nan", "short_name": "星湖楼", "wikidata": "nan", "wikipedia": "nan", "historic": "nan", "roof_orien": "nan", "roof_shape": "nan", "addr_house": "37", "addr_hou_1": "nan", "power": "nan", "building_u": "nan", "flickr": "nan", "education": "nan", "ref": "nan", "athletics": "nan", "man_made": "nan", "ceremonial": "nan", "inscriptio": "nan", "material": "nan", "start_date": "nan", "bicycle_pa": "nan", "shelter_ty": "nan", "playground": "nan", "disused": "nan", "type": "nan", "addr_count": "nan", "internet_a": "nan", "name_de": "nan", "name_es": "nan", "name_fr": "nan", "name_it": "nan", "name_ja": "nan", "short_na_1": "nan", "short_na_2": "nan", "designatio": "nan", "path": "Point?crs=EPSG:4326&field=element:string(80,0)&field=id:string(80,0)&field=amenity:string(80,0)&field=name:string(80,0)&field=access:string(80,0)&field=barrier:string(80,0)&field=bicycle:string(80,0)&field=foot:string(80,0)&field=motor_vehi:string(80,0)&", "poi_tpye": "office" }, "geometry": { "type": "Point", "coordinates": [ 114.350291804535303, 30.529652156158036 ] } },
{ "type": "Feature", "properties": { "element": "node", "id": "12844105246", "amenity": "nan", "name": "西门", "access": "nan", "barrier": "gate", "bicycle": "nan", "foot": "nan", "motor_vehi": "nan", "opening_ho": "nan", "alt_name": "nan", "old_name": "nan", "locked": "nan", "leisure": "nan", "sport": "nan", "horse": "nan", "brand": "nan", "brand_en": "nan", "brand_wiki": "nan", "brand_wi_1": "nan", "brand_zh": "nan", "cuisine": "nan", "level": "nan", "name_en": "nan", "name_zh": "nan", "takeaway": "nan", "diet_halal": "nan", "addr_city": "nan", "addr_distr": "nan", "addr_postc": "nan", "addr_provi": "nan", "addr_stree": "nan", "building": "nan", "fee": "nan", "diet_meat": "nan", "note": "nan", "outdoor_se": "nan", "brand_zh-H": "nan", "brand_zh_1": "nan", "delivery": "nan", "name_zh-Ha": "nan", "name_zh-_1": "nan", "layer": "nan", "fast_food": "nan", "brand_zh-L": "nan", "name_zh-La": "nan", "surface": "nan", "addr_place": "nan", "addr_unit": "nan", "nohousenum": "nan", "roof_colou": "nan", "emergency": "nan", "healthcare": "nan", "healthca_1": "nan", "loc_name": "nan", "operator": "nan", "website": "nan", "wheelchair": "nan", "building_c": "nan", "building_l": "nan", "museum": "nan", "tourism": "nan", "official_n": "nan", "wikimedia_": "nan", "office": "nan", "int_name": "nan", "height": "nan", "short_name": "nan", "wikidata": "nan", "wikipedia": "nan", "historic": "nan", "roof_orien": "nan", "roof_shape": "nan", "addr_house": "nan", "addr_hou_1": "nan", "power": "nan", "building_u": "nan", "flickr": "nan", "education": "nan", "ref": "nan", "athletics": "nan", "man_made": "nan", "ceremonial": "nan", "inscriptio": "nan", "material": "nan", "start_date": "nan", "bicycle_pa": "nan", "shelter_ty": "nan", "playground": "nan", "disused": "nan", "type": "nan", "addr_count": "nan", "internet_a": "nan", "name_de": "nan", "name_es": "nan", "name_fr": "nan", "name_it": "nan", "name_ja": "nan", "short_na_1": "nan", "short_na_2": "nan", "designatio": "nan", "path": "G:/ShiKongShuJuWaJue/WHU_ElectricalBike/whu_spatial_data/whu_pois.shp", "poi_tpye": "gate" }, "geometry": { "type": "Point", "coordinates": [ 114.3600267, 30.541433299999987 ] } },
{ "type": "Feature", "properties": { "element": "way", "id": "488589883", "amenity": "nan", "name": "博士后公寓", "access": "nan", "barrier": "nan", "bicycle": "nan", "foot": "nan", "motor_vehi": "nan", "opening_ho": "nan", "alt_name": "nan", "old_name": "nan", "locked": "nan", "leisure": "nan", "sport": "nan", "horse": "nan", "brand": "nan", "brand_en": "nan", "brand_wiki": "nan", "brand_wi_1": "nan", "brand_zh": "nan", "cuisine": "nan", "level": "nan", "name_en": "nan", "name_zh": "nan", "takeaway": "nan", "diet_halal": "nan", "addr_city": "nan", "addr_distr": "nan", "addr_postc": "nan", "addr_provi": "nan", "addr_stree": "nan", "building": "apartments", "fee": "nan", "diet_meat": "nan", "note": "nan", "outdoor_se": "nan", "brand_zh-H": "nan", "brand_zh_1": "nan", "delivery": "nan", "name_zh-Ha": "nan", "name_zh-_1": "nan", "layer": "nan", "fast_food": "nan", "brand_zh-L": "nan", "name_zh-La": "nan", "surface": "nan", "addr_place": "nan", "addr_unit": "nan", "nohousenum": "nan", "roof_colou": "nan", "emergency": "nan", "healthcare": "nan", "healthca_1": "nan", "loc_name": "nan", "operator": "nan", "website": "nan", "wheelchair": "nan", "building_c": "nan", "building_l": "nan", "museum": "nan", "tourism": "nan", "official_n": "nan", "wikimedia_": "nan", "office": "nan", "int_name": "nan", "height": "nan", "short_name": "nan", "wikidata": "nan", "wikipedia": "nan", "historic": "nan", "roof_orien": "nan", "roof_shape": "nan", "addr_house": "nan", "addr_hou_1": "nan", "power": "nan", "building_u": "nan", "flickr": "nan", "education": "nan", "ref": "nan", "athletics": "nan", "man_made": "nan", "ceremonial": "nan", "inscriptio": "nan", "material": "nan", "start_date": "nan", "bicycle_pa": "nan", "shelter_ty": "nan", "playground": "nan", "disused": "nan", "type": "nan", "addr_count": "nan", "internet_a": "nan", "name_de": "nan", "name_es": "nan", "name_fr": "nan", "name_it": "nan", "name_ja": "nan", "short_na_1": "nan", "short_na_2": "nan", "designatio": "nan", "path": "Point?crs=EPSG:4326&field=element:string(80,0)&field=id:string(80,0)&field=amenity:string(80,0)&field=name:string(80,0)&field=access:string(80,0)&field=barrier:string(80,0)&field=bicycle:string(80,0)&field=foot:string(80,0)&field=motor_vehi:string(80,0)&", "poi_tpye": "dormitory" }, "geometry": { "type": "Point", "coordinates": [ 114.351807719356884, 30.545492736168313 ] } },
{ "type": "Feature", "properties": { "element": "node", "id": "12825006681", "amenity": "restaurant", "name": "沙县小吃", "access": "nan", "barrier": "nan", "bicycle": "nan", "foot": "nan", "motor_vehi": "nan", "opening_ho": "nan", "alt_name": "nan", "old_name": "nan", "locked": "nan", "leisure": "nan", "sport": "nan", "horse": "nan", "brand": "nan", "brand_en": "nan", "brand_wiki": "nan", "brand_wi_1": "nan", "brand_zh": "nan", "cuisine": "nan", "level": "nan", "name_en": "nan", "name_zh": "nan", "takeaway": "nan", "diet_halal": "nan", "addr_city": "nan", "addr_distr": "nan", "addr_postc": "nan", "addr_provi": "nan", "addr_stree": "nan", "building": "nan", "fee": "nan", "diet_meat": "nan", "note": "nan", "outdoor_se": "nan", "brand_zh-H": "nan", "brand_zh_1": "nan", "delivery": "nan", "name_zh-Ha": "nan", "name_zh-_1": "nan", "layer": "nan", "fast_food": "nan", "brand_zh-L": "nan", "name_zh-La": "nan", "surface": "nan", "addr_place": "nan", "addr_unit": "nan", "nohousenum": "nan", "roof_colou": "nan", "emergency": "nan", "healthcare": "nan", "healthca_1": "nan", "loc_name": "nan", "operator": "nan", "website": "nan", "wheelchair": "nan", "building_c": "nan", "building_l": "nan", "museum": "nan", "tourism": "nan", "official_n": "nan", "wikimedia_": "nan", "office": "nan", "int_name": "nan", "height": "nan", "short_name": "nan", "wikidata": "nan", "wikipedia": "nan", "historic": "nan", "roof_orien": "nan", "roof_shape": "nan", "addr_house": "nan", "addr_hou_1": "nan", "power": "nan", "building_u": "nan", "flickr": "nan", "education": "nan", "ref": "nan", "athletics": "nan", "man_made": "nan", "ceremonial": "nan", "inscriptio": "nan", "material": "nan", "start_date": "nan", "bicycle_pa": "nan", "shelter_ty": "nan", "playground": "nan", "disused": "nan", "type": "nan", "addr_count": "nan", "internet_a": "nan", "name_de": "nan", "name_es": "nan", "name_fr": "nan", "name_it": "nan", "name_ja": "nan", "short_na_1": "nan", "short_na_2": "nan", "designatio": "nan", "path": "G:/ShiKongShuJuWaJue/WHU_ElectricalBike/whu_spatial_data/whu_pois.shp", "poi_tpye": "food" }, "geometry": { "type": "Point", "coordinates": [ 114.3513333, 30.5331024 ] } },
{ "type": "Feature", "properties": { "element": "node", "id": "12823578162", "amenity": "cafe", "name": "爷爷不泡茶", "access": "nan", "barrier": "nan", "bicycle": "nan", "foot": "nan", "motor_vehi": "nan", "opening_ho": "nan", "alt_name": "nan", "old_name": "nan", "locked": "nan", "leisure": "nan", "sport": "nan", "horse": "nan", "brand": "爷爷不泡茶", "brand_en": "No Yeye No Tea", "brand_wiki": "Q135657533", "brand_wi_1": "nan", "brand_zh": "nan", "cuisine": "bubble_tea", "level": "nan", "name_en": "No Yeye No Tea", "name_zh": "nan", "takeaway": "yes", "diet_halal": "nan", "addr_city": "nan", "addr_distr": "nan", "addr_postc": "nan", "addr_provi": "nan", "addr_stree": "nan", "building": "nan", "fee": "nan", "diet_meat": "nan", "note": "nan", "outdoor_se": "nan", "brand_zh-H": "爷爷不泡茶", "brand_zh_1": "爺爺不泡茶", "delivery": "yes", "name_zh-Ha": "爷爷不泡茶", "name_zh-_1": "爺爺不泡茶", "layer": "nan", "fast_food": "nan", "brand_zh-L": "nan", "name_zh-La": "nan", "surface": "nan", "addr_place": "nan", "addr_unit": "nan", "nohousenum": "nan", "roof_colou": "nan", "emergency": "nan", "healthcare": "nan", "healthca_1": "nan", "loc_name": "nan", "operator": "nan", "website": "nan", "wheelchair": "nan", "building_c": "nan", "building_l": "nan", "museum": "nan", "tourism": "nan", "official_n": "nan", "wikimedia_": "nan", "office": "nan", "int_name": "nan", "height": "nan", "short_name": "nan", "wikidata": "nan", "wikipedia": "nan", "historic": "nan", "roof_orien": "nan", "roof_shape": "nan", "addr_house": "nan", "addr_hou_1": "nan", "power": "nan", "building_u": "nan", "flickr": "nan", "education": "nan", "ref": "nan", "athletics": "nan", "man_made": "nan", "ceremonial": "nan", "inscriptio": "nan", "material": "nan", "start_date": "nan", "bicycle_pa": "nan", "shelter_ty": "nan", "playground": "nan", "disused": "nan", "type": "nan", "addr_count": "nan", "internet_a": "nan", "name_de": "nan", "name_es": "nan", "name_fr": "nan", "name_it": "nan", "name_ja": "nan", "short_na_1": "nan", "short_na_2": "nan", "designatio": "nan", "path": "G:/ShiKongShuJuWaJue/WHU_ElectricalBike/whu_spatial_data/whu_pois.shp", "poi_tpye": "food" }, "geometry": { "type": "Point", "coordinates": [ 114.3524498, 30.5444554 ] } },
{ "type": "Feature", "properties": { "element": "way", "id": "410145303", "amenity": "marketplace", "name": "八一路生鲜市场", "access": "nan", "barrier": "nan", "bicycle": "nan", "foot": "nan", "motor_vehi": "nan", "opening_ho": "nan", "alt_name": "nan", "old_name": "nan", "locked": "nan", "leisure": "nan", "sport": "nan", "horse": "nan", "brand": "nan", "brand_en": "nan", "brand_wiki": "nan", "brand_wi_1": "nan", "brand_zh": "nan", "cuisine": "nan", "level": "nan", "name_en": "nan", "name_zh": "nan", "takeaway": "nan", "diet_halal": "nan", "addr_city": "nan", "addr_distr": "nan", "addr_postc": "nan", "addr_provi": "nan", "addr_stree": "nan", "building": "yes", "fee": "nan", "diet_meat": "nan", "note": "nan", "outdoor_se": "nan", "brand_zh-H": "nan", "brand_zh_1": "nan", "delivery": "nan", "name_zh-Ha": "nan", "name_zh-_1": "nan", "layer": "nan", "fast_food": "nan", "brand_zh-L": "nan", "name_zh-La": "nan", "surface": "nan", "addr_place": "nan", "addr_unit": "nan", "nohousenum": "nan", "roof_colou": "nan", "emergency": "nan", "healthcare": "nan", "healthca_1": "nan", "loc_name": "nan", "operator": "nan", "website": "nan", "wheelchair": "nan", "building_c": "nan", "building_l": "nan", "museum": "nan", "tourism": "nan", "official_n": "nan", "wikimedia_": "nan", "office": "nan", "int_name": "nan", "height": "nan", "short_name": "nan", "wikidata": "nan", "wikipedia": "nan", "historic": "nan", "roof_orien": "nan", "roof_shape": "nan", "addr_house": "nan", "addr_hou_1": "nan", "power": "nan", "building_u": "nan", "flickr": "nan", "education": "nan", "ref": "nan", "athletics": "nan", "man_made": "nan", "ceremonial": "nan", "inscriptio": "nan", "material": "nan", "start_date": "nan", "bicycle_pa": "nan", "shelter_ty": "nan", "playground": "nan", "disused": "nan", "type": "nan", "addr_count": "nan", "internet_a": "nan", "name_de": "nan", "name_es": "nan", "name_fr": "nan", "name_it": "nan", "name_ja": "nan", "short_na_1": "nan", "short_na_2": "nan", "designatio": "nan", "path": "Point?crs=EPSG:4326&field=element:string(80,0)&field=id:string(80,0)&field=amenity:string(80,0)&field=name:string(80,0)&field=access:string(80,0)&field=barrier:string(80,0)&field=bicycle:string(80,0)&field=foot:string(80,0)&field=motor_vehi:string(80,0)&" }, "geometry": { "type": "Point", "coordinates": [ 114.358048769806601, 30.533403847735546 ] } },
{ "type": "Feature", "properties": { "element": "way", "id": "1047817723", "amenity": "nan", "name": "艺舟书画工作室", "access": "nan", "barrier": "nan", "bicycle": "nan", "foot": "nan", "motor_vehi": "nan", "opening_ho": "nan", "alt_name": "nan", "old_name": "nan", "locked": "nan", "leisure": "nan", "sport": "nan", "horse": "nan", "brand": "nan", "brand_en": "nan", "brand_wiki": "nan", "brand_wi_1": "nan", "brand_zh": "nan", "cuisine": "nan", "level": "nan", "name_en": "nan", "name_zh": "nan", "takeaway": "nan", "diet_halal": "nan", "addr_city": "nan", "addr_distr": "nan", "addr_postc": "nan", "addr_provi": "nan", "addr_stree": "nan", "building": "retail", "fee": "nan", "diet_meat": "nan", "note": "nan", "outdoor_se": "nan", "brand_zh-H": "nan", "brand_zh_1": "nan", "delivery": "nan", "name_zh-Ha": "nan", "name_zh-_1": "nan", "layer": "nan", "fast_food": "nan", "brand_zh-L": "nan", "name_zh-La": "nan", "surface": "nan", "addr_place": "nan", "addr_unit": "nan", "nohousenum": "nan", "roof_colou": "nan", "emergency": "nan", "healthcare": "nan", "healthca_1": "nan", "loc_name": "nan", "operator": "nan", "website": "nan", "wheelchair": "nan", "building_c": "nan", "building_l": "nan", "museum": "nan", "tourism": "nan", "official_n": "nan", "wikimedia_": "nan", "office": "nan", "int_name": "nan", "height": "nan", "short_name": "nan", "wikidata": "nan", "wikipedia": "nan", "historic": "nan", "roof_orien": "nan", "roof_shape": "nan", "addr_house": "nan", "addr_hou_1": "nan", "power": "nan", "building_u": "nan", "flickr": "nan", "education": "nan", "ref": "nan", "athletics": "nan", "man_made": "nan", "ceremonial": "nan", "inscriptio": "nan", "material": "nan", "start_date": "nan", "bicycle_pa": "nan", "shelter_ty": "nan", "playground": "nan", "disused": "nan", "type": "nan", "addr_count": "nan", "internet_a": "nan", "name_de": "nan", "name_es": "nan", "name_fr": "nan", "name_it": "nan", "name_ja": "nan", "short_na_1": "nan", "short_na_2": "nan", "designatio": "nan", "path": "Point?crs=EPSG:4326&field=element:string(80,0)&field=id:string(80,0)&field=amenity:string(80,0)&field=name:string(80,0)&field=access:string(80,0)&field=barrier:string(80,0)&field=bicycle:string(80,0)&field=foot:string(80,0)&field=motor_vehi:string(80,0)&", "poi_tpye": "office" }, "geometry": { "type": "Point", "coordinates": [ 114.349143271298615, 30.529869046250248 ] } },
{ "type": "Feature", "properties": { "element": "way", "id": "1037341275", "amenity": "nan", "name": "周恩来故居", "access": "nan", "barrier": "nan", "bicycle": "nan", "foot": "nan", "motor_vehi": "nan", "opening_ho": "nan", "alt_name": "nan", "old_name": "nan", "locked": "nan", "leisure": "nan", "sport": "nan", "horse": "nan", "brand": "nan", "brand_en": "nan", "brand_wiki": "nan", "brand_wi_1": "nan", "brand_zh": "nan", "cuisine": "nan", "level": "nan", "name_en": "nan", "name_zh": "nan", "takeaway": "nan", "diet_halal": "nan", "addr_city": "nan", "addr_distr": "nan", "addr_postc": "nan", "addr_provi": "nan", "addr_stree": "nan", "building": "yes", "fee": "nan", "diet_meat": "nan", "note": "nan", "outdoor_se": "nan", "brand_zh-H": "nan", "brand_zh_1": "nan", "delivery": "nan", "name_zh-Ha": "nan", "name_zh-_1": "nan", "layer": "nan", "fast_food": "nan", "brand_zh-L": "nan", "name_zh-La": "nan", "surface": "nan", "addr_place": "nan", "addr_unit": "nan", "nohousenum": "nan", "roof_colou": "nan", "emergency": "nan", "healthcare": "nan", "healthca_1": "nan", "loc_name": "nan", "operator": "nan", "website": "nan", "wheelchair": "nan", "building_c": "nan", "building_l": "nan", "museum": "nan", "tourism": "nan", "official_n": "nan", "wikimedia_": "File:19栋南面 20240320.jpg", "office": "nan", "int_name": "nan", "height": "nan", "short_name": "nan", "wikidata": "nan", "wikipedia": "nan", "historic": "nan", "roof_orien": "nan", "roof_shape": "nan", "addr_house": "nan", "addr_hou_1": "nan", "power": "nan", "building_u": "nan", "flickr": "nan", "education": "nan", "ref": "19", "athletics": "nan", "man_made": "nan", "ceremonial": "nan", "inscriptio": "nan", "material": "nan", "start_date": "nan", "bicycle_pa": "nan", "shelter_ty": "nan", "playground": "nan", "disused": "nan", "type": "nan", "addr_count": "nan", "internet_a": "nan", "name_de": "nan", "name_es": "nan", "name_fr": "nan", "name_it": "nan", "name_ja": "nan", "short_na_1": "nan", "short_na_2": "nan", "designatio": "nan", "path": "Point?crs=EPSG:4326&field=element:string(80,0)&field=id:string(80,0)&field=amenity:string(80,0)&field=name:string(80,0)&field=access:string(80,0)&field=barrier:string(80,0)&field=bicycle:string(80,0)&field=foot:string(80,0)&field=motor_vehi:string(80,0)&" }, "geometry": { "type": "Point", "coordinates": [ 114.3667097, 30.5368597 ] } },
{ "type": "Feature", "properties": { "element": "node", "id": "12805321030", "amenity": "cafe", "name": "伴糖咖啡", "access": "nan", "barrier": "nan", "bicycle": "nan", "foot": "nan", "motor_vehi": "nan", "opening_ho": "nan", "alt_name": "nan", "old_name": "nan", "locked": "nan", "leisure": "nan", "sport": "nan", "horse": "nan", "brand": "nan", "brand_en": "nan", "brand_wiki": "nan", "brand_wi_1": "nan", "brand_zh": "nan", "cuisine": "nan", "level": "nan", "name_en": "nan", "name_zh": "nan", "takeaway": "nan", "diet_halal": "nan", "addr_city": "nan", "addr_distr": "nan", "addr_postc": "nan", "addr_provi": "nan", "addr_stree": "nan", "building": "nan", "fee": "nan", "diet_meat": "nan", "note": "nan", "outdoor_se": "nan", "brand_zh-H": "nan", "brand_zh_1": "nan", "delivery": "nan", "name_zh-Ha": "nan", "name_zh-_1": "nan", "layer": "nan", "fast_food": "nan", "brand_zh-L": "nan", "name_zh-La": "nan", "surface": "nan", "addr_place": "nan", "addr_unit": "nan", "nohousenum": "nan", "roof_colou": "nan", "emergency": "nan", "healthcare": "nan", "healthca_1": "nan", "loc_name": "nan", "operator": "nan", "website": "nan", "wheelchair": "nan", "building_c": "nan", "building_l": "nan", "museum": "nan", "tourism": "nan", "official_n": "nan", "wikimedia_": "nan", "office": "nan", "int_name": "nan", "height": "nan", "short_name": "nan", "wikidata": "nan", "wikipedia": "nan", "historic": "nan", "roof_orien": "nan", "roof_shape": "nan", "addr_house": "nan", "addr_hou_1": "nan", "power": "nan", "building_u": "nan", "flickr": "nan", "education": "nan", "ref": "nan", "athletics": "nan", "man_made": "nan", "ceremonial": "nan", "inscriptio": "nan", "material": "nan", "start_date": "nan", "bicycle_pa": "nan", "shelter_ty": "nan", "playground": "nan", "disused": "nan", "type": "nan", "addr_count": "nan", "internet_a": "nan", "name_de": "nan", "name_es": "nan", "name_fr": "nan", "name_it": "nan", "name_ja": "nan", "short_na_1": "nan", "short_na_2": "nan", "designatio": "nan", "path": "G:/ShiKongShuJuWaJue/WHU_ElectricalBike/whu_spatial_data/whu_pois.shp", "poi_tpye": "food" }, "geometry": { "type": "Point", "coordinates": [ 114.3521047, 30.5450978 ] } },
{ "type": "Feature", "properties": { "element": "way", "id": "1037322793", "amenity": "nan", "name": "英国伦敦工商会考试局湖北省考试中心", "access": "nan", "barrier": "nan", "bicycle": "nan", "foot": "nan", "motor_vehi": "nan", "opening_ho": "nan", "alt_name": "nan", "old_name": "nan", "locked": "nan", "leisure": "nan", "sport": "nan", "horse": "nan", "brand": "nan", "brand_en": "nan", "brand_wiki": "nan", "brand_wi_1": "nan", "brand_zh": "nan", "cuisine": "nan", "level": "nan", "name_en": "nan", "name_zh": "nan", "takeaway": "nan", "diet_halal": "nan", "addr_city": "nan", "addr_distr": "nan", "addr_postc": "nan", "addr_provi": "nan", "addr_stree": "nan", "building": "yes", "fee": "nan", "diet_meat": "nan", "note": "nan", "outdoor_se": "nan", "brand_zh-H": "nan", "brand_zh_1": "nan", "delivery": "nan", "name_zh-Ha": "nan", "name_zh-_1": "nan", "layer": "nan", "fast_food": "nan", "brand_zh-L": "nan", "name_zh-La": "nan", "surface": "nan", "addr_place": "nan", "addr_unit": "nan", "nohousenum": "nan", "roof_colou": "nan", "emergency": "nan", "healthcare": "nan", "healthca_1": "nan", "loc_name": "nan", "operator": "nan", "website": "nan", "wheelchair": "nan", "building_c": "nan", "building_l": "3", "museum": "nan", "tourism": "nan", "official_n": "nan", "wikimedia_": "nan", "office": "nan", "int_name": "nan", "height": "nan", "short_name": "nan", "wikidata": "nan", "wikipedia": "nan", "historic": "nan", "roof_orien": "nan", "roof_shape": "nan", "addr_house": "nan", "addr_hou_1": "nan", "power": "nan", "building_u": "nan", "flickr": "nan", "education": "nan", "ref": "nan", "athletics": "nan", "man_made": "nan", "ceremonial": "nan", "inscriptio": "nan", "material": "nan", "start_date": "nan", "bicycle_pa": "nan", "shelter_ty": "nan", "playground": "nan", "disused": "nan", "type": "nan", "addr_count": "nan", "internet_a": "nan", "name_de": "nan", "name_es": "nan", "name_fr": "nan", "name_it": "nan", "name_ja": "nan", "short_na_1": "nan", "short_na_2": "nan", "designatio": "nan", "path": "Point?crs=EPSG:4326&field=element:string(80,0)&field=id:string(80,0)&field=amenity:string(80,0)&field=name:string(80,0)&field=access:string(80,0)&field=barrier:string(80,0)&field=bicycle:string(80,0)&field=foot:string(80,0)&field=motor_vehi:string(80,0)&" }, "geometry": { "type": "Point", "coordinates": [ 114.352754175095711, 30.532318050325294 ] } },
{ "type": "Feature", "properties": { "element": "node", "id": "13238420133", "amenity": "nan", "name": "珞珈门", "access": "permit", "barrier": "gate", "bicycle": "no", "foot": "no", "motor_vehi": "permit", "opening_ho": "24/7", "alt_name": "nan", "old_name": "nan", "locked": "nan", "leisure": "nan", "sport": "nan", "horse": "nan", "brand": "nan", "brand_en": "nan", "brand_wiki": "nan", "brand_wi_1": "nan", "brand_zh": "nan", "cuisine": "nan", "level": "nan", "name_en": "nan", "name_zh": "nan", "takeaway": "nan", "diet_halal": "nan", "addr_city": "nan", "addr_distr": "nan", "addr_postc": "nan", "addr_provi": "nan", "addr_stree": "nan", "building": "nan", "fee": "nan", "diet_meat": "nan", "note": "nan", "outdoor_se": "nan", "brand_zh-H": "nan", "brand_zh_1": "nan", "delivery": "nan", "name_zh-Ha": "nan", "name_zh-_1": "nan", "layer": "nan", "fast_food": "nan", "brand_zh-L": "nan", "name_zh-La": "nan", "surface": "nan", "addr_place": "nan", "addr_unit": "nan", "nohousenum": "nan", "roof_colou": "nan", "emergency": "nan", "healthcare": "nan", "healthca_1": "nan", "loc_name": "nan", "operator": "nan", "website": "nan", "wheelchair": "nan", "building_c": "nan", "building_l": "nan", "museum": "nan", "tourism": "nan", "official_n": "nan", "wikimedia_": "nan", "office": "nan", "int_name": "nan", "height": "nan", "short_name": "nan", "wikidata": "nan", "wikipedia": "nan", "historic": "nan", "roof_orien": "nan", "roof_shape": "nan", "addr_house": "nan", "addr_hou_1": "nan", "power": "nan", "building_u": "nan", "flickr": "nan", "education": "nan", "ref": "nan", "athletics": "nan", "man_made": "nan", "ceremonial": "nan", "inscriptio": "nan", "material": "nan", "start_date": "nan", "bicycle_pa": "nan", "shelter_ty": "nan", "playground": "nan", "disused": "nan", "type": "nan", "addr_count": "nan", "internet_a": "nan", "name_de": "nan", "name_es": "nan", "name_fr": "nan", "name_it": "nan", "name_ja": "nan", "short_na_1": "nan", "short_na_2": "nan", "designatio": "nan", "path": "G:/ShiKongShuJuWaJue/WHU_ElectricalBike/whu_spatial_data/whu_pois.shp", "poi_tpye": "gate" }, "geometry": { "type": "Point", "coordinates": [ 114.351865, 30.5349998 ] } },
{ "type": "Feature", "properties": { "element": "way", "id": "1037157574", "amenity": "nan", "name": "世纪广场", "access": "nan", "barrier": "nan", "bicycle": "nan", "foot": "nan", "motor_vehi": "nan", "opening_ho": "nan", "alt_name": "nan", "old_name": "nan", "locked": "nan", "leisure": "park", "sport": "nan", "horse": "nan", "brand": "nan", "brand_en": "nan", "brand_wiki": "nan", "brand_wi_1": "nan", "brand_zh": "nan", "cuisine": "nan", "level": "nan", "name_en": "nan", "name_zh": "nan", "takeaway": "nan", "diet_halal": "nan", "addr_city": "nan", "addr_distr": "nan", "addr_postc": "nan", "addr_provi": "nan", "addr_stree": "nan", "building": "nan", "fee": "nan", "diet_meat": "nan", "note": "nan", "outdoor_se": "nan", "brand_zh-H": "nan", "brand_zh_1": "nan", "delivery": "nan", "name_zh-Ha": "nan", "name_zh-_1": "nan", "layer": "nan", "fast_food": "nan", "brand_zh-L": "nan", "name_zh-La": "nan", "surface": "nan", "addr_place": "nan", "addr_unit": "nan", "nohousenum": "nan", "roof_colou": "nan", "emergency": "nan", "healthcare": "nan", "healthca_1": "nan", "loc_name": "nan", "operator": "nan", "website": "nan", "wheelchair": "nan", "building_c": "nan", "building_l": "nan", "museum": "nan", "tourism": "nan", "official_n": "nan", "wikimedia_": "nan", "office": "nan", "int_name": "nan", "height": "nan", "short_name": "nan", "wikidata": "nan", "wikipedia": "nan", "historic": "nan", "roof_orien": "nan", "roof_shape": "nan", "addr_house": "nan", "addr_hou_1": "nan", "power": "nan", "building_u": "nan", "flickr": "nan", "education": "nan", "ref": "nan", "athletics": "nan", "man_made": "nan", "ceremonial": "nan", "inscriptio": "nan", "material": "nan", "start_date": "nan", "bicycle_pa": "nan", "shelter_ty": "nan", "playground": "nan", "disused": "nan", "type": "nan", "addr_count": "nan", "internet_a": "nan", "name_de": "nan", "name_es": "nan", "name_fr": "nan", "name_it": "nan", "name_ja": "nan", "short_na_1": "nan", "short_na_2": "nan", "designatio": "nan", "path": "Point?crs=EPSG:4326&field=element:string(80,0)&field=id:string(80,0)&field=amenity:string(80,0)&field=name:string(80,0)&field=access:string(80,0)&field=barrier:string(80,0)&field=bicycle:string(80,0)&field=foot:string(80,0)&field=motor_vehi:string(80,0)&" }, "geometry": { "type": "Point", "coordinates": [ 114.354844194009146, 30.544502572222196 ] } },
{ "type": "Feature", "properties": { "element": "way", "id": "1037155686", "amenity": "canteen", "name": "田园食堂", "access": "nan", "barrier": "nan", "bicycle": "nan", "foot": "nan", "motor_vehi": "nan", "opening_ho": "nan", "alt_name": "nan", "old_name": "nan", "locked": "nan", "leisure": "nan", "sport": "nan", "horse": "nan", "brand": "nan", "brand_en": "nan", "brand_wiki": "nan", "brand_wi_1": "nan", "brand_zh": "nan", "cuisine": "nan", "level": "nan", "name_en": "nan", "name_zh": "nan", "takeaway": "nan", "diet_halal": "nan", "addr_city": "nan", "addr_distr": "nan", "addr_postc": "nan", "addr_provi": "nan", "addr_stree": "nan", "building": "yes", "fee": "nan", "diet_meat": "nan", "note": "nan", "outdoor_se": "nan", "brand_zh-H": "nan", "brand_zh_1": "nan", "delivery": "nan", "name_zh-Ha": "nan", "name_zh-_1": "nan", "layer": "nan", "fast_food": "nan", "brand_zh-L": "nan", "name_zh-La": "nan", "surface": "nan", "addr_place": "nan", "addr_unit": "nan", "nohousenum": "nan", "roof_colou": "nan", "emergency": "nan", "healthcare": "nan", "healthca_1": "nan", "loc_name": "nan", "operator": "nan", "website": "nan", "wheelchair": "nan", "building_c": "nan", "building_l": "nan", "museum": "nan", "tourism": "nan", "official_n": "nan", "wikimedia_": "nan", "office": "nan", "int_name": "nan", "height": "nan", "short_name": "nan", "wikidata": "nan", "wikipedia": "nan", "historic": "nan", "roof_orien": "nan", "roof_shape": "nan", "addr_house": "nan", "addr_hou_1": "nan", "power": "nan", "building_u": "nan", "flickr": "nan", "education": "nan", "ref": "nan", "athletics": "nan", "man_made": "nan", "ceremonial": "nan", "inscriptio": "nan", "material": "nan", "start_date": "nan", "bicycle_pa": "nan", "shelter_ty": "nan", "playground": "nan", "disused": "nan", "type": "nan", "addr_count": "nan", "internet_a": "nan", "name_de": "nan", "name_es": "nan", "name_fr": "nan", "name_it": "nan", "name_ja": "nan", "short_na_1": "nan", "short_na_2": "nan", "designatio": "nan", "path": "Point?crs=EPSG:4326&field=element:string(80,0)&field=id:string(80,0)&field=amenity:string(80,0)&field=name:string(80,0)&field=access:string(80,0)&field=barrier:string(80,0)&field=bicycle:string(80,0)&field=foot:string(80,0)&field=motor_vehi:string(80,0)&", "poi_tpye": "cafeteria" }, "geometry": { "type": "Point", "coordinates": [ 114.351897211925419, 30.544497980786492 ] } },
{ "type": "Feature", "properties": { "element": "way", "id": "1037155685", "amenity": "nan", "name": "青年教师公寓55栋", "access": "nan", "barrier": "nan", "bicycle": "nan", "foot": "nan", "motor_vehi": "nan", "opening_ho": "nan", "alt_name": "nan", "old_name": "nan", "locked": "nan", "leisure": "nan", "sport": "nan", "horse": "nan", "brand": "nan", "brand_en": "nan", "brand_wiki": "nan", "brand_wi_1": "nan", "brand_zh": "nan", "cuisine": "nan", "level": "nan", "name_en": "nan", "name_zh": "nan", "takeaway": "nan", "diet_halal": "nan", "addr_city": "nan", "addr_distr": "nan", "addr_postc": "nan", "addr_provi": "nan", "addr_stree": "nan", "building": "apartments", "fee": "nan", "diet_meat": "nan", "note": "nan", "outdoor_se": "nan", "brand_zh-H": "nan", "brand_zh_1": "nan", "delivery": "nan", "name_zh-Ha": "nan", "name_zh-_1": "nan", "layer": "-1", "fast_food": "nan", "brand_zh-L": "nan", "name_zh-La": "nan", "surface": "nan", "addr_place": "nan", "addr_unit": "nan", "nohousenum": "nan", "roof_colou": "nan", "emergency": "nan", "healthcare": "nan", "healthca_1": "nan", "loc_name": "nan", "operator": "nan", "website": "nan", "wheelchair": "nan", "building_c": "nan", "building_l": "nan", "museum": "nan", "tourism": "nan", "official_n": "nan", "wikimedia_": "nan", "office": "nan", "int_name": "nan", "height": "nan", "short_name": "nan", "wikidata": "nan", "wikipedia": "nan", "historic": "nan", "roof_orien": "nan", "roof_shape": "nan", "addr_house": "nan", "addr_hou_1": "nan", "power": "nan", "building_u": "nan", "flickr": "nan", "education": "nan", "ref": "nan", "athletics": "nan", "man_made": "nan", "ceremonial": "nan", "inscriptio": "nan", "material": "nan", "start_date": "nan", "bicycle_pa": "nan", "shelter_ty": "nan", "playground": "nan", "disused": "nan", "type": "nan", "addr_count": "nan", "internet_a": "nan", "name_de": "nan", "name_es": "nan", "name_fr": "nan", "name_it": "nan", "name_ja": "nan", "short_na_1": "nan", "short_na_2": "nan", "designatio": "nan", "path": "Point?crs=EPSG:4326&field=element:string(80,0)&field=id:string(80,0)&field=amenity:string(80,0)&field=name:string(80,0)&field=access:string(80,0)&field=barrier:string(80,0)&field=bicycle:string(80,0)&field=foot:string(80,0)&field=motor_vehi:string(80,0)&", "poi_tpye": "dormitory" }, "geometry": { "type": "Point", "coordinates": [ 114.35213637104593, 30.544756824188404 ] } },
{ "type": "Feature", "properties": { "element": "way", "id": "1037024049", "amenity": "nan", "name": "武汉大学宇航科学与技术研究院", "access": "nan", "barrier": "nan", "bicycle": "nan", "foot": "nan", "motor_vehi": "nan", "opening_ho": "nan", "alt_name": "nan", "old_name": "nan", "locked": "nan", "leisure": "nan", "sport": "nan", "horse": "nan", "brand": "nan", "brand_en": "nan", "brand_wiki": "nan", "brand_wi_1": "nan", "brand_zh": "nan", "cuisine": "nan", "level": "nan", "name_en": "nan", "name_zh": "nan", "takeaway": "nan", "diet_halal": "nan", "addr_city": "nan", "addr_distr": "nan", "addr_postc": "nan", "addr_provi": "nan", "addr_stree": "nan", "building": "school", "fee": "nan", "diet_meat": "nan", "note": "nan", "outdoor_se": "nan", "brand_zh-H": "nan", "brand_zh_1": "nan", "delivery": "nan", "name_zh-Ha": "nan", "name_zh-_1": "nan", "layer": "nan", "fast_food": "nan", "brand_zh-L": "nan", "name_zh-La": "nan", "surface": "nan", "addr_place": "nan", "addr_unit": "nan", "nohousenum": "nan", "roof_colou": "nan", "emergency": "nan", "healthcare": "nan", "healthca_1": "nan", "loc_name": "nan", "operator": "nan", "website": "nan", "wheelchair": "nan", "building_c": "nan", "building_l": "nan", "museum": "nan", "tourism": "nan", "official_n": "nan", "wikimedia_": "nan", "office": "nan", "int_name": "nan", "height": "nan", "short_name": "nan", "wikidata": "nan", "wikipedia": "nan", "historic": "nan", "roof_orien": "nan", "roof_shape": "nan", "addr_house": "nan", "addr_hou_1": "nan", "power": "nan", "building_u": "nan", "flickr": "nan", "education": "nan", "ref": "nan", "athletics": "nan", "man_made": "nan", "ceremonial": "nan", "inscriptio": "nan", "material": "nan", "start_date": "nan", "bicycle_pa": "nan", "shelter_ty": "nan", "playground": "nan", "disused": "nan", "type": "nan", "addr_count": "nan", "internet_a": "nan", "name_de": "nan", "name_es": "nan", "name_fr": "nan", "name_it": "nan", "name_ja": "nan", "short_na_1": "nan", "short_na_2": "nan", "designatio": "nan", "path": "Point?crs=EPSG:4326&field=element:string(80,0)&field=id:string(80,0)&field=amenity:string(80,0)&field=name:string(80,0)&field=access:string(80,0)&field=barrier:string(80,0)&field=bicycle:string(80,0)&field=foot:string(80,0)&field=motor_vehi:string(80,0)&", "poi_tpye": "office" }, "geometry": { "type": "Point", "coordinates": [ 114.352001043829475, 30.529494493736358 ] } },
{ "type": "Feature", "properties": { "element": "way", "id": "1036561024", "amenity": "nan", "name": "信息学部21舍", "access": "nan", "barrier": "nan", "bicycle": "nan", "foot": "nan", "motor_vehi": "nan", "opening_ho": "nan", "alt_name": "nan", "old_name": "国软C7舍", "locked": "nan", "leisure": "nan", "sport": "nan", "horse": "nan", "brand": "nan", "brand_en": "nan", "brand_wiki": "nan", "brand_wi_1": "nan", "brand_zh": "nan", "cuisine": "nan", "level": "nan", "name_en": "nan", "name_zh": "nan", "takeaway": "nan", "diet_halal": "nan", "addr_city": "nan", "addr_distr": "nan", "addr_postc": "nan", "addr_provi": "nan", "addr_stree": "nan", "building": "dormitory", "fee": "nan", "diet_meat": "nan", "note": "nan", "outdoor_se": "nan", "brand_zh-H": "nan", "brand_zh_1": "nan", "delivery": "nan", "name_zh-Ha": "nan", "name_zh-_1": "nan", "layer": "nan", "fast_food": "nan", "brand_zh-L": "nan", "name_zh-La": "nan", "surface": "nan", "addr_place": "nan", "addr_unit": "nan", "nohousenum": "nan", "roof_colou": "nan", "emergency": "nan", "healthcare": "nan", "healthca_1": "nan", "loc_name": "nan", "operator": "nan", "website": "nan", "wheelchair": "nan", "building_c": "nan", "building_l": "nan", "museum": "nan", "tourism": "nan", "official_n": "nan", "wikimedia_": "nan", "office": "nan", "int_name": "nan", "height": "nan", "short_name": "nan", "wikidata": "nan", "wikipedia": "nan", "historic": "nan", "roof_orien": "nan", "roof_shape": "nan", "addr_house": "nan", "addr_hou_1": "nan", "power": "nan", "building_u": "nan", "flickr": "nan", "education": "nan", "ref": "nan", "athletics": "nan", "man_made": "nan", "ceremonial": "nan", "inscriptio": "nan", "material": "nan", "start_date": "nan", "bicycle_pa": "nan", "shelter_ty": "nan", "playground": "nan", "disused": "nan", "type": "nan", "addr_count": "nan", "internet_a": "nan", "name_de": "nan", "name_es": "nan", "name_fr": "nan", "name_it": "nan", "name_ja": "nan", "short_na_1": "nan", "short_na_2": "nan", "designatio": "nan", "path": "Point?crs=EPSG:4326&field=element:string(80,0)&field=id:string(80,0)&field=amenity:string(80,0)&field=name:string(80,0)&field=access:string(80,0)&field=barrier:string(80,0)&field=bicycle:string(80,0)&field=foot:string(80,0)&field=motor_vehi:string(80,0)&", "poi_tpye": "dormitory" }, "geometry": { "type": "Point", "coordinates": [ 114.352015725483312, 30.529724295867478 ] } },
{ "type": "Feature", "properties": { "element": "way", "id": "990913729", "amenity": "nan", "name": "信息学部17舍", "access": "nan", "barrier": "nan", "bicycle": "nan", "foot": "nan", "motor_vehi": "nan", "opening_ho": "nan", "alt_name": "nan", "old_name": "nan", "locked": "nan", "leisure": "nan", "sport": "nan", "horse": "nan", "brand": "nan", "brand_en": "nan", "brand_wiki": "nan", "brand_wi_1": "nan", "brand_zh": "nan", "cuisine": "nan", "level": "nan", "name_en": "nan", "name_zh": "nan", "takeaway": "nan", "diet_halal": "nan", "addr_city": "nan", "addr_distr": "nan", "addr_postc": "nan", "addr_provi": "nan", "addr_stree": "nan", "building": "dormitory", "fee": "nan", "diet_meat": "nan", "note": "nan", "outdoor_se": "nan", "brand_zh-H": "nan", "brand_zh_1": "nan", "delivery": "nan", "name_zh-Ha": "nan", "name_zh-_1": "nan", "layer": "nan", "fast_food": "nan", "brand_zh-L": "nan", "name_zh-La": "nan", "surface": "nan", "addr_place": "nan", "addr_unit": "nan", "nohousenum": "nan", "roof_colou": "nan", "emergency": "nan", "healthcare": "nan", "healthca_1": "nan", "loc_name": "nan", "operator": "武汉大学", "website": "nan", "wheelchair": "nan", "building_c": "nan", "building_l": "18", "museum": "nan", "tourism": "nan", "official_n": "nan", "wikimedia_": "nan", "office": "nan", "int_name": "nan", "height": "nan", "short_name": "nan", "wikidata": "nan", "wikipedia": "nan", "historic": "nan", "roof_orien": "nan", "roof_shape": "nan", "addr_house": "nan", "addr_hou_1": "nan", "power": "nan", "building_u": "nan", "flickr": "nan", "education": "nan", "ref": "nan", "athletics": "nan", "man_made": "nan", "ceremonial": "nan", "inscriptio": "nan", "material": "nan", "start_date": "nan", "bicycle_pa": "nan", "shelter_ty": "nan", "playground": "nan", "disused": "nan", "type": "nan", "addr_count": "nan", "internet_a": "nan", "name_de": "nan", "name_es": "nan", "name_fr": "nan", "name_it": "nan", "name_ja": "nan", "short_na_1": "nan", "short_na_2": "nan", "designatio": "nan", "path": "Point?crs=EPSG:4326&field=element:string(80,0)&field=id:string(80,0)&field=amenity:string(80,0)&field=name:string(80,0)&field=access:string(80,0)&field=barrier:string(80,0)&field=bicycle:string(80,0)&field=foot:string(80,0)&field=motor_vehi:string(80,0)&", "poi_tpye": "dormitory" }, "geometry": { "type": "Point", "coordinates": [ 114.353618489866221, 30.531133561219228 ] } },
{ "type": "Feature", "properties": { "element": "node", "id": "12928862583", "amenity": "nan", "name": "南一门", "access": "private", "barrier": "gate", "bicycle": "nan", "foot": "nan", "motor_vehi": "nan", "opening_ho": "nan", "alt_name": "nan", "old_name": "nan", "locked": "nan", "leisure": "nan", "sport": "nan", "horse": "nan", "brand": "nan", "brand_en": "nan", "brand_wiki": "nan", "brand_wi_1": "nan", "brand_zh": "nan", "cuisine": "nan", "level": "nan", "name_en": "nan", "name_zh": "nan", "takeaway": "nan", "diet_halal": "nan", "addr_city": "nan", "addr_distr": "nan", "addr_postc": "nan", "addr_provi": "nan", "addr_stree": "nan", "building": "nan", "fee": "nan", "diet_meat": "nan", "note": "nan", "outdoor_se": "nan", "brand_zh-H": "nan", "brand_zh_1": "nan", "delivery": "nan", "name_zh-Ha": "nan", "name_zh-_1": "nan", "layer": "nan", "fast_food": "nan", "brand_zh-L": "nan", "name_zh-La": "nan", "surface": "nan", "addr_place": "nan", "addr_unit": "nan", "nohousenum": "nan", "roof_colou": "nan", "emergency": "nan", "healthcare": "nan", "healthca_1": "nan", "loc_name": "nan", "operator": "nan", "website": "nan", "wheelchair": "nan", "building_c": "nan", "building_l": "nan", "museum": "nan", "tourism": "nan", "official_n": "nan", "wikimedia_": "nan", "office": "nan", "int_name": "nan", "height": "nan", "short_name": "nan", "wikidata": "nan", "wikipedia": "nan", "historic": "nan", "roof_orien": "nan", "roof_shape": "nan", "addr_house": "nan", "addr_hou_1": "nan", "power": "nan", "building_u": "nan", "flickr": "nan", "education": "nan", "ref": "nan", "athletics": "nan", "man_made": "nan", "ceremonial": "nan", "inscriptio": "nan", "material": "nan", "start_date": "nan", "bicycle_pa": "nan", "shelter_ty": "nan", "playground": "nan", "disused": "nan", "type": "nan", "addr_count": "nan", "internet_a": "nan", "name_de": "nan", "name_es": "nan", "name_fr": "nan", "name_it": "nan", "name_ja": "nan", "short_na_1": "nan", "short_na_2": "nan", "designatio": "nan", "path": "G:/ShiKongShuJuWaJue/WHU_ElectricalBike/whu_spatial_data/whu_pois.shp", "poi_tpye": "gate" }, "geometry": { "type": "Point", "coordinates": [ 114.3548938, 30.5272597 ] } },
{ "type": "Feature", "properties": { "element": "way", "id": "953298307", "amenity": "nan", "name": "信息学部18舍", "access": "nan", "barrier": "nan", "bicycle": "nan", "foot": "nan", "motor_vehi": "nan", "opening_ho": "nan", "alt_name": "nan", "old_name": "nan", "locked": "nan", "leisure": "nan", "sport": "nan", "horse": "nan", "brand": "nan", "brand_en": "nan", "brand_wiki": "nan", "brand_wi_1": "nan", "brand_zh": "nan", "cuisine": "nan", "level": "nan", "name_en": "nan", "name_zh": "nan", "takeaway": "nan", "diet_halal": "nan", "addr_city": "nan", "addr_distr": "nan", "addr_postc": "nan", "addr_provi": "nan", "addr_stree": "nan", "building": "dormitory", "fee": "nan", "diet_meat": "nan", "note": "nan", "outdoor_se": "nan", "brand_zh-H": "nan", "brand_zh_1": "nan", "delivery": "nan", "name_zh-Ha": "nan", "name_zh-_1": "nan", "layer": "nan", "fast_food": "nan", "brand_zh-L": "nan", "name_zh-La": "nan", "surface": "nan", "addr_place": "nan", "addr_unit": "nan", "nohousenum": "nan", "roof_colou": "nan", "emergency": "nan", "healthcare": "nan", "healthca_1": "nan", "loc_name": "nan", "operator": "武汉大学", "website": "nan", "wheelchair": "nan", "building_c": "nan", "building_l": "14", "museum": "nan", "tourism": "nan", "official_n": "nan", "wikimedia_": "nan", "office": "nan", "int_name": "nan", "height": "nan", "short_name": "nan", "wikidata": "nan", "wikipedia": "nan", "historic": "nan", "roof_orien": "nan", "roof_shape": "nan", "addr_house": "nan", "addr_hou_1": "nan", "power": "nan", "building_u": "nan", "flickr": "nan", "education": "nan", "ref": "nan", "athletics": "nan", "man_made": "nan", "ceremonial": "nan", "inscriptio": "nan", "material": "nan", "start_date": "nan", "bicycle_pa": "nan", "shelter_ty": "nan", "playground": "nan", "disused": "nan", "type": "nan", "addr_count": "nan", "internet_a": "nan", "name_de": "nan", "name_es": "nan", "name_fr": "nan", "name_it": "nan", "name_ja": "nan", "short_na_1": "nan", "short_na_2": "nan", "designatio": "nan", "path": "Point?crs=EPSG:4326&field=element:string(80,0)&field=id:string(80,0)&field=amenity:string(80,0)&field=name:string(80,0)&field=access:string(80,0)&field=barrier:string(80,0)&field=bicycle:string(80,0)&field=foot:string(80,0)&field=motor_vehi:string(80,0)&", "poi_tpye": "dormitory" }, "geometry": { "type": "Point", "coordinates": [ 114.354557069201363, 30.531765286347486 ] } },
{ "type": "Feature", "properties": { "element": "way", "id": "953298303", "amenity": "nan", "name": "高等研究院大楼", "access": "nan", "barrier": "nan", "bicycle": "nan", "foot": "nan", "motor_vehi": "nan", "opening_ho": "nan", "alt_name": "nan", "old_name": "nan", "locked": "nan", "leisure": "nan", "sport": "nan", "horse": "nan", "brand": "nan", "brand_en": "nan", "brand_wiki": "nan", "brand_wi_1": "nan", "brand_zh": "nan", "cuisine": "nan", "level": "nan", "name_en": "nan", "name_zh": "nan", "takeaway": "nan", "diet_halal": "nan", "addr_city": "nan", "addr_distr": "nan", "addr_postc": "nan", "addr_provi": "nan", "addr_stree": "nan", "building": "university", "fee": "nan", "diet_meat": "nan", "note": "nan", "outdoor_se": "nan", "brand_zh-H": "nan", "brand_zh_1": "nan", "delivery": "nan", "name_zh-Ha": "nan", "name_zh-_1": "nan", "layer": "nan", "fast_food": "nan", "brand_zh-L": "nan", "name_zh-La": "nan", "surface": "nan", "addr_place": "nan", "addr_unit": "nan", "nohousenum": "nan", "roof_colou": "#2dd6eb", "emergency": "nan", "healthcare": "nan", "healthca_1": "nan", "loc_name": "nan", "operator": "nan", "website": "nan", "wheelchair": "nan", "building_c": "#a2a497", "building_l": "4", "museum": "nan", "tourism": "nan", "official_n": "nan", "wikimedia_": "File:武大研究生院154440.jpg", "office": "nan", "int_name": "nan", "height": "nan", "short_name": "nan", "wikidata": "nan", "wikipedia": "nan", "historic": "nan", "roof_orien": "nan", "roof_shape": "nan", "addr_house": "nan", "addr_hou_1": "nan", "power": "nan", "building_u": "nan", "flickr": "nan", "education": "nan", "ref": "nan", "athletics": "nan", "man_made": "nan", "ceremonial": "nan", "inscriptio": "nan", "material": "nan", "start_date": "nan", "bicycle_pa": "nan", "shelter_ty": "nan", "playground": "nan", "disused": "nan", "type": "nan", "addr_count": "nan", "internet_a": "nan", "name_de": "nan", "name_es": "nan", "name_fr": "nan", "name_it": "nan", "name_ja": "nan", "short_na_1": "nan", "short_na_2": "nan", "designatio": "nan", "path": "Point?crs=EPSG:4326&field=element:string(80,0)&field=id:string(80,0)&field=amenity:string(80,0)&field=name:string(80,0)&field=access:string(80,0)&field=barrier:string(80,0)&field=bicycle:string(80,0)&field=foot:string(80,0)&field=motor_vehi:string(80,0)&", "poi_tpye": "office" }, "geometry": { "type": "Point", "coordinates": [ 114.354355860852877, 30.535104113191871 ] } },
{ "type": "Feature", "properties": { "element": "way", "id": "1369415053", "amenity": "theatre", "name": "爱平音乐厅", "access": "nan", "barrier": "nan", "bicycle": "nan", "foot": "nan", "motor_vehi": "nan", "opening_ho": "nan", "alt_name": "nan", "old_name": "nan", "locked": "nan", "leisure": "nan", "sport": "nan", "horse": "nan", "brand": "nan", "brand_en": "nan", "brand_wiki": "nan", "brand_wi_1": "nan", "brand_zh": "nan", "cuisine": "nan", "level": "nan", "name_en": "nan", "name_zh": "nan", "takeaway": "nan", "diet_halal": "nan", "addr_city": "nan", "addr_distr": "nan", "addr_postc": "nan", "addr_provi": "nan", "addr_stree": "nan", "building": "commercial", "fee": "nan", "diet_meat": "nan", "note": "nan", "outdoor_se": "nan", "brand_zh-H": "nan", "brand_zh_1": "nan", "delivery": "nan", "name_zh-Ha": "nan", "name_zh-_1": "nan", "layer": "nan", "fast_food": "nan", "brand_zh-L": "nan", "name_zh-La": "nan", "surface": "nan", "addr_place": "nan", "addr_unit": "nan", "nohousenum": "nan", "roof_colou": "nan", "emergency": "nan", "healthcare": "nan", "healthca_1": "nan", "loc_name": "nan", "operator": "nan", "website": "nan", "wheelchair": "nan", "building_c": "nan", "building_l": "nan", "museum": "nan", "tourism": "nan", "official_n": "nan", "wikimedia_": "nan", "office": "nan", "int_name": "nan", "height": "nan", "short_name": "nan", "wikidata": "nan", "wikipedia": "nan", "historic": "nan", "roof_orien": "nan", "roof_shape": "nan", "addr_house": "nan", "addr_hou_1": "nan", "power": "nan", "building_u": "nan", "flickr": "nan", "education": "nan", "ref": "nan", "athletics": "nan", "man_made": "nan", "ceremonial": "nan", "inscriptio": "nan", "material": "nan", "start_date": "nan", "bicycle_pa": "nan", "shelter_ty": "nan", "playground": "nan", "disused": "nan", "type": "nan", "addr_count": "nan", "internet_a": "nan", "name_de": "nan", "name_es": "nan", "name_fr": "nan", "name_it": "nan", "name_ja": "nan", "short_na_1": "nan", "short_na_2": "nan", "designatio": "nan", "path": "Point?crs=EPSG:4326&field=element:string(80,0)&field=id:string(80,0)&field=amenity:string(80,0)&field=name:string(80,0)&field=access:string(80,0)&field=barrier:string(80,0)&field=bicycle:string(80,0)&field=foot:string(80,0)&field=motor_vehi:string(80,0)&" }, "geometry": { "type": "Point", "coordinates": [ 114.367513032016987, 30.543470117155014 ] } },
{ "type": "Feature", "properties": { "element": "way", "id": "1337114130", "amenity": "nan", "name": "湖滨十三舍", "access": "nan", "barrier": "nan", "bicycle": "nan", "foot": "nan", "motor_vehi": "nan", "opening_ho": "nan", "alt_name": "nan", "old_name": "nan", "locked": "nan", "leisure": "nan", "sport": "nan", "horse": "nan", "brand": "nan", "brand_en": "nan", "brand_wiki": "nan", "brand_wi_1": "nan", "brand_zh": "nan", "cuisine": "nan", "level": "nan", "name_en": "nan", "name_zh": "nan", "takeaway": "nan", "diet_halal": "nan", "addr_city": "nan", "addr_distr": "nan", "addr_postc": "nan", "addr_provi": "nan", "addr_stree": "nan", "building": "dormitory", "fee": "nan", "diet_meat": "nan", "note": "nan", "outdoor_se": "nan", "brand_zh-H": "nan", "brand_zh_1": "nan", "delivery": "nan", "name_zh-Ha": "nan", "name_zh-_1": "nan", "layer": "nan", "fast_food": "nan", "brand_zh-L": "nan", "name_zh-La": "nan", "surface": "nan", "addr_place": "nan", "addr_unit": "nan", "nohousenum": "nan", "roof_colou": "nan", "emergency": "nan", "healthcare": "nan", "healthca_1": "nan", "loc_name": "nan", "operator": "nan", "website": "nan", "wheelchair": "nan", "building_c": "nan", "building_l": "nan", "museum": "nan", "tourism": "nan", "official_n": "nan", "wikimedia_": "nan", "office": "nan", "int_name": "nan", "height": "nan", "short_name": "nan", "wikidata": "nan", "wikipedia": "nan", "historic": "nan", "roof_orien": "nan", "roof_shape": "nan", "addr_house": "nan", "addr_hou_1": "nan", "power": "nan", "building_u": "nan", "flickr": "nan", "education": "nan", "ref": "nan", "athletics": "nan", "man_made": "nan", "ceremonial": "nan", "inscriptio": "nan", "material": "nan", "start_date": "nan", "bicycle_pa": "nan", "shelter_ty": "nan", "playground": "nan", "disused": "nan", "type": "nan", "addr_count": "nan", "internet_a": "nan", "name_de": "nan", "name_es": "nan", "name_fr": "nan", "name_it": "nan", "name_ja": "nan", "short_na_1": "nan", "short_na_2": "nan", "designatio": "nan", "path": "Point?crs=EPSG:4326&field=element:string(80,0)&field=id:string(80,0)&field=amenity:string(80,0)&field=name:string(80,0)&field=access:string(80,0)&field=barrier:string(80,0)&field=bicycle:string(80,0)&field=foot:string(80,0)&field=motor_vehi:string(80,0)&", "poi_tpye": "dormitory" }, "geometry": { "type": "Point", "coordinates": [ 114.364449336280757, 30.544410371091807 ] } },
{ "type": "Feature", "properties": { "element": "way", "id": "1337114129", "amenity": "nan", "name": "人文社科楼", "access": "nan", "barrier": "nan", "bicycle": "nan", "foot": "nan", "motor_vehi": "nan", "opening_ho": "nan", "alt_name": "nan", "old_name": "nan", "locked": "nan", "leisure": "nan", "sport": "nan", "horse": "nan", "brand": "nan", "brand_en": "nan", "brand_wiki": "nan", "brand_wi_1": "nan", "brand_zh": "nan", "cuisine": "nan", "level": "nan", "name_en": "nan", "name_zh": "nan", "takeaway": "nan", "diet_halal": "nan", "addr_city": "nan", "addr_distr": "nan", "addr_postc": "nan", "addr_provi": "nan", "addr_stree": "nan", "building": "university", "fee": "nan", "diet_meat": "nan", "note": "nan", "outdoor_se": "nan", "brand_zh-H": "nan", "brand_zh_1": "nan", "delivery": "nan", "name_zh-Ha": "nan", "name_zh-_1": "nan", "layer": "nan", "fast_food": "nan", "brand_zh-L": "nan", "name_zh-La": "nan", "surface": "nan", "addr_place": "nan", "addr_unit": "nan", "nohousenum": "nan", "roof_colou": "nan", "emergency": "nan", "healthcare": "nan", "healthca_1": "nan", "loc_name": "nan", "operator": "nan", "website": "nan", "wheelchair": "nan", "building_c": "nan", "building_l": "nan", "museum": "nan", "tourism": "nan", "official_n": "nan", "wikimedia_": "nan", "office": "nan", "int_name": "nan", "height": "nan", "short_name": "nan", "wikidata": "nan", "wikipedia": "nan", "historic": "nan", "roof_orien": "nan", "roof_shape": "nan", "addr_house": "nan", "addr_hou_1": "nan", "power": "nan", "building_u": "nan", "flickr": "nan", "education": "nan", "ref": "nan", "athletics": "nan", "man_made": "nan", "ceremonial": "nan", "inscriptio": "nan", "material": "nan", "start_date": "nan", "bicycle_pa": "nan", "shelter_ty": "nan", "playground": "nan", "disused": "nan", "type": "nan", "addr_count": "nan", "internet_a": "nan", "name_de": "nan", "name_es": "nan", "name_fr": "nan", "name_it": "nan", "name_ja": "nan", "short_na_1": "nan", "short_na_2": "nan", "designatio": "nan", "path": "Point?crs=EPSG:4326&field=element:string(80,0)&field=id:string(80,0)&field=amenity:string(80,0)&field=name:string(80,0)&field=access:string(80,0)&field=barrier:string(80,0)&field=bicycle:string(80,0)&field=foot:string(80,0)&field=motor_vehi:string(80,0)&", "poi_tpye": "teaching_building" }, "geometry": { "type": "Point", "coordinates": [ 114.367049344997568, 30.543538867202809 ] } },
{ "type": "Feature", "properties": { "element": "way", "id": "1337114127", "amenity": "nan", "name": "振华楼", "access": "nan", "barrier": "nan", "bicycle": "nan", "foot": "nan", "motor_vehi": "nan", "opening_ho": "nan", "alt_name": "nan", "old_name": "nan", "locked": "nan", "leisure": "nan", "sport": "nan", "horse": "nan", "brand": "nan", "brand_en": "nan", "brand_wiki": "nan", "brand_wi_1": "nan", "brand_zh": "nan", "cuisine": "nan", "level": "nan", "name_en": "nan", "name_zh": "nan", "takeaway": "nan", "diet_halal": "nan", "addr_city": "nan", "addr_distr": "nan", "addr_postc": "nan", "addr_provi": "nan", "addr_stree": "nan", "building": "university", "fee": "nan", "diet_meat": "nan", "note": "nan", "outdoor_se": "nan", "brand_zh-H": "nan", "brand_zh_1": "nan", "delivery": "nan", "name_zh-Ha": "nan", "name_zh-_1": "nan", "layer": "nan", "fast_food": "nan", "brand_zh-L": "nan", "name_zh-La": "nan", "surface": "nan", "addr_place": "nan", "addr_unit": "nan", "nohousenum": "nan", "roof_colou": "nan", "emergency": "nan", "healthcare": "nan", "healthca_1": "nan", "loc_name": "nan", "operator": "nan", "website": "nan", "wheelchair": "nan", "building_c": "nan", "building_l": "nan", "museum": "nan", "tourism": "nan", "official_n": "nan", "wikimedia_": "File:20231125 Zhenhua Lou.jpg", "office": "nan", "int_name": "nan", "height": "nan", "short_name": "nan", "wikidata": "nan", "wikipedia": "nan", "historic": "nan", "roof_orien": "nan", "roof_shape": "nan", "addr_house": "nan", "addr_hou_1": "nan", "power": "nan", "building_u": "nan", "flickr": "nan", "education": "nan", "ref": "nan", "athletics": "nan", "man_made": "nan", "ceremonial": "nan", "inscriptio": "nan", "material": "nan", "start_date": "nan", "bicycle_pa": "nan", "shelter_ty": "nan", "playground": "nan", "disused": "nan", "type": "nan", "addr_count": "nan", "internet_a": "nan", "name_de": "nan", "name_es": "nan", "name_fr": "nan", "name_it": "nan", "name_ja": "nan", "short_na_1": "nan", "short_na_2": "nan", "designatio": "nan", "path": "Point?crs=EPSG:4326&field=element:string(80,0)&field=id:string(80,0)&field=amenity:string(80,0)&field=name:string(80,0)&field=access:string(80,0)&field=barrier:string(80,0)&field=bicycle:string(80,0)&field=foot:string(80,0)&field=motor_vehi:string(80,0)&", "poi_tpye": "office" }, "geometry": { "type": "Point", "coordinates": [ 114.353404499980485, 30.537079441513104 ] } },
{ "type": "Feature", "properties": { "element": "node", "id": "13513425336", "amenity": "restaurant", "name": "信息学部二食堂", "access": "nan", "barrier": "nan", "bicycle": "nan", "foot": "nan", "motor_vehi": "nan", "opening_ho": "nan", "alt_name": "nan", "old_name": "信息学部四食堂", "locked": "nan", "leisure": "nan", "sport": "nan", "horse": "nan", "brand": "nan", "brand_en": "nan", "brand_wiki": "nan", "brand_wi_1": "nan", "brand_zh": "nan", "cuisine": "chinese", "level": "1", "name_en": "nan", "name_zh": "nan", "takeaway": "nan", "diet_halal": "nan", "addr_city": "nan", "addr_distr": "nan", "addr_postc": "nan", "addr_provi": "nan", "addr_stree": "nan", "building": "nan", "fee": "nan", "diet_meat": "nan", "note": "nan", "outdoor_se": "nan", "brand_zh-H": "nan", "brand_zh_1": "nan", "delivery": "nan", "name_zh-Ha": "nan", "name_zh-_1": "nan", "layer": "nan", "fast_food": "cafeteria", "brand_zh-L": "nan", "name_zh-La": "nan", "surface": "nan", "addr_place": "nan", "addr_unit": "nan", "nohousenum": "nan", "roof_colou": "nan", "emergency": "nan", "healthcare": "nan", "healthca_1": "nan", "loc_name": "nan", "operator": "nan", "website": "nan", "wheelchair": "nan", "building_c": "nan", "building_l": "nan", "museum": "nan", "tourism": "nan", "official_n": "nan", "wikimedia_": "nan", "office": "nan", "int_name": "nan", "height": "nan", "short_name": "nan", "wikidata": "nan", "wikipedia": "nan", "historic": "nan", "roof_orien": "nan", "roof_shape": "nan", "addr_house": "nan", "addr_hou_1": "nan", "power": "nan", "building_u": "nan", "flickr": "nan", "education": "nan", "ref": "nan", "athletics": "nan", "man_made": "nan", "ceremonial": "nan", "inscriptio": "nan", "material": "nan", "start_date": "nan", "bicycle_pa": "nan", "shelter_ty": "nan", "playground": "nan", "disused": "nan", "type": "nan", "addr_count": "nan", "internet_a": "nan", "name_de": "nan", "name_es": "nan", "name_fr": "nan", "name_it": "nan", "name_ja": "nan", "short_na_1": "nan", "short_na_2": "nan", "designatio": "nan", "path": "G:/ShiKongShuJuWaJue/WHU_ElectricalBike/whu_spatial_data/whu_pois.shp", "poi_tpye": "cafeteria" }, "geometry": { "type": "Point", "coordinates": [ 114.3536351, 30.5307444 ] } },
{ "type": "Feature", "properties": { "element": "way", "id": "1337114126", "amenity": "nan", "name": "信息学部西区B4教学楼", "access": "nan", "barrier": "nan", "bicycle": "nan", "foot": "nan", "motor_vehi": "nan", "opening_ho": "nan", "alt_name": "nan", "old_name": "nan", "locked": "nan", "leisure": "nan", "sport": "nan", "horse": "nan", "brand": "nan", "brand_en": "nan", "brand_wiki": "nan", "brand_wi_1": "nan", "brand_zh": "nan", "cuisine": "nan", "level": "nan", "name_en": "nan", "name_zh": "nan", "takeaway": "nan", "diet_halal": "nan", "addr_city": "nan", "addr_distr": "nan", "addr_postc": "nan", "addr_provi": "nan", "addr_stree": "nan", "building": "university", "fee": "nan", "diet_meat": "nan", "note": "nan", "outdoor_se": "nan", "brand_zh-H": "nan", "brand_zh_1": "nan", "delivery": "nan", "name_zh-Ha": "nan", "name_zh-_1": "nan", "layer": "nan", "fast_food": "nan", "brand_zh-L": "nan", "name_zh-La": "nan", "surface": "nan", "addr_place": "nan", "addr_unit": "nan", "nohousenum": "nan", "roof_colou": "nan", "emergency": "nan", "healthcare": "nan", "healthca_1": "nan", "loc_name": "nan", "operator": "nan", "website": "nan", "wheelchair": "nan", "building_c": "nan", "building_l": "nan", "museum": "nan", "tourism": "nan", "official_n": "nan", "wikimedia_": "nan", "office": "nan", "int_name": "nan", "height": "nan", "short_name": "nan", "wikidata": "nan", "wikipedia": "nan", "historic": "nan", "roof_orien": "nan", "roof_shape": "nan", "addr_house": "nan", "addr_hou_1": "nan", "power": "nan", "building_u": "nan", "flickr": "nan", "education": "nan", "ref": "nan", "athletics": "nan", "man_made": "nan", "ceremonial": "nan", "inscriptio": "nan", "material": "nan", "start_date": "nan", "bicycle_pa": "nan", "shelter_ty": "nan", "playground": "nan", "disused": "nan", "type": "nan", "addr_count": "nan", "internet_a": "nan", "name_de": "nan", "name_es": "nan", "name_fr": "nan", "name_it": "nan", "name_ja": "nan", "short_na_1": "nan", "short_na_2": "nan", "designatio": "nan", "path": "Point?crs=EPSG:4326&field=element:string(80,0)&field=id:string(80,0)&field=amenity:string(80,0)&field=name:string(80,0)&field=access:string(80,0)&field=barrier:string(80,0)&field=bicycle:string(80,0)&field=foot:string(80,0)&field=motor_vehi:string(80,0)&", "poi_tpye": "teaching_building" }, "geometry": { "type": "Point", "coordinates": [ 114.351462734476826, 30.530016702446051 ] } },
{ "type": "Feature", "properties": { "element": "node", "id": "13513425328", "amenity": "restaurant", "name": "信息学部四食堂", "access": "nan", "barrier": "nan", "bicycle": "nan", "foot": "nan", "motor_vehi": "nan", "opening_ho": "nan", "alt_name": "nan", "old_name": "信息学部二食堂", "locked": "nan", "leisure": "nan", "sport": "nan", "horse": "nan", "brand": "nan", "brand_en": "nan", "brand_wiki": "nan", "brand_wi_1": "nan", "brand_zh": "nan", "cuisine": "chinese", "level": "0", "name_en": "nan", "name_zh": "nan", "takeaway": "nan", "diet_halal": "nan", "addr_city": "nan", "addr_distr": "nan", "addr_postc": "nan", "addr_provi": "nan", "addr_stree": "nan", "building": "nan", "fee": "nan", "diet_meat": "nan", "note": "nan", "outdoor_se": "nan", "brand_zh-H": "nan", "brand_zh_1": "nan", "delivery": "nan", "name_zh-Ha": "nan", "name_zh-_1": "nan", "layer": "nan", "fast_food": "cafeteria", "brand_zh-L": "nan", "name_zh-La": "nan", "surface": "nan", "addr_place": "nan", "addr_unit": "nan", "nohousenum": "nan", "roof_colou": "nan", "emergency": "nan", "healthcare": "nan", "healthca_1": "nan", "loc_name": "nan", "operator": "nan", "website": "nan", "wheelchair": "nan", "building_c": "nan", "building_l": "nan", "museum": "nan", "tourism": "nan", "official_n": "nan", "wikimedia_": "nan", "office": "nan", "int_name": "nan", "height": "nan", "short_name": "nan", "wikidata": "nan", "wikipedia": "nan", "historic": "nan", "roof_orien": "nan", "roof_shape": "nan", "addr_house": "nan", "addr_hou_1": "nan", "power": "nan", "building_u": "nan", "flickr": "nan", "education": "nan", "ref": "nan", "athletics": "nan", "man_made": "nan", "ceremonial": "nan", "inscriptio": "nan", "material": "nan", "start_date": "nan", "bicycle_pa": "nan", "shelter_ty": "nan", "playground": "nan", "disused": "nan", "type": "nan", "addr_count": "nan", "internet_a": "nan", "name_de": "nan", "name_es": "nan", "name_fr": "nan", "name_it": "nan", "name_ja": "nan", "short_na_1": "nan", "short_na_2": "nan", "designatio": "nan", "path": "G:/ShiKongShuJuWaJue/WHU_ElectricalBike/whu_spatial_data/whu_pois.shp", "poi_tpye": "cafeteria" }, "geometry": { "type": "Point", "coordinates": [ 114.3529769, 30.5293605 ] } },
{ "type": "Feature", "properties": { "element": "way", "id": "1337114125", "amenity": "nan", "name": "国家网络安全学院大楼", "access": "nan", "barrier": "nan", "bicycle": "nan", "foot": "nan", "motor_vehi": "nan", "opening_ho": "nan", "alt_name": "nan", "old_name": "nan", "locked": "nan", "leisure": "nan", "sport": "nan", "horse": "nan", "brand": "nan", "brand_en": "nan", "brand_wiki": "nan", "brand_wi_1": "nan", "brand_zh": "nan", "cuisine": "nan", "level": "nan", "name_en": "nan", "name_zh": "nan", "takeaway": "nan", "diet_halal": "nan", "addr_city": "nan", "addr_distr": "nan", "addr_postc": "nan", "addr_provi": "nan", "addr_stree": "nan", "building": "university", "fee": "nan", "diet_meat": "nan", "note": "nan", "outdoor_se": "nan", "brand_zh-H": "nan", "brand_zh_1": "nan", "delivery": "nan", "name_zh-Ha": "nan", "name_zh-_1": "nan", "layer": "1", "fast_food": "nan", "brand_zh-L": "nan", "name_zh-La": "nan", "surface": "nan", "addr_place": "nan", "addr_unit": "nan", "nohousenum": "nan", "roof_colou": "nan", "emergency": "nan", "healthcare": "nan", "healthca_1": "nan", "loc_name": "nan", "operator": "nan", "website": "nan", "wheelchair": "nan", "building_c": "nan", "building_l": "nan", "museum": "nan", "tourism": "nan", "official_n": "nan", "wikimedia_": "nan", "office": "university", "int_name": "nan", "height": "nan", "short_name": "nan", "wikidata": "nan", "wikipedia": "nan", "historic": "nan", "roof_orien": "nan", "roof_shape": "nan", "addr_house": "nan", "addr_hou_1": "nan", "power": "nan", "building_u": "nan", "flickr": "nan", "education": "nan", "ref": "nan", "athletics": "nan", "man_made": "nan", "ceremonial": "nan", "inscriptio": "nan", "material": "nan", "start_date": "nan", "bicycle_pa": "nan", "shelter_ty": "nan", "playground": "nan", "disused": "nan", "type": "nan", "addr_count": "nan", "internet_a": "nan", "name_de": "nan", "name_es": "nan", "name_fr": "nan", "name_it": "nan", "name_ja": "nan", "short_na_1": "nan", "short_na_2": "nan", "designatio": "nan", "path": "Point?crs=EPSG:4326&field=element:string(80,0)&field=id:string(80,0)&field=amenity:string(80,0)&field=name:string(80,0)&field=access:string(80,0)&field=barrier:string(80,0)&field=bicycle:string(80,0)&field=foot:string(80,0)&field=motor_vehi:string(80,0)&", "poi_tpye": "office" }, "geometry": { "type": "Point", "coordinates": [ 114.350999180045093, 30.529541508144117 ] } },
{ "type": "Feature", "properties": { "element": "node", "id": "13513425327", "amenity": "restaurant", "name": "信息学部三食堂", "access": "nan", "barrier": "nan", "bicycle": "nan", "foot": "nan", "motor_vehi": "nan", "opening_ho": "nan", "alt_name": "nan", "old_name": "nan", "locked": "nan", "leisure": "nan", "sport": "nan", "horse": "nan", "brand": "nan", "brand_en": "nan", "brand_wiki": "nan", "brand_wi_1": "nan", "brand_zh": "nan", "cuisine": "chinese", "level": "1", "name_en": "nan", "name_zh": "nan", "takeaway": "nan", "diet_halal": "nan", "addr_city": "nan", "addr_distr": "nan", "addr_postc": "nan", "addr_provi": "nan", "addr_stree": "nan", "building": "nan", "fee": "nan", "diet_meat": "nan", "note": "nan", "outdoor_se": "nan", "brand_zh-H": "nan", "brand_zh_1": "nan", "delivery": "nan", "name_zh-Ha": "nan", "name_zh-_1": "nan", "layer": "nan", "fast_food": "cafeteria", "brand_zh-L": "nan", "name_zh-La": "nan", "surface": "nan", "addr_place": "nan", "addr_unit": "nan", "nohousenum": "nan", "roof_colou": "nan", "emergency": "nan", "healthcare": "nan", "healthca_1": "nan", "loc_name": "nan", "operator": "nan", "website": "nan", "wheelchair": "nan", "building_c": "nan", "building_l": "nan", "museum": "nan", "tourism": "nan", "official_n": "nan", "wikimedia_": "nan", "office": "nan", "int_name": "nan", "height": "nan", "short_name": "nan", "wikidata": "nan", "wikipedia": "nan", "historic": "nan", "roof_orien": "nan", "roof_shape": "nan", "addr_house": "nan", "addr_hou_1": "nan", "power": "nan", "building_u": "nan", "flickr": "nan", "education": "nan", "ref": "nan", "athletics": "nan", "man_made": "nan", "ceremonial": "nan", "inscriptio": "nan", "material": "nan", "start_date": "nan", "bicycle_pa": "nan", "shelter_ty": "nan", "playground": "nan", "disused": "nan", "type": "nan", "addr_count": "nan", "internet_a": "nan", "name_de": "nan", "name_es": "nan", "name_fr": "nan", "name_it": "nan", "name_ja": "nan", "short_na_1": "nan", "short_na_2": "nan", "designatio": "nan", "path": "G:/ShiKongShuJuWaJue/WHU_ElectricalBike/whu_spatial_data/whu_pois.shp", "poi_tpye": "cafeteria" }, "geometry": { "type": "Point", "coordinates": [ 114.3529679, 30.529817 ] } },
{ "type": "Feature", "properties": { "element": "way", "id": "1268336182", "amenity": "nan", "name": "听松楼", "access": "nan", "barrier": "nan", "bicycle": "nan", "foot": "nan", "motor_vehi": "nan", "opening_ho": "nan", "alt_name": "nan", "old_name": "nan", "locked": "nan", "leisure": "nan", "sport": "nan", "horse": "nan", "brand": "nan", "brand_en": "nan", "brand_wiki": "nan", "brand_wi_1": "nan", "brand_zh": "nan", "cuisine": "nan", "level": "nan", "name_en": "nan", "name_zh": "nan", "takeaway": "nan", "diet_halal": "nan", "addr_city": "nan", "addr_distr": "nan", "addr_postc": "nan", "addr_provi": "nan", "addr_stree": "nan", "building": "yes", "fee": "nan", "diet_meat": "nan", "note": "nan", "outdoor_se": "nan", "brand_zh-H": "nan", "brand_zh_1": "nan", "delivery": "nan", "name_zh-Ha": "nan", "name_zh-_1": "nan", "layer": "nan", "fast_food": "nan", "brand_zh-L": "nan", "name_zh-La": "nan", "surface": "nan", "addr_place": "nan", "addr_unit": "nan", "nohousenum": "nan", "roof_colou": "nan", "emergency": "nan", "healthcare": "nan", "healthca_1": "nan", "loc_name": "nan", "operator": "nan", "website": "nan", "wheelchair": "nan", "building_c": "nan", "building_l": "nan", "museum": "nan", "tourism": "nan", "official_n": "nan", "wikimedia_": "nan", "office": "nan", "int_name": "nan", "height": "nan", "short_name": "nan", "wikidata": "nan", "wikipedia": "nan", "historic": "building", "roof_orien": "nan", "roof_shape": "nan", "addr_house": "nan", "addr_hou_1": "nan", "power": "nan", "building_u": "nan", "flickr": "nan", "education": "nan", "ref": "nan", "athletics": "nan", "man_made": "nan", "ceremonial": "nan", "inscriptio": "nan", "material": "nan", "start_date": "nan", "bicycle_pa": "nan", "shelter_ty": "nan", "playground": "nan", "disused": "nan", "type": "nan", "addr_count": "nan", "internet_a": "nan", "name_de": "nan", "name_es": "nan", "name_fr": "nan", "name_it": "nan", "name_ja": "nan", "short_na_1": "nan", "short_na_2": "nan", "designatio": "nan", "path": "Point?crs=EPSG:4326&field=element:string(80,0)&field=id:string(80,0)&field=amenity:string(80,0)&field=name:string(80,0)&field=access:string(80,0)&field=barrier:string(80,0)&field=bicycle:string(80,0)&field=foot:string(80,0)&field=motor_vehi:string(80,0)&", "poi_tpye": "office" }, "geometry": { "type": "Point", "coordinates": [ 114.36078221173122, 30.537745911344413 ] } },
{ "type": "Feature", "properties": { "element": "way", "id": "1167474534", "amenity": "nan", "name": "城市设计学院教学楼", "access": "nan", "barrier": "nan", "bicycle": "nan", "foot": "nan", "motor_vehi": "nan", "opening_ho": "nan", "alt_name": "nan", "old_name": "nan", "locked": "nan", "leisure": "nan", "sport": "nan", "horse": "nan", "brand": "nan", "brand_en": "nan", "brand_wiki": "nan", "brand_wi_1": "nan", "brand_zh": "nan", "cuisine": "nan", "level": "nan", "name_en": "nan", "name_zh": "nan", "takeaway": "nan", "diet_halal": "nan", "addr_city": "武汉市", "addr_distr": "武昌区", "addr_postc": "430072", "addr_provi": "湖北省", "addr_stree": "樱园北路", "building": "university", "fee": "nan", "diet_meat": "nan", "note": "nan", "outdoor_se": "nan", "brand_zh-H": "nan", "brand_zh_1": "nan", "delivery": "nan", "name_zh-Ha": "nan", "name_zh-_1": "nan", "layer": "nan", "fast_food": "nan", "brand_zh-L": "nan", "name_zh-La": "nan", "surface": "nan", "addr_place": "nan", "addr_unit": "nan", "nohousenum": "nan", "roof_colou": "nan", "emergency": "nan", "healthcare": "nan", "healthca_1": "nan", "loc_name": "nan", "operator": "nan", "website": "nan", "wheelchair": "nan", "building_c": "nan", "building_l": "6", "museum": "nan", "tourism": "nan", "official_n": "nan", "wikimedia_": "File:武大城市设计学院 20240607.jpg", "office": "nan", "int_name": "nan", "height": "19.7", "short_name": "nan", "wikidata": "nan", "wikipedia": "nan", "historic": "nan", "roof_orien": "nan", "roof_shape": "nan", "addr_house": "nan", "addr_hou_1": "nan", "power": "nan", "building_u": "nan", "flickr": "nan", "education": "nan", "ref": "nan", "athletics": "nan", "man_made": "nan", "ceremonial": "nan", "inscriptio": "nan", "material": "nan", "start_date": "nan", "bicycle_pa": "nan", "shelter_ty": "nan", "playground": "nan", "disused": "nan", "type": "nan", "addr_count": "nan", "internet_a": "nan", "name_de": "nan", "name_es": "nan", "name_fr": "nan", "name_it": "nan", "name_ja": "nan", "short_na_1": "nan", "short_na_2": "nan", "designatio": "nan", "path": "Point?crs=EPSG:4326&field=element:string(80,0)&field=id:string(80,0)&field=amenity:string(80,0)&field=name:string(80,0)&field=access:string(80,0)&field=barrier:string(80,0)&field=bicycle:string(80,0)&field=foot:string(80,0)&field=motor_vehi:string(80,0)&", "poi_tpye": "teaching_building" }, "geometry": { "type": "Point", "coordinates": [ 114.359367800502852, 30.543738133113592 ] } },
{ "type": "Feature", "properties": { "element": "way", "id": "1155391715", "amenity": "nan", "name": "星空广场", "access": "nan", "barrier": "nan", "bicycle": "nan", "foot": "nan", "motor_vehi": "nan", "opening_ho": "nan", "alt_name": "nan", "old_name": "德仁广场", "locked": "nan", "leisure": "park", "sport": "nan", "horse": "nan", "brand": "nan", "brand_en": "nan", "brand_wiki": "nan", "brand_wi_1": "nan", "brand_zh": "nan", "cuisine": "nan", "level": "nan", "name_en": "nan", "name_zh": "nan", "takeaway": "nan", "diet_halal": "nan", "addr_city": "nan", "addr_distr": "nan", "addr_postc": "nan", "addr_provi": "nan", "addr_stree": "nan", "building": "nan", "fee": "nan", "diet_meat": "nan", "note": "nan", "outdoor_se": "nan", "brand_zh-H": "nan", "brand_zh_1": "nan", "delivery": "nan", "name_zh-Ha": "nan", "name_zh-_1": "nan", "layer": "nan", "fast_food": "nan", "brand_zh-L": "nan", "name_zh-La": "nan", "surface": "nan", "addr_place": "nan", "addr_unit": "nan", "nohousenum": "nan", "roof_colou": "nan", "emergency": "nan", "healthcare": "nan", "healthca_1": "nan", "loc_name": "nan", "operator": "nan", "website": "nan", "wheelchair": "nan", "building_c": "nan", "building_l": "nan", "museum": "nan", "tourism": "nan", "official_n": "nan", "wikimedia_": "nan", "office": "nan", "int_name": "nan", "height": "nan", "short_name": "nan", "wikidata": "nan", "wikipedia": "nan", "historic": "nan", "roof_orien": "nan", "roof_shape": "nan", "addr_house": "nan", "addr_hou_1": "nan", "power": "nan", "building_u": "nan", "flickr": "nan", "education": "nan", "ref": "nan", "athletics": "nan", "man_made": "nan", "ceremonial": "nan", "inscriptio": "nan", "material": "nan", "start_date": "nan", "bicycle_pa": "nan", "shelter_ty": "nan", "playground": "nan", "disused": "nan", "type": "nan", "addr_count": "nan", "internet_a": "nan", "name_de": "nan", "name_es": "nan", "name_fr": "nan", "name_it": "nan", "name_ja": "nan", "short_na_1": "nan", "short_na_2": "nan", "designatio": "nan", "path": "Point?crs=EPSG:4326&field=element:string(80,0)&field=id:string(80,0)&field=amenity:string(80,0)&field=name:string(80,0)&field=access:string(80,0)&field=barrier:string(80,0)&field=bicycle:string(80,0)&field=foot:string(80,0)&field=motor_vehi:string(80,0)&" }, "geometry": { "type": "Point", "coordinates": [ 114.353570433747592, 30.531738768454769 ] } },
{ "type": "Feature", "properties": { "element": "node", "id": "13249113623", "amenity": "cafe", "name": "WHU1893", "access": "nan", "barrier": "nan", "bicycle": "nan", "foot": "nan", "motor_vehi": "nan", "opening_ho": "nan", "alt_name": "nan", "old_name": "nan", "locked": "nan", "leisure": "nan", "sport": "nan", "horse": "nan", "brand": "nan", "brand_en": "nan", "brand_wiki": "nan", "brand_wi_1": "nan", "brand_zh": "nan", "cuisine": "nan", "level": "0", "name_en": "nan", "name_zh": "nan", "takeaway": "nan", "diet_halal": "nan", "addr_city": "nan", "addr_distr": "nan", "addr_postc": "nan", "addr_provi": "nan", "addr_stree": "nan", "building": "nan", "fee": "nan", "diet_meat": "nan", "note": "nan", "outdoor_se": "nan", "brand_zh-H": "nan", "brand_zh_1": "nan", "delivery": "nan", "name_zh-Ha": "nan", "name_zh-_1": "nan", "layer": "nan", "fast_food": "nan", "brand_zh-L": "nan", "name_zh-La": "nan", "surface": "nan", "addr_place": "nan", "addr_unit": "nan", "nohousenum": "nan", "roof_colou": "nan", "emergency": "nan", "healthcare": "nan", "healthca_1": "nan", "loc_name": "nan", "operator": "nan", "website": "nan", "wheelchair": "nan", "building_c": "nan", "building_l": "nan", "museum": "nan", "tourism": "nan", "official_n": "nan", "wikimedia_": "nan", "office": "nan", "int_name": "nan", "height": "nan", "short_name": "nan", "wikidata": "nan", "wikipedia": "nan", "historic": "nan", "roof_orien": "nan", "roof_shape": "nan", "addr_house": "nan", "addr_hou_1": "nan", "power": "nan", "building_u": "nan", "flickr": "nan", "education": "nan", "ref": "nan", "athletics": "nan", "man_made": "nan", "ceremonial": "nan", "inscriptio": "nan", "material": "nan", "start_date": "nan", "bicycle_pa": "nan", "shelter_ty": "nan", "playground": "nan", "disused": "nan", "type": "nan", "addr_count": "nan", "internet_a": "nan", "name_de": "nan", "name_es": "nan", "name_fr": "nan", "name_it": "nan", "name_ja": "nan", "short_na_1": "nan", "short_na_2": "nan", "designatio": "nan", "path": "G:/ShiKongShuJuWaJue/WHU_ElectricalBike/whu_spatial_data/whu_pois.shp" }, "geometry": { "type": "Point", "coordinates": [ 114.3568154, 30.5420947 ] } },
{ "type": "Feature", "properties": { "element": "way", "id": "1154975830", "amenity": "nan", "name": "信息学部6舍", "access": "nan", "barrier": "nan", "bicycle": "nan", "foot": "nan", "motor_vehi": "nan", "opening_ho": "nan", "alt_name": "nan", "old_name": "nan", "locked": "nan", "leisure": "nan", "sport": "nan", "horse": "nan", "brand": "nan", "brand_en": "nan", "brand_wiki": "nan", "brand_wi_1": "nan", "brand_zh": "nan", "cuisine": "nan", "level": "nan", "name_en": "nan", "name_zh": "nan", "takeaway": "nan", "diet_halal": "nan", "addr_city": "nan", "addr_distr": "nan", "addr_postc": "nan", "addr_provi": "nan", "addr_stree": "nan", "building": "dormitory", "fee": "nan", "diet_meat": "nan", "note": "nan", "outdoor_se": "nan", "brand_zh-H": "nan", "brand_zh_1": "nan", "delivery": "nan", "name_zh-Ha": "nan", "name_zh-_1": "nan", "layer": "nan", "fast_food": "nan", "brand_zh-L": "nan", "name_zh-La": "nan", "surface": "nan", "addr_place": "nan", "addr_unit": "nan", "nohousenum": "nan", "roof_colou": "nan", "emergency": "nan", "healthcare": "nan", "healthca_1": "nan", "loc_name": "nan", "operator": "武汉大学", "website": "nan", "wheelchair": "nan", "building_c": "nan", "building_l": "6", "museum": "nan", "tourism": "nan", "official_n": "nan", "wikimedia_": "nan", "office": "nan", "int_name": "nan", "height": "nan", "short_name": "nan", "wikidata": "nan", "wikipedia": "nan", "historic": "nan", "roof_orien": "nan", "roof_shape": "nan", "addr_house": "nan", "addr_hou_1": "nan", "power": "nan", "building_u": "nan", "flickr": "nan", "education": "nan", "ref": "nan", "athletics": "nan", "man_made": "nan", "ceremonial": "nan", "inscriptio": "nan", "material": "nan", "start_date": "nan", "bicycle_pa": "nan", "shelter_ty": "nan", "playground": "nan", "disused": "nan", "type": "nan", "addr_count": "nan", "internet_a": "nan", "name_de": "nan", "name_es": "nan", "name_fr": "nan", "name_it": "nan", "name_ja": "nan", "short_na_1": "nan", "short_na_2": "nan", "designatio": "nan", "path": "Point?crs=EPSG:4326&field=element:string(80,0)&field=id:string(80,0)&field=amenity:string(80,0)&field=name:string(80,0)&field=access:string(80,0)&field=barrier:string(80,0)&field=bicycle:string(80,0)&field=foot:string(80,0)&field=motor_vehi:string(80,0)&", "poi_tpye": "dormitory" }, "geometry": { "type": "Point", "coordinates": [ 114.353682942979873, 30.530248032620516 ] } },
{ "type": "Feature", "properties": { "element": "node", "id": "13246222238", "amenity": "cafe", "name": "珞珈咖啡", "access": "nan", "barrier": "nan", "bicycle": "nan", "foot": "nan", "motor_vehi": "nan", "opening_ho": "nan", "alt_name": "nan", "old_name": "nan", "locked": "nan", "leisure": "nan", "sport": "nan", "horse": "nan", "brand": "nan", "brand_en": "nan", "brand_wiki": "nan", "brand_wi_1": "nan", "brand_zh": "nan", "cuisine": "nan", "level": "nan", "name_en": "nan", "name_zh": "nan", "takeaway": "nan", "diet_halal": "nan", "addr_city": "nan", "addr_distr": "nan", "addr_postc": "nan", "addr_provi": "nan", "addr_stree": "nan", "building": "nan", "fee": "nan", "diet_meat": "nan", "note": "nan", "outdoor_se": "nan", "brand_zh-H": "nan", "brand_zh_1": "nan", "delivery": "nan", "name_zh-Ha": "nan", "name_zh-_1": "nan", "layer": "nan", "fast_food": "nan", "brand_zh-L": "nan", "name_zh-La": "nan", "surface": "nan", "addr_place": "nan", "addr_unit": "nan", "nohousenum": "nan", "roof_colou": "nan", "emergency": "nan", "healthcare": "nan", "healthca_1": "nan", "loc_name": "nan", "operator": "nan", "website": "nan", "wheelchair": "nan", "building_c": "nan", "building_l": "nan", "museum": "nan", "tourism": "nan", "official_n": "nan", "wikimedia_": "nan", "office": "nan", "int_name": "nan", "height": "nan", "short_name": "nan", "wikidata": "nan", "wikipedia": "nan", "historic": "nan", "roof_orien": "nan", "roof_shape": "nan", "addr_house": "nan", "addr_hou_1": "nan", "power": "nan", "building_u": "nan", "flickr": "nan", "education": "nan", "ref": "nan", "athletics": "nan", "man_made": "nan", "ceremonial": "nan", "inscriptio": "nan", "material": "nan", "start_date": "nan", "bicycle_pa": "nan", "shelter_ty": "nan", "playground": "nan", "disused": "nan", "type": "nan", "addr_count": "nan", "internet_a": "nan", "name_de": "nan", "name_es": "nan", "name_fr": "nan", "name_it": "nan", "name_ja": "nan", "short_na_1": "nan", "short_na_2": "nan", "designatio": "nan", "path": "G:/ShiKongShuJuWaJue/WHU_ElectricalBike/whu_spatial_data/whu_pois.shp", "poi_tpye": "food" }, "geometry": { "type": "Point", "coordinates": [ 114.3575117, 30.538819399999987 ] } },
{ "type": "Feature", "properties": { "element": "node", "id": "13243704752", "amenity": "fast_food", "name": "饱立来", "access": "nan", "barrier": "nan", "bicycle": "nan", "foot": "nan", "motor_vehi": "nan", "opening_ho": "nan", "alt_name": "nan", "old_name": "nan", "locked": "nan", "leisure": "nan", "sport": "nan", "horse": "nan", "brand": "nan", "brand_en": "nan", "brand_wiki": "nan", "brand_wi_1": "nan", "brand_zh": "nan", "cuisine": "burger", "level": "1", "name_en": "nan", "name_zh": "nan", "takeaway": "nan", "diet_halal": "nan", "addr_city": "nan", "addr_distr": "nan", "addr_postc": "nan", "addr_provi": "nan", "addr_stree": "nan", "building": "nan", "fee": "nan", "diet_meat": "nan", "note": "nan", "outdoor_se": "nan", "brand_zh-H": "nan", "brand_zh_1": "nan", "delivery": "nan", "name_zh-Ha": "nan", "name_zh-_1": "nan", "layer": "nan", "fast_food": "nan", "brand_zh-L": "nan", "name_zh-La": "nan", "surface": "nan", "addr_place": "nan", "addr_unit": "nan", "nohousenum": "nan", "roof_colou": "nan", "emergency": "nan", "healthcare": "nan", "healthca_1": "nan", "loc_name": "nan", "operator": "nan", "website": "nan", "wheelchair": "nan", "building_c": "nan", "building_l": "nan", "museum": "nan", "tourism": "nan", "official_n": "nan", "wikimedia_": "nan", "office": "nan", "int_name": "nan", "height": "nan", "short_name": "nan", "wikidata": "nan", "wikipedia": "nan", "historic": "nan", "roof_orien": "nan", "roof_shape": "nan", "addr_house": "nan", "addr_hou_1": "nan", "power": "nan", "building_u": "nan", "flickr": "nan", "education": "nan", "ref": "nan", "athletics": "nan", "man_made": "nan", "ceremonial": "nan", "inscriptio": "nan", "material": "nan", "start_date": "nan", "bicycle_pa": "nan", "shelter_ty": "nan", "playground": "nan", "disused": "nan", "type": "nan", "addr_count": "nan", "internet_a": "nan", "name_de": "nan", "name_es": "nan", "name_fr": "nan", "name_it": "nan", "name_ja": "nan", "short_na_1": "nan", "short_na_2": "nan", "designatio": "nan", "path": "G:/ShiKongShuJuWaJue/WHU_ElectricalBike/whu_spatial_data/whu_pois.shp", "poi_tpye": "food" }, "geometry": { "type": "Point", "coordinates": [ 114.3591118, 30.5380274 ] } },
{ "type": "Feature", "properties": { "element": "node", "id": "13243704751", "amenity": "restaurant", "name": "小肆川", "access": "nan", "barrier": "nan", "bicycle": "nan", "foot": "nan", "motor_vehi": "nan", "opening_ho": "nan", "alt_name": "nan", "old_name": "nan", "locked": "nan", "leisure": "nan", "sport": "nan", "horse": "nan", "brand": "nan", "brand_en": "nan", "brand_wiki": "nan", "brand_wi_1": "nan", "brand_zh": "nan", "cuisine": "chinese", "level": "1", "name_en": "nan", "name_zh": "nan", "takeaway": "nan", "diet_halal": "nan", "addr_city": "nan", "addr_distr": "nan", "addr_postc": "nan", "addr_provi": "nan", "addr_stree": "nan", "building": "nan", "fee": "nan", "diet_meat": "nan", "note": "nan", "outdoor_se": "nan", "brand_zh-H": "nan", "brand_zh_1": "nan", "delivery": "nan", "name_zh-Ha": "nan", "name_zh-_1": "nan", "layer": "nan", "fast_food": "nan", "brand_zh-L": "nan", "name_zh-La": "nan", "surface": "nan", "addr_place": "nan", "addr_unit": "nan", "nohousenum": "nan", "roof_colou": "nan", "emergency": "nan", "healthcare": "nan", "healthca_1": "nan", "loc_name": "nan", "operator": "nan", "website": "nan", "wheelchair": "nan", "building_c": "nan", "building_l": "nan", "museum": "nan", "tourism": "nan", "official_n": "nan", "wikimedia_": "nan", "office": "nan", "int_name": "nan", "height": "nan", "short_name": "nan", "wikidata": "nan", "wikipedia": "nan", "historic": "nan", "roof_orien": "nan", "roof_shape": "nan", "addr_house": "nan", "addr_hou_1": "nan", "power": "nan", "building_u": "nan", "flickr": "nan", "education": "nan", "ref": "nan", "athletics": "nan", "man_made": "nan", "ceremonial": "nan", "inscriptio": "nan", "material": "nan", "start_date": "nan", "bicycle_pa": "nan", "shelter_ty": "nan", "playground": "nan", "disused": "nan", "type": "nan", "addr_count": "nan", "internet_a": "nan", "name_de": "nan", "name_es": "nan", "name_fr": "nan", "name_it": "nan", "name_ja": "nan", "short_na_1": "nan", "short_na_2": "nan", "designatio": "nan", "path": "G:/ShiKongShuJuWaJue/WHU_ElectricalBike/whu_spatial_data/whu_pois.shp", "poi_tpye": "food" }, "geometry": { "type": "Point", "coordinates": [ 114.359092100000012, 30.5381866 ] } },
{ "type": "Feature", "properties": { "element": "node", "id": "13240918484", "amenity": "nan", "name": "珞珈门", "access": "permit", "barrier": "gate", "bicycle": "permit", "foot": "permit", "motor_vehi": "no", "opening_ho": "24/7", "alt_name": "nan", "old_name": "nan", "locked": "nan", "leisure": "nan", "sport": "nan", "horse": "nan", "brand": "nan", "brand_en": "nan", "brand_wiki": "nan", "brand_wi_1": "nan", "brand_zh": "nan", "cuisine": "nan", "level": "nan", "name_en": "nan", "name_zh": "nan", "takeaway": "nan", "diet_halal": "nan", "addr_city": "nan", "addr_distr": "nan", "addr_postc": "nan", "addr_provi": "nan", "addr_stree": "nan", "building": "nan", "fee": "nan", "diet_meat": "nan", "note": "nan", "outdoor_se": "nan", "brand_zh-H": "nan", "brand_zh_1": "nan", "delivery": "nan", "name_zh-Ha": "nan", "name_zh-_1": "nan", "layer": "nan", "fast_food": "nan", "brand_zh-L": "nan", "name_zh-La": "nan", "surface": "nan", "addr_place": "nan", "addr_unit": "nan", "nohousenum": "nan", "roof_colou": "nan", "emergency": "nan", "healthcare": "nan", "healthca_1": "nan", "loc_name": "nan", "operator": "nan", "website": "nan", "wheelchair": "nan", "building_c": "nan", "building_l": "nan", "museum": "nan", "tourism": "nan", "official_n": "nan", "wikimedia_": "nan", "office": "nan", "int_name": "nan", "height": "nan", "short_name": "nan", "wikidata": "nan", "wikipedia": "nan", "historic": "nan", "roof_orien": "nan", "roof_shape": "nan", "addr_house": "nan", "addr_hou_1": "nan", "power": "nan", "building_u": "nan", "flickr": "nan", "education": "nan", "ref": "nan", "athletics": "nan", "man_made": "nan", "ceremonial": "nan", "inscriptio": "nan", "material": "nan", "start_date": "nan", "bicycle_pa": "nan", "shelter_ty": "nan", "playground": "nan", "disused": "nan", "type": "nan", "addr_count": "nan", "internet_a": "nan", "name_de": "nan", "name_es": "nan", "name_fr": "nan", "name_it": "nan", "name_ja": "nan", "short_na_1": "nan", "short_na_2": "nan", "designatio": "nan", "path": "G:/ShiKongShuJuWaJue/WHU_ElectricalBike/whu_spatial_data/whu_pois.shp", "poi_tpye": "gate" }, "geometry": { "type": "Point", "coordinates": [ 114.3518104, 30.5349604 ] } },
{ "type": "Feature", "properties": { "element": "node", "id": "13240030328", "amenity": "restaurant", "name": "星湖园餐厅", "access": "nan", "barrier": "nan", "bicycle": "nan", "foot": "nan", "motor_vehi": "nan", "opening_ho": "nan", "alt_name": "nan", "old_name": "nan", "locked": "nan", "leisure": "nan", "sport": "nan", "horse": "nan", "brand": "nan", "brand_en": "nan", "brand_wiki": "nan", "brand_wi_1": "nan", "brand_zh": "nan", "cuisine": "nan", "level": "nan", "name_en": "nan", "name_zh": "nan", "takeaway": "nan", "diet_halal": "nan", "addr_city": "nan", "addr_distr": "nan", "addr_postc": "nan", "addr_provi": "nan", "addr_stree": "nan", "building": "nan", "fee": "nan", "diet_meat": "nan", "note": "nan", "outdoor_se": "nan", "brand_zh-H": "nan", "brand_zh_1": "nan", "delivery": "nan", "name_zh-Ha": "nan", "name_zh-_1": "nan", "layer": "2", "fast_food": "nan", "brand_zh-L": "nan", "name_zh-La": "nan", "surface": "nan", "addr_place": "nan", "addr_unit": "nan", "nohousenum": "nan", "roof_colou": "nan", "emergency": "nan", "healthcare": "nan", "healthca_1": "nan", "loc_name": "nan", "operator": "nan", "website": "nan", "wheelchair": "nan", "building_c": "nan", "building_l": "nan", "museum": "nan", "tourism": "nan", "official_n": "nan", "wikimedia_": "nan", "office": "nan", "int_name": "nan", "height": "nan", "short_name": "nan", "wikidata": "nan", "wikipedia": "nan", "historic": "nan", "roof_orien": "nan", "roof_shape": "nan", "addr_house": "nan", "addr_hou_1": "nan", "power": "nan", "building_u": "nan", "flickr": "nan", "education": "nan", "ref": "nan", "athletics": "nan", "man_made": "nan", "ceremonial": "nan", "inscriptio": "nan", "material": "nan", "start_date": "nan", "bicycle_pa": "nan", "shelter_ty": "nan", "playground": "nan", "disused": "nan", "type": "nan", "addr_count": "nan", "internet_a": "nan", "name_de": "nan", "name_es": "nan", "name_fr": "nan", "name_it": "nan", "name_ja": "nan", "short_na_1": "nan", "short_na_2": "nan", "designatio": "nan", "path": "G:/ShiKongShuJuWaJue/WHU_ElectricalBike/whu_spatial_data/whu_pois.shp", "poi_tpye": "food" }, "geometry": { "type": "Point", "coordinates": [ 114.355022100000014, 30.5327278 ] } },
{ "type": "Feature", "properties": { "element": "node", "id": "13238420137", "amenity": "nan", "name": "珞珈门", "access": "permit", "barrier": "gate", "bicycle": "no", "foot": "no", "motor_vehi": "permit", "opening_ho": "24/7", "alt_name": "nan", "old_name": "nan", "locked": "nan", "leisure": "nan", "sport": "nan", "horse": "nan", "brand": "nan", "brand_en": "nan", "brand_wiki": "nan", "brand_wi_1": "nan", "brand_zh": "nan", "cuisine": "nan", "level": "nan", "name_en": "nan", "name_zh": "nan", "takeaway": "nan", "diet_halal": "nan", "addr_city": "nan", "addr_distr": "nan", "addr_postc": "nan", "addr_provi": "nan", "addr_stree": "nan", "building": "nan", "fee": "nan", "diet_meat": "nan", "note": "nan", "outdoor_se": "nan", "brand_zh-H": "nan", "brand_zh_1": "nan", "delivery": "nan", "name_zh-Ha": "nan", "name_zh-_1": "nan", "layer": "nan", "fast_food": "nan", "brand_zh-L": "nan", "name_zh-La": "nan", "surface": "nan", "addr_place": "nan", "addr_unit": "nan", "nohousenum": "nan", "roof_colou": "nan", "emergency": "nan", "healthcare": "nan", "healthca_1": "nan", "loc_name": "nan", "operator": "nan", "website": "nan", "wheelchair": "nan", "building_c": "nan", "building_l": "nan", "museum": "nan", "tourism": "nan", "official_n": "nan", "wikimedia_": "nan", "office": "nan", "int_name": "nan", "height": "nan", "short_name": "nan", "wikidata": "nan", "wikipedia": "nan", "historic": "nan", "roof_orien": "nan", "roof_shape": "nan", "addr_house": "nan", "addr_hou_1": "nan", "power": "nan", "building_u": "nan", "flickr": "nan", "education": "nan", "ref": "nan", "athletics": "nan", "man_made": "nan", "ceremonial": "nan", "inscriptio": "nan", "material": "nan", "start_date": "nan", "bicycle_pa": "nan", "shelter_ty": "nan", "playground": "nan", "disused": "nan", "type": "nan", "addr_count": "nan", "internet_a": "nan", "name_de": "nan", "name_es": "nan", "name_fr": "nan", "name_it": "nan", "name_ja": "nan", "short_na_1": "nan", "short_na_2": "nan", "designatio": "nan", "path": "G:/ShiKongShuJuWaJue/WHU_ElectricalBike/whu_spatial_data/whu_pois.shp", "poi_tpye": "gate" }, "geometry": { "type": "Point", "coordinates": [ 114.3518877, 30.5350162 ] } },
{ "type": "Feature", "properties": { "element": "node", "id": "13563537432", "amenity": "restaurant", "name": "工学部一食堂", "access": "nan", "barrier": "nan", "bicycle": "nan", "foot": "nan", "motor_vehi": "nan", "opening_ho": "nan", "alt_name": "nan", "old_name": "nan", "locked": "nan", "leisure": "nan", "sport": "nan", "horse": "nan", "brand": "nan", "brand_en": "nan", "brand_wiki": "nan", "brand_wi_1": "nan", "brand_zh": "nan", "cuisine": "chinese", "level": "0", "name_en": "nan", "name_zh": "nan", "takeaway": "nan", "diet_halal": "nan", "addr_city": "nan", "addr_distr": "nan", "addr_postc": "nan", "addr_provi": "nan", "addr_stree": "nan", "building": "nan", "fee": "nan", "diet_meat": "nan", "note": "nan", "outdoor_se": "nan", "brand_zh-H": "nan", "brand_zh_1": "nan", "delivery": "nan", "name_zh-Ha": "nan", "name_zh-_1": "nan", "layer": "nan", "fast_food": "nan", "brand_zh-L": "nan", "name_zh-La": "nan", "surface": "nan", "addr_place": "nan", "addr_unit": "nan", "nohousenum": "nan", "roof_colou": "nan", "emergency": "nan", "healthcare": "nan", "healthca_1": "nan", "loc_name": "nan", "operator": "nan", "website": "nan", "wheelchair": "nan", "building_c": "nan", "building_l": "nan", "museum": "nan", "tourism": "nan", "official_n": "nan", "wikimedia_": "nan", "office": "nan", "int_name": "nan", "height": "nan", "short_name": "nan", "wikidata": "nan", "wikipedia": "nan", "historic": "nan", "roof_orien": "nan", "roof_shape": "nan", "addr_house": "nan", "addr_hou_1": "nan", "power": "nan", "building_u": "nan", "flickr": "nan", "education": "nan", "ref": "nan", "athletics": "nan", "man_made": "nan", "ceremonial": "nan", "inscriptio": "nan", "material": "nan", "start_date": "nan", "bicycle_pa": "nan", "shelter_ty": "nan", "playground": "nan", "disused": "nan", "type": "nan", "addr_count": "nan", "internet_a": "nan", "name_de": "nan", "name_es": "nan", "name_fr": "nan", "name_it": "nan", "name_ja": "nan", "short_na_1": "nan", "short_na_2": "nan", "designatio": "nan", "path": "G:/ShiKongShuJuWaJue/WHU_ElectricalBike/whu_spatial_data/whu_pois.shp", "poi_tpye": "cafeteria" }, "geometry": { "type": "Point", "coordinates": [ 114.360197, 30.5454722 ] } },
{ "type": "Feature", "properties": { "element": "node", "id": "13563157059", "amenity": "restaurant", "name": "袁记云饺", "access": "nan", "barrier": "nan", "bicycle": "nan", "foot": "nan", "motor_vehi": "nan", "opening_ho": "nan", "alt_name": "nan", "old_name": "nan", "locked": "nan", "leisure": "nan", "sport": "nan", "horse": "nan", "brand": "袁记云饺", "brand_en": "Yuanjiyunjiao", "brand_wiki": "Q123027117", "brand_wi_1": "nan", "brand_zh": "袁记云饺", "cuisine": "jiaozi", "level": "nan", "name_en": "Yuanjiyunjiao", "name_zh": "袁记云饺", "takeaway": "yes", "diet_halal": "nan", "addr_city": "nan", "addr_distr": "nan", "addr_postc": "nan", "addr_provi": "nan", "addr_stree": "nan", "building": "nan", "fee": "nan", "diet_meat": "nan", "note": "nan", "outdoor_se": "nan", "brand_zh-H": "nan", "brand_zh_1": "nan", "delivery": "nan", "name_zh-Ha": "nan", "name_zh-_1": "nan", "layer": "nan", "fast_food": "nan", "brand_zh-L": "nan", "name_zh-La": "nan", "surface": "nan", "addr_place": "nan", "addr_unit": "nan", "nohousenum": "nan", "roof_colou": "nan", "emergency": "nan", "healthcare": "nan", "healthca_1": "nan", "loc_name": "nan", "operator": "nan", "website": "nan", "wheelchair": "nan", "building_c": "nan", "building_l": "nan", "museum": "nan", "tourism": "nan", "official_n": "nan", "wikimedia_": "nan", "office": "nan", "int_name": "nan", "height": "nan", "short_name": "nan", "wikidata": "nan", "wikipedia": "nan", "historic": "nan", "roof_orien": "nan", "roof_shape": "nan", "addr_house": "nan", "addr_hou_1": "nan", "power": "nan", "building_u": "nan", "flickr": "nan", "education": "nan", "ref": "nan", "athletics": "nan", "man_made": "nan", "ceremonial": "nan", "inscriptio": "nan", "material": "nan", "start_date": "nan", "bicycle_pa": "nan", "shelter_ty": "nan", "playground": "nan", "disused": "nan", "type": "nan", "addr_count": "nan", "internet_a": "nan", "name_de": "nan", "name_es": "nan", "name_fr": "nan", "name_it": "nan", "name_ja": "nan", "short_na_1": "nan", "short_na_2": "nan", "designatio": "nan", "path": "G:/ShiKongShuJuWaJue/WHU_ElectricalBike/whu_spatial_data/whu_pois.shp", "poi_tpye": "food" }, "geometry": { "type": "Point", "coordinates": [ 114.3602024, 30.5462558 ] } },
{ "type": "Feature", "properties": { "element": "node", "id": "13563157058", "amenity": "fast_food", "name": "麦当劳", "access": "nan", "barrier": "nan", "bicycle": "nan", "foot": "nan", "motor_vehi": "nan", "opening_ho": "nan", "alt_name": "nan", "old_name": "nan", "locked": "nan", "leisure": "nan", "sport": "nan", "horse": "nan", "brand": "麦当劳", "brand_en": "McDonald's", "brand_wiki": "Q38076", "brand_wi_1": "nan", "brand_zh": "麦当劳", "cuisine": "burger", "level": "nan", "name_en": "McDonald's", "name_zh": "麦当劳", "takeaway": "yes", "diet_halal": "nan", "addr_city": "nan", "addr_distr": "nan", "addr_postc": "nan", "addr_provi": "nan", "addr_stree": "nan", "building": "nan", "fee": "nan", "diet_meat": "nan", "note": "nan", "outdoor_se": "nan", "brand_zh-H": "nan", "brand_zh_1": "nan", "delivery": "nan", "name_zh-Ha": "nan", "name_zh-_1": "nan", "layer": "nan", "fast_food": "nan", "brand_zh-L": "nan", "name_zh-La": "nan", "surface": "nan", "addr_place": "nan", "addr_unit": "nan", "nohousenum": "nan", "roof_colou": "nan", "emergency": "nan", "healthcare": "nan", "healthca_1": "nan", "loc_name": "nan", "operator": "nan", "website": "nan", "wheelchair": "nan", "building_c": "nan", "building_l": "nan", "museum": "nan", "tourism": "nan", "official_n": "nan", "wikimedia_": "nan", "office": "nan", "int_name": "nan", "height": "nan", "short_name": "nan", "wikidata": "nan", "wikipedia": "nan", "historic": "nan", "roof_orien": "nan", "roof_shape": "nan", "addr_house": "nan", "addr_hou_1": "nan", "power": "nan", "building_u": "nan", "flickr": "nan", "education": "nan", "ref": "nan", "athletics": "nan", "man_made": "nan", "ceremonial": "nan", "inscriptio": "nan", "material": "nan", "start_date": "nan", "bicycle_pa": "nan", "shelter_ty": "nan", "playground": "nan", "disused": "nan", "type": "nan", "addr_count": "nan", "internet_a": "nan", "name_de": "nan", "name_es": "nan", "name_fr": "nan", "name_it": "nan", "name_ja": "nan", "short_na_1": "nan", "short_na_2": "nan", "designatio": "nan", "path": "G:/ShiKongShuJuWaJue/WHU_ElectricalBike/whu_spatial_data/whu_pois.shp" }, "geometry": { "type": "Point", "coordinates": [ 114.360506, 30.5460441 ] } },
{ "type": "Feature", "properties": { "element": "node", "id": "13563157055", "amenity": "fast_food", "name": "赛百味", "access": "nan", "barrier": "nan", "bicycle": "nan", "foot": "nan", "motor_vehi": "nan", "opening_ho": "nan", "alt_name": "nan", "old_name": "nan", "locked": "nan", "leisure": "nan", "sport": "nan", "horse": "nan", "brand": "赛百味", "brand_en": "Subway", "brand_wiki": "Q244457", "brand_wi_1": "nan", "brand_zh": "赛百味", "cuisine": "sandwich", "level": "nan", "name_en": "Subway", "name_zh": "赛百味", "takeaway": "yes", "diet_halal": "nan", "addr_city": "nan", "addr_distr": "nan", "addr_postc": "nan", "addr_provi": "nan", "addr_stree": "nan", "building": "nan", "fee": "nan", "diet_meat": "nan", "note": "nan", "outdoor_se": "nan", "brand_zh-H": "nan", "brand_zh_1": "nan", "delivery": "nan", "name_zh-Ha": "nan", "name_zh-_1": "nan", "layer": "nan", "fast_food": "nan", "brand_zh-L": "nan", "name_zh-La": "nan", "surface": "nan", "addr_place": "nan", "addr_unit": "nan", "nohousenum": "nan", "roof_colou": "nan", "emergency": "nan", "healthcare": "nan", "healthca_1": "nan", "loc_name": "nan", "operator": "nan", "website": "nan", "wheelchair": "nan", "building_c": "nan", "building_l": "nan", "museum": "nan", "tourism": "nan", "official_n": "nan", "wikimedia_": "nan", "office": "nan", "int_name": "nan", "height": "nan", "short_name": "nan", "wikidata": "nan", "wikipedia": "nan", "historic": "nan", "roof_orien": "nan", "roof_shape": "nan", "addr_house": "nan", "addr_hou_1": "nan", "power": "nan", "building_u": "nan", "flickr": "nan", "education": "nan", "ref": "nan", "athletics": "nan", "man_made": "nan", "ceremonial": "nan", "inscriptio": "nan", "material": "nan", "start_date": "nan", "bicycle_pa": "nan", "shelter_ty": "nan", "playground": "nan", "disused": "nan", "type": "nan", "addr_count": "nan", "internet_a": "nan", "name_de": "nan", "name_es": "nan", "name_fr": "nan", "name_it": "nan", "name_ja": "nan", "short_na_1": "nan", "short_na_2": "nan", "designatio": "nan", "path": "G:/ShiKongShuJuWaJue/WHU_ElectricalBike/whu_spatial_data/whu_pois.shp", "poi_tpye": "food" }, "geometry": { "type": "Point", "coordinates": [ 114.3603372, 30.546267 ] } },
{ "type": "Feature", "properties": { "element": "node", "id": "13563157054", "amenity": "cafe", "name": "库迪咖啡", "access": "nan", "barrier": "nan", "bicycle": "nan", "foot": "nan", "motor_vehi": "nan", "opening_ho": "nan", "alt_name": "nan", "old_name": "nan", "locked": "nan", "leisure": "nan", "sport": "nan", "horse": "nan", "brand": "库迪咖啡", "brand_en": "Cotti Coffee", "brand_wiki": "Q123370986", "brand_wi_1": "nan", "brand_zh": "库迪咖啡", "cuisine": "coffee_shop", "level": "nan", "name_en": "Cotti Coffee", "name_zh": "库迪咖啡", "takeaway": "yes", "diet_halal": "nan", "addr_city": "nan", "addr_distr": "nan", "addr_postc": "nan", "addr_provi": "nan", "addr_stree": "nan", "building": "nan", "fee": "nan", "diet_meat": "nan", "note": "nan", "outdoor_se": "nan", "brand_zh-H": "nan", "brand_zh_1": "nan", "delivery": "nan", "name_zh-Ha": "nan", "name_zh-_1": "nan", "layer": "nan", "fast_food": "nan", "brand_zh-L": "nan", "name_zh-La": "nan", "surface": "nan", "addr_place": "nan", "addr_unit": "nan", "nohousenum": "nan", "roof_colou": "nan", "emergency": "nan", "healthcare": "nan", "healthca_1": "nan", "loc_name": "nan", "operator": "nan", "website": "nan", "wheelchair": "nan", "building_c": "nan", "building_l": "nan", "museum": "nan", "tourism": "nan", "official_n": "nan", "wikimedia_": "nan", "office": "nan", "int_name": "nan", "height": "nan", "short_name": "nan", "wikidata": "nan", "wikipedia": "nan", "historic": "nan", "roof_orien": "nan", "roof_shape": "nan", "addr_house": "nan", "addr_hou_1": "nan", "power": "nan", "building_u": "nan", "flickr": "nan", "education": "nan", "ref": "nan", "athletics": "nan", "man_made": "nan", "ceremonial": "nan", "inscriptio": "nan", "material": "nan", "start_date": "nan", "bicycle_pa": "nan", "shelter_ty": "nan", "playground": "nan", "disused": "nan", "type": "nan", "addr_count": "nan", "internet_a": "nan", "name_de": "nan", "name_es": "nan", "name_fr": "nan", "name_it": "nan", "name_ja": "nan", "short_na_1": "nan", "short_na_2": "nan", "designatio": "nan", "path": "G:/ShiKongShuJuWaJue/WHU_ElectricalBike/whu_spatial_data/whu_pois.shp", "poi_tpye": "food" }, "geometry": { "type": "Point", "coordinates": [ 114.360065800000015, 30.5462445 ] } },
{ "type": "Feature", "properties": { "element": "node", "id": "13563157053", "amenity": "restaurant", "name": "遇见小面", "access": "nan", "barrier": "nan", "bicycle": "nan", "foot": "nan", "motor_vehi": "nan", "opening_ho": "nan", "alt_name": "nan", "old_name": "nan", "locked": "nan", "leisure": "nan", "sport": "nan", "horse": "nan", "brand": "nan", "brand_en": "nan", "brand_wiki": "nan", "brand_wi_1": "nan", "brand_zh": "nan", "cuisine": "chinese", "level": "nan", "name_en": "nan", "name_zh": "nan", "takeaway": "nan", "diet_halal": "nan", "addr_city": "nan", "addr_distr": "nan", "addr_postc": "nan", "addr_provi": "nan", "addr_stree": "nan", "building": "nan", "fee": "nan", "diet_meat": "nan", "note": "nan", "outdoor_se": "nan", "brand_zh-H": "nan", "brand_zh_1": "nan", "delivery": "nan", "name_zh-Ha": "nan", "name_zh-_1": "nan", "layer": "nan", "fast_food": "nan", "brand_zh-L": "nan", "name_zh-La": "nan", "surface": "nan", "addr_place": "nan", "addr_unit": "nan", "nohousenum": "nan", "roof_colou": "nan", "emergency": "nan", "healthcare": "nan", "healthca_1": "nan", "loc_name": "nan", "operator": "nan", "website": "nan", "wheelchair": "nan", "building_c": "nan", "building_l": "nan", "museum": "nan", "tourism": "nan", "official_n": "nan", "wikimedia_": "nan", "office": "nan", "int_name": "nan", "height": "nan", "short_name": "nan", "wikidata": "nan", "wikipedia": "nan", "historic": "nan", "roof_orien": "nan", "roof_shape": "nan", "addr_house": "nan", "addr_hou_1": "nan", "power": "nan", "building_u": "nan", "flickr": "nan", "education": "nan", "ref": "nan", "athletics": "nan", "man_made": "nan", "ceremonial": "nan", "inscriptio": "nan", "material": "nan", "start_date": "nan", "bicycle_pa": "nan", "shelter_ty": "nan", "playground": "nan", "disused": "nan", "type": "nan", "addr_count": "nan", "internet_a": "nan", "name_de": "nan", "name_es": "nan", "name_fr": "nan", "name_it": "nan", "name_ja": "nan", "short_na_1": "nan", "short_na_2": "nan", "designatio": "nan", "path": "G:/ShiKongShuJuWaJue/WHU_ElectricalBike/whu_spatial_data/whu_pois.shp", "poi_tpye": "food" }, "geometry": { "type": "Point", "coordinates": [ 114.3603532, 30.5461377 ] } },
{ "type": "Feature", "properties": { "element": "node", "id": "13563157052", "amenity": "restaurant", "name": "必胜客", "access": "nan", "barrier": "nan", "bicycle": "nan", "foot": "nan", "motor_vehi": "nan", "opening_ho": "nan", "alt_name": "nan", "old_name": "nan", "locked": "nan", "leisure": "nan", "sport": "nan", "horse": "nan", "brand": "必胜客", "brand_en": "Pizza Hut", "brand_wiki": "Q191615", "brand_wi_1": "nan", "brand_zh": "必胜客", "cuisine": "pizza", "level": "nan", "name_en": "Pizza Hut", "name_zh": "必胜客", "takeaway": "yes", "diet_halal": "nan", "addr_city": "nan", "addr_distr": "nan", "addr_postc": "nan", "addr_provi": "nan", "addr_stree": "nan", "building": "nan", "fee": "nan", "diet_meat": "nan", "note": "nan", "outdoor_se": "nan", "brand_zh-H": "nan", "brand_zh_1": "nan", "delivery": "nan", "name_zh-Ha": "nan", "name_zh-_1": "nan", "layer": "nan", "fast_food": "nan", "brand_zh-L": "nan", "name_zh-La": "nan", "surface": "nan", "addr_place": "nan", "addr_unit": "nan", "nohousenum": "nan", "roof_colou": "nan", "emergency": "nan", "healthcare": "nan", "healthca_1": "nan", "loc_name": "nan", "operator": "nan", "website": "nan", "wheelchair": "nan", "building_c": "nan", "building_l": "nan", "museum": "nan", "tourism": "nan", "official_n": "nan", "wikimedia_": "nan", "office": "nan", "int_name": "nan", "height": "nan", "short_name": "nan", "wikidata": "nan", "wikipedia": "nan", "historic": "nan", "roof_orien": "nan", "roof_shape": "nan", "addr_house": "nan", "addr_hou_1": "nan", "power": "nan", "building_u": "nan", "flickr": "nan", "education": "nan", "ref": "nan", "athletics": "nan", "man_made": "nan", "ceremonial": "nan", "inscriptio": "nan", "material": "nan", "start_date": "nan", "bicycle_pa": "nan", "shelter_ty": "nan", "playground": "nan", "disused": "nan", "type": "nan", "addr_count": "nan", "internet_a": "nan", "name_de": "nan", "name_es": "nan", "name_fr": "nan", "name_it": "nan", "name_ja": "nan", "short_na_1": "nan", "short_na_2": "nan", "designatio": "nan", "path": "G:/ShiKongShuJuWaJue/WHU_ElectricalBike/whu_spatial_data/whu_pois.shp", "poi_tpye": "food" }, "geometry": { "type": "Point", "coordinates": [ 114.360366, 30.5460337 ] } },
{ "type": "Feature", "properties": { "element": "node", "id": "13563157051", "amenity": "cafe", "name": "喜茶", "access": "nan", "barrier": "nan", "bicycle": "nan", "foot": "nan", "motor_vehi": "nan", "opening_ho": "nan", "alt_name": "nan", "old_name": "nan", "locked": "nan", "leisure": "nan", "sport": "nan", "horse": "nan", "brand": "喜茶", "brand_en": "Heytea", "brand_wiki": "Q60875376", "brand_wi_1": "nan", "brand_zh": "喜茶", "cuisine": "bubble_tea", "level": "nan", "name_en": "Heytea", "name_zh": "喜茶", "takeaway": "yes", "diet_halal": "nan", "addr_city": "nan", "addr_distr": "nan", "addr_postc": "nan", "addr_provi": "nan", "addr_stree": "nan", "building": "nan", "fee": "nan", "diet_meat": "nan", "note": "nan", "outdoor_se": "nan", "brand_zh-H": "nan", "brand_zh_1": "nan", "delivery": "nan", "name_zh-Ha": "nan", "name_zh-_1": "nan", "layer": "nan", "fast_food": "nan", "brand_zh-L": "nan", "name_zh-La": "nan", "surface": "nan", "addr_place": "nan", "addr_unit": "nan", "nohousenum": "nan", "roof_colou": "nan", "emergency": "nan", "healthcare": "nan", "healthca_1": "nan", "loc_name": "nan", "operator": "nan", "website": "nan", "wheelchair": "nan", "building_c": "nan", "building_l": "nan", "museum": "nan", "tourism": "nan", "official_n": "nan", "wikimedia_": "nan", "office": "nan", "int_name": "nan", "height": "nan", "short_name": "nan", "wikidata": "nan", "wikipedia": "nan", "historic": "nan", "roof_orien": "nan", "roof_shape": "nan", "addr_house": "nan", "addr_hou_1": "nan", "power": "nan", "building_u": "nan", "flickr": "nan", "education": "nan", "ref": "nan", "athletics": "nan", "man_made": "nan", "ceremonial": "nan", "inscriptio": "nan", "material": "nan", "start_date": "nan", "bicycle_pa": "nan", "shelter_ty": "nan", "playground": "nan", "disused": "nan", "type": "nan", "addr_count": "nan", "internet_a": "nan", "name_de": "nan", "name_es": "nan", "name_fr": "nan", "name_it": "nan", "name_ja": "nan", "short_na_1": "nan", "short_na_2": "nan", "designatio": "nan", "path": "G:/ShiKongShuJuWaJue/WHU_ElectricalBike/whu_spatial_data/whu_pois.shp", "poi_tpye": "food" }, "geometry": { "type": "Point", "coordinates": [ 114.36022, 30.546129 ] } },
{ "type": "Feature", "properties": { "element": "node", "id": "13574747962", "amenity": "restaurant", "name": "老丈母娘啫啫鸡煲", "access": "nan", "barrier": "nan", "bicycle": "nan", "foot": "nan", "motor_vehi": "nan", "opening_ho": "nan", "alt_name": "nan", "old_name": "nan", "locked": "nan", "leisure": "nan", "sport": "nan", "horse": "nan", "brand": "nan", "brand_en": "nan", "brand_wiki": "nan", "brand_wi_1": "nan", "brand_zh": "nan", "cuisine": "chinese", "level": "nan", "name_en": "nan", "name_zh": "nan", "takeaway": "nan", "diet_halal": "nan", "addr_city": "nan", "addr_distr": "nan", "addr_postc": "nan", "addr_provi": "nan", "addr_stree": "nan", "building": "nan", "fee": "nan", "diet_meat": "nan", "note": "nan", "outdoor_se": "nan", "brand_zh-H": "nan", "brand_zh_1": "nan", "delivery": "nan", "name_zh-Ha": "nan", "name_zh-_1": "nan", "layer": "nan", "fast_food": "nan", "brand_zh-L": "nan", "name_zh-La": "nan", "surface": "nan", "addr_place": "nan", "addr_unit": "nan", "nohousenum": "nan", "roof_colou": "nan", "emergency": "nan", "healthcare": "nan", "healthca_1": "nan", "loc_name": "nan", "operator": "nan", "website": "nan", "wheelchair": "nan", "building_c": "nan", "building_l": "nan", "museum": "nan", "tourism": "nan", "official_n": "nan", "wikimedia_": "nan", "office": "nan", "int_name": "nan", "height": "nan", "short_name": "nan", "wikidata": "nan", "wikipedia": "nan", "historic": "nan", "roof_orien": "nan", "roof_shape": "nan", "addr_house": "nan", "addr_hou_1": "nan", "power": "nan", "building_u": "nan", "flickr": "nan", "education": "nan", "ref": "nan", "athletics": "nan", "man_made": "nan", "ceremonial": "nan", "inscriptio": "nan", "material": "nan", "start_date": "nan", "bicycle_pa": "nan", "shelter_ty": "nan", "playground": "nan", "disused": "nan", "type": "nan", "addr_count": "nan", "internet_a": "nan", "name_de": "nan", "name_es": "nan", "name_fr": "nan", "name_it": "nan", "name_ja": "nan", "short_na_1": "nan", "short_na_2": "nan", "designatio": "nan", "path": "G:/ShiKongShuJuWaJue/WHU_ElectricalBike/whu_spatial_data/whu_pois.shp", "poi_tpye": "food" }, "geometry": { "type": "Point", "coordinates": [ 114.3627266, 30.5320759 ] } },
{ "type": "Feature", "properties": { "element": "node", "id": "13563157050", "amenity": "cafe", "name": "星巴克", "access": "nan", "barrier": "nan", "bicycle": "nan", "foot": "nan", "motor_vehi": "nan", "opening_ho": "nan", "alt_name": "nan", "old_name": "nan", "locked": "nan", "leisure": "nan", "sport": "nan", "horse": "nan", "brand": "星巴克", "brand_en": "Starbucks", "brand_wiki": "Q37158", "brand_wi_1": "nan", "brand_zh": "星巴克", "cuisine": "coffee_shop", "level": "nan", "name_en": "Starbucks", "name_zh": "星巴克", "takeaway": "yes", "diet_halal": "nan", "addr_city": "nan", "addr_distr": "nan", "addr_postc": "nan", "addr_provi": "nan", "addr_stree": "nan", "building": "nan", "fee": "nan", "diet_meat": "nan", "note": "nan", "outdoor_se": "nan", "brand_zh-H": "nan", "brand_zh_1": "nan", "delivery": "nan", "name_zh-Ha": "nan", "name_zh-_1": "nan", "layer": "nan", "fast_food": "nan", "brand_zh-L": "nan", "name_zh-La": "nan", "surface": "nan", "addr_place": "nan", "addr_unit": "nan", "nohousenum": "nan", "roof_colou": "nan", "emergency": "nan", "healthcare": "nan", "healthca_1": "nan", "loc_name": "nan", "operator": "nan", "website": "nan", "wheelchair": "nan", "building_c": "nan", "building_l": "nan", "museum": "nan", "tourism": "nan", "official_n": "nan", "wikimedia_": "nan", "office": "nan", "int_name": "nan", "height": "nan", "short_name": "nan", "wikidata": "nan", "wikipedia": "nan", "historic": "nan", "roof_orien": "nan", "roof_shape": "nan", "addr_house": "nan", "addr_hou_1": "nan", "power": "nan", "building_u": "nan", "flickr": "nan", "education": "nan", "ref": "nan", "athletics": "nan", "man_made": "nan", "ceremonial": "nan", "inscriptio": "nan", "material": "nan", "start_date": "nan", "bicycle_pa": "nan", "shelter_ty": "nan", "playground": "nan", "disused": "nan", "type": "nan", "addr_count": "nan", "internet_a": "nan", "name_de": "nan", "name_es": "nan", "name_fr": "nan", "name_it": "nan", "name_ja": "nan", "short_na_1": "nan", "short_na_2": "nan", "designatio": "nan", "path": "G:/ShiKongShuJuWaJue/WHU_ElectricalBike/whu_spatial_data/whu_pois.shp", "poi_tpye": "food" }, "geometry": { "type": "Point", "coordinates": [ 114.3604779, 30.5462786 ] } },
{ "type": "Feature", "properties": { "element": "node", "id": "13565527063", "amenity": "restaurant", "name": "枫园风味食堂", "access": "nan", "barrier": "nan", "bicycle": "nan", "foot": "nan", "motor_vehi": "nan", "opening_ho": "nan", "alt_name": "nan", "old_name": "nan", "locked": "nan", "leisure": "nan", "sport": "nan", "horse": "nan", "brand": "nan", "brand_en": "nan", "brand_wiki": "nan", "brand_wi_1": "nan", "brand_zh": "nan", "cuisine": "chinese", "level": "1", "name_en": "nan", "name_zh": "nan", "takeaway": "nan", "diet_halal": "nan", "addr_city": "nan", "addr_distr": "nan", "addr_postc": "nan", "addr_provi": "nan", "addr_stree": "nan", "building": "nan", "fee": "nan", "diet_meat": "nan", "note": "nan", "outdoor_se": "nan", "brand_zh-H": "nan", "brand_zh_1": "nan", "delivery": "nan", "name_zh-Ha": "nan", "name_zh-_1": "nan", "layer": "nan", "fast_food": "nan", "brand_zh-L": "nan", "name_zh-La": "nan", "surface": "nan", "addr_place": "nan", "addr_unit": "nan", "nohousenum": "nan", "roof_colou": "nan", "emergency": "nan", "healthcare": "nan", "healthca_1": "nan", "loc_name": "nan", "operator": "nan", "website": "nan", "wheelchair": "nan", "building_c": "nan", "building_l": "nan", "museum": "nan", "tourism": "nan", "official_n": "nan", "wikimedia_": "nan", "office": "nan", "int_name": "nan", "height": "nan", "short_name": "nan", "wikidata": "nan", "wikipedia": "nan", "historic": "nan", "roof_orien": "nan", "roof_shape": "nan", "addr_house": "nan", "addr_hou_1": "nan", "power": "nan", "building_u": "nan", "flickr": "nan", "education": "nan", "ref": "nan", "athletics": "nan", "man_made": "nan", "ceremonial": "nan", "inscriptio": "nan", "material": "nan", "start_date": "nan", "bicycle_pa": "nan", "shelter_ty": "nan", "playground": "nan", "disused": "nan", "type": "nan", "addr_count": "nan", "internet_a": "nan", "name_de": "nan", "name_es": "nan", "name_fr": "nan", "name_it": "nan", "name_ja": "nan", "short_na_1": "nan", "short_na_2": "nan", "designatio": "nan", "path": "G:/ShiKongShuJuWaJue/WHU_ElectricalBike/whu_spatial_data/whu_pois.shp", "poi_tpye": "cafeteria" }, "geometry": { "type": "Point", "coordinates": [ 114.3665345, 30.539589 ] } },
{ "type": "Feature", "properties": { "element": "node", "id": "13563157049", "amenity": "cafe", "name": "茶百道", "access": "nan", "barrier": "nan", "bicycle": "nan", "foot": "nan", "motor_vehi": "nan", "opening_ho": "nan", "alt_name": "nan", "old_name": "nan", "locked": "nan", "leisure": "nan", "sport": "nan", "horse": "nan", "brand": "茶百道", "brand_en": "ChaPanda", "brand_wiki": "Q108165952", "brand_wi_1": "nan", "brand_zh": "茶百道", "cuisine": "bubble_tea", "level": "nan", "name_en": "ChaPanda", "name_zh": "茶百道", "takeaway": "yes", "diet_halal": "nan", "addr_city": "nan", "addr_distr": "nan", "addr_postc": "nan", "addr_provi": "nan", "addr_stree": "nan", "building": "nan", "fee": "nan", "diet_meat": "nan", "note": "nan", "outdoor_se": "nan", "brand_zh-H": "nan", "brand_zh_1": "nan", "delivery": "nan", "name_zh-Ha": "nan", "name_zh-_1": "nan", "layer": "nan", "fast_food": "nan", "brand_zh-L": "nan", "name_zh-La": "nan", "surface": "nan", "addr_place": "nan", "addr_unit": "nan", "nohousenum": "nan", "roof_colou": "nan", "emergency": "nan", "healthcare": "nan", "healthca_1": "nan", "loc_name": "nan", "operator": "nan", "website": "nan", "wheelchair": "nan", "building_c": "nan", "building_l": "nan", "museum": "nan", "tourism": "nan", "official_n": "nan", "wikimedia_": "nan", "office": "nan", "int_name": "nan", "height": "nan", "short_name": "nan", "wikidata": "nan", "wikipedia": "nan", "historic": "nan", "roof_orien": "nan", "roof_shape": "nan", "addr_house": "nan", "addr_hou_1": "nan", "power": "nan", "building_u": "nan", "flickr": "nan", "education": "nan", "ref": "nan", "athletics": "nan", "man_made": "nan", "ceremonial": "nan", "inscriptio": "nan", "material": "nan", "start_date": "nan", "bicycle_pa": "nan", "shelter_ty": "nan", "playground": "nan", "disused": "nan", "type": "nan", "addr_count": "nan", "internet_a": "nan", "name_de": "nan", "name_es": "nan", "name_fr": "nan", "name_it": "nan", "name_ja": "nan", "short_na_1": "nan", "short_na_2": "nan", "designatio": "nan", "path": "G:/ShiKongShuJuWaJue/WHU_ElectricalBike/whu_spatial_data/whu_pois.shp", "poi_tpye": "food" }, "geometry": { "type": "Point", "coordinates": [ 114.3602346, 30.5460239 ] } },
{ "type": "Feature", "properties": { "element": "node", "id": "13565527062", "amenity": "restaurant", "name": "枫园食堂", "access": "nan", "barrier": "nan", "bicycle": "nan", "foot": "nan", "motor_vehi": "nan", "opening_ho": "nan", "alt_name": "nan", "old_name": "nan", "locked": "nan", "leisure": "nan", "sport": "nan", "horse": "nan", "brand": "nan", "brand_en": "nan", "brand_wiki": "nan", "brand_wi_1": "nan", "brand_zh": "nan", "cuisine": "chinese", "level": "1", "name_en": "nan", "name_zh": "nan", "takeaway": "nan", "diet_halal": "nan", "addr_city": "nan", "addr_distr": "nan", "addr_postc": "nan", "addr_provi": "nan", "addr_stree": "nan", "building": "nan", "fee": "nan", "diet_meat": "nan", "note": "nan", "outdoor_se": "nan", "brand_zh-H": "nan", "brand_zh_1": "nan", "delivery": "nan", "name_zh-Ha": "nan", "name_zh-_1": "nan", "layer": "nan", "fast_food": "nan", "brand_zh-L": "nan", "name_zh-La": "nan", "surface": "nan", "addr_place": "nan", "addr_unit": "nan", "nohousenum": "nan", "roof_colou": "nan", "emergency": "nan", "healthcare": "nan", "healthca_1": "nan", "loc_name": "nan", "operator": "nan", "website": "nan", "wheelchair": "nan", "building_c": "nan", "building_l": "nan", "museum": "nan", "tourism": "nan", "official_n": "nan", "wikimedia_": "nan", "office": "nan", "int_name": "nan", "height": "nan", "short_name": "nan", "wikidata": "nan", "wikipedia": "nan", "historic": "nan", "roof_orien": "nan", "roof_shape": "nan", "addr_house": "nan", "addr_hou_1": "nan", "power": "nan", "building_u": "nan", "flickr": "nan", "education": "nan", "ref": "nan", "athletics": "nan", "man_made": "nan", "ceremonial": "nan", "inscriptio": "nan", "material": "nan", "start_date": "nan", "bicycle_pa": "nan", "shelter_ty": "nan", "playground": "nan", "disused": "nan", "type": "nan", "addr_count": "nan", "internet_a": "nan", "name_de": "nan", "name_es": "nan", "name_fr": "nan", "name_it": "nan", "name_ja": "nan", "short_na_1": "nan", "short_na_2": "nan", "designatio": "nan", "path": "G:/ShiKongShuJuWaJue/WHU_ElectricalBike/whu_spatial_data/whu_pois.shp", "poi_tpye": "cafeteria" }, "geometry": { "type": "Point", "coordinates": [ 114.3662286, 30.5393336 ] } },
{ "type": "Feature", "properties": { "element": "node", "id": "13550957476", "amenity": "restaurant", "name": "川味坊", "access": "nan", "barrier": "nan", "bicycle": "nan", "foot": "nan", "motor_vehi": "nan", "opening_ho": "nan", "alt_name": "nan", "old_name": "nan", "locked": "nan", "leisure": "nan", "sport": "nan", "horse": "nan", "brand": "nan", "brand_en": "nan", "brand_wiki": "nan", "brand_wi_1": "nan", "brand_zh": "nan", "cuisine": "chinese", "level": "nan", "name_en": "nan", "name_zh": "nan", "takeaway": "nan", "diet_halal": "nan", "addr_city": "nan", "addr_distr": "nan", "addr_postc": "nan", "addr_provi": "nan", "addr_stree": "nan", "building": "nan", "fee": "nan", "diet_meat": "nan", "note": "nan", "outdoor_se": "nan", "brand_zh-H": "nan", "brand_zh_1": "nan", "delivery": "nan", "name_zh-Ha": "nan", "name_zh-_1": "nan", "layer": "nan", "fast_food": "nan", "brand_zh-L": "nan", "name_zh-La": "nan", "surface": "nan", "addr_place": "nan", "addr_unit": "nan", "nohousenum": "nan", "roof_colou": "nan", "emergency": "nan", "healthcare": "nan", "healthca_1": "nan", "loc_name": "nan", "operator": "nan", "website": "nan", "wheelchair": "nan", "building_c": "nan", "building_l": "nan", "museum": "nan", "tourism": "nan", "official_n": "nan", "wikimedia_": "nan", "office": "nan", "int_name": "nan", "height": "nan", "short_name": "nan", "wikidata": "nan", "wikipedia": "nan", "historic": "nan", "roof_orien": "nan", "roof_shape": "nan", "addr_house": "nan", "addr_hou_1": "nan", "power": "nan", "building_u": "nan", "flickr": "nan", "education": "nan", "ref": "nan", "athletics": "nan", "man_made": "nan", "ceremonial": "nan", "inscriptio": "nan", "material": "nan", "start_date": "nan", "bicycle_pa": "nan", "shelter_ty": "nan", "playground": "nan", "disused": "nan", "type": "nan", "addr_count": "nan", "internet_a": "nan", "name_de": "nan", "name_es": "nan", "name_fr": "nan", "name_it": "nan", "name_ja": "nan", "short_na_1": "nan", "short_na_2": "nan", "designatio": "nan", "path": "G:/ShiKongShuJuWaJue/WHU_ElectricalBike/whu_spatial_data/whu_pois.shp", "poi_tpye": "food" }, "geometry": { "type": "Point", "coordinates": [ 114.35209780000001, 30.5436829 ] } },
{ "type": "Feature", "properties": { "element": "node", "id": "13565527060", "amenity": "cafe", "name": "库迪咖啡", "access": "nan", "barrier": "nan", "bicycle": "nan", "foot": "nan", "motor_vehi": "nan", "opening_ho": "nan", "alt_name": "nan", "old_name": "nan", "locked": "nan", "leisure": "nan", "sport": "nan", "horse": "nan", "brand": "库迪咖啡", "brand_en": "Cotti Coffee", "brand_wiki": "Q123370986", "brand_wi_1": "nan", "brand_zh": "库迪咖啡", "cuisine": "coffee_shop", "level": "nan", "name_en": "Cotti Coffee", "name_zh": "库迪咖啡", "takeaway": "yes", "diet_halal": "nan", "addr_city": "nan", "addr_distr": "nan", "addr_postc": "nan", "addr_provi": "nan", "addr_stree": "nan", "building": "nan", "fee": "nan", "diet_meat": "nan", "note": "nan", "outdoor_se": "nan", "brand_zh-H": "nan", "brand_zh_1": "nan", "delivery": "nan", "name_zh-Ha": "nan", "name_zh-_1": "nan", "layer": "nan", "fast_food": "nan", "brand_zh-L": "nan", "name_zh-La": "nan", "surface": "nan", "addr_place": "nan", "addr_unit": "nan", "nohousenum": "nan", "roof_colou": "nan", "emergency": "nan", "healthcare": "nan", "healthca_1": "nan", "loc_name": "nan", "operator": "nan", "website": "nan", "wheelchair": "nan", "building_c": "nan", "building_l": "nan", "museum": "nan", "tourism": "nan", "official_n": "nan", "wikimedia_": "nan", "office": "nan", "int_name": "nan", "height": "nan", "short_name": "nan", "wikidata": "nan", "wikipedia": "nan", "historic": "nan", "roof_orien": "nan", "roof_shape": "nan", "addr_house": "nan", "addr_hou_1": "nan", "power": "nan", "building_u": "nan", "flickr": "nan", "education": "nan", "ref": "nan", "athletics": "nan", "man_made": "nan", "ceremonial": "nan", "inscriptio": "nan", "material": "nan", "start_date": "nan", "bicycle_pa": "nan", "shelter_ty": "nan", "playground": "nan", "disused": "nan", "type": "nan", "addr_count": "nan", "internet_a": "nan", "name_de": "nan", "name_es": "nan", "name_fr": "nan", "name_it": "nan", "name_ja": "nan", "short_na_1": "nan", "short_na_2": "nan", "designatio": "nan", "path": "G:/ShiKongShuJuWaJue/WHU_ElectricalBike/whu_spatial_data/whu_pois.shp", "poi_tpye": "food" }, "geometry": { "type": "Point", "coordinates": [ 114.3663276, 30.5391642 ] } },
{ "type": "Feature", "properties": { "element": "node", "id": "13545141140", "amenity": "cafe", "name": "瑞幸咖啡", "access": "nan", "barrier": "nan", "bicycle": "nan", "foot": "nan", "motor_vehi": "nan", "opening_ho": "nan", "alt_name": "nan", "old_name": "nan", "locked": "nan", "leisure": "nan", "sport": "nan", "horse": "nan", "brand": "瑞幸咖啡", "brand_en": "Luckin Coffee", "brand_wiki": "Q56811344", "brand_wi_1": "nan", "brand_zh": "瑞幸咖啡", "cuisine": "coffee_shop", "level": "nan", "name_en": "Luckin Coffee", "name_zh": "瑞幸咖啡", "takeaway": "yes", "diet_halal": "nan", "addr_city": "nan", "addr_distr": "nan", "addr_postc": "nan", "addr_provi": "nan", "addr_stree": "nan", "building": "nan", "fee": "nan", "diet_meat": "nan", "note": "nan", "outdoor_se": "nan", "brand_zh-H": "nan", "brand_zh_1": "nan", "delivery": "nan", "name_zh-Ha": "nan", "name_zh-_1": "nan", "layer": "nan", "fast_food": "nan", "brand_zh-L": "nan", "name_zh-La": "nan", "surface": "nan", "addr_place": "nan", "addr_unit": "nan", "nohousenum": "nan", "roof_colou": "nan", "emergency": "nan", "healthcare": "nan", "healthca_1": "nan", "loc_name": "nan", "operator": "nan", "website": "nan", "wheelchair": "nan", "building_c": "nan", "building_l": "nan", "museum": "nan", "tourism": "nan", "official_n": "nan", "wikimedia_": "nan", "office": "nan", "int_name": "nan", "height": "nan", "short_name": "nan", "wikidata": "nan", "wikipedia": "nan", "historic": "nan", "roof_orien": "nan", "roof_shape": "nan", "addr_house": "nan", "addr_hou_1": "nan", "power": "nan", "building_u": "nan", "flickr": "nan", "education": "nan", "ref": "nan", "athletics": "nan", "man_made": "nan", "ceremonial": "nan", "inscriptio": "nan", "material": "nan", "start_date": "nan", "bicycle_pa": "nan", "shelter_ty": "nan", "playground": "nan", "disused": "nan", "type": "nan", "addr_count": "nan", "internet_a": "nan", "name_de": "nan", "name_es": "nan", "name_fr": "nan", "name_it": "nan", "name_ja": "nan", "short_na_1": "nan", "short_na_2": "nan", "designatio": "nan", "path": "G:/ShiKongShuJuWaJue/WHU_ElectricalBike/whu_spatial_data/whu_pois.shp", "poi_tpye": "food" }, "geometry": { "type": "Point", "coordinates": [ 114.3520582, 30.5443961 ] } },
{ "type": "Feature", "properties": { "element": "node", "id": "13565527059", "amenity": "cafe", "name": "蜜雪冰城", "access": "nan", "barrier": "nan", "bicycle": "nan", "foot": "nan", "motor_vehi": "nan", "opening_ho": "nan", "alt_name": "nan", "old_name": "nan", "locked": "nan", "leisure": "nan", "sport": "nan", "horse": "nan", "brand": "蜜雪冰城", "brand_en": "Mixue Ice Cream & Tea", "brand_wiki": "Q107406476", "brand_wi_1": "nan", "brand_zh": "蜜雪冰城", "cuisine": "ice_cream;bubble_tea", "level": "0", "name_en": "Mixue Ice Cream & Tea", "name_zh": "蜜雪冰城", "takeaway": "yes", "diet_halal": "nan", "addr_city": "nan", "addr_distr": "nan", "addr_postc": "nan", "addr_provi": "nan", "addr_stree": "nan", "building": "nan", "fee": "nan", "diet_meat": "nan", "note": "nan", "outdoor_se": "nan", "brand_zh-H": "nan", "brand_zh_1": "nan", "delivery": "nan", "name_zh-Ha": "nan", "name_zh-_1": "nan", "layer": "nan", "fast_food": "nan", "brand_zh-L": "Mìxuě Bīngchéng", "name_zh-La": "Mìxuě Bīngchéng", "surface": "nan", "addr_place": "nan", "addr_unit": "nan", "nohousenum": "nan", "roof_colou": "nan", "emergency": "nan", "healthcare": "nan", "healthca_1": "nan", "loc_name": "nan", "operator": "nan", "website": "nan", "wheelchair": "nan", "building_c": "nan", "building_l": "nan", "museum": "nan", "tourism": "nan", "official_n": "nan", "wikimedia_": "nan", "office": "nan", "int_name": "nan", "height": "nan", "short_name": "nan", "wikidata": "nan", "wikipedia": "nan", "historic": "nan", "roof_orien": "nan", "roof_shape": "nan", "addr_house": "nan", "addr_hou_1": "nan", "power": "nan", "building_u": "nan", "flickr": "nan", "education": "nan", "ref": "nan", "athletics": "nan", "man_made": "nan", "ceremonial": "nan", "inscriptio": "nan", "material": "nan", "start_date": "nan", "bicycle_pa": "nan", "shelter_ty": "nan", "playground": "nan", "disused": "nan", "type": "nan", "addr_count": "nan", "internet_a": "nan", "name_de": "nan", "name_es": "nan", "name_fr": "nan", "name_it": "nan", "name_ja": "nan", "short_na_1": "nan", "short_na_2": "nan", "designatio": "nan", "path": "G:/ShiKongShuJuWaJue/WHU_ElectricalBike/whu_spatial_data/whu_pois.shp", "poi_tpye": "food" }, "geometry": { "type": "Point", "coordinates": [ 114.366610800000018, 30.5397 ] } },
{ "type": "Feature", "properties": { "element": "node", "id": "13518537639", "amenity": "nan", "name": "珞喻门", "access": "permit", "barrier": "gate", "bicycle": "nan", "foot": "nan", "motor_vehi": "nan", "opening_ho": "nan", "alt_name": "nan", "old_name": "nan", "locked": "yes", "leisure": "nan", "sport": "nan", "horse": "nan", "brand": "nan", "brand_en": "nan", "brand_wiki": "nan", "brand_wi_1": "nan", "brand_zh": "nan", "cuisine": "nan", "level": "nan", "name_en": "nan", "name_zh": "nan", "takeaway": "nan", "diet_halal": "nan", "addr_city": "nan", "addr_distr": "nan", "addr_postc": "nan", "addr_provi": "nan", "addr_stree": "nan", "building": "nan", "fee": "nan", "diet_meat": "nan", "note": "nan", "outdoor_se": "nan", "brand_zh-H": "nan", "brand_zh_1": "nan", "delivery": "nan", "name_zh-Ha": "nan", "name_zh-_1": "nan", "layer": "nan", "fast_food": "nan", "brand_zh-L": "nan", "name_zh-La": "nan", "surface": "nan", "addr_place": "nan", "addr_unit": "nan", "nohousenum": "nan", "roof_colou": "nan", "emergency": "nan", "healthcare": "nan", "healthca_1": "nan", "loc_name": "nan", "operator": "nan", "website": "nan", "wheelchair": "nan", "building_c": "nan", "building_l": "nan", "museum": "nan", "tourism": "nan", "official_n": "nan", "wikimedia_": "nan", "office": "nan", "int_name": "nan", "height": "nan", "short_name": "nan", "wikidata": "nan", "wikipedia": "nan", "historic": "nan", "roof_orien": "nan", "roof_shape": "nan", "addr_house": "nan", "addr_hou_1": "nan", "power": "nan", "building_u": "nan", "flickr": "nan", "education": "nan", "ref": "nan", "athletics": "nan", "man_made": "nan", "ceremonial": "nan", "inscriptio": "nan", "material": "nan", "start_date": "nan", "bicycle_pa": "nan", "shelter_ty": "nan", "playground": "nan", "disused": "nan", "type": "nan", "addr_count": "nan", "internet_a": "nan", "name_de": "nan", "name_es": "nan", "name_fr": "nan", "name_it": "nan", "name_ja": "nan", "short_na_1": "nan", "short_na_2": "nan", "designatio": "nan", "path": "G:/ShiKongShuJuWaJue/WHU_ElectricalBike/whu_spatial_data/whu_pois.shp", "poi_tpye": "gate" }, "geometry": { "type": "Point", "coordinates": [ 114.3539979, 30.527648200000012 ] } },
{ "type": "Feature", "properties": { "element": "node", "id": "13565527058", "amenity": "fast_food", "name": "达美乐比萨", "access": "nan", "barrier": "nan", "bicycle": "nan", "foot": "nan", "motor_vehi": "nan", "opening_ho": "nan", "alt_name": "nan", "old_name": "nan", "locked": "nan", "leisure": "nan", "sport": "nan", "horse": "nan", "brand": "达美乐比萨", "brand_en": "Domino's", "brand_wiki": "Q839466", "brand_wi_1": "nan", "brand_zh": "达美乐比萨", "cuisine": "pizza", "level": "nan", "name_en": "Domino's", "name_zh": "达美乐比萨", "takeaway": "yes", "diet_halal": "nan", "addr_city": "nan", "addr_distr": "nan", "addr_postc": "nan", "addr_provi": "nan", "addr_stree": "nan", "building": "nan", "fee": "nan", "diet_meat": "nan", "note": "nan", "outdoor_se": "nan", "brand_zh-H": "nan", "brand_zh_1": "nan", "delivery": "nan", "name_zh-Ha": "nan", "name_zh-_1": "nan", "layer": "nan", "fast_food": "nan", "brand_zh-L": "nan", "name_zh-La": "nan", "surface": "nan", "addr_place": "nan", "addr_unit": "nan", "nohousenum": "nan", "roof_colou": "nan", "emergency": "nan", "healthcare": "nan", "healthca_1": "nan", "loc_name": "nan", "operator": "nan", "website": "nan", "wheelchair": "nan", "building_c": "nan", "building_l": "nan", "museum": "nan", "tourism": "nan", "official_n": "nan", "wikimedia_": "nan", "office": "nan", "int_name": "nan", "height": "nan", "short_name": "nan", "wikidata": "nan", "wikipedia": "nan", "historic": "nan", "roof_orien": "nan", "roof_shape": "nan", "addr_house": "nan", "addr_hou_1": "nan", "power": "nan", "building_u": "nan", "flickr": "nan", "education": "nan", "ref": "nan", "athletics": "nan", "man_made": "nan", "ceremonial": "nan", "inscriptio": "nan", "material": "nan", "start_date": "nan", "bicycle_pa": "nan", "shelter_ty": "nan", "playground": "nan", "disused": "nan", "type": "nan", "addr_count": "nan", "internet_a": "nan", "name_de": "nan", "name_es": "nan", "name_fr": "nan", "name_it": "nan", "name_ja": "nan", "short_na_1": "nan", "short_na_2": "nan", "designatio": "nan", "path": "G:/ShiKongShuJuWaJue/WHU_ElectricalBike/whu_spatial_data/whu_pois.shp", "poi_tpye": "food" }, "geometry": { "type": "Point", "coordinates": [ 114.3664455, 30.5391692 ] } },
{ "type": "Feature", "properties": { "element": "node", "id": "13565527057", "amenity": "cafe", "name": "真茶屋", "access": "nan", "barrier": "nan", "bicycle": "nan", "foot": "nan", "motor_vehi": "nan", "opening_ho": "nan", "alt_name": "nan", "old_name": "nan", "locked": "nan", "leisure": "nan", "sport": "nan", "horse": "nan", "brand": "nan", "brand_en": "nan", "brand_wiki": "nan", "brand_wi_1": "nan", "brand_zh": "nan", "cuisine": "bubble_tea", "level": "nan", "name_en": "nan", "name_zh": "nan", "takeaway": "nan", "diet_halal": "nan", "addr_city": "nan", "addr_distr": "nan", "addr_postc": "nan", "addr_provi": "nan", "addr_stree": "nan", "building": "nan", "fee": "nan", "diet_meat": "nan", "note": "nan", "outdoor_se": "nan", "brand_zh-H": "nan", "brand_zh_1": "nan", "delivery": "nan", "name_zh-Ha": "nan", "name_zh-_1": "nan", "layer": "nan", "fast_food": "nan", "brand_zh-L": "nan", "name_zh-La": "nan", "surface": "nan", "addr_place": "nan", "addr_unit": "nan", "nohousenum": "nan", "roof_colou": "nan", "emergency": "nan", "healthcare": "nan", "healthca_1": "nan", "loc_name": "nan", "operator": "nan", "website": "nan", "wheelchair": "nan", "building_c": "nan", "building_l": "nan", "museum": "nan", "tourism": "nan", "official_n": "nan", "wikimedia_": "nan", "office": "nan", "int_name": "nan", "height": "nan", "short_name": "nan", "wikidata": "nan", "wikipedia": "nan", "historic": "nan", "roof_orien": "nan", "roof_shape": "nan", "addr_house": "nan", "addr_hou_1": "nan", "power": "nan", "building_u": "nan", "flickr": "nan", "education": "nan", "ref": "nan", "athletics": "nan", "man_made": "nan", "ceremonial": "nan", "inscriptio": "nan", "material": "nan", "start_date": "nan", "bicycle_pa": "nan", "shelter_ty": "nan", "playground": "nan", "disused": "nan", "type": "nan", "addr_count": "nan", "internet_a": "nan", "name_de": "nan", "name_es": "nan", "name_fr": "nan", "name_it": "nan", "name_ja": "nan", "short_na_1": "nan", "short_na_2": "nan", "designatio": "nan", "path": "G:/ShiKongShuJuWaJue/WHU_ElectricalBike/whu_spatial_data/whu_pois.shp", "poi_tpye": "food" }, "geometry": { "type": "Point", "coordinates": [ 114.3662138, 30.5391517 ] } },
{ "type": "Feature", "properties": { "element": "node", "id": "13565329692", "amenity": "restaurant", "name": "工学部三食堂", "access": "nan", "barrier": "nan", "bicycle": "nan", "foot": "nan", "motor_vehi": "nan", "opening_ho": "nan", "alt_name": "nan", "old_name": "nan", "locked": "nan", "leisure": "nan", "sport": "nan", "horse": "nan", "brand": "nan", "brand_en": "nan", "brand_wiki": "nan", "brand_wi_1": "nan", "brand_zh": "nan", "cuisine": "chinese", "level": "0", "name_en": "nan", "name_zh": "nan", "takeaway": "nan", "diet_halal": "nan", "addr_city": "nan", "addr_distr": "nan", "addr_postc": "nan", "addr_provi": "nan", "addr_stree": "nan", "building": "nan", "fee": "nan", "diet_meat": "nan", "note": "nan", "outdoor_se": "nan", "brand_zh-H": "nan", "brand_zh_1": "nan", "delivery": "nan", "name_zh-Ha": "nan", "name_zh-_1": "nan", "layer": "nan", "fast_food": "nan", "brand_zh-L": "nan", "name_zh-La": "nan", "surface": "nan", "addr_place": "nan", "addr_unit": "nan", "nohousenum": "nan", "roof_colou": "nan", "emergency": "nan", "healthcare": "nan", "healthca_1": "nan", "loc_name": "nan", "operator": "nan", "website": "nan", "wheelchair": "nan", "building_c": "nan", "building_l": "nan", "museum": "nan", "tourism": "nan", "official_n": "nan", "wikimedia_": "nan", "office": "nan", "int_name": "nan", "height": "nan", "short_name": "nan", "wikidata": "nan", "wikipedia": "nan", "historic": "nan", "roof_orien": "nan", "roof_shape": "nan", "addr_house": "nan", "addr_hou_1": "nan", "power": "nan", "building_u": "nan", "flickr": "nan", "education": "nan", "ref": "nan", "athletics": "nan", "man_made": "nan", "ceremonial": "nan", "inscriptio": "nan", "material": "nan", "start_date": "nan", "bicycle_pa": "nan", "shelter_ty": "nan", "playground": "nan", "disused": "nan", "type": "nan", "addr_count": "nan", "internet_a": "nan", "name_de": "nan", "name_es": "nan", "name_fr": "nan", "name_it": "nan", "name_ja": "nan", "short_na_1": "nan", "short_na_2": "nan", "designatio": "nan", "path": "G:/ShiKongShuJuWaJue/WHU_ElectricalBike/whu_spatial_data/whu_pois.shp", "poi_tpye": "cafeteria" }, "geometry": { "type": "Point", "coordinates": [ 114.3604889, 30.5461466 ] } },
{ "type": "Feature", "properties": { "element": "node", "id": "13513425337", "amenity": "restaurant", "name": "信息学部一食堂", "access": "nan", "barrier": "nan", "bicycle": "nan", "foot": "nan", "motor_vehi": "nan", "opening_ho": "nan", "alt_name": "nan", "old_name": "nan", "locked": "nan", "leisure": "nan", "sport": "nan", "horse": "nan", "brand": "nan", "brand_en": "nan", "brand_wiki": "nan", "brand_wi_1": "nan", "brand_zh": "nan", "cuisine": "chinese", "level": "0", "name_en": "nan", "name_zh": "nan", "takeaway": "nan", "diet_halal": "nan", "addr_city": "nan", "addr_distr": "nan", "addr_postc": "nan", "addr_provi": "nan", "addr_stree": "nan", "building": "nan", "fee": "nan", "diet_meat": "nan", "note": "nan", "outdoor_se": "nan", "brand_zh-H": "nan", "brand_zh_1": "nan", "delivery": "nan", "name_zh-Ha": "nan", "name_zh-_1": "nan", "layer": "nan", "fast_food": "cafeteria", "brand_zh-L": "nan", "name_zh-La": "nan", "surface": "nan", "addr_place": "nan", "addr_unit": "nan", "nohousenum": "nan", "roof_colou": "nan", "emergency": "nan", "healthcare": "nan", "healthca_1": "nan", "loc_name": "nan", "operator": "nan", "website": "nan", "wheelchair": "nan", "building_c": "nan", "building_l": "nan", "museum": "nan", "tourism": "nan", "official_n": "nan", "wikimedia_": "nan", "office": "nan", "int_name": "nan", "height": "nan", "short_name": "nan", "wikidata": "nan", "wikipedia": "nan", "historic": "nan", "roof_orien": "nan", "roof_shape": "nan", "addr_house": "nan", "addr_hou_1": "nan", "power": "nan", "building_u": "nan", "flickr": "nan", "education": "nan", "ref": "nan", "athletics": "nan", "man_made": "nan", "ceremonial": "nan", "inscriptio": "nan", "material": "nan", "start_date": "nan", "bicycle_pa": "nan", "shelter_ty": "nan", "playground": "nan", "disused": "nan", "type": "nan", "addr_count": "nan", "internet_a": "nan", "name_de": "nan", "name_es": "nan", "name_fr": "nan", "name_it": "nan", "name_ja": "nan", "short_na_1": "nan", "short_na_2": "nan", "designatio": "nan", "path": "G:/ShiKongShuJuWaJue/WHU_ElectricalBike/whu_spatial_data/whu_pois.shp", "poi_tpye": "cafeteria" }, "geometry": { "type": "Point", "coordinates": [ 114.353634900000017, 30.5306058 ] } },
{ "type": "Feature", "properties": { "element": "node", "id": "13563537495", "amenity": "restaurant", "name": "湖滨风味食堂", "access": "nan", "barrier": "nan", "bicycle": "nan", "foot": "nan", "motor_vehi": "nan", "opening_ho": "nan", "alt_name": "nan", "old_name": "nan", "locked": "nan", "leisure": "nan", "sport": "nan", "horse": "nan", "brand": "nan", "brand_en": "nan", "brand_wiki": "nan", "brand_wi_1": "nan", "brand_zh": "nan", "cuisine": "chinese", "level": "1", "name_en": "nan", "name_zh": "nan", "takeaway": "nan", "diet_halal": "nan", "addr_city": "nan", "addr_distr": "nan", "addr_postc": "nan", "addr_provi": "nan", "addr_stree": "nan", "building": "nan", "fee": "nan", "diet_meat": "nan", "note": "nan", "outdoor_se": "nan", "brand_zh-H": "nan", "brand_zh_1": "nan", "delivery": "nan", "name_zh-Ha": "nan", "name_zh-_1": "nan", "layer": "nan", "fast_food": "nan", "brand_zh-L": "nan", "name_zh-La": "nan", "surface": "nan", "addr_place": "nan", "addr_unit": "nan", "nohousenum": "nan", "roof_colou": "nan", "emergency": "nan", "healthcare": "nan", "healthca_1": "nan", "loc_name": "nan", "operator": "nan", "website": "nan", "wheelchair": "nan", "building_c": "nan", "building_l": "nan", "museum": "nan", "tourism": "nan", "official_n": "nan", "wikimedia_": "nan", "office": "nan", "int_name": "nan", "height": "nan", "short_name": "nan", "wikidata": "nan", "wikipedia": "nan", "historic": "nan", "roof_orien": "nan", "roof_shape": "nan", "addr_house": "nan", "addr_hou_1": "nan", "power": "nan", "building_u": "nan", "flickr": "nan", "education": "nan", "ref": "nan", "athletics": "nan", "man_made": "nan", "ceremonial": "nan", "inscriptio": "nan", "material": "nan", "start_date": "nan", "bicycle_pa": "nan", "shelter_ty": "nan", "playground": "nan", "disused": "nan", "type": "nan", "addr_count": "nan", "internet_a": "nan", "name_de": "nan", "name_es": "nan", "name_fr": "nan", "name_it": "nan", "name_ja": "nan", "short_na_1": "nan", "short_na_2": "nan", "designatio": "nan", "path": "G:/ShiKongShuJuWaJue/WHU_ElectricalBike/whu_spatial_data/whu_pois.shp", "poi_tpye": "cafeteria" }, "geometry": { "type": "Point", "coordinates": [ 114.3643882, 30.5437697 ] } },
{ "type": "Feature", "properties": { "element": "node", "id": "13563537494", "amenity": "restaurant", "name": "湖滨食堂", "access": "nan", "barrier": "nan", "bicycle": "nan", "foot": "nan", "motor_vehi": "nan", "opening_ho": "nan", "alt_name": "nan", "old_name": "nan", "locked": "nan", "leisure": "nan", "sport": "nan", "horse": "nan", "brand": "nan", "brand_en": "nan", "brand_wiki": "nan", "brand_wi_1": "nan", "brand_zh": "nan", "cuisine": "chinese", "level": "0", "name_en": "nan", "name_zh": "nan", "takeaway": "nan", "diet_halal": "nan", "addr_city": "nan", "addr_distr": "nan", "addr_postc": "nan", "addr_provi": "nan", "addr_stree": "nan", "building": "nan", "fee": "nan", "diet_meat": "nan", "note": "nan", "outdoor_se": "nan", "brand_zh-H": "nan", "brand_zh_1": "nan", "delivery": "nan", "name_zh-Ha": "nan", "name_zh-_1": "nan", "layer": "nan", "fast_food": "nan", "brand_zh-L": "nan", "name_zh-La": "nan", "surface": "nan", "addr_place": "nan", "addr_unit": "nan", "nohousenum": "nan", "roof_colou": "nan", "emergency": "nan", "healthcare": "nan", "healthca_1": "nan", "loc_name": "nan", "operator": "nan", "website": "nan", "wheelchair": "nan", "building_c": "nan", "building_l": "nan", "museum": "nan", "tourism": "nan", "official_n": "nan", "wikimedia_": "nan", "office": "nan", "int_name": "nan", "height": "nan", "short_name": "nan", "wikidata": "nan", "wikipedia": "nan", "historic": "nan", "roof_orien": "nan", "roof_shape": "nan", "addr_house": "nan", "addr_hou_1": "nan", "power": "nan", "building_u": "nan", "flickr": "nan", "education": "nan", "ref": "nan", "athletics": "nan", "man_made": "nan", "ceremonial": "nan", "inscriptio": "nan", "material": "nan", "start_date": "nan", "bicycle_pa": "nan", "shelter_ty": "nan", "playground": "nan", "disused": "nan", "type": "nan", "addr_count": "nan", "internet_a": "nan", "name_de": "nan", "name_es": "nan", "name_fr": "nan", "name_it": "nan", "name_ja": "nan", "short_na_1": "nan", "short_na_2": "nan", "designatio": "nan", "path": "G:/ShiKongShuJuWaJue/WHU_ElectricalBike/whu_spatial_data/whu_pois.shp", "poi_tpye": "cafeteria" }, "geometry": { "type": "Point", "coordinates": [ 114.3646199, 30.5438764 ] } },
{ "type": "Feature", "properties": { "element": "node", "id": "13563537493", "amenity": "restaurant", "name": "梅园食堂", "access": "nan", "barrier": "nan", "bicycle": "nan", "foot": "nan", "motor_vehi": "nan", "opening_ho": "nan", "alt_name": "nan", "old_name": "nan", "locked": "nan", "leisure": "nan", "sport": "nan", "horse": "nan", "brand": "nan", "brand_en": "nan", "brand_wiki": "nan", "brand_wi_1": "nan", "brand_zh": "nan", "cuisine": "chinese", "level": "0", "name_en": "nan", "name_zh": "nan", "takeaway": "nan", "diet_halal": "nan", "addr_city": "nan", "addr_distr": "nan", "addr_postc": "nan", "addr_provi": "nan", "addr_stree": "nan", "building": "nan", "fee": "nan", "diet_meat": "nan", "note": "nan", "outdoor_se": "nan", "brand_zh-H": "nan", "brand_zh_1": "nan", "delivery": "nan", "name_zh-Ha": "nan", "name_zh-_1": "nan", "layer": "nan", "fast_food": "nan", "brand_zh-L": "nan", "name_zh-La": "nan", "surface": "nan", "addr_place": "nan", "addr_unit": "nan", "nohousenum": "nan", "roof_colou": "nan", "emergency": "nan", "healthcare": "nan", "healthca_1": "nan", "loc_name": "nan", "operator": "nan", "website": "nan", "wheelchair": "nan", "building_c": "nan", "building_l": "nan", "museum": "nan", "tourism": "nan", "official_n": "nan", "wikimedia_": "nan", "office": "nan", "int_name": "nan", "height": "nan", "short_name": "nan", "wikidata": "nan", "wikipedia": "nan", "historic": "nan", "roof_orien": "nan", "roof_shape": "nan", "addr_house": "nan", "addr_hou_1": "nan", "power": "nan", "building_u": "nan", "flickr": "nan", "education": "nan", "ref": "nan", "athletics": "nan", "man_made": "nan", "ceremonial": "nan", "inscriptio": "nan", "material": "nan", "start_date": "nan", "bicycle_pa": "nan", "shelter_ty": "nan", "playground": "nan", "disused": "nan", "type": "nan", "addr_count": "nan", "internet_a": "nan", "name_de": "nan", "name_es": "nan", "name_fr": "nan", "name_it": "nan", "name_ja": "nan", "short_na_1": "nan", "short_na_2": "nan", "designatio": "nan", "path": "G:/ShiKongShuJuWaJue/WHU_ElectricalBike/whu_spatial_data/whu_pois.shp", "poi_tpye": "cafeteria" }, "geometry": { "type": "Point", "coordinates": [ 114.3590489, 30.5379266 ] } },
{ "type": "Feature", "properties": { "element": "node", "id": "13563537442", "amenity": "restaurant", "name": "星园餐厅", "access": "nan", "barrier": "nan", "bicycle": "nan", "foot": "nan", "motor_vehi": "nan", "opening_ho": "nan", "alt_name": "nan", "old_name": "nan", "locked": "nan", "leisure": "nan", "sport": "nan", "horse": "nan", "brand": "nan", "brand_en": "nan", "brand_wiki": "nan", "brand_wi_1": "nan", "brand_zh": "nan", "cuisine": "nan", "level": "nan", "name_en": "nan", "name_zh": "nan", "takeaway": "nan", "diet_halal": "nan", "addr_city": "nan", "addr_distr": "nan", "addr_postc": "nan", "addr_provi": "nan", "addr_stree": "nan", "building": "nan", "fee": "nan", "diet_meat": "nan", "note": "nan", "outdoor_se": "nan", "brand_zh-H": "nan", "brand_zh_1": "nan", "delivery": "nan", "name_zh-Ha": "nan", "name_zh-_1": "nan", "layer": "0", "fast_food": "nan", "brand_zh-L": "nan", "name_zh-La": "nan", "surface": "nan", "addr_place": "nan", "addr_unit": "nan", "nohousenum": "nan", "roof_colou": "nan", "emergency": "nan", "healthcare": "nan", "healthca_1": "nan", "loc_name": "nan", "operator": "nan", "website": "nan", "wheelchair": "nan", "building_c": "nan", "building_l": "nan", "museum": "nan", "tourism": "nan", "official_n": "nan", "wikimedia_": "nan", "office": "nan", "int_name": "nan", "height": "nan", "short_name": "nan", "wikidata": "nan", "wikipedia": "nan", "historic": "nan", "roof_orien": "nan", "roof_shape": "nan", "addr_house": "nan", "addr_hou_1": "nan", "power": "nan", "building_u": "nan", "flickr": "nan", "education": "nan", "ref": "nan", "athletics": "nan", "man_made": "nan", "ceremonial": "nan", "inscriptio": "nan", "material": "nan", "start_date": "nan", "bicycle_pa": "nan", "shelter_ty": "nan", "playground": "nan", "disused": "nan", "type": "nan", "addr_count": "nan", "internet_a": "nan", "name_de": "nan", "name_es": "nan", "name_fr": "nan", "name_it": "nan", "name_ja": "nan", "short_na_1": "nan", "short_na_2": "nan", "designatio": "nan", "path": "G:/ShiKongShuJuWaJue/WHU_ElectricalBike/whu_spatial_data/whu_pois.shp", "poi_tpye": "cafeteria" }, "geometry": { "type": "Point", "coordinates": [ 114.3548587, 30.5327892 ] } },
{ "type": "Feature", "properties": { "element": "node", "id": "13563537439", "amenity": "restaurant", "name": "桂园一食堂", "access": "nan", "barrier": "nan", "bicycle": "nan", "foot": "nan", "motor_vehi": "nan", "opening_ho": "nan", "alt_name": "nan", "old_name": "nan", "locked": "nan", "leisure": "nan", "sport": "nan", "horse": "nan", "brand": "nan", "brand_en": "nan", "brand_wiki": "nan", "brand_wi_1": "nan", "brand_zh": "nan", "cuisine": "chinese", "level": "1", "name_en": "nan", "name_zh": "nan", "takeaway": "nan", "diet_halal": "nan", "addr_city": "nan", "addr_distr": "nan", "addr_postc": "nan", "addr_provi": "nan", "addr_stree": "nan", "building": "nan", "fee": "nan", "diet_meat": "nan", "note": "nan", "outdoor_se": "nan", "brand_zh-H": "nan", "brand_zh_1": "nan", "delivery": "nan", "name_zh-Ha": "nan", "name_zh-_1": "nan", "layer": "nan", "fast_food": "nan", "brand_zh-L": "nan", "name_zh-La": "nan", "surface": "nan", "addr_place": "nan", "addr_unit": "nan", "nohousenum": "nan", "roof_colou": "nan", "emergency": "nan", "healthcare": "nan", "healthca_1": "nan", "loc_name": "nan", "operator": "nan", "website": "nan", "wheelchair": "nan", "building_c": "nan", "building_l": "nan", "museum": "nan", "tourism": "nan", "official_n": "nan", "wikimedia_": "nan", "office": "nan", "int_name": "nan", "height": "nan", "short_name": "nan", "wikidata": "nan", "wikipedia": "nan", "historic": "nan", "roof_orien": "nan", "roof_shape": "nan", "addr_house": "nan", "addr_hou_1": "nan", "power": "nan", "building_u": "nan", "flickr": "nan", "education": "nan", "ref": "nan", "athletics": "nan", "man_made": "nan", "ceremonial": "nan", "inscriptio": "nan", "material": "nan", "start_date": "nan", "bicycle_pa": "nan", "shelter_ty": "nan", "playground": "nan", "disused": "nan", "type": "nan", "addr_count": "nan", "internet_a": "nan", "name_de": "nan", "name_es": "nan", "name_fr": "nan", "name_it": "nan", "name_ja": "nan", "short_na_1": "nan", "short_na_2": "nan", "designatio": "nan", "path": "G:/ShiKongShuJuWaJue/WHU_ElectricalBike/whu_spatial_data/whu_pois.shp", "poi_tpye": "cafeteria" }, "geometry": { "type": "Point", "coordinates": [ 114.3536886, 30.5408586 ] } },
{ "type": "Feature", "properties": { "element": "node", "id": "13563537438", "amenity": "restaurant", "name": "桂园二食堂", "access": "nan", "barrier": "nan", "bicycle": "nan", "foot": "nan", "motor_vehi": "nan", "opening_ho": "nan", "alt_name": "nan", "old_name": "nan", "locked": "nan", "leisure": "nan", "sport": "nan", "horse": "nan", "brand": "nan", "brand_en": "nan", "brand_wiki": "nan", "brand_wi_1": "nan", "brand_zh": "nan", "cuisine": "chinese", "level": "0", "name_en": "nan", "name_zh": "nan", "takeaway": "nan", "diet_halal": "nan", "addr_city": "nan", "addr_distr": "nan", "addr_postc": "nan", "addr_provi": "nan", "addr_stree": "nan", "building": "nan", "fee": "nan", "diet_meat": "nan", "note": "nan", "outdoor_se": "nan", "brand_zh-H": "nan", "brand_zh_1": "nan", "delivery": "nan", "name_zh-Ha": "nan", "name_zh-_1": "nan", "layer": "nan", "fast_food": "nan", "brand_zh-L": "nan", "name_zh-La": "nan", "surface": "nan", "addr_place": "nan", "addr_unit": "nan", "nohousenum": "nan", "roof_colou": "nan", "emergency": "nan", "healthcare": "nan", "healthca_1": "nan", "loc_name": "nan", "operator": "nan", "website": "nan", "wheelchair": "nan", "building_c": "nan", "building_l": "nan", "museum": "nan", "tourism": "nan", "official_n": "nan", "wikimedia_": "nan", "office": "nan", "int_name": "nan", "height": "nan", "short_name": "nan", "wikidata": "nan", "wikipedia": "nan", "historic": "nan", "roof_orien": "nan", "roof_shape": "nan", "addr_house": "nan", "addr_hou_1": "nan", "power": "nan", "building_u": "nan", "flickr": "nan", "education": "nan", "ref": "nan", "athletics": "nan", "man_made": "nan", "ceremonial": "nan", "inscriptio": "nan", "material": "nan", "start_date": "nan", "bicycle_pa": "nan", "shelter_ty": "nan", "playground": "nan", "disused": "nan", "type": "nan", "addr_count": "nan", "internet_a": "nan", "name_de": "nan", "name_es": "nan", "name_fr": "nan", "name_it": "nan", "name_ja": "nan", "short_na_1": "nan", "short_na_2": "nan", "designatio": "nan", "path": "G:/ShiKongShuJuWaJue/WHU_ElectricalBike/whu_spatial_data/whu_pois.shp", "poi_tpye": "cafeteria" }, "geometry": { "type": "Point", "coordinates": [ 114.3534298, 30.5408214 ] } },
{ "type": "Feature", "properties": { "element": "node", "id": "13563537434", "amenity": "restaurant", "name": "工学部清真食堂", "access": "nan", "barrier": "nan", "bicycle": "nan", "foot": "nan", "motor_vehi": "nan", "opening_ho": "nan", "alt_name": "nan", "old_name": "nan", "locked": "nan", "leisure": "nan", "sport": "nan", "horse": "nan", "brand": "nan", "brand_en": "nan", "brand_wiki": "nan", "brand_wi_1": "nan", "brand_zh": "nan", "cuisine": "chinese", "level": "2", "name_en": "nan", "name_zh": "nan", "takeaway": "nan", "diet_halal": "yes", "addr_city": "nan", "addr_distr": "nan", "addr_postc": "nan", "addr_provi": "nan", "addr_stree": "nan", "building": "nan", "fee": "nan", "diet_meat": "nan", "note": "nan", "outdoor_se": "nan", "brand_zh-H": "nan", "brand_zh_1": "nan", "delivery": "nan", "name_zh-Ha": "nan", "name_zh-_1": "nan", "layer": "nan", "fast_food": "nan", "brand_zh-L": "nan", "name_zh-La": "nan", "surface": "nan", "addr_place": "nan", "addr_unit": "nan", "nohousenum": "nan", "roof_colou": "nan", "emergency": "nan", "healthcare": "nan", "healthca_1": "nan", "loc_name": "nan", "operator": "nan", "website": "nan", "wheelchair": "nan", "building_c": "nan", "building_l": "nan", "museum": "nan", "tourism": "nan", "official_n": "nan", "wikimedia_": "nan", "office": "nan", "int_name": "nan", "height": "nan", "short_name": "nan", "wikidata": "nan", "wikipedia": "nan", "historic": "nan", "roof_orien": "nan", "roof_shape": "nan", "addr_house": "nan", "addr_hou_1": "nan", "power": "nan", "building_u": "nan", "flickr": "nan", "education": "nan", "ref": "nan", "athletics": "nan", "man_made": "nan", "ceremonial": "nan", "inscriptio": "nan", "material": "nan", "start_date": "nan", "bicycle_pa": "nan", "shelter_ty": "nan", "playground": "nan", "disused": "nan", "type": "nan", "addr_count": "nan", "internet_a": "nan", "name_de": "nan", "name_es": "nan", "name_fr": "nan", "name_it": "nan", "name_ja": "nan", "short_na_1": "nan", "short_na_2": "nan", "designatio": "nan", "path": "G:/ShiKongShuJuWaJue/WHU_ElectricalBike/whu_spatial_data/whu_pois.shp", "poi_tpye": "cafeteria" }, "geometry": { "type": "Point", "coordinates": [ 114.360602, 30.5455059 ] } },
{ "type": "Feature", "properties": { "element": "node", "id": "13563537433", "amenity": "restaurant", "name": "工学部二食堂", "access": "nan", "barrier": "nan", "bicycle": "nan", "foot": "nan", "motor_vehi": "nan", "opening_ho": "nan", "alt_name": "nan", "old_name": "nan", "locked": "nan", "leisure": "nan", "sport": "nan", "horse": "nan", "brand": "nan", "brand_en": "nan", "brand_wiki": "nan", "brand_wi_1": "nan", "brand_zh": "nan", "cuisine": "chinese", "level": "1", "name_en": "nan", "name_zh": "nan", "takeaway": "nan", "diet_halal": "nan", "addr_city": "nan", "addr_distr": "nan", "addr_postc": "nan", "addr_provi": "nan", "addr_stree": "nan", "building": "nan", "fee": "nan", "diet_meat": "nan", "note": "nan", "outdoor_se": "nan", "brand_zh-H": "nan", "brand_zh_1": "nan", "delivery": "nan", "name_zh-Ha": "nan", "name_zh-_1": "nan", "layer": "nan", "fast_food": "nan", "brand_zh-L": "nan", "name_zh-La": "nan", "surface": "nan", "addr_place": "nan", "addr_unit": "nan", "nohousenum": "nan", "roof_colou": "nan", "emergency": "nan", "healthcare": "nan", "healthca_1": "nan", "loc_name": "nan", "operator": "nan", "website": "nan", "wheelchair": "nan", "building_c": "nan", "building_l": "nan", "museum": "nan", "tourism": "nan", "official_n": "nan", "wikimedia_": "nan", "office": "nan", "int_name": "nan", "height": "nan", "short_name": "nan", "wikidata": "nan", "wikipedia": "nan", "historic": "nan", "roof_orien": "nan", "roof_shape": "nan", "addr_house": "nan", "addr_hou_1": "nan", "power": "nan", "building_u": "nan", "flickr": "nan", "education": "nan", "ref": "nan", "athletics": "nan", "man_made": "nan", "ceremonial": "nan", "inscriptio": "nan", "material": "nan", "start_date": "nan", "bicycle_pa": "nan", "shelter_ty": "nan", "playground": "nan", "disused": "nan", "type": "nan", "addr_count": "nan", "internet_a": "nan", "name_de": "nan", "name_es": "nan", "name_fr": "nan", "name_it": "nan", "name_ja": "nan", "short_na_1": "nan", "short_na_2": "nan", "designatio": "nan", "path": "G:/ShiKongShuJuWaJue/WHU_ElectricalBike/whu_spatial_data/whu_pois.shp", "poi_tpye": "cafeteria" }, "geometry": { "type": "Point", "coordinates": [ 114.3604029, 30.5454893 ] } },
{ "type": "Feature", "properties": { "element": "relation", "id": "19724471", "amenity": "nan", "name": "珞珈广场", "access": "nan", "barrier": "nan", "bicycle": "nan", "foot": "nan", "motor_vehi": "nan", "opening_ho": "nan", "alt_name": "nan", "old_name": "nan", "locked": "nan", "leisure": "park", "sport": "nan", "horse": "nan", "brand": "nan", "brand_en": "nan", "brand_wiki": "nan", "brand_wi_1": "nan", "brand_zh": "nan", "cuisine": "nan", "level": "nan", "name_en": "nan", "name_zh": "nan", "takeaway": "nan", "diet_halal": "nan", "addr_city": "nan", "addr_distr": "nan", "addr_postc": "nan", "addr_provi": "nan", "addr_stree": "nan", "building": "nan", "fee": "nan", "diet_meat": "nan", "note": "nan", "outdoor_se": "nan", "brand_zh-H": "nan", "brand_zh_1": "nan", "delivery": "nan", "name_zh-Ha": "nan", "name_zh-_1": "nan", "layer": "nan", "fast_food": "nan", "brand_zh-L": "nan", "name_zh-La": "nan", "surface": "nan", "addr_place": "nan", "addr_unit": "nan", "nohousenum": "nan", "roof_colou": "nan", "emergency": "nan", "healthcare": "nan", "healthca_1": "nan", "loc_name": "nan", "operator": "nan", "website": "nan", "wheelchair": "nan", "building_c": "nan", "building_l": "nan", "museum": "nan", "tourism": "nan", "official_n": "nan", "wikimedia_": "File:Wuhan University Main Quad.jpg", "office": "nan", "int_name": "nan", "height": "nan", "short_name": "nan", "wikidata": "nan", "wikipedia": "nan", "historic": "nan", "roof_orien": "nan", "roof_shape": "nan", "addr_house": "nan", "addr_hou_1": "nan", "power": "nan", "building_u": "nan", "flickr": "nan", "education": "nan", "ref": "nan", "athletics": "nan", "man_made": "nan", "ceremonial": "nan", "inscriptio": "nan", "material": "nan", "start_date": "nan", "bicycle_pa": "nan", "shelter_ty": "nan", "playground": "nan", "disused": "nan", "type": "multipolygon", "addr_count": "nan", "internet_a": "nan", "name_de": "nan", "name_es": "nan", "name_fr": "nan", "name_it": "nan", "name_ja": "nan", "short_na_1": "nan", "short_na_2": "nan", "designatio": "Square", "path": "Point?crs=EPSG:4326&field=element:string(80,0)&field=id:string(80,0)&field=amenity:string(80,0)&field=name:string(80,0)&field=access:string(80,0)&field=barrier:string(80,0)&field=bicycle:string(80,0)&field=foot:string(80,0)&field=motor_vehi:string(80,0)&" }, "geometry": { "type": "Point", "coordinates": [ 114.35527004200307, 30.537019801459682 ] } },
{ "type": "Feature", "properties": { "element": "relation", "id": "19232956", "amenity": "nan", "name": "老外文楼", "access": "nan", "barrier": "nan", "bicycle": "nan", "foot": "nan", "motor_vehi": "nan", "opening_ho": "nan", "alt_name": "老法学院", "old_name": "nan", "locked": "nan", "leisure": "nan", "sport": "nan", "horse": "nan", "brand": "nan", "brand_en": "nan", "brand_wiki": "nan", "brand_wi_1": "nan", "brand_zh": "nan", "cuisine": "nan", "level": "nan", "name_en": "nan", "name_zh": "nan", "takeaway": "nan", "diet_halal": "nan", "addr_city": "nan", "addr_distr": "nan", "addr_postc": "nan", "addr_provi": "nan", "addr_stree": "nan", "building": "yes", "fee": "nan", "diet_meat": "nan", "note": "nan", "outdoor_se": "nan", "brand_zh-H": "nan", "brand_zh_1": "nan", "delivery": "nan", "name_zh-Ha": "nan", "name_zh-_1": "nan", "layer": "nan", "fast_food": "nan", "brand_zh-L": "nan", "name_zh-La": "nan", "surface": "nan", "addr_place": "nan", "addr_unit": "nan", "nohousenum": "nan", "roof_colou": "#08adba", "emergency": "nan", "healthcare": "nan", "healthca_1": "nan", "loc_name": "nan", "operator": "nan", "website": "nan", "wheelchair": "nan", "building_c": "nan", "building_l": "4", "museum": "nan", "tourism": "nan", "official_n": "nan", "wikimedia_": "nan", "office": "nan", "int_name": "nan", "height": "nan", "short_name": "nan", "wikidata": "nan", "wikipedia": "nan", "historic": "building", "roof_orien": "nan", "roof_shape": "nan", "addr_house": "nan", "addr_hou_1": "nan", "power": "nan", "building_u": "nan", "flickr": "nan", "education": "nan", "ref": "nan", "athletics": "nan", "man_made": "nan", "ceremonial": "nan", "inscriptio": "nan", "material": "nan", "start_date": "nan", "bicycle_pa": "nan", "shelter_ty": "nan", "playground": "nan", "disused": "nan", "type": "multipolygon", "addr_count": "nan", "internet_a": "nan", "name_de": "nan", "name_es": "nan", "name_fr": "nan", "name_it": "nan", "name_ja": "nan", "short_na_1": "nan", "short_na_2": "nan", "designatio": "nan", "path": "Point?crs=EPSG:4326&field=element:string(80,0)&field=id:string(80,0)&field=amenity:string(80,0)&field=name:string(80,0)&field=access:string(80,0)&field=barrier:string(80,0)&field=bicycle:string(80,0)&field=foot:string(80,0)&field=motor_vehi:string(80,0)&", "poi_tpye": "office" }, "geometry": { "type": "Point", "coordinates": [ 114.357451248604178, 30.542207864014195 ] } },
{ "type": "Feature", "properties": { "element": "relation", "id": "19232955", "amenity": "nan", "name": "老文学院", "access": "nan", "barrier": "nan", "bicycle": "nan", "foot": "nan", "motor_vehi": "nan", "opening_ho": "nan", "alt_name": "nan", "old_name": "nan", "locked": "nan", "leisure": "nan", "sport": "nan", "horse": "nan", "brand": "nan", "brand_en": "nan", "brand_wiki": "nan", "brand_wi_1": "nan", "brand_zh": "nan", "cuisine": "nan", "level": "nan", "name_en": "nan", "name_zh": "nan", "takeaway": "nan", "diet_halal": "nan", "addr_city": "nan", "addr_distr": "nan", "addr_postc": "nan", "addr_provi": "nan", "addr_stree": "nan", "building": "yes", "fee": "nan", "diet_meat": "nan", "note": "nan", "outdoor_se": "nan", "brand_zh-H": "nan", "brand_zh_1": "nan", "delivery": "nan", "name_zh-Ha": "nan", "name_zh-_1": "nan", "layer": "1", "fast_food": "nan", "brand_zh-L": "nan", "name_zh-La": "nan", "surface": "nan", "addr_place": "nan", "addr_unit": "nan", "nohousenum": "nan", "roof_colou": "#08adba", "emergency": "nan", "healthcare": "nan", "healthca_1": "nan", "loc_name": "nan", "operator": "nan", "website": "nan", "wheelchair": "nan", "building_c": "nan", "building_l": "4", "museum": "nan", "tourism": "nan", "official_n": "nan", "wikimedia_": "nan", "office": "nan", "int_name": "nan", "height": "nan", "short_name": "nan", "wikidata": "nan", "wikipedia": "nan", "historic": "building", "roof_orien": "nan", "roof_shape": "nan", "addr_house": "nan", "addr_hou_1": "nan", "power": "nan", "building_u": "nan", "flickr": "nan", "education": "nan", "ref": "nan", "athletics": "nan", "man_made": "nan", "ceremonial": "nan", "inscriptio": "nan", "material": "nan", "start_date": "nan", "bicycle_pa": "nan", "shelter_ty": "nan", "playground": "nan", "disused": "nan", "type": "multipolygon", "addr_count": "nan", "internet_a": "nan", "name_de": "nan", "name_es": "nan", "name_fr": "nan", "name_it": "nan", "name_ja": "nan", "short_na_1": "nan", "short_na_2": "nan", "designatio": "nan", "path": "Point?crs=EPSG:4326&field=element:string(80,0)&field=id:string(80,0)&field=amenity:string(80,0)&field=name:string(80,0)&field=access:string(80,0)&field=barrier:string(80,0)&field=bicycle:string(80,0)&field=foot:string(80,0)&field=motor_vehi:string(80,0)&", "poi_tpye": "office" }, "geometry": { "type": "Point", "coordinates": [ 114.359077783624898, 30.542494140071977 ] } },
{ "type": "Feature", "properties": { "element": "node", "id": "13613667196", "amenity": "nan", "name": "文澜门", "access": "permit", "barrier": "gate", "bicycle": "permit", "foot": "permit", "motor_vehi": "no", "opening_ho": "24/7", "alt_name": "nan", "old_name": "nan", "locked": "nan", "leisure": "nan", "sport": "nan", "horse": "nan", "brand": "nan", "brand_en": "nan", "brand_wiki": "nan", "brand_wi_1": "nan", "brand_zh": "nan", "cuisine": "nan", "level": "nan", "name_en": "nan", "name_zh": "nan", "takeaway": "nan", "diet_halal": "nan", "addr_city": "nan", "addr_distr": "nan", "addr_postc": "nan", "addr_provi": "nan", "addr_stree": "nan", "building": "nan", "fee": "nan", "diet_meat": "nan", "note": "nan", "outdoor_se": "nan", "brand_zh-H": "nan", "brand_zh_1": "nan", "delivery": "nan", "name_zh-Ha": "nan", "name_zh-_1": "nan", "layer": "nan", "fast_food": "nan", "brand_zh-L": "nan", "name_zh-La": "nan", "surface": "nan", "addr_place": "nan", "addr_unit": "nan", "nohousenum": "nan", "roof_colou": "nan", "emergency": "nan", "healthcare": "nan", "healthca_1": "nan", "loc_name": "nan", "operator": "nan", "website": "nan", "wheelchair": "nan", "building_c": "nan", "building_l": "nan", "museum": "nan", "tourism": "nan", "official_n": "nan", "wikimedia_": "nan", "office": "nan", "int_name": "nan", "height": "nan", "short_name": "nan", "wikidata": "nan", "wikipedia": "nan", "historic": "nan", "roof_orien": "nan", "roof_shape": "nan", "addr_house": "nan", "addr_hou_1": "nan", "power": "nan", "building_u": "nan", "flickr": "nan", "education": "nan", "ref": "nan", "athletics": "nan", "man_made": "nan", "ceremonial": "nan", "inscriptio": "nan", "material": "nan", "start_date": "nan", "bicycle_pa": "nan", "shelter_ty": "nan", "playground": "nan", "disused": "nan", "type": "nan", "addr_count": "nan", "internet_a": "nan", "name_de": "nan", "name_es": "nan", "name_fr": "nan", "name_it": "nan", "name_ja": "nan", "short_na_1": "nan", "short_na_2": "nan", "designatio": "nan", "path": "G:/ShiKongShuJuWaJue/WHU_ElectricalBike/whu_spatial_data/whu_pois.shp", "poi_tpye": "gate" }, "geometry": { "type": "Point", "coordinates": [ 114.3548324, 30.5477507 ] } },
{ "type": "Feature", "properties": { "element": "relation", "id": "19172631", "amenity": "nan", "name": "计算机学院大楼", "access": "nan", "barrier": "nan", "bicycle": "nan", "foot": "nan", "motor_vehi": "nan", "opening_ho": "nan", "alt_name": "nan", "old_name": "nan", "locked": "nan", "leisure": "nan", "sport": "nan", "horse": "nan", "brand": "nan", "brand_en": "nan", "brand_wiki": "nan", "brand_wi_1": "nan", "brand_zh": "nan", "cuisine": "nan", "level": "nan", "name_en": "nan", "name_zh": "nan", "takeaway": "nan", "diet_halal": "nan", "addr_city": "nan", "addr_distr": "nan", "addr_postc": "nan", "addr_provi": "nan", "addr_stree": "nan", "building": "university", "fee": "nan", "diet_meat": "nan", "note": "nan", "outdoor_se": "nan", "brand_zh-H": "nan", "brand_zh_1": "nan", "delivery": "nan", "name_zh-Ha": "nan", "name_zh-_1": "nan", "layer": "nan", "fast_food": "nan", "brand_zh-L": "nan", "name_zh-La": "nan", "surface": "nan", "addr_place": "nan", "addr_unit": "nan", "nohousenum": "nan", "roof_colou": "nan", "emergency": "nan", "healthcare": "nan", "healthca_1": "nan", "loc_name": "nan", "operator": "nan", "website": "nan", "wheelchair": "nan", "building_c": "nan", "building_l": "nan", "museum": "nan", "tourism": "nan", "official_n": "nan", "wikimedia_": "nan", "office": "nan", "int_name": "nan", "height": "nan", "short_name": "nan", "wikidata": "nan", "wikipedia": "nan", "historic": "nan", "roof_orien": "nan", "roof_shape": "nan", "addr_house": "nan", "addr_hou_1": "nan", "power": "nan", "building_u": "nan", "flickr": "nan", "education": "nan", "ref": "nan", "athletics": "nan", "man_made": "nan", "ceremonial": "nan", "inscriptio": "nan", "material": "nan", "start_date": "nan", "bicycle_pa": "nan", "shelter_ty": "nan", "playground": "nan", "disused": "nan", "type": "multipolygon", "addr_count": "nan", "internet_a": "nan", "name_de": "nan", "name_es": "nan", "name_fr": "nan", "name_it": "nan", "name_ja": "nan", "short_na_1": "nan", "short_na_2": "nan", "designatio": "nan", "path": "Point?crs=EPSG:4326&field=element:string(80,0)&field=id:string(80,0)&field=amenity:string(80,0)&field=name:string(80,0)&field=access:string(80,0)&field=barrier:string(80,0)&field=bicycle:string(80,0)&field=foot:string(80,0)&field=motor_vehi:string(80,0)&", "poi_tpye": "office" }, "geometry": { "type": "Point", "coordinates": [ 114.351888190739174, 30.541161964862834 ] } },
{ "type": "Feature", "properties": { "element": "node", "id": "13613667184", "amenity": "nan", "name": "凌波门", "access": "permit", "barrier": "gate", "bicycle": "permit", "foot": "permit", "motor_vehi": "no", "opening_ho": "Mo-Su 07:00-22:00", "alt_name": "nan", "old_name": "nan", "locked": "nan", "leisure": "nan", "sport": "nan", "horse": "nan", "brand": "nan", "brand_en": "nan", "brand_wiki": "nan", "brand_wi_1": "nan", "brand_zh": "nan", "cuisine": "nan", "level": "nan", "name_en": "nan", "name_zh": "nan", "takeaway": "nan", "diet_halal": "nan", "addr_city": "nan", "addr_distr": "nan", "addr_postc": "nan", "addr_provi": "nan", "addr_stree": "nan", "building": "nan", "fee": "nan", "diet_meat": "nan", "note": "nan", "outdoor_se": "nan", "brand_zh-H": "nan", "brand_zh_1": "nan", "delivery": "nan", "name_zh-Ha": "nan", "name_zh-_1": "nan", "layer": "nan", "fast_food": "nan", "brand_zh-L": "nan", "name_zh-La": "nan", "surface": "nan", "addr_place": "nan", "addr_unit": "nan", "nohousenum": "nan", "roof_colou": "nan", "emergency": "nan", "healthcare": "nan", "healthca_1": "nan", "loc_name": "nan", "operator": "nan", "website": "nan", "wheelchair": "nan", "building_c": "nan", "building_l": "nan", "museum": "nan", "tourism": "nan", "official_n": "nan", "wikimedia_": "nan", "office": "nan", "int_name": "nan", "height": "nan", "short_name": "nan", "wikidata": "nan", "wikipedia": "nan", "historic": "nan", "roof_orien": "nan", "roof_shape": "nan", "addr_house": "nan", "addr_hou_1": "nan", "power": "nan", "building_u": "nan", "flickr": "nan", "education": "nan", "ref": "nan", "athletics": "nan", "man_made": "nan", "ceremonial": "nan", "inscriptio": "nan", "material": "nan", "start_date": "nan", "bicycle_pa": "nan", "shelter_ty": "nan", "playground": "nan", "disused": "nan", "type": "nan", "addr_count": "nan", "internet_a": "nan", "name_de": "nan", "name_es": "nan", "name_fr": "nan", "name_it": "nan", "name_ja": "nan", "short_na_1": "nan", "short_na_2": "nan", "designatio": "nan", "path": "G:/ShiKongShuJuWaJue/WHU_ElectricalBike/whu_spatial_data/whu_pois.shp", "poi_tpye": "gate" }, "geometry": { "type": "Point", "coordinates": [ 114.3650507, 30.5455911 ] } },
{ "type": "Feature", "properties": { "element": "relation", "id": "19078057", "amenity": "nan", "name": "四方楼", "access": "nan", "barrier": "nan", "bicycle": "nan", "foot": "nan", "motor_vehi": "nan", "opening_ho": "nan", "alt_name": "梅园综合楼", "old_name": "nan", "locked": "nan", "leisure": "nan", "sport": "nan", "horse": "nan", "brand": "nan", "brand_en": "nan", "brand_wiki": "nan", "brand_wi_1": "nan", "brand_zh": "nan", "cuisine": "nan", "level": "nan", "name_en": "nan", "name_zh": "nan", "takeaway": "nan", "diet_halal": "nan", "addr_city": "nan", "addr_distr": "nan", "addr_postc": "nan", "addr_provi": "nan", "addr_stree": "nan", "building": "university", "fee": "nan", "diet_meat": "nan", "note": "nan", "outdoor_se": "nan", "brand_zh-H": "nan", "brand_zh_1": "nan", "delivery": "nan", "name_zh-Ha": "nan", "name_zh-_1": "nan", "layer": "nan", "fast_food": "nan", "brand_zh-L": "nan", "name_zh-La": "nan", "surface": "nan", "addr_place": "nan", "addr_unit": "nan", "nohousenum": "nan", "roof_colou": "nan", "emergency": "nan", "healthcare": "nan", "healthca_1": "nan", "loc_name": "nan", "operator": "nan", "website": "nan", "wheelchair": "nan", "building_c": "nan", "building_l": "nan", "museum": "nan", "tourism": "nan", "official_n": "nan", "wikimedia_": "nan", "office": "nan", "int_name": "nan", "height": "nan", "short_name": "nan", "wikidata": "nan", "wikipedia": "nan", "historic": "nan", "roof_orien": "nan", "roof_shape": "nan", "addr_house": "nan", "addr_hou_1": "nan", "power": "nan", "building_u": "nan", "flickr": "nan", "education": "nan", "ref": "nan", "athletics": "nan", "man_made": "nan", "ceremonial": "nan", "inscriptio": "nan", "material": "nan", "start_date": "nan", "bicycle_pa": "nan", "shelter_ty": "nan", "playground": "nan", "disused": "nan", "type": "multipolygon", "addr_count": "nan", "internet_a": "nan", "name_de": "nan", "name_es": "nan", "name_fr": "nan", "name_it": "nan", "name_ja": "nan", "short_na_1": "nan", "short_na_2": "nan", "designatio": "nan", "path": "Point?crs=EPSG:4326&field=element:string(80,0)&field=id:string(80,0)&field=amenity:string(80,0)&field=name:string(80,0)&field=access:string(80,0)&field=barrier:string(80,0)&field=bicycle:string(80,0)&field=foot:string(80,0)&field=motor_vehi:string(80,0)&" }, "geometry": { "type": "Point", "coordinates": [ 114.361024670420605, 30.539153134912322 ] } },
{ "type": "Feature", "properties": { "element": "node", "id": "13613667172", "amenity": "nan", "name": "珞南三门", "access": "permit", "barrier": "gate", "bicycle": "permit", "foot": "permit", "motor_vehi": "no", "opening_ho": "24/7", "alt_name": "南三门", "old_name": "nan", "locked": "nan", "leisure": "nan", "sport": "nan", "horse": "nan", "brand": "nan", "brand_en": "nan", "brand_wiki": "nan", "brand_wi_1": "nan", "brand_zh": "nan", "cuisine": "nan", "level": "nan", "name_en": "nan", "name_zh": "nan", "takeaway": "nan", "diet_halal": "nan", "addr_city": "nan", "addr_distr": "nan", "addr_postc": "nan", "addr_provi": "nan", "addr_stree": "nan", "building": "nan", "fee": "nan", "diet_meat": "nan", "note": "nan", "outdoor_se": "nan", "brand_zh-H": "nan", "brand_zh_1": "nan", "delivery": "nan", "name_zh-Ha": "nan", "name_zh-_1": "nan", "layer": "nan", "fast_food": "nan", "brand_zh-L": "nan", "name_zh-La": "nan", "surface": "nan", "addr_place": "nan", "addr_unit": "nan", "nohousenum": "nan", "roof_colou": "nan", "emergency": "nan", "healthcare": "nan", "healthca_1": "nan", "loc_name": "nan", "operator": "nan", "website": "nan", "wheelchair": "nan", "building_c": "nan", "building_l": "nan", "museum": "nan", "tourism": "nan", "official_n": "nan", "wikimedia_": "nan", "office": "nan", "int_name": "nan", "height": "nan", "short_name": "nan", "wikidata": "nan", "wikipedia": "nan", "historic": "nan", "roof_orien": "nan", "roof_shape": "nan", "addr_house": "nan", "addr_hou_1": "nan", "power": "nan", "building_u": "nan", "flickr": "nan", "education": "nan", "ref": "nan", "athletics": "nan", "man_made": "nan", "ceremonial": "nan", "inscriptio": "nan", "material": "nan", "start_date": "nan", "bicycle_pa": "nan", "shelter_ty": "nan", "playground": "nan", "disused": "nan", "type": "nan", "addr_count": "nan", "internet_a": "nan", "name_de": "nan", "name_es": "nan", "name_fr": "nan", "name_it": "nan", "name_ja": "nan", "short_na_1": "nan", "short_na_2": "nan", "designatio": "nan", "path": "G:/ShiKongShuJuWaJue/WHU_ElectricalBike/whu_spatial_data/whu_pois.shp", "poi_tpye": "gate" }, "geometry": { "type": "Point", "coordinates": [ 114.362428300000019, 30.5321036 ] } },
{ "type": "Feature", "properties": { "element": "relation", "id": "19078055", "amenity": "nan", "name": "聚英楼", "access": "nan", "barrier": "nan", "bicycle": "nan", "foot": "nan", "motor_vehi": "nan", "opening_ho": "nan", "alt_name": "nan", "old_name": "nan", "locked": "nan", "leisure": "nan", "sport": "nan", "horse": "nan", "brand": "nan", "brand_en": "nan", "brand_wiki": "nan", "brand_wi_1": "nan", "brand_zh": "nan", "cuisine": "nan", "level": "nan", "name_en": "nan", "name_zh": "nan", "takeaway": "nan", "diet_halal": "nan", "addr_city": "nan", "addr_distr": "nan", "addr_postc": "nan", "addr_provi": "nan", "addr_stree": "nan", "building": "university", "fee": "nan", "diet_meat": "nan", "note": "nan", "outdoor_se": "nan", "brand_zh-H": "nan", "brand_zh_1": "nan", "delivery": "nan", "name_zh-Ha": "nan", "name_zh-_1": "nan", "layer": "nan", "fast_food": "nan", "brand_zh-L": "nan", "name_zh-La": "nan", "surface": "nan", "addr_place": "nan", "addr_unit": "nan", "nohousenum": "nan", "roof_colou": "nan", "emergency": "nan", "healthcare": "nan", "healthca_1": "nan", "loc_name": "nan", "operator": "nan", "website": "nan", "wheelchair": "nan", "building_c": "nan", "building_l": "nan", "museum": "nan", "tourism": "nan", "official_n": "nan", "wikimedia_": "File:Wuhan University chemistry department.jpg", "office": "nan", "int_name": "nan", "height": "nan", "short_name": "nan", "wikidata": "nan", "wikipedia": "nan", "historic": "nan", "roof_orien": "nan", "roof_shape": "nan", "addr_house": "nan", "addr_hou_1": "nan", "power": "nan", "building_u": "nan", "flickr": "nan", "education": "nan", "ref": "nan", "athletics": "nan", "man_made": "nan", "ceremonial": "nan", "inscriptio": "nan", "material": "nan", "start_date": "nan", "bicycle_pa": "nan", "shelter_ty": "nan", "playground": "nan", "disused": "nan", "type": "multipolygon", "addr_count": "nan", "internet_a": "nan", "name_de": "nan", "name_es": "nan", "name_fr": "nan", "name_it": "nan", "name_ja": "nan", "short_na_1": "nan", "short_na_2": "nan", "designatio": "nan", "path": "Point?crs=EPSG:4326&field=element:string(80,0)&field=id:string(80,0)&field=amenity:string(80,0)&field=name:string(80,0)&field=access:string(80,0)&field=barrier:string(80,0)&field=bicycle:string(80,0)&field=foot:string(80,0)&field=motor_vehi:string(80,0)&", "poi_tpye": "office" }, "geometry": { "type": "Point", "coordinates": [ 114.353643148544307, 30.538711107115525 ] } },
{ "type": "Feature", "properties": { "element": "node", "id": "13613667157", "amenity": "nan", "name": "弘毅门", "access": "nan", "barrier": "gate", "bicycle": "permit", "foot": "permit", "motor_vehi": "no", "opening_ho": "24/7", "alt_name": "西门", "old_name": "nan", "locked": "nan", "leisure": "nan", "sport": "nan", "horse": "nan", "brand": "nan", "brand_en": "nan", "brand_wiki": "nan", "brand_wi_1": "nan", "brand_zh": "nan", "cuisine": "nan", "level": "nan", "name_en": "nan", "name_zh": "nan", "takeaway": "nan", "diet_halal": "nan", "addr_city": "nan", "addr_distr": "nan", "addr_postc": "nan", "addr_provi": "nan", "addr_stree": "nan", "building": "nan", "fee": "nan", "diet_meat": "nan", "note": "nan", "outdoor_se": "nan", "brand_zh-H": "nan", "brand_zh_1": "nan", "delivery": "nan", "name_zh-Ha": "nan", "name_zh-_1": "nan", "layer": "nan", "fast_food": "nan", "brand_zh-L": "nan", "name_zh-La": "nan", "surface": "nan", "addr_place": "nan", "addr_unit": "nan", "nohousenum": "nan", "roof_colou": "nan", "emergency": "nan", "healthcare": "nan", "healthca_1": "nan", "loc_name": "nan", "operator": "nan", "website": "nan", "wheelchair": "nan", "building_c": "nan", "building_l": "nan", "museum": "nan", "tourism": "nan", "official_n": "nan", "wikimedia_": "nan", "office": "nan", "int_name": "nan", "height": "nan", "short_name": "nan", "wikidata": "nan", "wikipedia": "nan", "historic": "nan", "roof_orien": "nan", "roof_shape": "nan", "addr_house": "nan", "addr_hou_1": "nan", "power": "nan", "building_u": "nan", "flickr": "nan", "education": "nan", "ref": "nan", "athletics": "nan", "man_made": "nan", "ceremonial": "nan", "inscriptio": "nan", "material": "nan", "start_date": "nan", "bicycle_pa": "nan", "shelter_ty": "nan", "playground": "nan", "disused": "nan", "type": "nan", "addr_count": "nan", "internet_a": "nan", "name_de": "nan", "name_es": "nan", "name_fr": "nan", "name_it": "nan", "name_ja": "nan", "short_na_1": "nan", "short_na_2": "nan", "designatio": "nan", "path": "G:/ShiKongShuJuWaJue/WHU_ElectricalBike/whu_spatial_data/whu_pois.shp", "poi_tpye": "gate" }, "geometry": { "type": "Point", "coordinates": [ 114.3515066, 30.537708 ] } },
{ "type": "Feature", "properties": { "element": "relation", "id": "19078054", "amenity": "nan", "name": "亮胜楼", "access": "nan", "barrier": "nan", "bicycle": "nan", "foot": "nan", "motor_vehi": "nan", "opening_ho": "nan", "alt_name": "经济与管理学院大楼", "old_name": "nan", "locked": "nan", "leisure": "nan", "sport": "nan", "horse": "nan", "brand": "nan", "brand_en": "nan", "brand_wiki": "nan", "brand_wi_1": "nan", "brand_zh": "nan", "cuisine": "nan", "level": "nan", "name_en": "nan", "name_zh": "nan", "takeaway": "nan", "diet_halal": "nan", "addr_city": "nan", "addr_distr": "nan", "addr_postc": "nan", "addr_provi": "nan", "addr_stree": "nan", "building": "university", "fee": "nan", "diet_meat": "nan", "note": "nan", "outdoor_se": "nan", "brand_zh-H": "nan", "brand_zh_1": "nan", "delivery": "nan", "name_zh-Ha": "nan", "name_zh-_1": "nan", "layer": "nan", "fast_food": "nan", "brand_zh-L": "nan", "name_zh-La": "nan", "surface": "nan", "addr_place": "nan", "addr_unit": "nan", "nohousenum": "nan", "roof_colou": "nan", "emergency": "nan", "healthcare": "nan", "healthca_1": "nan", "loc_name": "nan", "operator": "nan", "website": "nan", "wheelchair": "nan", "building_c": "nan", "building_l": "nan", "museum": "nan", "tourism": "nan", "official_n": "nan", "wikimedia_": "nan", "office": "nan", "int_name": "nan", "height": "nan", "short_name": "nan", "wikidata": "nan", "wikipedia": "nan", "historic": "nan", "roof_orien": "nan", "roof_shape": "nan", "addr_house": "nan", "addr_hou_1": "nan", "power": "nan", "building_u": "nan", "flickr": "nan", "education": "nan", "ref": "nan", "athletics": "nan", "man_made": "nan", "ceremonial": "nan", "inscriptio": "nan", "material": "nan", "start_date": "nan", "bicycle_pa": "nan", "shelter_ty": "nan", "playground": "nan", "disused": "nan", "type": "multipolygon", "addr_count": "nan", "internet_a": "nan", "name_de": "nan", "name_es": "nan", "name_fr": "nan", "name_it": "nan", "name_ja": "nan", "short_na_1": "nan", "short_na_2": "nan", "designatio": "nan", "path": "Point?crs=EPSG:4326&field=element:string(80,0)&field=id:string(80,0)&field=amenity:string(80,0)&field=name:string(80,0)&field=access:string(80,0)&field=barrier:string(80,0)&field=bicycle:string(80,0)&field=foot:string(80,0)&field=motor_vehi:string(80,0)&", "poi_tpye": "office" }, "geometry": { "type": "Point", "coordinates": [ 114.367711650309346, 30.541148230634423 ] } },
{ "type": "Feature", "properties": { "element": "node", "id": "13613667148", "amenity": "nan", "name": "珞珈门", "access": "permit", "barrier": "gate", "bicycle": "permit", "foot": "permit", "motor_vehi": "no", "opening_ho": "24/7", "alt_name": "nan", "old_name": "nan", "locked": "nan", "leisure": "nan", "sport": "nan", "horse": "nan", "brand": "nan", "brand_en": "nan", "brand_wiki": "nan", "brand_wi_1": "nan", "brand_zh": "nan", "cuisine": "nan", "level": "nan", "name_en": "nan", "name_zh": "nan", "takeaway": "nan", "diet_halal": "nan", "addr_city": "nan", "addr_distr": "nan", "addr_postc": "nan", "addr_provi": "nan", "addr_stree": "nan", "building": "nan", "fee": "nan", "diet_meat": "nan", "note": "nan", "outdoor_se": "nan", "brand_zh-H": "nan", "brand_zh_1": "nan", "delivery": "nan", "name_zh-Ha": "nan", "name_zh-_1": "nan", "layer": "nan", "fast_food": "nan", "brand_zh-L": "nan", "name_zh-La": "nan", "surface": "nan", "addr_place": "nan", "addr_unit": "nan", "nohousenum": "nan", "roof_colou": "nan", "emergency": "nan", "healthcare": "nan", "healthca_1": "nan", "loc_name": "nan", "operator": "nan", "website": "nan", "wheelchair": "nan", "building_c": "nan", "building_l": "nan", "museum": "nan", "tourism": "nan", "official_n": "nan", "wikimedia_": "nan", "office": "nan", "int_name": "nan", "height": "nan", "short_name": "nan", "wikidata": "nan", "wikipedia": "nan", "historic": "nan", "roof_orien": "nan", "roof_shape": "nan", "addr_house": "nan", "addr_hou_1": "nan", "power": "nan", "building_u": "nan", "flickr": "nan", "education": "nan", "ref": "nan", "athletics": "nan", "man_made": "nan", "ceremonial": "nan", "inscriptio": "nan", "material": "nan", "start_date": "nan", "bicycle_pa": "nan", "shelter_ty": "nan", "playground": "nan", "disused": "nan", "type": "nan", "addr_count": "nan", "internet_a": "nan", "name_de": "nan", "name_es": "nan", "name_fr": "nan", "name_it": "nan", "name_ja": "nan", "short_na_1": "nan", "short_na_2": "nan", "designatio": "nan", "path": "G:/ShiKongShuJuWaJue/WHU_ElectricalBike/whu_spatial_data/whu_pois.shp", "poi_tpye": "gate" }, "geometry": { "type": "Point", "coordinates": [ 114.3519193, 30.535039 ] } },
{ "type": "Feature", "properties": { "element": "relation", "id": "19078053", "amenity": "nan", "name": "法学院大楼", "access": "nan", "barrier": "nan", "bicycle": "nan", "foot": "nan", "motor_vehi": "nan", "opening_ho": "nan", "alt_name": "nan", "old_name": "nan", "locked": "nan", "leisure": "nan", "sport": "nan", "horse": "nan", "brand": "nan", "brand_en": "nan", "brand_wiki": "nan", "brand_wi_1": "nan", "brand_zh": "nan", "cuisine": "nan", "level": "nan", "name_en": "nan", "name_zh": "nan", "takeaway": "nan", "diet_halal": "nan", "addr_city": "nan", "addr_distr": "nan", "addr_postc": "nan", "addr_provi": "nan", "addr_stree": "nan", "building": "university", "fee": "nan", "diet_meat": "nan", "note": "nan", "outdoor_se": "nan", "brand_zh-H": "nan", "brand_zh_1": "nan", "delivery": "nan", "name_zh-Ha": "nan", "name_zh-_1": "nan", "layer": "nan", "fast_food": "nan", "brand_zh-L": "nan", "name_zh-La": "nan", "surface": "nan", "addr_place": "nan", "addr_unit": "nan", "nohousenum": "nan", "roof_colou": "nan", "emergency": "nan", "healthcare": "nan", "healthca_1": "nan", "loc_name": "nan", "operator": "nan", "website": "nan", "wheelchair": "nan", "building_c": "nan", "building_l": "nan", "museum": "nan", "tourism": "nan", "official_n": "nan", "wikimedia_": "File:Wuhan University law and foreign language departments.jpg", "office": "nan", "int_name": "nan", "height": "nan", "short_name": "nan", "wikidata": "nan", "wikipedia": "nan", "historic": "nan", "roof_orien": "nan", "roof_shape": "nan", "addr_house": "nan", "addr_hou_1": "nan", "power": "nan", "building_u": "nan", "flickr": "nan", "education": "nan", "ref": "nan", "athletics": "nan", "man_made": "nan", "ceremonial": "nan", "inscriptio": "nan", "material": "nan", "start_date": "nan", "bicycle_pa": "nan", "shelter_ty": "nan", "playground": "nan", "disused": "nan", "type": "multipolygon", "addr_count": "nan", "internet_a": "nan", "name_de": "nan", "name_es": "nan", "name_fr": "nan", "name_it": "nan", "name_ja": "nan", "short_na_1": "nan", "short_na_2": "nan", "designatio": "nan", "path": "Point?crs=EPSG:4326&field=element:string(80,0)&field=id:string(80,0)&field=amenity:string(80,0)&field=name:string(80,0)&field=access:string(80,0)&field=barrier:string(80,0)&field=bicycle:string(80,0)&field=foot:string(80,0)&field=motor_vehi:string(80,0)&", "poi_tpye": "office" }, "geometry": { "type": "Point", "coordinates": [ 114.36560548942235, 30.541023713225247 ] } },
{ "type": "Feature", "properties": { "element": "node", "id": "13613667147", "amenity": "nan", "name": "珞喻门", "access": "nan", "barrier": "gate", "bicycle": "permit", "foot": "permit", "motor_vehi": "no", "opening_ho": "Mo-Su 07:00-23:00", "alt_name": "南门", "old_name": "nan", "locked": "nan", "leisure": "nan", "sport": "nan", "horse": "nan", "brand": "nan", "brand_en": "nan", "brand_wiki": "nan", "brand_wi_1": "nan", "brand_zh": "nan", "cuisine": "nan", "level": "nan", "name_en": "nan", "name_zh": "nan", "takeaway": "nan", "diet_halal": "nan", "addr_city": "nan", "addr_distr": "nan", "addr_postc": "nan", "addr_provi": "nan", "addr_stree": "nan", "building": "nan", "fee": "nan", "diet_meat": "nan", "note": "nan", "outdoor_se": "nan", "brand_zh-H": "nan", "brand_zh_1": "nan", "delivery": "nan", "name_zh-Ha": "nan", "name_zh-_1": "nan", "layer": "nan", "fast_food": "nan", "brand_zh-L": "nan", "name_zh-La": "nan", "surface": "nan", "addr_place": "nan", "addr_unit": "nan", "nohousenum": "nan", "roof_colou": "nan", "emergency": "nan", "healthcare": "nan", "healthca_1": "nan", "loc_name": "nan", "operator": "nan", "website": "nan", "wheelchair": "nan", "building_c": "nan", "building_l": "nan", "museum": "nan", "tourism": "nan", "official_n": "nan", "wikimedia_": "nan", "office": "nan", "int_name": "nan", "height": "nan", "short_name": "nan", "wikidata": "nan", "wikipedia": "nan", "historic": "nan", "roof_orien": "nan", "roof_shape": "nan", "addr_house": "nan", "addr_hou_1": "nan", "power": "nan", "building_u": "nan", "flickr": "nan", "education": "nan", "ref": "nan", "athletics": "nan", "man_made": "nan", "ceremonial": "nan", "inscriptio": "nan", "material": "nan", "start_date": "nan", "bicycle_pa": "nan", "shelter_ty": "nan", "playground": "nan", "disused": "nan", "type": "nan", "addr_count": "nan", "internet_a": "nan", "name_de": "nan", "name_es": "nan", "name_fr": "nan", "name_it": "nan", "name_ja": "nan", "short_na_1": "nan", "short_na_2": "nan", "designatio": "nan", "path": "G:/ShiKongShuJuWaJue/WHU_ElectricalBike/whu_spatial_data/whu_pois.shp", "poi_tpye": "gate" }, "geometry": { "type": "Point", "coordinates": [ 114.3556182, 30.5270778 ] } },
{ "type": "Feature", "properties": { "element": "relation", "id": "19078052", "amenity": "nan", "name": "外国语言文学学院大楼", "access": "nan", "barrier": "nan", "bicycle": "nan", "foot": "nan", "motor_vehi": "nan", "opening_ho": "nan", "alt_name": "nan", "old_name": "nan", "locked": "nan", "leisure": "nan", "sport": "nan", "horse": "nan", "brand": "nan", "brand_en": "nan", "brand_wiki": "nan", "brand_wi_1": "nan", "brand_zh": "nan", "cuisine": "nan", "level": "nan", "name_en": "nan", "name_zh": "nan", "takeaway": "nan", "diet_halal": "nan", "addr_city": "nan", "addr_distr": "nan", "addr_postc": "nan", "addr_provi": "nan", "addr_stree": "nan", "building": "university", "fee": "nan", "diet_meat": "nan", "note": "nan", "outdoor_se": "nan", "brand_zh-H": "nan", "brand_zh_1": "nan", "delivery": "nan", "name_zh-Ha": "nan", "name_zh-_1": "nan", "layer": "nan", "fast_food": "nan", "brand_zh-L": "nan", "name_zh-La": "nan", "surface": "nan", "addr_place": "nan", "addr_unit": "nan", "nohousenum": "nan", "roof_colou": "nan", "emergency": "nan", "healthcare": "nan", "healthca_1": "nan", "loc_name": "nan", "operator": "nan", "website": "nan", "wheelchair": "nan", "building_c": "nan", "building_l": "nan", "museum": "nan", "tourism": "nan", "official_n": "nan", "wikimedia_": "File:Wuhan University law and foreign language departments.jpg", "office": "nan", "int_name": "nan", "height": "nan", "short_name": "nan", "wikidata": "nan", "wikipedia": "nan", "historic": "nan", "roof_orien": "nan", "roof_shape": "nan", "addr_house": "nan", "addr_hou_1": "nan", "power": "nan", "building_u": "nan", "flickr": "nan", "education": "nan", "ref": "nan", "athletics": "nan", "man_made": "nan", "ceremonial": "nan", "inscriptio": "nan", "material": "nan", "start_date": "nan", "bicycle_pa": "nan", "shelter_ty": "nan", "playground": "nan", "disused": "nan", "type": "multipolygon", "addr_count": "nan", "internet_a": "nan", "name_de": "nan", "name_es": "nan", "name_fr": "nan", "name_it": "nan", "name_ja": "nan", "short_na_1": "nan", "short_na_2": "nan", "designatio": "nan", "path": "Point?crs=EPSG:4326&field=element:string(80,0)&field=id:string(80,0)&field=amenity:string(80,0)&field=name:string(80,0)&field=access:string(80,0)&field=barrier:string(80,0)&field=bicycle:string(80,0)&field=foot:string(80,0)&field=motor_vehi:string(80,0)&", "poi_tpye": "office" }, "geometry": { "type": "Point", "coordinates": [ 114.365306762977184, 30.541837828218284 ] } },
{ "type": "Feature", "properties": { "element": "node", "id": "13613667143", "amenity": "nan", "name": "珞喻门", "access": "permit", "barrier": "gate", "bicycle": "permit", "foot": "permit", "motor_vehi": "no", "opening_ho": "Mo-Su 07:00-23:00", "alt_name": "南门", "old_name": "nan", "locked": "nan", "leisure": "nan", "sport": "nan", "horse": "nan", "brand": "nan", "brand_en": "nan", "brand_wiki": "nan", "brand_wi_1": "nan", "brand_zh": "nan", "cuisine": "nan", "level": "nan", "name_en": "nan", "name_zh": "nan", "takeaway": "nan", "diet_halal": "nan", "addr_city": "nan", "addr_distr": "nan", "addr_postc": "nan", "addr_provi": "nan", "addr_stree": "nan", "building": "nan", "fee": "nan", "diet_meat": "nan", "note": "nan", "outdoor_se": "nan", "brand_zh-H": "nan", "brand_zh_1": "nan", "delivery": "nan", "name_zh-Ha": "nan", "name_zh-_1": "nan", "layer": "nan", "fast_food": "nan", "brand_zh-L": "nan", "name_zh-La": "nan", "surface": "nan", "addr_place": "nan", "addr_unit": "nan", "nohousenum": "nan", "roof_colou": "nan", "emergency": "nan", "healthcare": "nan", "healthca_1": "nan", "loc_name": "nan", "operator": "nan", "website": "nan", "wheelchair": "nan", "building_c": "nan", "building_l": "nan", "museum": "nan", "tourism": "nan", "official_n": "nan", "wikimedia_": "nan", "office": "nan", "int_name": "nan", "height": "nan", "short_name": "nan", "wikidata": "nan", "wikipedia": "nan", "historic": "nan", "roof_orien": "nan", "roof_shape": "nan", "addr_house": "nan", "addr_hou_1": "nan", "power": "nan", "building_u": "nan", "flickr": "nan", "education": "nan", "ref": "nan", "athletics": "nan", "man_made": "nan", "ceremonial": "nan", "inscriptio": "nan", "material": "nan", "start_date": "nan", "bicycle_pa": "nan", "shelter_ty": "nan", "playground": "nan", "disused": "nan", "type": "nan", "addr_count": "nan", "internet_a": "nan", "name_de": "nan", "name_es": "nan", "name_fr": "nan", "name_it": "nan", "name_ja": "nan", "short_na_1": "nan", "short_na_2": "nan", "designatio": "nan", "path": "G:/ShiKongShuJuWaJue/WHU_ElectricalBike/whu_spatial_data/whu_pois.shp", "poi_tpye": "gate" }, "geometry": { "type": "Point", "coordinates": [ 114.35582380000001, 30.5270788 ] } },
{ "type": "Feature", "properties": { "element": "relation", "id": "19071034", "amenity": "nan", "name": "大创中心", "access": "nan", "barrier": "nan", "bicycle": "nan", "foot": "nan", "motor_vehi": "nan", "opening_ho": "nan", "alt_name": "nan", "old_name": "nan", "locked": "nan", "leisure": "nan", "sport": "nan", "horse": "nan", "brand": "nan", "brand_en": "nan", "brand_wiki": "nan", "brand_wi_1": "nan", "brand_zh": "nan", "cuisine": "nan", "level": "nan", "name_en": "nan", "name_zh": "nan", "takeaway": "nan", "diet_halal": "nan", "addr_city": "nan", "addr_distr": "nan", "addr_postc": "nan", "addr_provi": "nan", "addr_stree": "nan", "building": "university", "fee": "nan", "diet_meat": "nan", "note": "nan", "outdoor_se": "nan", "brand_zh-H": "nan", "brand_zh_1": "nan", "delivery": "nan", "name_zh-Ha": "nan", "name_zh-_1": "nan", "layer": "nan", "fast_food": "nan", "brand_zh-L": "nan", "name_zh-La": "nan", "surface": "nan", "addr_place": "nan", "addr_unit": "nan", "nohousenum": "nan", "roof_colou": "nan", "emergency": "nan", "healthcare": "nan", "healthca_1": "nan", "loc_name": "nan", "operator": "nan", "website": "https://gc.whu.edu.cn", "wheelchair": "nan", "building_c": "nan", "building_l": "nan", "museum": "nan", "tourism": "nan", "official_n": "武汉大学大学生工程训练与创新实践中心", "wikimedia_": "nan", "office": "nan", "int_name": "nan", "height": "nan", "short_name": "nan", "wikidata": "nan", "wikipedia": "nan", "historic": "nan", "roof_orien": "nan", "roof_shape": "nan", "addr_house": "nan", "addr_hou_1": "nan", "power": "nan", "building_u": "nan", "flickr": "nan", "education": "nan", "ref": "nan", "athletics": "nan", "man_made": "nan", "ceremonial": "nan", "inscriptio": "nan", "material": "nan", "start_date": "nan", "bicycle_pa": "nan", "shelter_ty": "nan", "playground": "nan", "disused": "nan", "type": "multipolygon", "addr_count": "nan", "internet_a": "nan", "name_de": "nan", "name_es": "nan", "name_fr": "nan", "name_it": "nan", "name_ja": "nan", "short_na_1": "nan", "short_na_2": "nan", "designatio": "nan", "path": "Point?crs=EPSG:4326&field=element:string(80,0)&field=id:string(80,0)&field=amenity:string(80,0)&field=name:string(80,0)&field=access:string(80,0)&field=barrier:string(80,0)&field=bicycle:string(80,0)&field=foot:string(80,0)&field=motor_vehi:string(80,0)&", "poi_tpye": "office" }, "geometry": { "type": "Point", "coordinates": [ 114.356230982414118, 30.543746309518898 ] } },
{ "type": "Feature", "properties": { "element": "node", "id": "13583151222", "amenity": "cafe", "name": "古茗", "access": "nan", "barrier": "nan", "bicycle": "nan", "foot": "nan", "motor_vehi": "nan", "opening_ho": "nan", "alt_name": "nan", "old_name": "nan", "locked": "nan", "leisure": "nan", "sport": "nan", "horse": "nan", "brand": "古茗", "brand_en": "Good me", "brand_wiki": "Q101500324", "brand_wi_1": "nan", "brand_zh": "古茗", "cuisine": "bubble_tea", "level": "nan", "name_en": "Good me", "name_zh": "古茗", "takeaway": "yes", "diet_halal": "nan", "addr_city": "nan", "addr_distr": "nan", "addr_postc": "nan", "addr_provi": "nan", "addr_stree": "nan", "building": "nan", "fee": "nan", "diet_meat": "nan", "note": "nan", "outdoor_se": "nan", "brand_zh-H": "nan", "brand_zh_1": "nan", "delivery": "nan", "name_zh-Ha": "nan", "name_zh-_1": "nan", "layer": "nan", "fast_food": "nan", "brand_zh-L": "nan", "name_zh-La": "nan", "surface": "nan", "addr_place": "nan", "addr_unit": "nan", "nohousenum": "nan", "roof_colou": "nan", "emergency": "nan", "healthcare": "nan", "healthca_1": "nan", "loc_name": "nan", "operator": "nan", "website": "nan", "wheelchair": "nan", "building_c": "nan", "building_l": "nan", "museum": "nan", "tourism": "nan", "official_n": "nan", "wikimedia_": "nan", "office": "nan", "int_name": "nan", "height": "nan", "short_name": "nan", "wikidata": "nan", "wikipedia": "nan", "historic": "nan", "roof_orien": "nan", "roof_shape": "nan", "addr_house": "nan", "addr_hou_1": "nan", "power": "nan", "building_u": "nan", "flickr": "nan", "education": "nan", "ref": "nan", "athletics": "nan", "man_made": "nan", "ceremonial": "nan", "inscriptio": "nan", "material": "nan", "start_date": "nan", "bicycle_pa": "nan", "shelter_ty": "nan", "playground": "nan", "disused": "nan", "type": "nan", "addr_count": "nan", "internet_a": "nan", "name_de": "nan", "name_es": "nan", "name_fr": "nan", "name_it": "nan", "name_ja": "nan", "short_na_1": "nan", "short_na_2": "nan", "designatio": "nan", "path": "G:/ShiKongShuJuWaJue/WHU_ElectricalBike/whu_spatial_data/whu_pois.shp", "poi_tpye": "food" }, "geometry": { "type": "Point", "coordinates": [ 114.358684200000013, 30.5352091 ] } },
{ "type": "Feature", "properties": { "element": "relation", "id": "11873107", "amenity": "nan", "name": "工学部1号教学楼", "access": "nan", "barrier": "nan", "bicycle": "nan", "foot": "nan", "motor_vehi": "nan", "opening_ho": "nan", "alt_name": "nan", "old_name": "工学部第一教学楼", "locked": "nan", "leisure": "nan", "sport": "nan", "horse": "nan", "brand": "nan", "brand_en": "nan", "brand_wiki": "nan", "brand_wi_1": "nan", "brand_zh": "nan", "cuisine": "nan", "level": "nan", "name_en": "nan", "name_zh": "工学部1号教学楼", "takeaway": "nan", "diet_halal": "nan", "addr_city": "nan", "addr_distr": "nan", "addr_postc": "nan", "addr_provi": "nan", "addr_stree": "nan", "building": "university", "fee": "nan", "diet_meat": "nan", "note": "nan", "outdoor_se": "nan", "brand_zh-H": "nan", "brand_zh_1": "nan", "delivery": "nan", "name_zh-Ha": "nan", "name_zh-_1": "nan", "layer": "nan", "fast_food": "nan", "brand_zh-L": "nan", "name_zh-La": "nan", "surface": "nan", "addr_place": "nan", "addr_unit": "nan", "nohousenum": "nan", "roof_colou": "nan", "emergency": "nan", "healthcare": "nan", "healthca_1": "nan", "loc_name": "nan", "operator": "nan", "website": "nan", "wheelchair": "nan", "building_c": "nan", "building_l": "5", "museum": "nan", "tourism": "nan", "official_n": "nan", "wikimedia_": "nan", "office": "nan", "int_name": "nan", "height": "nan", "short_name": "nan", "wikidata": "nan", "wikipedia": "nan", "historic": "nan", "roof_orien": "nan", "roof_shape": "nan", "addr_house": "nan", "addr_hou_1": "nan", "power": "nan", "building_u": "nan", "flickr": "nan", "education": "nan", "ref": "nan", "athletics": "nan", "man_made": "nan", "ceremonial": "nan", "inscriptio": "nan", "material": "nan", "start_date": "nan", "bicycle_pa": "nan", "shelter_ty": "nan", "playground": "nan", "disused": "nan", "type": "multipolygon", "addr_count": "nan", "internet_a": "nan", "name_de": "nan", "name_es": "nan", "name_fr": "nan", "name_it": "nan", "name_ja": "nan", "short_na_1": "nan", "short_na_2": "nan", "designatio": "nan", "path": "Point?crs=EPSG:4326&field=element:string(80,0)&field=id:string(80,0)&field=amenity:string(80,0)&field=name:string(80,0)&field=access:string(80,0)&field=barrier:string(80,0)&field=bicycle:string(80,0)&field=foot:string(80,0)&field=motor_vehi:string(80,0)&", "poi_tpye": "teaching_building" }, "geometry": { "type": "Point", "coordinates": [ 114.35671143537526, 30.546079652746936 ] } },
{ "type": "Feature", "properties": { "element": "node", "id": "13576370726", "amenity": "fast_food", "name": "糯米包油条", "access": "nan", "barrier": "nan", "bicycle": "nan", "foot": "nan", "motor_vehi": "nan", "opening_ho": "nan", "alt_name": "nan", "old_name": "nan", "locked": "nan", "leisure": "nan", "sport": "nan", "horse": "nan", "brand": "nan", "brand_en": "nan", "brand_wiki": "nan", "brand_wi_1": "nan", "brand_zh": "nan", "cuisine": "chinese", "level": "nan", "name_en": "nan", "name_zh": "nan", "takeaway": "only", "diet_halal": "nan", "addr_city": "nan", "addr_distr": "nan", "addr_postc": "nan", "addr_provi": "nan", "addr_stree": "nan", "building": "nan", "fee": "nan", "diet_meat": "nan", "note": "nan", "outdoor_se": "nan", "brand_zh-H": "nan", "brand_zh_1": "nan", "delivery": "nan", "name_zh-Ha": "nan", "name_zh-_1": "nan", "layer": "nan", "fast_food": "nan", "brand_zh-L": "nan", "name_zh-La": "nan", "surface": "nan", "addr_place": "nan", "addr_unit": "nan", "nohousenum": "nan", "roof_colou": "nan", "emergency": "nan", "healthcare": "nan", "healthca_1": "nan", "loc_name": "nan", "operator": "nan", "website": "nan", "wheelchair": "nan", "building_c": "nan", "building_l": "nan", "museum": "nan", "tourism": "nan", "official_n": "nan", "wikimedia_": "nan", "office": "nan", "int_name": "nan", "height": "nan", "short_name": "nan", "wikidata": "nan", "wikipedia": "nan", "historic": "nan", "roof_orien": "nan", "roof_shape": "nan", "addr_house": "nan", "addr_hou_1": "nan", "power": "nan", "building_u": "nan", "flickr": "nan", "education": "nan", "ref": "nan", "athletics": "nan", "man_made": "nan", "ceremonial": "nan", "inscriptio": "nan", "material": "nan", "start_date": "nan", "bicycle_pa": "nan", "shelter_ty": "nan", "playground": "nan", "disused": "nan", "type": "nan", "addr_count": "nan", "internet_a": "nan", "name_de": "nan", "name_es": "nan", "name_fr": "nan", "name_it": "nan", "name_ja": "nan", "short_na_1": "nan", "short_na_2": "nan", "designatio": "nan", "path": "G:/ShiKongShuJuWaJue/WHU_ElectricalBike/whu_spatial_data/whu_pois.shp", "poi_tpye": "food" }, "geometry": { "type": "Point", "coordinates": [ 114.3580686, 30.5333492 ] } },
{ "type": "Feature", "properties": { "element": "relation", "id": "10717504", "amenity": "university", "name": "武汉大学", "access": "nan", "barrier": "nan", "bicycle": "nan", "foot": "nan", "motor_vehi": "nan", "opening_ho": "nan", "alt_name": "nan", "old_name": "国立武汉大学", "locked": "nan", "leisure": "nan", "sport": "nan", "horse": "nan", "brand": "nan", "brand_en": "nan", "brand_wiki": "nan", "brand_wi_1": "nan", "brand_zh": "nan", "cuisine": "nan", "level": "nan", "name_en": "Wuhan University", "name_zh": "武汉大学", "takeaway": "nan", "diet_halal": "nan", "addr_city": "武汉市", "addr_distr": "武昌区", "addr_postc": "430072", "addr_provi": "湖北省", "addr_stree": "八一路", "building": "nan", "fee": "nan", "diet_meat": "nan", "note": "nan", "outdoor_se": "nan", "brand_zh-H": "nan", "brand_zh_1": "nan", "delivery": "nan", "name_zh-Ha": "武汉大学", "name_zh-_1": "武漢大學", "layer": "nan", "fast_food": "nan", "brand_zh-L": "nan", "name_zh-La": "nan", "surface": "nan", "addr_place": "nan", "addr_unit": "nan", "nohousenum": "nan", "roof_colou": "nan", "emergency": "nan", "healthcare": "nan", "healthca_1": "nan", "loc_name": "nan", "operator": "nan", "website": "https://www.whu.edu.cn/", "wheelchair": "nan", "building_c": "nan", "building_l": "nan", "museum": "nan", "tourism": "nan", "official_n": "nan", "wikimedia_": "nan", "office": "nan", "int_name": "Wuhan University", "height": "nan", "short_name": "武大", "wikidata": "Q1108197", "wikipedia": "zh:武汉大学", "historic": "nan", "roof_orien": "nan", "roof_shape": "nan", "addr_house": "299", "addr_hou_1": "nan", "power": "nan", "building_u": "nan", "flickr": "nan", "education": "university", "ref": "nan", "athletics": "nan", "man_made": "nan", "ceremonial": "nan", "inscriptio": "nan", "material": "nan", "start_date": "nan", "bicycle_pa": "nan", "shelter_ty": "nan", "playground": "nan", "disused": "nan", "type": "multipolygon", "addr_count": "CN", "internet_a": "yes", "name_de": "Wuhan-Universität", "name_es": "Universidad de Wuhan", "name_fr": "Université de Wuhan", "name_it": "Università di Wuhan", "name_ja": "武漢大学", "short_na_1": "WHU", "short_na_2": "武大", "designatio": "nan", "path": "Point?crs=EPSG:4326&field=element:string(80,0)&field=id:string(80,0)&field=amenity:string(80,0)&field=name:string(80,0)&field=access:string(80,0)&field=barrier:string(80,0)&field=bicycle:string(80,0)&field=foot:string(80,0)&field=motor_vehi:string(80,0)&" }, "geometry": { "type": "Point", "coordinates": [ 114.358887894902125, 30.538678748242255 ] } },
{ "type": "Feature", "properties": { "element": "relation", "id": "9602997", "amenity": "nan", "name": "佩松楼", "access": "nan", "barrier": "nan", "bicycle": "nan", "foot": "nan", "motor_vehi": "nan", "opening_ho": "nan", "alt_name": "新闻与传播学院大楼", "old_name": "nan", "locked": "nan", "leisure": "nan", "sport": "nan", "horse": "nan", "brand": "nan", "brand_en": "nan", "brand_wiki": "nan", "brand_wi_1": "nan", "brand_zh": "nan", "cuisine": "nan", "level": "nan", "name_en": "nan", "name_zh": "nan", "takeaway": "nan", "diet_halal": "nan", "addr_city": "nan", "addr_distr": "nan", "addr_postc": "nan", "addr_provi": "nan", "addr_stree": "nan", "building": "university", "fee": "nan", "diet_meat": "nan", "note": "nan", "outdoor_se": "nan", "brand_zh-H": "nan", "brand_zh_1": "nan", "delivery": "nan", "name_zh-Ha": "nan", "name_zh-_1": "nan", "layer": "nan", "fast_food": "nan", "brand_zh-L": "nan", "name_zh-La": "nan", "surface": "nan", "addr_place": "nan", "addr_unit": "nan", "nohousenum": "nan", "roof_colou": "nan", "emergency": "nan", "healthcare": "nan", "healthca_1": "nan", "loc_name": "nan", "operator": "nan", "website": "nan", "wheelchair": "nan", "building_c": "nan", "building_l": "nan", "museum": "nan", "tourism": "nan", "official_n": "nan", "wikimedia_": "nan", "office": "nan", "int_name": "nan", "height": "nan", "short_name": "nan", "wikidata": "nan", "wikipedia": "nan", "historic": "nan", "roof_orien": "nan", "roof_shape": "nan", "addr_house": "nan", "addr_hou_1": "nan", "power": "nan", "building_u": "nan", "flickr": "nan", "education": "nan", "ref": "nan", "athletics": "nan", "man_made": "nan", "ceremonial": "nan", "inscriptio": "nan", "material": "nan", "start_date": "nan", "bicycle_pa": "nan", "shelter_ty": "nan", "playground": "nan", "disused": "nan", "type": "multipolygon", "addr_count": "nan", "internet_a": "nan", "name_de": "nan", "name_es": "nan", "name_fr": "nan", "name_it": "nan", "name_ja": "nan", "short_na_1": "nan", "short_na_2": "nan", "designatio": "nan", "path": "Point?crs=EPSG:4326&field=element:string(80,0)&field=id:string(80,0)&field=amenity:string(80,0)&field=name:string(80,0)&field=access:string(80,0)&field=barrier:string(80,0)&field=bicycle:string(80,0)&field=foot:string(80,0)&field=motor_vehi:string(80,0)&", "poi_tpye": "office" }, "geometry": { "type": "Point", "coordinates": [ 114.3622545545348, 30.54216210875877 ] } },
{ "type": "Feature", "properties": { "element": "node", "id": "13574789123", "amenity": "restaurant", "name": "鱼籽村秘制拌饭", "access": "nan", "barrier": "nan", "bicycle": "nan", "foot": "nan", "motor_vehi": "nan", "opening_ho": "nan", "alt_name": "nan", "old_name": "nan", "locked": "nan", "leisure": "nan", "sport": "nan", "horse": "nan", "brand": "nan", "brand_en": "nan", "brand_wiki": "nan", "brand_wi_1": "nan", "brand_zh": "nan", "cuisine": "chinese", "level": "nan", "name_en": "nan", "name_zh": "nan", "takeaway": "nan", "diet_halal": "nan", "addr_city": "nan", "addr_distr": "nan", "addr_postc": "nan", "addr_provi": "nan", "addr_stree": "nan", "building": "nan", "fee": "nan", "diet_meat": "nan", "note": "nan", "outdoor_se": "nan", "brand_zh-H": "nan", "brand_zh_1": "nan", "delivery": "nan", "name_zh-Ha": "nan", "name_zh-_1": "nan", "layer": "nan", "fast_food": "nan", "brand_zh-L": "nan", "name_zh-La": "nan", "surface": "nan", "addr_place": "nan", "addr_unit": "nan", "nohousenum": "nan", "roof_colou": "nan", "emergency": "nan", "healthcare": "nan", "healthca_1": "nan", "loc_name": "nan", "operator": "nan", "website": "nan", "wheelchair": "nan", "building_c": "nan", "building_l": "nan", "museum": "nan", "tourism": "nan", "official_n": "nan", "wikimedia_": "nan", "office": "nan", "int_name": "nan", "height": "nan", "short_name": "nan", "wikidata": "nan", "wikipedia": "nan", "historic": "nan", "roof_orien": "nan", "roof_shape": "nan", "addr_house": "nan", "addr_hou_1": "nan", "power": "nan", "building_u": "nan", "flickr": "nan", "education": "nan", "ref": "nan", "athletics": "nan", "man_made": "nan", "ceremonial": "nan", "inscriptio": "nan", "material": "nan", "start_date": "nan", "bicycle_pa": "nan", "shelter_ty": "nan", "playground": "nan", "disused": "nan", "type": "nan", "addr_count": "nan", "internet_a": "nan", "name_de": "nan", "name_es": "nan", "name_fr": "nan", "name_it": "nan", "name_ja": "nan", "short_na_1": "nan", "short_na_2": "nan", "designatio": "nan", "path": "G:/ShiKongShuJuWaJue/WHU_ElectricalBike/whu_spatial_data/whu_pois.shp", "poi_tpye": "food" }, "geometry": { "type": "Point", "coordinates": [ 114.3589361, 30.5330641 ] } },
{ "type": "Feature", "properties": { "element": "relation", "id": "8126469", "amenity": "nan", "name": "湖滨七舍", "access": "nan", "barrier": "nan", "bicycle": "nan", "foot": "nan", "motor_vehi": "nan", "opening_ho": "nan", "alt_name": "nan", "old_name": "nan", "locked": "nan", "leisure": "nan", "sport": "nan", "horse": "nan", "brand": "nan", "brand_en": "nan", "brand_wiki": "nan", "brand_wi_1": "nan", "brand_zh": "nan", "cuisine": "nan", "level": "nan", "name_en": "nan", "name_zh": "nan", "takeaway": "nan", "diet_halal": "nan", "addr_city": "nan", "addr_distr": "nan", "addr_postc": "nan", "addr_provi": "nan", "addr_stree": "nan", "building": "dormitory", "fee": "nan", "diet_meat": "nan", "note": "nan", "outdoor_se": "nan", "brand_zh-H": "nan", "brand_zh_1": "nan", "delivery": "nan", "name_zh-Ha": "nan", "name_zh-_1": "nan", "layer": "nan", "fast_food": "nan", "brand_zh-L": "nan", "name_zh-La": "nan", "surface": "nan", "addr_place": "nan", "addr_unit": "nan", "nohousenum": "nan", "roof_colou": "nan", "emergency": "nan", "healthcare": "nan", "healthca_1": "nan", "loc_name": "nan", "operator": "nan", "website": "nan", "wheelchair": "nan", "building_c": "nan", "building_l": "nan", "museum": "nan", "tourism": "nan", "official_n": "nan", "wikimedia_": "nan", "office": "nan", "int_name": "nan", "height": "nan", "short_name": "nan", "wikidata": "nan", "wikipedia": "nan", "historic": "nan", "roof_orien": "nan", "roof_shape": "nan", "addr_house": "nan", "addr_hou_1": "nan", "power": "nan", "building_u": "nan", "flickr": "nan", "education": "nan", "ref": "nan", "athletics": "nan", "man_made": "nan", "ceremonial": "nan", "inscriptio": "nan", "material": "nan", "start_date": "nan", "bicycle_pa": "nan", "shelter_ty": "nan", "playground": "nan", "disused": "nan", "type": "multipolygon", "addr_count": "nan", "internet_a": "nan", "name_de": "nan", "name_es": "nan", "name_fr": "nan", "name_it": "nan", "name_ja": "nan", "short_na_1": "nan", "short_na_2": "nan", "designatio": "nan", "path": "Point?crs=EPSG:4326&field=element:string(80,0)&field=id:string(80,0)&field=amenity:string(80,0)&field=name:string(80,0)&field=access:string(80,0)&field=barrier:string(80,0)&field=bicycle:string(80,0)&field=foot:string(80,0)&field=motor_vehi:string(80,0)&", "poi_tpye": "dormitory" }, "geometry": { "type": "Point", "coordinates": [ 114.365401810672054, 30.544783853909848 ] } },
{ "type": "Feature", "properties": { "element": "relation", "id": "20242739", "amenity": "nan", "name": "雷军科技楼", "access": "nan", "barrier": "nan", "bicycle": "nan", "foot": "nan", "motor_vehi": "nan", "opening_ho": "nan", "alt_name": "nan", "old_name": "nan", "locked": "nan", "leisure": "nan", "sport": "nan", "horse": "nan", "brand": "nan", "brand_en": "nan", "brand_wiki": "nan", "brand_wi_1": "nan", "brand_zh": "nan", "cuisine": "nan", "level": "nan", "name_en": "LeiJun Science & Technology Building", "name_zh": "雷军科技楼", "takeaway": "nan", "diet_halal": "nan", "addr_city": "nan", "addr_distr": "nan", "addr_postc": "nan", "addr_provi": "nan", "addr_stree": "nan", "building": "university", "fee": "nan", "diet_meat": "nan", "note": "nan", "outdoor_se": "nan", "brand_zh-H": "nan", "brand_zh_1": "nan", "delivery": "nan", "name_zh-Ha": "雷军科技楼", "name_zh-_1": "nan", "layer": "1", "fast_food": "nan", "brand_zh-L": "nan", "name_zh-La": "nan", "surface": "nan", "addr_place": "nan", "addr_unit": "nan", "nohousenum": "nan", "roof_colou": "nan", "emergency": "nan", "healthcare": "nan", "healthca_1": "nan", "loc_name": "nan", "operator": "nan", "website": "nan", "wheelchair": "nan", "building_c": "nan", "building_l": "8", "museum": "nan", "tourism": "nan", "official_n": "nan", "wikimedia_": "nan", "office": "nan", "int_name": "nan", "height": "50", "short_name": "nan", "wikidata": "nan", "wikipedia": "nan", "historic": "nan", "roof_orien": "nan", "roof_shape": "nan", "addr_house": "nan", "addr_hou_1": "nan", "power": "nan", "building_u": "nan", "flickr": "nan", "education": "nan", "ref": "nan", "athletics": "nan", "man_made": "nan", "ceremonial": "nan", "inscriptio": "nan", "material": "nan", "start_date": "nan", "bicycle_pa": "nan", "shelter_ty": "nan", "playground": "nan", "disused": "nan", "type": "multipolygon", "addr_count": "nan", "internet_a": "nan", "name_de": "nan", "name_es": "nan", "name_fr": "nan", "name_it": "nan", "name_ja": "nan", "short_na_1": "nan", "short_na_2": "nan", "designatio": "nan", "path": "Point?crs=EPSG:4326&field=element:string(80,0)&field=id:string(80,0)&field=amenity:string(80,0)&field=name:string(80,0)&field=access:string(80,0)&field=barrier:string(80,0)&field=bicycle:string(80,0)&field=foot:string(80,0)&field=motor_vehi:string(80,0)&", "poi_tpye": "office" }, "geometry": { "type": "Point", "coordinates": [ 114.351702157420974, 30.536966813273406 ] } },
{ "type": "Feature", "properties": { "element": "relation", "id": "20206556", "amenity": "nan", "name": "泥沙实验楼", "access": "nan", "barrier": "nan", "bicycle": "nan", "foot": "nan", "motor_vehi": "nan", "opening_ho": "nan", "alt_name": "nan", "old_name": "nan", "locked": "nan", "leisure": "nan", "sport": "nan", "horse": "nan", "brand": "nan", "brand_en": "nan", "brand_wiki": "nan", "brand_wi_1": "nan", "brand_zh": "nan", "cuisine": "nan", "level": "nan", "name_en": "nan", "name_zh": "nan", "takeaway": "nan", "diet_halal": "nan", "addr_city": "nan", "addr_distr": "nan", "addr_postc": "nan", "addr_provi": "nan", "addr_stree": "nan", "building": "university", "fee": "nan", "diet_meat": "nan", "note": "nan", "outdoor_se": "nan", "brand_zh-H": "nan", "brand_zh_1": "nan", "delivery": "nan", "name_zh-Ha": "nan", "name_zh-_1": "nan", "layer": "nan", "fast_food": "nan", "brand_zh-L": "nan", "name_zh-La": "nan", "surface": "nan", "addr_place": "nan", "addr_unit": "nan", "nohousenum": "nan", "roof_colou": "nan", "emergency": "nan", "healthcare": "nan", "healthca_1": "nan", "loc_name": "nan", "operator": "nan", "website": "nan", "wheelchair": "nan", "building_c": "nan", "building_l": "nan", "museum": "nan", "tourism": "nan", "official_n": "nan", "wikimedia_": "nan", "office": "nan", "int_name": "nan", "height": "nan", "short_name": "nan", "wikidata": "nan", "wikipedia": "nan", "historic": "nan", "roof_orien": "nan", "roof_shape": "nan", "addr_house": "nan", "addr_hou_1": "nan", "power": "nan", "building_u": "nan", "flickr": "nan", "education": "nan", "ref": "nan", "athletics": "nan", "man_made": "nan", "ceremonial": "nan", "inscriptio": "nan", "material": "nan", "start_date": "nan", "bicycle_pa": "nan", "shelter_ty": "nan", "playground": "nan", "disused": "nan", "type": "multipolygon", "addr_count": "nan", "internet_a": "nan", "name_de": "nan", "name_es": "nan", "name_fr": "nan", "name_it": "nan", "name_ja": "nan", "short_na_1": "nan", "short_na_2": "nan", "designatio": "nan", "path": "Point?crs=EPSG:4326&field=element:string(80,0)&field=id:string(80,0)&field=amenity:string(80,0)&field=name:string(80,0)&field=access:string(80,0)&field=barrier:string(80,0)&field=bicycle:string(80,0)&field=foot:string(80,0)&field=motor_vehi:string(80,0)&", "poi_tpye": "office" }, "geometry": { "type": "Point", "coordinates": [ 114.35522749350919, 30.543579923400326 ] } },
{ "type": "Feature", "properties": { "element": "relation", "id": "20205019", "amenity": "nan", "name": "尖端科技楼", "access": "nan", "barrier": "nan", "bicycle": "nan", "foot": "nan", "motor_vehi": "nan", "opening_ho": "nan", "alt_name": "nan", "old_name": "nan", "locked": "nan", "leisure": "nan", "sport": "nan", "horse": "nan", "brand": "nan", "brand_en": "nan", "brand_wiki": "nan", "brand_wi_1": "nan", "brand_zh": "nan", "cuisine": "nan", "level": "nan", "name_en": "nan", "name_zh": "nan", "takeaway": "nan", "diet_halal": "nan", "addr_city": "nan", "addr_distr": "nan", "addr_postc": "nan", "addr_provi": "nan", "addr_stree": "nan", "building": "university", "fee": "nan", "diet_meat": "nan", "note": "nan", "outdoor_se": "nan", "brand_zh-H": "nan", "brand_zh_1": "nan", "delivery": "nan", "name_zh-Ha": "nan", "name_zh-_1": "nan", "layer": "nan", "fast_food": "nan", "brand_zh-L": "nan", "name_zh-La": "nan", "surface": "nan", "addr_place": "nan", "addr_unit": "nan", "nohousenum": "nan", "roof_colou": "nan", "emergency": "nan", "healthcare": "nan", "healthca_1": "nan", "loc_name": "nan", "operator": "nan", "website": "nan", "wheelchair": "nan", "building_c": "nan", "building_l": "nan", "museum": "nan", "tourism": "nan", "official_n": "nan", "wikimedia_": "nan", "office": "nan", "int_name": "nan", "height": "nan", "short_name": "nan", "wikidata": "nan", "wikipedia": "nan", "historic": "nan", "roof_orien": "nan", "roof_shape": "nan", "addr_house": "nan", "addr_hou_1": "nan", "power": "nan", "building_u": "nan", "flickr": "nan", "education": "nan", "ref": "nan", "athletics": "nan", "man_made": "nan", "ceremonial": "nan", "inscriptio": "nan", "material": "nan", "start_date": "nan", "bicycle_pa": "nan", "shelter_ty": "nan", "playground": "nan", "disused": "nan", "type": "multipolygon", "addr_count": "nan", "internet_a": "nan", "name_de": "nan", "name_es": "nan", "name_fr": "nan", "name_it": "nan", "name_ja": "nan", "short_na_1": "nan", "short_na_2": "nan", "designatio": "nan", "path": "Point?crs=EPSG:4326&field=element:string(80,0)&field=id:string(80,0)&field=amenity:string(80,0)&field=name:string(80,0)&field=access:string(80,0)&field=barrier:string(80,0)&field=bicycle:string(80,0)&field=foot:string(80,0)&field=motor_vehi:string(80,0)&", "poi_tpye": "office" }, "geometry": { "type": "Point", "coordinates": [ 114.36106470095956, 30.547005567109263 ] } },
{ "type": "Feature", "properties": { "element": "relation", "id": "20205018", "amenity": "nan", "name": "湖滨八舍", "access": "nan", "barrier": "nan", "bicycle": "nan", "foot": "nan", "motor_vehi": "nan", "opening_ho": "nan", "alt_name": "nan", "old_name": "nan", "locked": "nan", "leisure": "nan", "sport": "nan", "horse": "nan", "brand": "nan", "brand_en": "nan", "brand_wiki": "nan", "brand_wi_1": "nan", "brand_zh": "nan", "cuisine": "nan", "level": "nan", "name_en": "nan", "name_zh": "nan", "takeaway": "nan", "diet_halal": "nan", "addr_city": "nan", "addr_distr": "nan", "addr_postc": "nan", "addr_provi": "nan", "addr_stree": "nan", "building": "dormitory", "fee": "nan", "diet_meat": "nan", "note": "nan", "outdoor_se": "nan", "brand_zh-H": "nan", "brand_zh_1": "nan", "delivery": "nan", "name_zh-Ha": "nan", "name_zh-_1": "nan", "layer": "nan", "fast_food": "nan", "brand_zh-L": "nan", "name_zh-La": "nan", "surface": "nan", "addr_place": "nan", "addr_unit": "nan", "nohousenum": "nan", "roof_colou": "nan", "emergency": "nan", "healthcare": "nan", "healthca_1": "nan", "loc_name": "nan", "operator": "nan", "website": "nan", "wheelchair": "nan", "building_c": "nan", "building_l": "nan", "museum": "nan", "tourism": "nan", "official_n": "nan", "wikimedia_": "nan", "office": "nan", "int_name": "nan", "height": "nan", "short_name": "nan", "wikidata": "nan", "wikipedia": "nan", "historic": "nan", "roof_orien": "nan", "roof_shape": "nan", "addr_house": "nan", "addr_hou_1": "nan", "power": "nan", "building_u": "nan", "flickr": "nan", "education": "nan", "ref": "nan", "athletics": "nan", "man_made": "nan", "ceremonial": "nan", "inscriptio": "nan", "material": "nan", "start_date": "nan", "bicycle_pa": "nan", "shelter_ty": "nan", "playground": "nan", "disused": "nan", "type": "multipolygon", "addr_count": "nan", "internet_a": "nan", "name_de": "nan", "name_es": "nan", "name_fr": "nan", "name_it": "nan", "name_ja": "nan", "short_na_1": "nan", "short_na_2": "nan", "designatio": "nan", "path": "Point?crs=EPSG:4326&field=element:string(80,0)&field=id:string(80,0)&field=amenity:string(80,0)&field=name:string(80,0)&field=access:string(80,0)&field=barrier:string(80,0)&field=bicycle:string(80,0)&field=foot:string(80,0)&field=motor_vehi:string(80,0)&", "poi_tpye": "dormitory" }, "geometry": { "type": "Point", "coordinates": [ 114.365401745793747, 30.545226294430861 ] } },
{ "type": "Feature", "properties": { "element": "relation", "id": "19728510", "amenity": "nan", "name": "逸夫楼", "access": "nan", "barrier": "nan", "bicycle": "nan", "foot": "nan", "motor_vehi": "nan", "opening_ho": "nan", "alt_name": "nan", "old_name": "nan", "locked": "nan", "leisure": "nan", "sport": "nan", "horse": "nan", "brand": "nan", "brand_en": "nan", "brand_wiki": "nan", "brand_wi_1": "nan", "brand_zh": "nan", "cuisine": "nan", "level": "nan", "name_en": "nan", "name_zh": "nan", "takeaway": "nan", "diet_halal": "nan", "addr_city": "nan", "addr_distr": "nan", "addr_postc": "nan", "addr_provi": "nan", "addr_stree": "nan", "building": "university", "fee": "nan", "diet_meat": "nan", "note": "nan", "outdoor_se": "nan", "brand_zh-H": "nan", "brand_zh_1": "nan", "delivery": "nan", "name_zh-Ha": "nan", "name_zh-_1": "nan", "layer": "nan", "fast_food": "nan", "brand_zh-L": "nan", "name_zh-La": "nan", "surface": "nan", "addr_place": "nan", "addr_unit": "nan", "nohousenum": "nan", "roof_colou": "nan", "emergency": "nan", "healthcare": "nan", "healthca_1": "nan", "loc_name": "nan", "operator": "nan", "website": "nan", "wheelchair": "nan", "building_c": "nan", "building_l": "nan", "museum": "nan", "tourism": "nan", "official_n": "nan", "wikimedia_": "nan", "office": "nan", "int_name": "nan", "height": "nan", "short_name": "nan", "wikidata": "nan", "wikipedia": "nan", "historic": "nan", "roof_orien": "nan", "roof_shape": "nan", "addr_house": "nan", "addr_hou_1": "nan", "power": "nan", "building_u": "nan", "flickr": "nan", "education": "nan", "ref": "nan", "athletics": "nan", "man_made": "nan", "ceremonial": "nan", "inscriptio": "nan", "material": "nan", "start_date": "nan", "bicycle_pa": "nan", "shelter_ty": "nan", "playground": "nan", "disused": "nan", "type": "multipolygon", "addr_count": "nan", "internet_a": "nan", "name_de": "nan", "name_es": "nan", "name_fr": "nan", "name_it": "nan", "name_ja": "nan", "short_na_1": "nan", "short_na_2": "nan", "designatio": "nan", "path": "Point?crs=EPSG:4326&field=element:string(80,0)&field=id:string(80,0)&field=amenity:string(80,0)&field=name:string(80,0)&field=access:string(80,0)&field=barrier:string(80,0)&field=bicycle:string(80,0)&field=foot:string(80,0)&field=motor_vehi:string(80,0)&", "poi_tpye": "teaching_building" }, "geometry": { "type": "Point", "coordinates": [ 114.355082546772749, 30.535659956778773 ] } },
{ "type": "Feature", "properties": { "element": "relation", "id": "19725659", "amenity": "library", "name": "武汉大学图书馆", "access": "nan", "barrier": "nan", "bicycle": "nan", "foot": "nan", "motor_vehi": "nan", "opening_ho": "Mo-Su 08:00-22:30", "alt_name": "nan", "old_name": "nan", "locked": "nan", "leisure": "nan", "sport": "nan", "horse": "nan", "brand": "nan", "brand_en": "nan", "brand_wiki": "nan", "brand_wi_1": "nan", "brand_zh": "nan", "cuisine": "nan", "level": "nan", "name_en": "nan", "name_zh": "nan", "takeaway": "nan", "diet_halal": "nan", "addr_city": "nan", "addr_distr": "nan", "addr_postc": "nan", "addr_provi": "nan", "addr_stree": "nan", "building": "library", "fee": "nan", "diet_meat": "nan", "note": "nan", "outdoor_se": "nan", "brand_zh-H": "nan", "brand_zh_1": "nan", "delivery": "nan", "name_zh-Ha": "nan", "name_zh-_1": "nan", "layer": "nan", "fast_food": "nan", "brand_zh-L": "nan", "name_zh-La": "nan", "surface": "nan", "addr_place": "nan", "addr_unit": "nan", "nohousenum": "nan", "roof_colou": "nan", "emergency": "nan", "healthcare": "nan", "healthca_1": "nan", "loc_name": "nan", "operator": "nan", "website": "https://www.lib.whu.edu.cn/", "wheelchair": "nan", "building_c": "nan", "building_l": "5", "museum": "nan", "tourism": "nan", "official_n": "nan", "wikimedia_": "File:Wuhan University Library.jpg", "office": "nan", "int_name": "nan", "height": "nan", "short_name": "nan", "wikidata": "Q11124573", "wikipedia": "zh:武汉大学图书馆", "historic": "nan", "roof_orien": "nan", "roof_shape": "nan", "addr_house": "nan", "addr_hou_1": "nan", "power": "nan", "building_u": "nan", "flickr": "nan", "education": "nan", "ref": "nan", "athletics": "nan", "man_made": "nan", "ceremonial": "nan", "inscriptio": "nan", "material": "nan", "start_date": "nan", "bicycle_pa": "nan", "shelter_ty": "nan", "playground": "nan", "disused": "nan", "type": "multipolygon", "addr_count": "nan", "internet_a": "nan", "name_de": "nan", "name_es": "nan", "name_fr": "nan", "name_it": "nan", "name_ja": "nan", "short_na_1": "nan", "short_na_2": "nan", "designatio": "nan", "path": "Point?crs=EPSG:4326&field=element:string(80,0)&field=id:string(80,0)&field=amenity:string(80,0)&field=name:string(80,0)&field=access:string(80,0)&field=barrier:string(80,0)&field=bicycle:string(80,0)&field=foot:string(80,0)&field=motor_vehi:string(80,0)&", "poi_tpye": "library" }, "geometry": { "type": "Point", "coordinates": [ 114.357460894451037, 30.537597825744168 ] } },
{ "type": "Feature", "properties": { "element": "way", "id": "1382740439", "amenity": "nan", "name": "半山庐", "access": "nan", "barrier": "nan", "bicycle": "nan", "foot": "nan", "motor_vehi": "nan", "opening_ho": "nan", "alt_name": "nan", "old_name": "nan", "locked": "nan", "leisure": "nan", "sport": "nan", "horse": "nan", "brand": "nan", "brand_en": "nan", "brand_wiki": "nan", "brand_wi_1": "nan", "brand_zh": "nan", "cuisine": "nan", "level": "nan", "name_en": "nan", "name_zh": "nan", "takeaway": "nan", "diet_halal": "nan", "addr_city": "nan", "addr_distr": "nan", "addr_postc": "nan", "addr_provi": "nan", "addr_stree": "nan", "building": "yes", "fee": "nan", "diet_meat": "nan", "note": "nan", "outdoor_se": "nan", "brand_zh-H": "nan", "brand_zh_1": "nan", "delivery": "nan", "name_zh-Ha": "nan", "name_zh-_1": "nan", "layer": "nan", "fast_food": "nan", "brand_zh-L": "nan", "name_zh-La": "nan", "surface": "nan", "addr_place": "nan", "addr_unit": "nan", "nohousenum": "nan", "roof_colou": "nan", "emergency": "nan", "healthcare": "nan", "healthca_1": "nan", "loc_name": "nan", "operator": "nan", "website": "nan", "wheelchair": "nan", "building_c": "nan", "building_l": "nan", "museum": "nan", "tourism": "nan", "official_n": "nan", "wikimedia_": "nan", "office": "nan", "int_name": "nan", "height": "nan", "short_name": "nan", "wikidata": "nan", "wikipedia": "nan", "historic": "nan", "roof_orien": "nan", "roof_shape": "nan", "addr_house": "nan", "addr_hou_1": "nan", "power": "nan", "building_u": "nan", "flickr": "nan", "education": "nan", "ref": "nan", "athletics": "nan", "man_made": "nan", "ceremonial": "nan", "inscriptio": "nan", "material": "nan", "start_date": "nan", "bicycle_pa": "nan", "shelter_ty": "nan", "playground": "nan", "disused": "nan", "type": "nan", "addr_count": "nan", "internet_a": "nan", "name_de": "nan", "name_es": "nan", "name_fr": "nan", "name_it": "nan", "name_ja": "nan", "short_na_1": "nan", "short_na_2": "nan", "designatio": "nan", "path": "Point?crs=EPSG:4326&field=element:string(80,0)&field=id:string(80,0)&field=amenity:string(80,0)&field=name:string(80,0)&field=access:string(80,0)&field=barrier:string(80,0)&field=bicycle:string(80,0)&field=foot:string(80,0)&field=motor_vehi:string(80,0)&", "poi_tpye": "food" }, "geometry": { "type": "Point", "coordinates": [ 114.361212902529928, 30.537868745068842 ] } },
{ "type": "Feature", "properties": { "element": "way", "id": "103642342", "amenity": "hospital", "name": "武汉大学医院", "access": "nan", "barrier": "nan", "bicycle": "nan", "foot": "nan", "motor_vehi": "nan", "opening_ho": "24/7", "alt_name": "武汉大学医院文理学部院区;武汉大学社区卫生服务中心", "old_name": "nan", "locked": "nan", "leisure": "nan", "sport": "nan", "horse": "nan", "brand": "nan", "brand_en": "nan", "brand_wiki": "nan", "brand_wi_1": "nan", "brand_zh": "nan", "cuisine": "nan", "level": "nan", "name_en": "nan", "name_zh": "nan", "takeaway": "nan", "diet_halal": "nan", "addr_city": "nan", "addr_distr": "nan", "addr_postc": "nan", "addr_provi": "nan", "addr_stree": "nan", "building": "hospital", "fee": "nan", "diet_meat": "nan", "note": "nan", "outdoor_se": "nan", "brand_zh-H": "nan", "brand_zh_1": "nan", "delivery": "nan", "name_zh-Ha": "nan", "name_zh-_1": "nan", "layer": "nan", "fast_food": "nan", "brand_zh-L": "nan", "name_zh-La": "nan", "surface": "nan", "addr_place": "nan", "addr_unit": "nan", "nohousenum": "nan", "roof_colou": "nan", "emergency": "yes", "healthcare": "hospital", "healthca_1": "general;internal;surgery;gynaecology;ophthalmology;stomatology;otolaryngology;dermatology;traditional_chinese_medicine;community;psychiatry;blood_check;radiology;vaccination", "loc_name": "校医院本部;文理学部校医院", "operator": "武汉大学医院", "website": "https://hospital.whu.edu.cn/", "wheelchair": "yes", "building_c": "nan", "building_l": "nan", "museum": "nan", "tourism": "nan", "official_n": "nan", "wikimedia_": "nan", "office": "nan", "int_name": "nan", "height": "nan", "short_name": "nan", "wikidata": "nan", "wikipedia": "nan", "historic": "nan", "roof_orien": "nan", "roof_shape": "nan", "addr_house": "nan", "addr_hou_1": "nan", "power": "nan", "building_u": "nan", "flickr": "nan", "education": "nan", "ref": "nan", "athletics": "nan", "man_made": "nan", "ceremonial": "nan", "inscriptio": "nan", "material": "nan", "start_date": "nan", "bicycle_pa": "nan", "shelter_ty": "nan", "playground": "nan", "disused": "nan", "type": "nan", "addr_count": "nan", "internet_a": "nan", "name_de": "nan", "name_es": "nan", "name_fr": "nan", "name_it": "nan", "name_ja": "nan", "short_na_1": "nan", "short_na_2": "nan", "designatio": "nan", "path": "Point?crs=EPSG:4326&field=element:string(80,0)&field=id:string(80,0)&field=amenity:string(80,0)&field=name:string(80,0)&field=access:string(80,0)&field=barrier:string(80,0)&field=bicycle:string(80,0)&field=foot:string(80,0)&field=motor_vehi:string(80,0)&", "poi_tpye": "hospital" }, "geometry": { "type": "Point", "coordinates": [ 114.358517242838531, 30.535827560451402 ] } },
{ "type": "Feature", "properties": { "element": "way", "id": "103746730", "amenity": "nan", "name": "信息管理学院大楼", "access": "nan", "barrier": "nan", "bicycle": "nan", "foot": "nan", "motor_vehi": "nan", "opening_ho": "nan", "alt_name": "nan", "old_name": "nan", "locked": "nan", "leisure": "nan", "sport": "nan", "horse": "nan", "brand": "nan", "brand_en": "nan", "brand_wiki": "nan", "brand_wi_1": "nan", "brand_zh": "nan", "cuisine": "nan", "level": "nan", "name_en": "nan", "name_zh": "nan", "takeaway": "nan", "diet_halal": "nan", "addr_city": "nan", "addr_distr": "nan", "addr_postc": "nan", "addr_provi": "nan", "addr_stree": "nan", "building": "university", "fee": "nan", "diet_meat": "nan", "note": "nan", "outdoor_se": "nan", "brand_zh-H": "nan", "brand_zh_1": "nan", "delivery": "nan", "name_zh-Ha": "nan", "name_zh-_1": "nan", "layer": "nan", "fast_food": "nan", "brand_zh-L": "nan", "name_zh-La": "nan", "surface": "nan", "addr_place": "nan", "addr_unit": "nan", "nohousenum": "nan", "roof_colou": "nan", "emergency": "nan", "healthcare": "nan", "healthca_1": "nan", "loc_name": "nan", "operator": "nan", "website": "nan", "wheelchair": "nan", "building_c": "nan", "building_l": "nan", "museum": "nan", "tourism": "nan", "official_n": "nan", "wikimedia_": "nan", "office": "nan", "int_name": "nan", "height": "nan", "short_name": "nan", "wikidata": "nan", "wikipedia": "nan", "historic": "nan", "roof_orien": "nan", "roof_shape": "nan", "addr_house": "nan", "addr_hou_1": "nan", "power": "nan", "building_u": "nan", "flickr": "nan", "education": "nan", "ref": "nan", "athletics": "nan", "man_made": "nan", "ceremonial": "nan", "inscriptio": "nan", "material": "nan", "start_date": "nan", "bicycle_pa": "nan", "shelter_ty": "nan", "playground": "nan", "disused": "nan", "type": "nan", "addr_count": "nan", "internet_a": "nan", "name_de": "nan", "name_es": "nan", "name_fr": "nan", "name_it": "nan", "name_ja": "nan", "short_na_1": "nan", "short_na_2": "nan", "designatio": "nan", "path": "Point?crs=EPSG:4326&field=element:string(80,0)&field=id:string(80,0)&field=amenity:string(80,0)&field=name:string(80,0)&field=access:string(80,0)&field=barrier:string(80,0)&field=bicycle:string(80,0)&field=foot:string(80,0)&field=motor_vehi:string(80,0)&", "poi_tpye": "office" }, "geometry": { "type": "Point", "coordinates": [ 114.369710682457324, 30.538928870625874 ] } },
{ "type": "Feature", "properties": { "element": "way", "id": "1383419887", "amenity": "nan", "name": "行政楼东北附楼", "access": "nan", "barrier": "nan", "bicycle": "nan", "foot": "nan", "motor_vehi": "nan", "opening_ho": "nan", "alt_name": "nan", "old_name": "nan", "locked": "nan", "leisure": "nan", "sport": "nan", "horse": "nan", "brand": "nan", "brand_en": "nan", "brand_wiki": "nan", "brand_wi_1": "nan", "brand_zh": "nan", "cuisine": "nan", "level": "nan", "name_en": "nan", "name_zh": "nan", "takeaway": "nan", "diet_halal": "nan", "addr_city": "nan", "addr_distr": "nan", "addr_postc": "nan", "addr_provi": "nan", "addr_stree": "nan", "building": "office", "fee": "nan", "diet_meat": "nan", "note": "nan", "outdoor_se": "nan", "brand_zh-H": "nan", "brand_zh_1": "nan", "delivery": "nan", "name_zh-Ha": "nan", "name_zh-_1": "nan", "layer": "nan", "fast_food": "nan", "brand_zh-L": "nan", "name_zh-La": "nan", "surface": "nan", "addr_place": "nan", "addr_unit": "nan", "nohousenum": "nan", "roof_colou": "#08adba", "emergency": "nan", "healthcare": "nan", "healthca_1": "nan", "loc_name": "nan", "operator": "nan", "website": "nan", "wheelchair": "nan", "building_c": "nan", "building_l": "3", "museum": "nan", "tourism": "nan", "official_n": "nan", "wikimedia_": "nan", "office": "nan", "int_name": "nan", "height": "nan", "short_name": "nan", "wikidata": "nan", "wikipedia": "nan", "historic": "building", "roof_orien": "nan", "roof_shape": "nan", "addr_house": "nan", "addr_hou_1": "nan", "power": "nan", "building_u": "nan", "flickr": "nan", "education": "nan", "ref": "nan", "athletics": "nan", "man_made": "nan", "ceremonial": "nan", "inscriptio": "nan", "material": "nan", "start_date": "nan", "bicycle_pa": "nan", "shelter_ty": "nan", "playground": "nan", "disused": "nan", "type": "nan", "addr_count": "nan", "internet_a": "nan", "name_de": "nan", "name_es": "nan", "name_fr": "nan", "name_it": "nan", "name_ja": "nan", "short_na_1": "nan", "short_na_2": "nan", "designatio": "nan", "path": "Point?crs=EPSG:4326&field=element:string(80,0)&field=id:string(80,0)&field=amenity:string(80,0)&field=name:string(80,0)&field=access:string(80,0)&field=barrier:string(80,0)&field=bicycle:string(80,0)&field=foot:string(80,0)&field=motor_vehi:string(80,0)&", "poi_tpye": "office" }, "geometry": { "type": "Point", "coordinates": [ 114.361259715949728, 30.539935090687035 ] } },
{ "type": "Feature", "properties": { "element": "way", "id": "1383217575", "amenity": "social_centre", "name": "工学部大学生活动中心", "access": "nan", "barrier": "nan", "bicycle": "nan", "foot": "nan", "motor_vehi": "nan", "opening_ho": "nan", "alt_name": "大学生活动中心", "old_name": "nan", "locked": "nan", "leisure": "nan", "sport": "nan", "horse": "nan", "brand": "nan", "brand_en": "nan", "brand_wiki": "nan", "brand_wi_1": "nan", "brand_zh": "nan", "cuisine": "nan", "level": "nan", "name_en": "nan", "name_zh": "nan", "takeaway": "nan", "diet_halal": "nan", "addr_city": "nan", "addr_distr": "nan", "addr_postc": "nan", "addr_provi": "nan", "addr_stree": "nan", "building": "sports_hall", "fee": "nan", "diet_meat": "nan", "note": "nan", "outdoor_se": "nan", "brand_zh-H": "nan", "brand_zh_1": "nan", "delivery": "nan", "name_zh-Ha": "nan", "name_zh-_1": "nan", "layer": "nan", "fast_food": "nan", "brand_zh-L": "nan", "name_zh-La": "nan", "surface": "nan", "addr_place": "nan", "addr_unit": "nan", "nohousenum": "nan", "roof_colou": "nan", "emergency": "nan", "healthcare": "nan", "healthca_1": "nan", "loc_name": "nan", "operator": "nan", "website": "nan", "wheelchair": "nan", "building_c": "nan", "building_l": "nan", "museum": "nan", "tourism": "nan", "official_n": "nan", "wikimedia_": "nan", "office": "nan", "int_name": "nan", "height": "nan", "short_name": "nan", "wikidata": "nan", "wikipedia": "nan", "historic": "nan", "roof_orien": "nan", "roof_shape": "nan", "addr_house": "nan", "addr_hou_1": "nan", "power": "nan", "building_u": "nan", "flickr": "nan", "education": "nan", "ref": "nan", "athletics": "nan", "man_made": "nan", "ceremonial": "nan", "inscriptio": "nan", "material": "nan", "start_date": "nan", "bicycle_pa": "nan", "shelter_ty": "nan", "playground": "nan", "disused": "nan", "type": "nan", "addr_count": "nan", "internet_a": "nan", "name_de": "nan", "name_es": "nan", "name_fr": "nan", "name_it": "nan", "name_ja": "nan", "short_na_1": "nan", "short_na_2": "nan", "designatio": "nan", "path": "Point?crs=EPSG:4326&field=element:string(80,0)&field=id:string(80,0)&field=amenity:string(80,0)&field=name:string(80,0)&field=access:string(80,0)&field=barrier:string(80,0)&field=bicycle:string(80,0)&field=foot:string(80,0)&field=motor_vehi:string(80,0)&", "poi_tpye": "office" }, "geometry": { "type": "Point", "coordinates": [ 114.359900718066456, 30.545553575410921 ] } },
{ "type": "Feature", "properties": { "element": "way", "id": "1383210125", "amenity": "nan", "name": "珞珈山水塔", "access": "nan", "barrier": "nan", "bicycle": "nan", "foot": "nan", "motor_vehi": "nan", "opening_ho": "nan", "alt_name": "nan", "old_name": "nan", "locked": "nan", "leisure": "nan", "sport": "nan", "horse": "nan", "brand": "nan", "brand_en": "nan", "brand_wiki": "nan", "brand_wi_1": "nan", "brand_zh": "nan", "cuisine": "nan", "level": "nan", "name_en": "nan", "name_zh": "nan", "takeaway": "nan", "diet_halal": "nan", "addr_city": "nan", "addr_distr": "nan", "addr_postc": "nan", "addr_provi": "nan", "addr_stree": "nan", "building": "yes", "fee": "nan", "diet_meat": "nan", "note": "nan", "outdoor_se": "nan", "brand_zh-H": "nan", "brand_zh_1": "nan", "delivery": "nan", "name_zh-Ha": "nan", "name_zh-_1": "nan", "layer": "nan", "fast_food": "nan", "brand_zh-L": "nan", "name_zh-La": "nan", "surface": "nan", "addr_place": "nan", "addr_unit": "nan", "nohousenum": "nan", "roof_colou": "nan", "emergency": "nan", "healthcare": "nan", "healthca_1": "nan", "loc_name": "nan", "operator": "nan", "website": "nan", "wheelchair": "nan", "building_c": "nan", "building_l": "nan", "museum": "nan", "tourism": "nan", "official_n": "nan", "wikimedia_": "nan", "office": "nan", "int_name": "nan", "height": "nan", "short_name": "nan", "wikidata": "nan", "wikipedia": "nan", "historic": "nan", "roof_orien": "nan", "roof_shape": "nan", "addr_house": "nan", "addr_hou_1": "nan", "power": "nan", "building_u": "nan", "flickr": "nan", "education": "nan", "ref": "nan", "athletics": "nan", "man_made": "water_tower", "ceremonial": "nan", "inscriptio": "nan", "material": "nan", "start_date": "nan", "bicycle_pa": "nan", "shelter_ty": "nan", "playground": "nan", "disused": "nan", "type": "nan", "addr_count": "nan", "internet_a": "nan", "name_de": "nan", "name_es": "nan", "name_fr": "nan", "name_it": "nan", "name_ja": "nan", "short_na_1": "nan", "short_na_2": "nan", "designatio": "nan", "path": "Point?crs=EPSG:4326&field=element:string(80,0)&field=id:string(80,0)&field=amenity:string(80,0)&field=name:string(80,0)&field=access:string(80,0)&field=barrier:string(80,0)&field=bicycle:string(80,0)&field=foot:string(80,0)&field=motor_vehi:string(80,0)&" }, "geometry": { "type": "Point", "coordinates": [ 114.366763336049445, 30.537361653778351 ] } },
{ "type": "Feature", "properties": { "element": "way", "id": "103747035", "amenity": "nan", "name": "工会办公楼", "access": "nan", "barrier": "nan", "bicycle": "nan", "foot": "nan", "motor_vehi": "nan", "opening_ho": "nan", "alt_name": "nan", "old_name": "nan", "locked": "nan", "leisure": "nan", "sport": "nan", "horse": "nan", "brand": "nan", "brand_en": "nan", "brand_wiki": "nan", "brand_wi_1": "nan", "brand_zh": "nan", "cuisine": "nan", "level": "nan", "name_en": "nan", "name_zh": "nan", "takeaway": "nan", "diet_halal": "nan", "addr_city": "nan", "addr_distr": "nan", "addr_postc": "nan", "addr_provi": "nan", "addr_stree": "nan", "building": "yes", "fee": "nan", "diet_meat": "nan", "note": "nan", "outdoor_se": "nan", "brand_zh-H": "nan", "brand_zh_1": "nan", "delivery": "nan", "name_zh-Ha": "nan", "name_zh-_1": "nan", "layer": "nan", "fast_food": "nan", "brand_zh-L": "nan", "name_zh-La": "nan", "surface": "nan", "addr_place": "nan", "addr_unit": "nan", "nohousenum": "nan", "roof_colou": "nan", "emergency": "nan", "healthcare": "nan", "healthca_1": "nan", "loc_name": "nan", "operator": "nan", "website": "nan", "wheelchair": "nan", "building_c": "nan", "building_l": "nan", "museum": "nan", "tourism": "nan", "official_n": "nan", "wikimedia_": "nan", "office": "nan", "int_name": "nan", "height": "nan", "short_name": "nan", "wikidata": "nan", "wikipedia": "nan", "historic": "nan", "roof_orien": "nan", "roof_shape": "nan", "addr_house": "nan", "addr_hou_1": "nan", "power": "nan", "building_u": "nan", "flickr": "nan", "education": "nan", "ref": "nan", "athletics": "nan", "man_made": "nan", "ceremonial": "nan", "inscriptio": "nan", "material": "nan", "start_date": "nan", "bicycle_pa": "nan", "shelter_ty": "nan", "playground": "nan", "disused": "nan", "type": "nan", "addr_count": "nan", "internet_a": "nan", "name_de": "nan", "name_es": "nan", "name_fr": "nan", "name_it": "nan", "name_ja": "nan", "short_na_1": "nan", "short_na_2": "nan", "designatio": "nan", "path": "Point?crs=EPSG:4326&field=element:string(80,0)&field=id:string(80,0)&field=amenity:string(80,0)&field=name:string(80,0)&field=access:string(80,0)&field=barrier:string(80,0)&field=bicycle:string(80,0)&field=foot:string(80,0)&field=motor_vehi:string(80,0)&", "poi_tpye": "office" }, "geometry": { "type": "Point", "coordinates": [ 114.359324186094156, 30.535467282495937 ] } },
{ "type": "Feature", "properties": { "element": "way", "id": "1389536031", "amenity": "nan", "name": "樱园1舍", "access": "nan", "barrier": "nan", "bicycle": "nan", "foot": "nan", "motor_vehi": "nan", "opening_ho": "nan", "alt_name": "天字斋;地字斋;玄字斋;黄字斋", "old_name": "nan", "locked": "nan", "leisure": "nan", "sport": "nan", "horse": "nan", "brand": "nan", "brand_en": "nan", "brand_wiki": "nan", "brand_wi_1": "nan", "brand_zh": "nan", "cuisine": "nan", "level": "nan", "name_en": "nan", "name_zh": "nan", "takeaway": "nan", "diet_halal": "nan", "addr_city": "nan", "addr_distr": "nan", "addr_postc": "nan", "addr_provi": "nan", "addr_stree": "nan", "building": "dormitory", "fee": "nan", "diet_meat": "nan", "note": "nan", "outdoor_se": "nan", "brand_zh-H": "nan", "brand_zh_1": "nan", "delivery": "nan", "name_zh-Ha": "nan", "name_zh-_1": "nan", "layer": "nan", "fast_food": "nan", "brand_zh-L": "nan", "name_zh-La": "nan", "surface": "nan", "addr_place": "nan", "addr_unit": "nan", "nohousenum": "nan", "roof_colou": "nan", "emergency": "nan", "healthcare": "nan", "healthca_1": "nan", "loc_name": "nan", "operator": "nan", "website": "nan", "wheelchair": "nan", "building_c": "nan", "building_l": "4", "museum": "nan", "tourism": "nan", "official_n": "nan", "wikimedia_": "nan", "office": "nan", "int_name": "nan", "height": "nan", "short_name": "nan", "wikidata": "nan", "wikipedia": "nan", "historic": "nan", "roof_orien": "nan", "roof_shape": "nan", "addr_house": "nan", "addr_hou_1": "nan", "power": "nan", "building_u": "nan", "flickr": "nan", "education": "nan", "ref": "nan", "athletics": "nan", "man_made": "nan", "ceremonial": "nan", "inscriptio": "nan", "material": "nan", "start_date": "nan", "bicycle_pa": "nan", "shelter_ty": "nan", "playground": "nan", "disused": "nan", "type": "nan", "addr_count": "nan", "internet_a": "nan", "name_de": "nan", "name_es": "nan", "name_fr": "nan", "name_it": "nan", "name_ja": "nan", "short_na_1": "nan", "short_na_2": "nan", "designatio": "nan", "path": "Point?crs=EPSG:4326&field=element:string(80,0)&field=id:string(80,0)&field=amenity:string(80,0)&field=name:string(80,0)&field=access:string(80,0)&field=barrier:string(80,0)&field=bicycle:string(80,0)&field=foot:string(80,0)&field=motor_vehi:string(80,0)&", "poi_tpye": "dormitory" }, "geometry": { "type": "Point", "coordinates": [ 114.3591560023401, 30.542094149803649 ] } },
{ "type": "Feature", "properties": { "element": "way", "id": "1389536030", "amenity": "nan", "name": "樱园2舍", "access": "nan", "barrier": "nan", "bicycle": "nan", "foot": "nan", "motor_vehi": "nan", "opening_ho": "nan", "alt_name": "宇字斋;宙字斋;洪字斋;荒字斋", "old_name": "nan", "locked": "nan", "leisure": "nan", "sport": "nan", "horse": "nan", "brand": "nan", "brand_en": "nan", "brand_wiki": "nan", "brand_wi_1": "nan", "brand_zh": "nan", "cuisine": "nan", "level": "nan", "name_en": "nan", "name_zh": "nan", "takeaway": "nan", "diet_halal": "nan", "addr_city": "nan", "addr_distr": "nan", "addr_postc": "nan", "addr_provi": "nan", "addr_stree": "nan", "building": "dormitory", "fee": "nan", "diet_meat": "nan", "note": "nan", "outdoor_se": "nan", "brand_zh-H": "nan", "brand_zh_1": "nan", "delivery": "nan", "name_zh-Ha": "nan", "name_zh-_1": "nan", "layer": "nan", "fast_food": "nan", "brand_zh-L": "nan", "name_zh-La": "nan", "surface": "nan", "addr_place": "nan", "addr_unit": "nan", "nohousenum": "nan", "roof_colou": "nan", "emergency": "nan", "healthcare": "nan", "healthca_1": "nan", "loc_name": "nan", "operator": "nan", "website": "nan", "wheelchair": "nan", "building_c": "nan", "building_l": "4", "museum": "nan", "tourism": "nan", "official_n": "nan", "wikimedia_": "nan", "office": "nan", "int_name": "nan", "height": "nan", "short_name": "nan", "wikidata": "nan", "wikipedia": "nan", "historic": "nan", "roof_orien": "nan", "roof_shape": "nan", "addr_house": "nan", "addr_hou_1": "nan", "power": "nan", "building_u": "nan", "flickr": "nan", "education": "nan", "ref": "nan", "athletics": "nan", "man_made": "nan", "ceremonial": "nan", "inscriptio": "nan", "material": "nan", "start_date": "nan", "bicycle_pa": "nan", "shelter_ty": "nan", "playground": "nan", "disused": "nan", "type": "nan", "addr_count": "nan", "internet_a": "nan", "name_de": "nan", "name_es": "nan", "name_fr": "nan", "name_it": "nan", "name_ja": "nan", "short_na_1": "nan", "short_na_2": "nan", "designatio": "nan", "path": "Point?crs=EPSG:4326&field=element:string(80,0)&field=id:string(80,0)&field=amenity:string(80,0)&field=name:string(80,0)&field=access:string(80,0)&field=barrier:string(80,0)&field=bicycle:string(80,0)&field=foot:string(80,0)&field=motor_vehi:string(80,0)&", "poi_tpye": "dormitory" }, "geometry": { "type": "Point", "coordinates": [ 114.358595618654121, 30.541986721393812 ] } },
{ "type": "Feature", "properties": { "element": "way", "id": "1389536029", "amenity": "nan", "name": "樱园3舍", "access": "nan", "barrier": "nan", "bicycle": "nan", "foot": "nan", "motor_vehi": "nan", "opening_ho": "nan", "alt_name": "日字斋;月字斋;盈字斋;昃字斋", "old_name": "nan", "locked": "nan", "leisure": "nan", "sport": "nan", "horse": "nan", "brand": "nan", "brand_en": "nan", "brand_wiki": "nan", "brand_wi_1": "nan", "brand_zh": "nan", "cuisine": "nan", "level": "nan", "name_en": "nan", "name_zh": "nan", "takeaway": "nan", "diet_halal": "nan", "addr_city": "nan", "addr_distr": "nan", "addr_postc": "nan", "addr_provi": "nan", "addr_stree": "nan", "building": "dormitory", "fee": "nan", "diet_meat": "nan", "note": "nan", "outdoor_se": "nan", "brand_zh-H": "nan", "brand_zh_1": "nan", "delivery": "nan", "name_zh-Ha": "nan", "name_zh-_1": "nan", "layer": "nan", "fast_food": "nan", "brand_zh-L": "nan", "name_zh-La": "nan", "surface": "nan", "addr_place": "nan", "addr_unit": "nan", "nohousenum": "nan", "roof_colou": "nan", "emergency": "nan", "healthcare": "nan", "healthca_1": "nan", "loc_name": "nan", "operator": "nan", "website": "nan", "wheelchair": "nan", "building_c": "nan", "building_l": "4", "museum": "nan", "tourism": "nan", "official_n": "nan", "wikimedia_": "nan", "office": "nan", "int_name": "nan", "height": "nan", "short_name": "nan", "wikidata": "nan", "wikipedia": "nan", "historic": "nan", "roof_orien": "nan", "roof_shape": "nan", "addr_house": "nan", "addr_hou_1": "nan", "power": "nan", "building_u": "nan", "flickr": "nan", "education": "nan", "ref": "nan", "athletics": "nan", "man_made": "nan", "ceremonial": "nan", "inscriptio": "nan", "material": "nan", "start_date": "nan", "bicycle_pa": "nan", "shelter_ty": "nan", "playground": "nan", "disused": "nan", "type": "nan", "addr_count": "nan", "internet_a": "nan", "name_de": "nan", "name_es": "nan", "name_fr": "nan", "name_it": "nan", "name_ja": "nan", "short_na_1": "nan", "short_na_2": "nan", "designatio": "nan", "path": "Point?crs=EPSG:4326&field=element:string(80,0)&field=id:string(80,0)&field=amenity:string(80,0)&field=name:string(80,0)&field=access:string(80,0)&field=barrier:string(80,0)&field=bicycle:string(80,0)&field=foot:string(80,0)&field=motor_vehi:string(80,0)&", "poi_tpye": "dormitory" }, "geometry": { "type": "Point", "coordinates": [ 114.35804616082568, 30.541878451506001 ] } },
{ "type": "Feature", "properties": { "element": "way", "id": "1389536028", "amenity": "nan", "name": "樱园4舍", "access": "nan", "barrier": "nan", "bicycle": "nan", "foot": "nan", "motor_vehi": "nan", "opening_ho": "nan", "alt_name": "辰字斋;宿字斋;列字斋;张字斋", "old_name": "nan", "locked": "nan", "leisure": "nan", "sport": "nan", "horse": "nan", "brand": "nan", "brand_en": "nan", "brand_wiki": "nan", "brand_wi_1": "nan", "brand_zh": "nan", "cuisine": "nan", "level": "nan", "name_en": "nan", "name_zh": "nan", "takeaway": "nan", "diet_halal": "nan", "addr_city": "nan", "addr_distr": "nan", "addr_postc": "nan", "addr_provi": "nan", "addr_stree": "nan", "building": "dormitory", "fee": "nan", "diet_meat": "nan", "note": "nan", "outdoor_se": "nan", "brand_zh-H": "nan", "brand_zh_1": "nan", "delivery": "nan", "name_zh-Ha": "nan", "name_zh-_1": "nan", "layer": "nan", "fast_food": "nan", "brand_zh-L": "nan", "name_zh-La": "nan", "surface": "nan", "addr_place": "nan", "addr_unit": "nan", "nohousenum": "nan", "roof_colou": "nan", "emergency": "nan", "healthcare": "nan", "healthca_1": "nan", "loc_name": "nan", "operator": "nan", "website": "nan", "wheelchair": "nan", "building_c": "nan", "building_l": "4", "museum": "nan", "tourism": "nan", "official_n": "nan", "wikimedia_": "nan", "office": "nan", "int_name": "nan", "height": "nan", "short_name": "nan", "wikidata": "nan", "wikipedia": "nan", "historic": "nan", "roof_orien": "nan", "roof_shape": "nan", "addr_house": "nan", "addr_hou_1": "nan", "power": "nan", "building_u": "nan", "flickr": "nan", "education": "nan", "ref": "nan", "athletics": "nan", "man_made": "nan", "ceremonial": "nan", "inscriptio": "nan", "material": "nan", "start_date": "nan", "bicycle_pa": "nan", "shelter_ty": "nan", "playground": "nan", "disused": "nan", "type": "nan", "addr_count": "nan", "internet_a": "nan", "name_de": "nan", "name_es": "nan", "name_fr": "nan", "name_it": "nan", "name_ja": "nan", "short_na_1": "nan", "short_na_2": "nan", "designatio": "nan", "path": "Point?crs=EPSG:4326&field=element:string(80,0)&field=id:string(80,0)&field=amenity:string(80,0)&field=name:string(80,0)&field=access:string(80,0)&field=barrier:string(80,0)&field=bicycle:string(80,0)&field=foot:string(80,0)&field=motor_vehi:string(80,0)&", "poi_tpye": "dormitory" }, "geometry": { "type": "Point", "coordinates": [ 114.357505354248886, 30.541785023182797 ] } },
{ "type": "Feature", "properties": { "element": "way", "id": "103751594", "amenity": "nan", "name": "珞珈山庄", "access": "nan", "barrier": "nan", "bicycle": "nan", "foot": "nan", "motor_vehi": "nan", "opening_ho": "nan", "alt_name": "nan", "old_name": "nan", "locked": "nan", "leisure": "nan", "sport": "nan", "horse": "nan", "brand": "nan", "brand_en": "nan", "brand_wiki": "nan", "brand_wi_1": "nan", "brand_zh": "nan", "cuisine": "nan", "level": "nan", "name_en": "nan", "name_zh": "珞珈山庄", "takeaway": "nan", "diet_halal": "nan", "addr_city": "nan", "addr_distr": "nan", "addr_postc": "nan", "addr_provi": "nan", "addr_stree": "nan", "building": "hotel", "fee": "nan", "diet_meat": "nan", "note": "nan", "outdoor_se": "nan", "brand_zh-H": "nan", "brand_zh_1": "nan", "delivery": "nan", "name_zh-Ha": "nan", "name_zh-_1": "nan", "layer": "nan", "fast_food": "nan", "brand_zh-L": "nan", "name_zh-La": "nan", "surface": "nan", "addr_place": "nan", "addr_unit": "nan", "nohousenum": "nan", "roof_colou": "nan", "emergency": "nan", "healthcare": "nan", "healthca_1": "nan", "loc_name": "nan", "operator": "nan", "website": "nan", "wheelchair": "nan", "building_c": "nan", "building_l": "nan", "museum": "nan", "tourism": "hotel", "official_n": "nan", "wikimedia_": "nan", "office": "nan", "int_name": "nan", "height": "nan", "short_name": "nan", "wikidata": "nan", "wikipedia": "nan", "historic": "nan", "roof_orien": "nan", "roof_shape": "nan", "addr_house": "nan", "addr_hou_1": "nan", "power": "nan", "building_u": "nan", "flickr": "nan", "education": "nan", "ref": "nan", "athletics": "nan", "man_made": "nan", "ceremonial": "nan", "inscriptio": "nan", "material": "nan", "start_date": "nan", "bicycle_pa": "nan", "shelter_ty": "nan", "playground": "nan", "disused": "nan", "type": "nan", "addr_count": "nan", "internet_a": "nan", "name_de": "nan", "name_es": "nan", "name_fr": "nan", "name_it": "nan", "name_ja": "nan", "short_na_1": "nan", "short_na_2": "nan", "designatio": "nan", "path": "Point?crs=EPSG:4326&field=element:string(80,0)&field=id:string(80,0)&field=amenity:string(80,0)&field=name:string(80,0)&field=access:string(80,0)&field=barrier:string(80,0)&field=bicycle:string(80,0)&field=foot:string(80,0)&field=motor_vehi:string(80,0)&" }, "geometry": { "type": "Point", "coordinates": [ 114.362745357113127, 30.53821074421078 ] } },
{ "type": "Feature", "properties": { "element": "way", "id": "103751591", "amenity": "nan", "name": "武汉大气遥感国家野外科学观测研究站", "access": "nan", "barrier": "nan", "bicycle": "nan", "foot": "nan", "motor_vehi": "nan", "opening_ho": "nan", "alt_name": "nan", "old_name": "nan", "locked": "nan", "leisure": "nan", "sport": "nan", "horse": "nan", "brand": "nan", "brand_en": "nan", "brand_wiki": "nan", "brand_wi_1": "nan", "brand_zh": "nan", "cuisine": "nan", "level": "nan", "name_en": "nan", "name_zh": "nan", "takeaway": "nan", "diet_halal": "nan", "addr_city": "nan", "addr_distr": "nan", "addr_postc": "nan", "addr_provi": "nan", "addr_stree": "nan", "building": "yes", "fee": "nan", "diet_meat": "nan", "note": "nan", "outdoor_se": "nan", "brand_zh-H": "nan", "brand_zh_1": "nan", "delivery": "nan", "name_zh-Ha": "nan", "name_zh-_1": "nan", "layer": "nan", "fast_food": "nan", "brand_zh-L": "nan", "name_zh-La": "nan", "surface": "nan", "addr_place": "nan", "addr_unit": "nan", "nohousenum": "nan", "roof_colou": "nan", "emergency": "nan", "healthcare": "nan", "healthca_1": "nan", "loc_name": "nan", "operator": "武汉大学", "website": "nan", "wheelchair": "nan", "building_c": "nan", "building_l": "nan", "museum": "nan", "tourism": "nan", "official_n": "nan", "wikimedia_": "nan", "office": "research", "int_name": "nan", "height": "nan", "short_name": "nan", "wikidata": "nan", "wikipedia": "nan", "historic": "nan", "roof_orien": "nan", "roof_shape": "nan", "addr_house": "nan", "addr_hou_1": "nan", "power": "nan", "building_u": "nan", "flickr": "nan", "education": "nan", "ref": "nan", "athletics": "nan", "man_made": "nan", "ceremonial": "nan", "inscriptio": "nan", "material": "nan", "start_date": "nan", "bicycle_pa": "nan", "shelter_ty": "nan", "playground": "nan", "disused": "nan", "type": "nan", "addr_count": "nan", "internet_a": "nan", "name_de": "nan", "name_es": "nan", "name_fr": "nan", "name_it": "nan", "name_ja": "nan", "short_na_1": "nan", "short_na_2": "nan", "designatio": "nan", "path": "Point?crs=EPSG:4326&field=element:string(80,0)&field=id:string(80,0)&field=amenity:string(80,0)&field=name:string(80,0)&field=access:string(80,0)&field=barrier:string(80,0)&field=bicycle:string(80,0)&field=foot:string(80,0)&field=motor_vehi:string(80,0)&", "poi_tpye": "office" }, "geometry": { "type": "Point", "coordinates": [ 114.35951739748262, 30.536180258787123 ] } },
{ "type": "Feature", "properties": { "element": "way", "id": "103751588", "amenity": "nan", "name": "文理学部第五教学楼", "access": "nan", "barrier": "nan", "bicycle": "nan", "foot": "nan", "motor_vehi": "nan", "opening_ho": "nan", "alt_name": "教五楼", "old_name": "nan", "locked": "nan", "leisure": "nan", "sport": "nan", "horse": "nan", "brand": "nan", "brand_en": "nan", "brand_wiki": "nan", "brand_wi_1": "nan", "brand_zh": "nan", "cuisine": "nan", "level": "nan", "name_en": "nan", "name_zh": "nan", "takeaway": "nan", "diet_halal": "nan", "addr_city": "nan", "addr_distr": "nan", "addr_postc": "nan", "addr_provi": "nan", "addr_stree": "nan", "building": "university", "fee": "nan", "diet_meat": "nan", "note": "nan", "outdoor_se": "nan", "brand_zh-H": "nan", "brand_zh_1": "nan", "delivery": "nan", "name_zh-Ha": "nan", "name_zh-_1": "nan", "layer": "nan", "fast_food": "nan", "brand_zh-L": "nan", "name_zh-La": "nan", "surface": "nan", "addr_place": "nan", "addr_unit": "nan", "nohousenum": "nan", "roof_colou": "nan", "emergency": "nan", "healthcare": "nan", "healthca_1": "nan", "loc_name": "nan", "operator": "nan", "website": "nan", "wheelchair": "nan", "building_c": "nan", "building_l": "nan", "museum": "nan", "tourism": "nan", "official_n": "nan", "wikimedia_": "File:Wuhan University No. 5 Classroom Building.jpg", "office": "nan", "int_name": "nan", "height": "nan", "short_name": "nan", "wikidata": "nan", "wikipedia": "nan", "historic": "nan", "roof_orien": "nan", "roof_shape": "nan", "addr_house": "nan", "addr_hou_1": "nan", "power": "nan", "building_u": "nan", "flickr": "nan", "education": "nan", "ref": "nan", "athletics": "nan", "man_made": "nan", "ceremonial": "nan", "inscriptio": "nan", "material": "nan", "start_date": "nan", "bicycle_pa": "nan", "shelter_ty": "nan", "playground": "nan", "disused": "nan", "type": "nan", "addr_count": "nan", "internet_a": "nan", "name_de": "nan", "name_es": "nan", "name_fr": "nan", "name_it": "nan", "name_ja": "nan", "short_na_1": "nan", "short_na_2": "nan", "designatio": "nan", "path": "Point?crs=EPSG:4326&field=element:string(80,0)&field=id:string(80,0)&field=amenity:string(80,0)&field=name:string(80,0)&field=access:string(80,0)&field=barrier:string(80,0)&field=bicycle:string(80,0)&field=foot:string(80,0)&field=motor_vehi:string(80,0)&", "poi_tpye": "teaching_building" }, "geometry": { "type": "Point", "coordinates": [ 114.355936359437109, 30.538527751154778 ] } },
{ "type": "Feature", "properties": { "element": "way", "id": "103751587", "amenity": "canteen", "name": "梅园食堂", "access": "nan", "barrier": "nan", "bicycle": "nan", "foot": "nan", "motor_vehi": "nan", "opening_ho": "nan", "alt_name": "nan", "old_name": "nan", "locked": "nan", "leisure": "nan", "sport": "nan", "horse": "nan", "brand": "nan", "brand_en": "nan", "brand_wiki": "nan", "brand_wi_1": "nan", "brand_zh": "nan", "cuisine": "nan", "level": "nan", "name_en": "nan", "name_zh": "nan", "takeaway": "nan", "diet_halal": "nan", "addr_city": "nan", "addr_distr": "nan", "addr_postc": "nan", "addr_provi": "nan", "addr_stree": "nan", "building": "yes", "fee": "nan", "diet_meat": "nan", "note": "nan", "outdoor_se": "nan", "brand_zh-H": "nan", "brand_zh_1": "nan", "delivery": "nan", "name_zh-Ha": "nan", "name_zh-_1": "nan", "layer": "nan", "fast_food": "nan", "brand_zh-L": "nan", "name_zh-La": "nan", "surface": "nan", "addr_place": "nan", "addr_unit": "nan", "nohousenum": "nan", "roof_colou": "nan", "emergency": "nan", "healthcare": "nan", "healthca_1": "nan", "loc_name": "nan", "operator": "nan", "website": "nan", "wheelchair": "nan", "building_c": "nan", "building_l": "nan", "museum": "nan", "tourism": "nan", "official_n": "nan", "wikimedia_": "nan", "office": "nan", "int_name": "nan", "height": "nan", "short_name": "nan", "wikidata": "nan", "wikipedia": "nan", "historic": "nan", "roof_orien": "nan", "roof_shape": "nan", "addr_house": "nan", "addr_hou_1": "nan", "power": "nan", "building_u": "nan", "flickr": "nan", "education": "nan", "ref": "nan", "athletics": "nan", "man_made": "nan", "ceremonial": "nan", "inscriptio": "nan", "material": "nan", "start_date": "nan", "bicycle_pa": "nan", "shelter_ty": "nan", "playground": "nan", "disused": "nan", "type": "nan", "addr_count": "nan", "internet_a": "nan", "name_de": "nan", "name_es": "nan", "name_fr": "nan", "name_it": "nan", "name_ja": "nan", "short_na_1": "nan", "short_na_2": "nan", "designatio": "nan", "path": "Point?crs=EPSG:4326&field=element:string(80,0)&field=id:string(80,0)&field=amenity:string(80,0)&field=name:string(80,0)&field=access:string(80,0)&field=barrier:string(80,0)&field=bicycle:string(80,0)&field=foot:string(80,0)&field=motor_vehi:string(80,0)&", "poi_tpye": "cafeteria" }, "geometry": { "type": "Point", "coordinates": [ 114.359081235325277, 30.537933566501568 ] } },
{ "type": "Feature", "properties": { "element": "way", "id": "103751580", "amenity": "nan", "name": "物院老楼", "access": "nan", "barrier": "nan", "bicycle": "nan", "foot": "nan", "motor_vehi": "nan", "opening_ho": "nan", "alt_name": "nan", "old_name": "nan", "locked": "nan", "leisure": "nan", "sport": "nan", "horse": "nan", "brand": "nan", "brand_en": "nan", "brand_wiki": "nan", "brand_wi_1": "nan", "brand_zh": "nan", "cuisine": "nan", "level": "nan", "name_en": "nan", "name_zh": "nan", "takeaway": "nan", "diet_halal": "nan", "addr_city": "nan", "addr_distr": "nan", "addr_postc": "nan", "addr_provi": "nan", "addr_stree": "nan", "building": "university", "fee": "nan", "diet_meat": "nan", "note": "nan", "outdoor_se": "nan", "brand_zh-H": "nan", "brand_zh_1": "nan", "delivery": "nan", "name_zh-Ha": "nan", "name_zh-_1": "nan", "layer": "1", "fast_food": "nan", "brand_zh-L": "nan", "name_zh-La": "nan", "surface": "nan", "addr_place": "nan", "addr_unit": "nan", "nohousenum": "nan", "roof_colou": "nan", "emergency": "nan", "healthcare": "nan", "healthca_1": "nan", "loc_name": "nan", "operator": "nan", "website": "nan", "wheelchair": "nan", "building_c": "nan", "building_l": "nan", "museum": "nan", "tourism": "nan", "official_n": "物理科学与技术学院老楼", "wikimedia_": "nan", "office": "nan", "int_name": "nan", "height": "nan", "short_name": "nan", "wikidata": "nan", "wikipedia": "nan", "historic": "nan", "roof_orien": "nan", "roof_shape": "nan", "addr_house": "nan", "addr_hou_1": "nan", "power": "nan", "building_u": "nan", "flickr": "nan", "education": "nan", "ref": "nan", "athletics": "nan", "man_made": "nan", "ceremonial": "nan", "inscriptio": "nan", "material": "nan", "start_date": "nan", "bicycle_pa": "nan", "shelter_ty": "nan", "playground": "nan", "disused": "nan", "type": "nan", "addr_count": "nan", "internet_a": "nan", "name_de": "nan", "name_es": "nan", "name_fr": "nan", "name_it": "nan", "name_ja": "nan", "short_na_1": "nan", "short_na_2": "nan", "designatio": "nan", "path": "Point?crs=EPSG:4326&field=element:string(80,0)&field=id:string(80,0)&field=amenity:string(80,0)&field=name:string(80,0)&field=access:string(80,0)&field=barrier:string(80,0)&field=bicycle:string(80,0)&field=foot:string(80,0)&field=motor_vehi:string(80,0)&", "poi_tpye": "office" }, "geometry": { "type": "Point", "coordinates": [ 114.35677407318795, 30.536322461304025 ] } },
{ "type": "Feature", "properties": { "element": "way", "id": "1383419888", "amenity": "nan", "name": "行政楼西北附楼", "access": "nan", "barrier": "nan", "bicycle": "nan", "foot": "nan", "motor_vehi": "nan", "opening_ho": "nan", "alt_name": "nan", "old_name": "nan", "locked": "nan", "leisure": "nan", "sport": "nan", "horse": "nan", "brand": "nan", "brand_en": "nan", "brand_wiki": "nan", "brand_wi_1": "nan", "brand_zh": "nan", "cuisine": "nan", "level": "nan", "name_en": "nan", "name_zh": "nan", "takeaway": "nan", "diet_halal": "nan", "addr_city": "nan", "addr_distr": "nan", "addr_postc": "nan", "addr_provi": "nan", "addr_stree": "nan", "building": "office", "fee": "nan", "diet_meat": "nan", "note": "nan", "outdoor_se": "nan", "brand_zh-H": "nan", "brand_zh_1": "nan", "delivery": "nan", "name_zh-Ha": "nan", "name_zh-_1": "nan", "layer": "nan", "fast_food": "nan", "brand_zh-L": "nan", "name_zh-La": "nan", "surface": "nan", "addr_place": "nan", "addr_unit": "nan", "nohousenum": "nan", "roof_colou": "#08adba", "emergency": "nan", "healthcare": "nan", "healthca_1": "nan", "loc_name": "nan", "operator": "nan", "website": "nan", "wheelchair": "nan", "building_c": "nan", "building_l": "3", "museum": "nan", "tourism": "nan", "official_n": "nan", "wikimedia_": "nan", "office": "nan", "int_name": "nan", "height": "nan", "short_name": "nan", "wikidata": "nan", "wikipedia": "nan", "historic": "building", "roof_orien": "nan", "roof_shape": "nan", "addr_house": "nan", "addr_hou_1": "nan", "power": "nan", "building_u": "nan", "flickr": "nan", "education": "nan", "ref": "nan", "athletics": "nan", "man_made": "nan", "ceremonial": "nan", "inscriptio": "nan", "material": "nan", "start_date": "nan", "bicycle_pa": "nan", "shelter_ty": "nan", "playground": "nan", "disused": "nan", "type": "nan", "addr_count": "nan", "internet_a": "nan", "name_de": "nan", "name_es": "nan", "name_fr": "nan", "name_it": "nan", "name_ja": "nan", "short_na_1": "nan", "short_na_2": "nan", "designatio": "nan", "path": "Point?crs=EPSG:4326&field=element:string(80,0)&field=id:string(80,0)&field=amenity:string(80,0)&field=name:string(80,0)&field=access:string(80,0)&field=barrier:string(80,0)&field=bicycle:string(80,0)&field=foot:string(80,0)&field=motor_vehi:string(80,0)&", "poi_tpye": "office" }, "geometry": { "type": "Point", "coordinates": [ 114.360544862160623, 30.539867153048004 ] } },
{ "type": "Feature", "properties": { "element": "way", "id": "103749311", "amenity": "nan", "name": "博观楼", "access": "nan", "barrier": "nan", "bicycle": "nan", "foot": "nan", "motor_vehi": "nan", "opening_ho": "nan", "alt_name": "nan", "old_name": "nan", "locked": "nan", "leisure": "nan", "sport": "nan", "horse": "nan", "brand": "nan", "brand_en": "nan", "brand_wiki": "nan", "brand_wi_1": "nan", "brand_zh": "nan", "cuisine": "nan", "level": "nan", "name_en": "nan", "name_zh": "nan", "takeaway": "nan", "diet_halal": "nan", "addr_city": "nan", "addr_distr": "nan", "addr_postc": "nan", "addr_provi": "nan", "addr_stree": "nan", "building": "university", "fee": "nan", "diet_meat": "nan", "note": "nan", "outdoor_se": "nan", "brand_zh-H": "nan", "brand_zh_1": "nan", "delivery": "nan", "name_zh-Ha": "nan", "name_zh-_1": "nan", "layer": "nan", "fast_food": "nan", "brand_zh-L": "nan", "name_zh-La": "nan", "surface": "nan", "addr_place": "nan", "addr_unit": "nan", "nohousenum": "nan", "roof_colou": "nan", "emergency": "nan", "healthcare": "nan", "healthca_1": "nan", "loc_name": "nan", "operator": "nan", "website": "nan", "wheelchair": "nan", "building_c": "nan", "building_l": "nan", "museum": "nan", "tourism": "nan", "official_n": "nan", "wikimedia_": "nan", "office": "nan", "int_name": "nan", "height": "nan", "short_name": "nan", "wikidata": "nan", "wikipedia": "nan", "historic": "nan", "roof_orien": "nan", "roof_shape": "nan", "addr_house": "nan", "addr_hou_1": "nan", "power": "nan", "building_u": "nan", "flickr": "nan", "education": "nan", "ref": "nan", "athletics": "nan", "man_made": "nan", "ceremonial": "nan", "inscriptio": "nan", "material": "nan", "start_date": "nan", "bicycle_pa": "nan", "shelter_ty": "nan", "playground": "nan", "disused": "nan", "type": "nan", "addr_count": "nan", "internet_a": "nan", "name_de": "nan", "name_es": "nan", "name_fr": "nan", "name_it": "nan", "name_ja": "nan", "short_na_1": "nan", "short_na_2": "nan", "designatio": "nan", "path": "Point?crs=EPSG:4326&field=element:string(80,0)&field=id:string(80,0)&field=amenity:string(80,0)&field=name:string(80,0)&field=access:string(80,0)&field=barrier:string(80,0)&field=bicycle:string(80,0)&field=foot:string(80,0)&field=motor_vehi:string(80,0)&", "poi_tpye": "office" }, "geometry": { "type": "Point", "coordinates": [ 114.356019099083994, 30.535238398113989 ] } },
{ "type": "Feature", "properties": { "element": "way", "id": "103747551", "amenity": "nan", "name": "李达故居", "access": "nan", "barrier": "nan", "bicycle": "nan", "foot": "nan", "motor_vehi": "nan", "opening_ho": "nan", "alt_name": "nan", "old_name": "nan", "locked": "nan", "leisure": "nan", "sport": "nan", "horse": "nan", "brand": "nan", "brand_en": "nan", "brand_wiki": "nan", "brand_wi_1": "nan", "brand_zh": "nan", "cuisine": "nan", "level": "nan", "name_en": "nan", "name_zh": "nan", "takeaway": "nan", "diet_halal": "nan", "addr_city": "nan", "addr_distr": "nan", "addr_postc": "nan", "addr_provi": "nan", "addr_stree": "nan", "building": "yes", "fee": "nan", "diet_meat": "nan", "note": "nan", "outdoor_se": "nan", "brand_zh-H": "nan", "brand_zh_1": "nan", "delivery": "nan", "name_zh-Ha": "nan", "name_zh-_1": "nan", "layer": "nan", "fast_food": "nan", "brand_zh-L": "nan", "name_zh-La": "nan", "surface": "nan", "addr_place": "nan", "addr_unit": "nan", "nohousenum": "nan", "roof_colou": "nan", "emergency": "nan", "healthcare": "nan", "healthca_1": "nan", "loc_name": "nan", "operator": "nan", "website": "nan", "wheelchair": "nan", "building_c": "nan", "building_l": "nan", "museum": "history", "tourism": "museum", "official_n": "nan", "wikimedia_": "nan", "office": "nan", "int_name": "nan", "height": "nan", "short_name": "nan", "wikidata": "nan", "wikipedia": "nan", "historic": "nan", "roof_orien": "nan", "roof_shape": "nan", "addr_house": "nan", "addr_hou_1": "nan", "power": "nan", "building_u": "nan", "flickr": "nan", "education": "nan", "ref": "nan", "athletics": "nan", "man_made": "nan", "ceremonial": "nan", "inscriptio": "nan", "material": "nan", "start_date": "nan", "bicycle_pa": "nan", "shelter_ty": "nan", "playground": "nan", "disused": "nan", "type": "nan", "addr_count": "nan", "internet_a": "nan", "name_de": "nan", "name_es": "nan", "name_fr": "nan", "name_it": "nan", "name_ja": "nan", "short_na_1": "nan", "short_na_2": "nan", "designatio": "nan", "path": "Point?crs=EPSG:4326&field=element:string(80,0)&field=id:string(80,0)&field=amenity:string(80,0)&field=name:string(80,0)&field=access:string(80,0)&field=barrier:string(80,0)&field=bicycle:string(80,0)&field=foot:string(80,0)&field=motor_vehi:string(80,0)&" }, "geometry": { "type": "Point", "coordinates": [ 114.358764350239198, 30.534821991238569 ] } },
{ "type": "Feature", "properties": { "element": "way", "id": "103753737", "amenity": "nan", "name": "老图书馆", "access": "nan", "barrier": "nan", "bicycle": "nan", "foot": "nan", "motor_vehi": "nan", "opening_ho": "nan", "alt_name": "nan", "old_name": "nan", "locked": "nan", "leisure": "nan", "sport": "nan", "horse": "nan", "brand": "nan", "brand_en": "nan", "brand_wiki": "nan", "brand_wi_1": "nan", "brand_zh": "nan", "cuisine": "nan", "level": "nan", "name_en": "Old Library", "name_zh": "老图书馆", "takeaway": "nan", "diet_halal": "nan", "addr_city": "nan", "addr_distr": "nan", "addr_postc": "nan", "addr_provi": "nan", "addr_stree": "nan", "building": "museum", "fee": "nan", "diet_meat": "nan", "note": "nan", "outdoor_se": "nan", "brand_zh-H": "nan", "brand_zh_1": "nan", "delivery": "nan", "name_zh-Ha": "nan", "name_zh-_1": "nan", "layer": "nan", "fast_food": "nan", "brand_zh-L": "nan", "name_zh-La": "nan", "surface": "nan", "addr_place": "nan", "addr_unit": "nan", "nohousenum": "nan", "roof_colou": "#08adba", "emergency": "nan", "healthcare": "nan", "healthca_1": "nan", "loc_name": "nan", "operator": "nan", "website": "nan", "wheelchair": "nan", "building_c": "nan", "building_l": "nan", "museum": "nan", "tourism": "nan", "official_n": "nan", "wikimedia_": "nan", "office": "nan", "int_name": "nan", "height": "nan", "short_name": "nan", "wikidata": "nan", "wikipedia": "nan", "historic": "building", "roof_orien": "nan", "roof_shape": "nan", "addr_house": "nan", "addr_hou_1": "nan", "power": "nan", "building_u": "nan", "flickr": "nan", "education": "nan", "ref": "nan", "athletics": "nan", "man_made": "nan", "ceremonial": "nan", "inscriptio": "nan", "material": "nan", "start_date": "nan", "bicycle_pa": "nan", "shelter_ty": "nan", "playground": "nan", "disused": "nan", "type": "nan", "addr_count": "nan", "internet_a": "nan", "name_de": "nan", "name_es": "nan", "name_fr": "nan", "name_it": "nan", "name_ja": "nan", "short_na_1": "nan", "short_na_2": "nan", "designatio": "nan", "path": "Point?crs=EPSG:4326&field=element:string(80,0)&field=id:string(80,0)&field=amenity:string(80,0)&field=name:string(80,0)&field=access:string(80,0)&field=barrier:string(80,0)&field=bicycle:string(80,0)&field=foot:string(80,0)&field=motor_vehi:string(80,0)&", "poi_tpye": "library" }, "geometry": { "type": "Point", "coordinates": [ 114.358166360764216, 30.54252925989184 ] } },
{ "type": "Feature", "properties": { "element": "way", "id": "103753736", "amenity": "nan", "name": "马克思主义学院大楼", "access": "nan", "barrier": "nan", "bicycle": "nan", "foot": "nan", "motor_vehi": "nan", "opening_ho": "nan", "alt_name": "nan", "old_name": "物理楼", "locked": "nan", "leisure": "nan", "sport": "nan", "horse": "nan", "brand": "nan", "brand_en": "nan", "brand_wiki": "nan", "brand_wi_1": "nan", "brand_zh": "nan", "cuisine": "nan", "level": "nan", "name_en": "nan", "name_zh": "nan", "takeaway": "nan", "diet_halal": "nan", "addr_city": "nan", "addr_distr": "nan", "addr_postc": "nan", "addr_provi": "nan", "addr_stree": "nan", "building": "university", "fee": "nan", "diet_meat": "nan", "note": "nan", "outdoor_se": "nan", "brand_zh-H": "nan", "brand_zh_1": "nan", "delivery": "nan", "name_zh-Ha": "nan", "name_zh-_1": "nan", "layer": "nan", "fast_food": "nan", "brand_zh-L": "nan", "name_zh-La": "nan", "surface": "nan", "addr_place": "nan", "addr_unit": "nan", "nohousenum": "nan", "roof_colou": "nan", "emergency": "nan", "healthcare": "nan", "healthca_1": "nan", "loc_name": "nan", "operator": "nan", "website": "nan", "wheelchair": "nan", "building_c": "nan", "building_l": "nan", "museum": "nan", "tourism": "nan", "official_n": "nan", "wikimedia_": "nan", "office": "nan", "int_name": "nan", "height": "nan", "short_name": "nan", "wikidata": "nan", "wikipedia": "nan", "historic": "nan", "roof_orien": "nan", "roof_shape": "nan", "addr_house": "nan", "addr_hou_1": "nan", "power": "nan", "building_u": "nan", "flickr": "nan", "education": "nan", "ref": "nan", "athletics": "nan", "man_made": "nan", "ceremonial": "nan", "inscriptio": "nan", "material": "nan", "start_date": "nan", "bicycle_pa": "nan", "shelter_ty": "nan", "playground": "nan", "disused": "nan", "type": "nan", "addr_count": "nan", "internet_a": "nan", "name_de": "nan", "name_es": "nan", "name_fr": "nan", "name_it": "nan", "name_ja": "nan", "short_na_1": "nan", "short_na_2": "nan", "designatio": "nan", "path": "Point?crs=EPSG:4326&field=element:string(80,0)&field=id:string(80,0)&field=amenity:string(80,0)&field=name:string(80,0)&field=access:string(80,0)&field=barrier:string(80,0)&field=bicycle:string(80,0)&field=foot:string(80,0)&field=motor_vehi:string(80,0)&", "poi_tpye": "office" }, "geometry": { "type": "Point", "coordinates": [ 114.362229681202962, 30.540476155102027 ] } },
{ "type": "Feature", "properties": { "element": "way", "id": "103753734", "amenity": "nan", "name": "宋卿体育馆", "access": "nan", "barrier": "nan", "bicycle": "nan", "foot": "nan", "motor_vehi": "nan", "opening_ho": "nan", "alt_name": "nan", "old_name": "nan", "locked": "nan", "leisure": "sports_centre", "sport": "nan", "horse": "nan", "brand": "nan", "brand_en": "nan", "brand_wiki": "nan", "brand_wi_1": "nan", "brand_zh": "nan", "cuisine": "nan", "level": "nan", "name_en": "nan", "name_zh": "nan", "takeaway": "nan", "diet_halal": "nan", "addr_city": "nan", "addr_distr": "nan", "addr_postc": "nan", "addr_provi": "nan", "addr_stree": "nan", "building": "sports_hall", "fee": "nan", "diet_meat": "nan", "note": "nan", "outdoor_se": "nan", "brand_zh-H": "nan", "brand_zh_1": "nan", "delivery": "nan", "name_zh-Ha": "nan", "name_zh-_1": "nan", "layer": "nan", "fast_food": "nan", "brand_zh-L": "nan", "name_zh-La": "nan", "surface": "nan", "addr_place": "nan", "addr_unit": "nan", "nohousenum": "nan", "roof_colou": "#47828a", "emergency": "nan", "healthcare": "nan", "healthca_1": "nan", "loc_name": "nan", "operator": "nan", "website": "nan", "wheelchair": "nan", "building_c": "nan", "building_l": "nan", "museum": "nan", "tourism": "nan", "official_n": "nan", "wikimedia_": "File:Wuhan University Old Stadium.jpg", "office": "nan", "int_name": "nan", "height": "15.1", "short_name": "nan", "wikidata": "nan", "wikipedia": "nan", "historic": "nan", "roof_orien": "along", "roof_shape": "gabled", "addr_house": "nan", "addr_hou_1": "nan", "power": "nan", "building_u": "nan", "flickr": "nan", "education": "nan", "ref": "nan", "athletics": "nan", "man_made": "nan", "ceremonial": "nan", "inscriptio": "nan", "material": "nan", "start_date": "nan", "bicycle_pa": "nan", "shelter_ty": "nan", "playground": "nan", "disused": "nan", "type": "nan", "addr_count": "nan", "internet_a": "nan", "name_de": "nan", "name_es": "nan", "name_fr": "nan", "name_it": "nan", "name_ja": "nan", "short_na_1": "nan", "short_na_2": "nan", "designatio": "nan", "path": "Point?crs=EPSG:4326&field=element:string(80,0)&field=id:string(80,0)&field=amenity:string(80,0)&field=name:string(80,0)&field=access:string(80,0)&field=barrier:string(80,0)&field=bicycle:string(80,0)&field=foot:string(80,0)&field=motor_vehi:string(80,0)&", "poi_tpye": "sports" }, "geometry": { "type": "Point", "coordinates": [ 114.356197670241102, 30.540577955917236 ] } },
{ "type": "Feature", "properties": { "element": "way", "id": "103752743", "amenity": "nan", "name": "老华中水工实验所", "access": "nan", "barrier": "nan", "bicycle": "nan", "foot": "nan", "motor_vehi": "nan", "opening_ho": "nan", "alt_name": "nan", "old_name": "华中水工试验所", "locked": "nan", "leisure": "nan", "sport": "nan", "horse": "nan", "brand": "nan", "brand_en": "nan", "brand_wiki": "nan", "brand_wi_1": "nan", "brand_zh": "nan", "cuisine": "nan", "level": "nan", "name_en": "nan", "name_zh": "nan", "takeaway": "nan", "diet_halal": "nan", "addr_city": "nan", "addr_distr": "nan", "addr_postc": "nan", "addr_provi": "nan", "addr_stree": "nan", "building": "yes", "fee": "nan", "diet_meat": "nan", "note": "nan", "outdoor_se": "nan", "brand_zh-H": "nan", "brand_zh_1": "nan", "delivery": "nan", "name_zh-Ha": "nan", "name_zh-_1": "nan", "layer": "nan", "fast_food": "nan", "brand_zh-L": "nan", "name_zh-La": "nan", "surface": "nan", "addr_place": "nan", "addr_unit": "nan", "nohousenum": "nan", "roof_colou": "#08adba", "emergency": "nan", "healthcare": "nan", "healthca_1": "nan", "loc_name": "nan", "operator": "nan", "website": "nan", "wheelchair": "nan", "building_c": "nan", "building_l": "nan", "museum": "nan", "tourism": "nan", "official_n": "nan", "wikimedia_": "nan", "office": "nan", "int_name": "nan", "height": "nan", "short_name": "nan", "wikidata": "nan", "wikipedia": "nan", "historic": "building", "roof_orien": "nan", "roof_shape": "nan", "addr_house": "nan", "addr_hou_1": "nan", "power": "nan", "building_u": "nan", "flickr": "nan", "education": "nan", "ref": "nan", "athletics": "nan", "man_made": "nan", "ceremonial": "nan", "inscriptio": "nan", "material": "nan", "start_date": "nan", "bicycle_pa": "nan", "shelter_ty": "nan", "playground": "nan", "disused": "nan", "type": "nan", "addr_count": "nan", "internet_a": "nan", "name_de": "nan", "name_es": "nan", "name_fr": "nan", "name_it": "nan", "name_ja": "nan", "short_na_1": "nan", "short_na_2": "nan", "designatio": "nan", "path": "Point?crs=EPSG:4326&field=element:string(80,0)&field=id:string(80,0)&field=amenity:string(80,0)&field=name:string(80,0)&field=access:string(80,0)&field=barrier:string(80,0)&field=bicycle:string(80,0)&field=foot:string(80,0)&field=motor_vehi:string(80,0)&", "poi_tpye": "office" }, "geometry": { "type": "Point", "coordinates": [ 114.361074778176132, 30.538599285792127 ] } },
{ "type": "Feature", "properties": { "element": "way", "id": "103752742", "amenity": "nan", "name": "梅园二舍", "access": "nan", "barrier": "nan", "bicycle": "nan", "foot": "nan", "motor_vehi": "nan", "opening_ho": "nan", "alt_name": "nan", "old_name": "nan", "locked": "nan", "leisure": "nan", "sport": "nan", "horse": "nan", "brand": "nan", "brand_en": "nan", "brand_wiki": "nan", "brand_wi_1": "nan", "brand_zh": "nan", "cuisine": "nan", "level": "nan", "name_en": "nan", "name_zh": "nan", "takeaway": "nan", "diet_halal": "nan", "addr_city": "nan", "addr_distr": "nan", "addr_postc": "nan", "addr_provi": "nan", "addr_stree": "nan", "building": "dormitory", "fee": "nan", "diet_meat": "nan", "note": "nan", "outdoor_se": "nan", "brand_zh-H": "nan", "brand_zh_1": "nan", "delivery": "nan", "name_zh-Ha": "nan", "name_zh-_1": "nan", "layer": "nan", "fast_food": "nan", "brand_zh-L": "nan", "name_zh-La": "nan", "surface": "nan", "addr_place": "nan", "addr_unit": "nan", "nohousenum": "nan", "roof_colou": "nan", "emergency": "nan", "healthcare": "nan", "healthca_1": "nan", "loc_name": "nan", "operator": "nan", "website": "nan", "wheelchair": "nan", "building_c": "nan", "building_l": "nan", "museum": "nan", "tourism": "nan", "official_n": "nan", "wikimedia_": "nan", "office": "nan", "int_name": "nan", "height": "nan", "short_name": "nan", "wikidata": "nan", "wikipedia": "nan", "historic": "nan", "roof_orien": "nan", "roof_shape": "nan", "addr_house": "nan", "addr_hou_1": "nan", "power": "nan", "building_u": "nan", "flickr": "nan", "education": "nan", "ref": "nan", "athletics": "nan", "man_made": "nan", "ceremonial": "nan", "inscriptio": "nan", "material": "nan", "start_date": "nan", "bicycle_pa": "nan", "shelter_ty": "nan", "playground": "nan", "disused": "nan", "type": "nan", "addr_count": "nan", "internet_a": "nan", "name_de": "nan", "name_es": "nan", "name_fr": "nan", "name_it": "nan", "name_ja": "nan", "short_na_1": "nan", "short_na_2": "nan", "designatio": "nan", "path": "Point?crs=EPSG:4326&field=element:string(80,0)&field=id:string(80,0)&field=amenity:string(80,0)&field=name:string(80,0)&field=access:string(80,0)&field=barrier:string(80,0)&field=bicycle:string(80,0)&field=foot:string(80,0)&field=motor_vehi:string(80,0)&", "poi_tpye": "dormitory" }, "geometry": { "type": "Point", "coordinates": [ 114.35853096239623, 30.538815124250974 ] } },
{ "type": "Feature", "properties": { "element": "way", "id": "103752741", "amenity": "nan", "name": "梅园六舍", "access": "nan", "barrier": "nan", "bicycle": "nan", "foot": "nan", "motor_vehi": "nan", "opening_ho": "nan", "alt_name": "nan", "old_name": "nan", "locked": "nan", "leisure": "nan", "sport": "nan", "horse": "nan", "brand": "nan", "brand_en": "nan", "brand_wiki": "nan", "brand_wi_1": "nan", "brand_zh": "nan", "cuisine": "nan", "level": "nan", "name_en": "nan", "name_zh": "nan", "takeaway": "nan", "diet_halal": "nan", "addr_city": "nan", "addr_distr": "nan", "addr_postc": "nan", "addr_provi": "nan", "addr_stree": "nan", "building": "dormitory", "fee": "nan", "diet_meat": "nan", "note": "nan", "outdoor_se": "nan", "brand_zh-H": "nan", "brand_zh_1": "nan", "delivery": "nan", "name_zh-Ha": "nan", "name_zh-_1": "nan", "layer": "nan", "fast_food": "nan", "brand_zh-L": "nan", "name_zh-La": "nan", "surface": "nan", "addr_place": "nan", "addr_unit": "nan", "nohousenum": "nan", "roof_colou": "nan", "emergency": "nan", "healthcare": "nan", "healthca_1": "nan", "loc_name": "nan", "operator": "nan", "website": "nan", "wheelchair": "nan", "building_c": "nan", "building_l": "nan", "museum": "nan", "tourism": "nan", "official_n": "nan", "wikimedia_": "nan", "office": "nan", "int_name": "nan", "height": "nan", "short_name": "nan", "wikidata": "nan", "wikipedia": "nan", "historic": "nan", "roof_orien": "nan", "roof_shape": "nan", "addr_house": "nan", "addr_hou_1": "nan", "power": "nan", "building_u": "nan", "flickr": "nan", "education": "nan", "ref": "nan", "athletics": "nan", "man_made": "nan", "ceremonial": "nan", "inscriptio": "nan", "material": "nan", "start_date": "nan", "bicycle_pa": "nan", "shelter_ty": "nan", "playground": "nan", "disused": "nan", "type": "nan", "addr_count": "nan", "internet_a": "nan", "name_de": "nan", "name_es": "nan", "name_fr": "nan", "name_it": "nan", "name_ja": "nan", "short_na_1": "nan", "short_na_2": "nan", "designatio": "nan", "path": "Point?crs=EPSG:4326&field=element:string(80,0)&field=id:string(80,0)&field=amenity:string(80,0)&field=name:string(80,0)&field=access:string(80,0)&field=barrier:string(80,0)&field=bicycle:string(80,0)&field=foot:string(80,0)&field=motor_vehi:string(80,0)&", "poi_tpye": "dormitory" }, "geometry": { "type": "Point", "coordinates": [ 114.358623681260497, 30.538554519567104 ] } },
{ "type": "Feature", "properties": { "element": "way", "id": "1389860246", "amenity": "nan", "name": "武汉大学牌楼", "access": "nan", "barrier": "nan", "bicycle": "nan", "foot": "nan", "motor_vehi": "nan", "opening_ho": "nan", "alt_name": "武汉大学新牌坊;国立武汉大学牌楼", "old_name": "nan", "locked": "nan", "leisure": "nan", "sport": "nan", "horse": "nan", "brand": "nan", "brand_en": "nan", "brand_wiki": "nan", "brand_wi_1": "nan", "brand_zh": "nan", "cuisine": "nan", "level": "nan", "name_en": "nan", "name_zh": "nan", "takeaway": "nan", "diet_halal": "nan", "addr_city": "nan", "addr_distr": "nan", "addr_postc": "nan", "addr_provi": "nan", "addr_stree": "nan", "building": "yes", "fee": "nan", "diet_meat": "nan", "note": "nan", "outdoor_se": "nan", "brand_zh-H": "nan", "brand_zh_1": "nan", "delivery": "nan", "name_zh-Ha": "nan", "name_zh-_1": "nan", "layer": "1", "fast_food": "nan", "brand_zh-L": "nan", "name_zh-La": "nan", "surface": "nan", "addr_place": "nan", "addr_unit": "nan", "nohousenum": "nan", "roof_colou": "nan", "emergency": "nan", "healthcare": "nan", "healthca_1": "nan", "loc_name": "nan", "operator": "nan", "website": "nan", "wheelchair": "nan", "building_c": "nan", "building_l": "nan", "museum": "nan", "tourism": "attraction", "official_n": "nan", "wikimedia_": "File:Wuhan University Paifang 2024.jpg", "office": "nan", "int_name": "nan", "height": "nan", "short_name": "牌坊;新牌坊;牌楼", "wikidata": "Q11124604", "wikipedia": "zh:武汉大学校门", "historic": "nan", "roof_orien": "nan", "roof_shape": "nan", "addr_house": "nan", "addr_hou_1": "nan", "power": "nan", "building_u": "nan", "flickr": "nan", "education": "nan", "ref": "nan", "athletics": "nan", "man_made": "ceremonial_gate", "ceremonial": "paifang", "inscriptio": "國立武漢大學;文法理工農醫", "material": "concrete", "start_date": "2013-09-09", "bicycle_pa": "nan", "shelter_ty": "nan", "playground": "nan", "disused": "nan", "type": "nan", "addr_count": "nan", "internet_a": "nan", "name_de": "nan", "name_es": "nan", "name_fr": "nan", "name_it": "nan", "name_ja": "nan", "short_na_1": "nan", "short_na_2": "nan", "designatio": "nan", "path": "Point?crs=EPSG:4326&field=element:string(80,0)&field=id:string(80,0)&field=amenity:string(80,0)&field=name:string(80,0)&field=access:string(80,0)&field=barrier:string(80,0)&field=bicycle:string(80,0)&field=foot:string(80,0)&field=motor_vehi:string(80,0)&", "poi_tpye": null }, "geometry": { "type": "Point", "coordinates": [ 114.352696781348243, 30.53569314498138 ] } },
{ "type": "Feature", "properties": { "element": "way", "id": "103752740", "amenity": "nan", "name": "梅园一舍", "access": "nan", "barrier": "nan", "bicycle": "nan", "foot": "nan", "motor_vehi": "nan", "opening_ho": "nan", "alt_name": "nan", "old_name": "nan", "locked": "nan", "leisure": "nan", "sport": "nan", "horse": "nan", "brand": "nan", "brand_en": "nan", "brand_wiki": "nan", "brand_wi_1": "nan", "brand_zh": "nan", "cuisine": "nan", "level": "nan", "name_en": "nan", "name_zh": "nan", "takeaway": "nan", "diet_halal": "nan", "addr_city": "nan", "addr_distr": "nan", "addr_postc": "nan", "addr_provi": "nan", "addr_stree": "nan", "building": "dormitory", "fee": "nan", "diet_meat": "nan", "note": "nan", "outdoor_se": "nan", "brand_zh-H": "nan", "brand_zh_1": "nan", "delivery": "nan", "name_zh-Ha": "nan", "name_zh-_1": "nan", "layer": "nan", "fast_food": "nan", "brand_zh-L": "nan", "name_zh-La": "nan", "surface": "nan", "addr_place": "nan", "addr_unit": "nan", "nohousenum": "nan", "roof_colou": "nan", "emergency": "nan", "healthcare": "nan", "healthca_1": "nan", "loc_name": "nan", "operator": "nan", "website": "nan", "wheelchair": "nan", "building_c": "nan", "building_l": "nan", "museum": "nan", "tourism": "nan", "official_n": "nan", "wikimedia_": "nan", "office": "nan", "int_name": "nan", "height": "nan", "short_name": "nan", "wikidata": "nan", "wikipedia": "nan", "historic": "nan", "roof_orien": "nan", "roof_shape": "nan", "addr_house": "nan", "addr_hou_1": "nan", "power": "nan", "building_u": "nan", "flickr": "nan", "education": "nan", "ref": "nan", "athletics": "nan", "man_made": "nan", "ceremonial": "nan", "inscriptio": "nan", "material": "nan", "start_date": "nan", "bicycle_pa": "nan", "shelter_ty": "nan", "playground": "nan", "disused": "nan", "type": "nan", "addr_count": "nan", "internet_a": "nan", "name_de": "nan", "name_es": "nan", "name_fr": "nan", "name_it": "nan", "name_ja": "nan", "short_na_1": "nan", "short_na_2": "nan", "designatio": "nan", "path": "Point?crs=EPSG:4326&field=element:string(80,0)&field=id:string(80,0)&field=amenity:string(80,0)&field=name:string(80,0)&field=access:string(80,0)&field=barrier:string(80,0)&field=bicycle:string(80,0)&field=foot:string(80,0)&field=motor_vehi:string(80,0)&", "poi_tpye": "dormitory" }, "geometry": { "type": "Point", "coordinates": [ 114.358448751540323, 30.539108936280236 ] } },
{ "type": "Feature", "properties": { "element": "way", "id": "103752735", "amenity": "nan", "name": "本科生院楼", "access": "nan", "barrier": "nan", "bicycle": "nan", "foot": "nan", "motor_vehi": "nan", "opening_ho": "nan", "alt_name": "出版大楼", "old_name": "文渊楼", "locked": "nan", "leisure": "nan", "sport": "nan", "horse": "nan", "brand": "nan", "brand_en": "nan", "brand_wiki": "nan", "brand_wi_1": "nan", "brand_zh": "nan", "cuisine": "nan", "level": "nan", "name_en": "nan", "name_zh": "nan", "takeaway": "nan", "diet_halal": "nan", "addr_city": "nan", "addr_distr": "nan", "addr_postc": "nan", "addr_provi": "nan", "addr_stree": "nan", "building": "office", "fee": "nan", "diet_meat": "nan", "note": "nan", "outdoor_se": "nan", "brand_zh-H": "nan", "brand_zh_1": "nan", "delivery": "nan", "name_zh-Ha": "nan", "name_zh-_1": "nan", "layer": "nan", "fast_food": "nan", "brand_zh-L": "nan", "name_zh-La": "nan", "surface": "nan", "addr_place": "nan", "addr_unit": "nan", "nohousenum": "nan", "roof_colou": "nan", "emergency": "nan", "healthcare": "nan", "healthca_1": "nan", "loc_name": "nan", "operator": "nan", "website": "https://uc.whu.edu.cn/", "wheelchair": "nan", "building_c": "nan", "building_l": "nan", "museum": "nan", "tourism": "nan", "official_n": "nan", "wikimedia_": "nan", "office": "nan", "int_name": "nan", "height": "nan", "short_name": "nan", "wikidata": "nan", "wikipedia": "nan", "historic": "nan", "roof_orien": "nan", "roof_shape": "nan", "addr_house": "nan", "addr_hou_1": "nan", "power": "nan", "building_u": "nan", "flickr": "nan", "education": "nan", "ref": "nan", "athletics": "nan", "man_made": "nan", "ceremonial": "nan", "inscriptio": "nan", "material": "nan", "start_date": "nan", "bicycle_pa": "nan", "shelter_ty": "nan", "playground": "nan", "disused": "nan", "type": "nan", "addr_count": "nan", "internet_a": "nan", "name_de": "nan", "name_es": "nan", "name_fr": "nan", "name_it": "nan", "name_ja": "nan", "short_na_1": "nan", "short_na_2": "nan", "designatio": "nan", "path": "Point?crs=EPSG:4326&field=element:string(80,0)&field=id:string(80,0)&field=amenity:string(80,0)&field=name:string(80,0)&field=access:string(80,0)&field=barrier:string(80,0)&field=bicycle:string(80,0)&field=foot:string(80,0)&field=motor_vehi:string(80,0)&", "poi_tpye": "office" }, "geometry": { "type": "Point", "coordinates": [ 114.352373671420182, 30.536350324672146 ] } },
{ "type": "Feature", "properties": { "element": "way", "id": "103752734", "amenity": "nan", "name": "后勤服务集团楼", "access": "nan", "barrier": "nan", "bicycle": "nan", "foot": "nan", "motor_vehi": "nan", "opening_ho": "nan", "alt_name": "nan", "old_name": "nan", "locked": "nan", "leisure": "nan", "sport": "nan", "horse": "nan", "brand": "nan", "brand_en": "nan", "brand_wiki": "nan", "brand_wi_1": "nan", "brand_zh": "nan", "cuisine": "nan", "level": "nan", "name_en": "nan", "name_zh": "nan", "takeaway": "nan", "diet_halal": "nan", "addr_city": "nan", "addr_distr": "nan", "addr_postc": "nan", "addr_provi": "nan", "addr_stree": "nan", "building": "office", "fee": "nan", "diet_meat": "nan", "note": "nan", "outdoor_se": "nan", "brand_zh-H": "nan", "brand_zh_1": "nan", "delivery": "nan", "name_zh-Ha": "nan", "name_zh-_1": "nan", "layer": "nan", "fast_food": "nan", "brand_zh-L": "nan", "name_zh-La": "nan", "surface": "nan", "addr_place": "nan", "addr_unit": "nan", "nohousenum": "nan", "roof_colou": "nan", "emergency": "nan", "healthcare": "nan", "healthca_1": "nan", "loc_name": "nan", "operator": "nan", "website": "nan", "wheelchair": "nan", "building_c": "nan", "building_l": "nan", "museum": "nan", "tourism": "nan", "official_n": "武汉大学后勤服务集团楼", "wikimedia_": "nan", "office": "nan", "int_name": "nan", "height": "nan", "short_name": "nan", "wikidata": "nan", "wikipedia": "nan", "historic": "nan", "roof_orien": "nan", "roof_shape": "nan", "addr_house": "nan", "addr_hou_1": "nan", "power": "nan", "building_u": "nan", "flickr": "nan", "education": "nan", "ref": "nan", "athletics": "nan", "man_made": "nan", "ceremonial": "nan", "inscriptio": "nan", "material": "nan", "start_date": "nan", "bicycle_pa": "nan", "shelter_ty": "nan", "playground": "nan", "disused": "nan", "type": "nan", "addr_count": "nan", "internet_a": "nan", "name_de": "nan", "name_es": "nan", "name_fr": "nan", "name_it": "nan", "name_ja": "nan", "short_na_1": "nan", "short_na_2": "nan", "designatio": "nan", "path": "Point?crs=EPSG:4326&field=element:string(80,0)&field=id:string(80,0)&field=amenity:string(80,0)&field=name:string(80,0)&field=access:string(80,0)&field=barrier:string(80,0)&field=bicycle:string(80,0)&field=foot:string(80,0)&field=motor_vehi:string(80,0)&", "poi_tpye": "office" }, "geometry": { "type": "Point", "coordinates": [ 114.360089654423049, 30.538264962573052 ] } },
{ "type": "Feature", "properties": { "element": "way", "id": "103752733", "amenity": "nan", "name": "梅园五舍", "access": "nan", "barrier": "nan", "bicycle": "nan", "foot": "nan", "motor_vehi": "nan", "opening_ho": "nan", "alt_name": "nan", "old_name": "nan", "locked": "nan", "leisure": "nan", "sport": "nan", "horse": "nan", "brand": "nan", "brand_en": "nan", "brand_wiki": "nan", "brand_wi_1": "nan", "brand_zh": "nan", "cuisine": "nan", "level": "nan", "name_en": "nan", "name_zh": "nan", "takeaway": "nan", "diet_halal": "nan", "addr_city": "nan", "addr_distr": "nan", "addr_postc": "nan", "addr_provi": "nan", "addr_stree": "nan", "building": "dormitory", "fee": "nan", "diet_meat": "nan", "note": "nan", "outdoor_se": "nan", "brand_zh-H": "nan", "brand_zh_1": "nan", "delivery": "nan", "name_zh-Ha": "nan", "name_zh-_1": "nan", "layer": "nan", "fast_food": "nan", "brand_zh-L": "nan", "name_zh-La": "nan", "surface": "nan", "addr_place": "nan", "addr_unit": "nan", "nohousenum": "nan", "roof_colou": "nan", "emergency": "nan", "healthcare": "nan", "healthca_1": "nan", "loc_name": "nan", "operator": "nan", "website": "nan", "wheelchair": "nan", "building_c": "nan", "building_l": "nan", "museum": "nan", "tourism": "nan", "official_n": "nan", "wikimedia_": "nan", "office": "nan", "int_name": "nan", "height": "nan", "short_name": "nan", "wikidata": "nan", "wikipedia": "nan", "historic": "nan", "roof_orien": "nan", "roof_shape": "nan", "addr_house": "nan", "addr_hou_1": "nan", "power": "nan", "building_u": "nan", "flickr": "nan", "education": "nan", "ref": "nan", "athletics": "nan", "man_made": "nan", "ceremonial": "nan", "inscriptio": "nan", "material": "nan", "start_date": "nan", "bicycle_pa": "nan", "shelter_ty": "nan", "playground": "nan", "disused": "nan", "type": "nan", "addr_count": "nan", "internet_a": "nan", "name_de": "nan", "name_es": "nan", "name_fr": "nan", "name_it": "nan", "name_ja": "nan", "short_na_1": "nan", "short_na_2": "nan", "designatio": "nan", "path": "Point?crs=EPSG:4326&field=element:string(80,0)&field=id:string(80,0)&field=amenity:string(80,0)&field=name:string(80,0)&field=access:string(80,0)&field=barrier:string(80,0)&field=bicycle:string(80,0)&field=foot:string(80,0)&field=motor_vehi:string(80,0)&", "poi_tpye": "dormitory" }, "geometry": { "type": "Point", "coordinates": [ 114.359961929104969, 30.538805368183525 ] } },
{ "type": "Feature", "properties": { "element": "way", "id": "103752732", "amenity": "nan", "name": "万林艺术博物馆", "access": "nan", "barrier": "nan", "bicycle": "nan", "foot": "nan", "motor_vehi": "nan", "opening_ho": "nan", "alt_name": "nan", "old_name": "nan", "locked": "nan", "leisure": "nan", "sport": "nan", "horse": "nan", "brand": "nan", "brand_en": "nan", "brand_wiki": "nan", "brand_wi_1": "nan", "brand_zh": "nan", "cuisine": "nan", "level": "nan", "name_en": "nan", "name_zh": "万林艺术博物馆", "takeaway": "nan", "diet_halal": "nan", "addr_city": "nan", "addr_distr": "nan", "addr_postc": "nan", "addr_provi": "nan", "addr_stree": "nan", "building": "museum", "fee": "nan", "diet_meat": "nan", "note": "nan", "outdoor_se": "nan", "brand_zh-H": "nan", "brand_zh_1": "nan", "delivery": "nan", "name_zh-Ha": "nan", "name_zh-_1": "nan", "layer": "nan", "fast_food": "nan", "brand_zh-L": "nan", "name_zh-La": "nan", "surface": "nan", "addr_place": "nan", "addr_unit": "nan", "nohousenum": "nan", "roof_colou": "nan", "emergency": "nan", "healthcare": "nan", "healthca_1": "nan", "loc_name": "nan", "operator": "nan", "website": "https://museum.whu.edu.cn/", "wheelchair": "nan", "building_c": "nan", "building_l": "3", "museum": "nan", "tourism": "museum", "official_n": "武汉大学万林艺术博物馆", "wikimedia_": "File:万林博物馆 20240326.jpg", "office": "nan", "int_name": "nan", "height": "28", "short_name": "万林博物馆", "wikidata": "Q17012666", "wikipedia": "zh:万林艺术博物馆", "historic": "nan", "roof_orien": "nan", "roof_shape": "nan", "addr_house": "nan", "addr_hou_1": "nan", "power": "nan", "building_u": "nan", "flickr": "nan", "education": "nan", "ref": "nan", "athletics": "nan", "man_made": "nan", "ceremonial": "nan", "inscriptio": "nan", "material": "nan", "start_date": "nan", "bicycle_pa": "nan", "shelter_ty": "nan", "playground": "nan", "disused": "nan", "type": "nan", "addr_count": "nan", "internet_a": "nan", "name_de": "nan", "name_es": "nan", "name_fr": "nan", "name_it": "nan", "name_ja": "nan", "short_na_1": "nan", "short_na_2": "nan", "designatio": "nan", "path": "Point?crs=EPSG:4326&field=element:string(80,0)&field=id:string(80,0)&field=amenity:string(80,0)&field=name:string(80,0)&field=access:string(80,0)&field=barrier:string(80,0)&field=bicycle:string(80,0)&field=foot:string(80,0)&field=motor_vehi:string(80,0)&" }, "geometry": { "type": "Point", "coordinates": [ 114.357591352590788, 30.538878220611569 ] } },
{ "type": "Feature", "properties": { "element": "way", "id": "103752731", "amenity": "nan", "name": "梅园三舍", "access": "nan", "barrier": "nan", "bicycle": "nan", "foot": "nan", "motor_vehi": "nan", "opening_ho": "nan", "alt_name": "nan", "old_name": "nan", "locked": "nan", "leisure": "nan", "sport": "nan", "horse": "nan", "brand": "nan", "brand_en": "nan", "brand_wiki": "nan", "brand_wi_1": "nan", "brand_zh": "nan", "cuisine": "nan", "level": "nan", "name_en": "nan", "name_zh": "nan", "takeaway": "nan", "diet_halal": "nan", "addr_city": "nan", "addr_distr": "nan", "addr_postc": "nan", "addr_provi": "nan", "addr_stree": "nan", "building": "dormitory", "fee": "nan", "diet_meat": "nan", "note": "nan", "outdoor_se": "nan", "brand_zh-H": "nan", "brand_zh_1": "nan", "delivery": "nan", "name_zh-Ha": "nan", "name_zh-_1": "nan", "layer": "nan", "fast_food": "nan", "brand_zh-L": "nan", "name_zh-La": "nan", "surface": "nan", "addr_place": "nan", "addr_unit": "nan", "nohousenum": "nan", "roof_colou": "nan", "emergency": "nan", "healthcare": "nan", "healthca_1": "nan", "loc_name": "nan", "operator": "nan", "website": "nan", "wheelchair": "nan", "building_c": "nan", "building_l": "nan", "museum": "nan", "tourism": "nan", "official_n": "nan", "wikimedia_": "nan", "office": "nan", "int_name": "nan", "height": "nan", "short_name": "nan", "wikidata": "nan", "wikipedia": "nan", "historic": "nan", "roof_orien": "nan", "roof_shape": "nan", "addr_house": "nan", "addr_hou_1": "nan", "power": "nan", "building_u": "nan", "flickr": "nan", "education": "nan", "ref": "nan", "athletics": "nan", "man_made": "nan", "ceremonial": "nan", "inscriptio": "nan", "material": "nan", "start_date": "nan", "bicycle_pa": "nan", "shelter_ty": "nan", "playground": "nan", "disused": "nan", "type": "nan", "addr_count": "nan", "internet_a": "nan", "name_de": "nan", "name_es": "nan", "name_fr": "nan", "name_it": "nan", "name_ja": "nan", "short_na_1": "nan", "short_na_2": "nan", "designatio": "nan", "path": "Point?crs=EPSG:4326&field=element:string(80,0)&field=id:string(80,0)&field=amenity:string(80,0)&field=name:string(80,0)&field=access:string(80,0)&field=barrier:string(80,0)&field=bicycle:string(80,0)&field=foot:string(80,0)&field=motor_vehi:string(80,0)&", "poi_tpye": "dormitory" }, "geometry": { "type": "Point", "coordinates": [ 114.359212651180144, 30.539237045602757 ] } },
{ "type": "Feature", "properties": { "element": "way", "id": "103752730", "amenity": "nan", "name": "文理学部第四教学楼", "access": "nan", "barrier": "nan", "bicycle": "nan", "foot": "nan", "motor_vehi": "nan", "opening_ho": "nan", "alt_name": "教四楼", "old_name": "nan", "locked": "nan", "leisure": "nan", "sport": "nan", "horse": "nan", "brand": "nan", "brand_en": "nan", "brand_wiki": "nan", "brand_wi_1": "nan", "brand_zh": "nan", "cuisine": "nan", "level": "nan", "name_en": "nan", "name_zh": "文理学部第四教学楼", "takeaway": "nan", "diet_halal": "nan", "addr_city": "nan", "addr_distr": "nan", "addr_postc": "nan", "addr_provi": "nan", "addr_stree": "nan", "building": "university", "fee": "nan", "diet_meat": "nan", "note": "nan", "outdoor_se": "nan", "brand_zh-H": "nan", "brand_zh_1": "nan", "delivery": "nan", "name_zh-Ha": "nan", "name_zh-_1": "nan", "layer": "nan", "fast_food": "nan", "brand_zh-L": "nan", "name_zh-La": "nan", "surface": "nan", "addr_place": "nan", "addr_unit": "nan", "nohousenum": "nan", "roof_colou": "nan", "emergency": "nan", "healthcare": "nan", "healthca_1": "nan", "loc_name": "nan", "operator": "nan", "website": "nan", "wheelchair": "nan", "building_c": "nan", "building_l": "nan", "museum": "nan", "tourism": "nan", "official_n": "nan", "wikimedia_": "nan", "office": "nan", "int_name": "nan", "height": "nan", "short_name": "nan", "wikidata": "nan", "wikipedia": "nan", "historic": "nan", "roof_orien": "nan", "roof_shape": "nan", "addr_house": "nan", "addr_hou_1": "nan", "power": "nan", "building_u": "nan", "flickr": "nan", "education": "nan", "ref": "nan", "athletics": "nan", "man_made": "nan", "ceremonial": "nan", "inscriptio": "nan", "material": "nan", "start_date": "nan", "bicycle_pa": "nan", "shelter_ty": "nan", "playground": "nan", "disused": "nan", "type": "nan", "addr_count": "nan", "internet_a": "nan", "name_de": "nan", "name_es": "nan", "name_fr": "nan", "name_it": "nan", "name_ja": "nan", "short_na_1": "nan", "short_na_2": "nan", "designatio": "nan", "path": "Point?crs=EPSG:4326&field=element:string(80,0)&field=id:string(80,0)&field=amenity:string(80,0)&field=name:string(80,0)&field=access:string(80,0)&field=barrier:string(80,0)&field=bicycle:string(80,0)&field=foot:string(80,0)&field=motor_vehi:string(80,0)&", "poi_tpye": "teaching_building" }, "geometry": { "type": "Point", "coordinates": [ 114.35637893541184, 30.539215864692189 ] } },
{ "type": "Feature", "properties": { "element": "way", "id": "103752729", "amenity": "nan", "name": "文理学部第一教学楼", "access": "nan", "barrier": "nan", "bicycle": "nan", "foot": "nan", "motor_vehi": "nan", "opening_ho": "nan", "alt_name": "文理学部教一楼", "old_name": "nan", "locked": "nan", "leisure": "nan", "sport": "nan", "horse": "nan", "brand": "nan", "brand_en": "nan", "brand_wiki": "nan", "brand_wi_1": "nan", "brand_zh": "nan", "cuisine": "nan", "level": "nan", "name_en": "nan", "name_zh": "nan", "takeaway": "nan", "diet_halal": "nan", "addr_city": "nan", "addr_distr": "nan", "addr_postc": "nan", "addr_provi": "nan", "addr_stree": "nan", "building": "yes", "fee": "nan", "diet_meat": "nan", "note": "nan", "outdoor_se": "nan", "brand_zh-H": "nan", "brand_zh_1": "nan", "delivery": "nan", "name_zh-Ha": "nan", "name_zh-_1": "nan", "layer": "nan", "fast_food": "nan", "brand_zh-L": "nan", "name_zh-La": "nan", "surface": "nan", "addr_place": "nan", "addr_unit": "nan", "nohousenum": "nan", "roof_colou": "nan", "emergency": "nan", "healthcare": "nan", "healthca_1": "nan", "loc_name": "nan", "operator": "nan", "website": "nan", "wheelchair": "nan", "building_c": "nan", "building_l": "nan", "museum": "nan", "tourism": "nan", "official_n": "nan", "wikimedia_": "nan", "office": "nan", "int_name": "nan", "height": "nan", "short_name": "nan", "wikidata": "nan", "wikipedia": "nan", "historic": "nan", "roof_orien": "nan", "roof_shape": "nan", "addr_house": "nan", "addr_hou_1": "nan", "power": "nan", "building_u": "nan", "flickr": "nan", "education": "nan", "ref": "nan", "athletics": "nan", "man_made": "nan", "ceremonial": "nan", "inscriptio": "nan", "material": "nan", "start_date": "nan", "bicycle_pa": "nan", "shelter_ty": "nan", "playground": "nan", "disused": "nan", "type": "nan", "addr_count": "nan", "internet_a": "nan", "name_de": "nan", "name_es": "nan", "name_fr": "nan", "name_it": "nan", "name_ja": "nan", "short_na_1": "nan", "short_na_2": "nan", "designatio": "nan", "path": "Point?crs=EPSG:4326&field=element:string(80,0)&field=id:string(80,0)&field=amenity:string(80,0)&field=name:string(80,0)&field=access:string(80,0)&field=barrier:string(80,0)&field=bicycle:string(80,0)&field=foot:string(80,0)&field=motor_vehi:string(80,0)&", "poi_tpye": "teaching_building" }, "geometry": { "type": "Point", "coordinates": [ 114.359867133429972, 30.539529791570828 ] } },
{ "type": "Feature", "properties": { "element": "way", "id": "103751600", "amenity": "nan", "name": "研究生院", "access": "nan", "barrier": "nan", "bicycle": "nan", "foot": "nan", "motor_vehi": "nan", "opening_ho": "nan", "alt_name": "观澜楼", "old_name": "nan", "locked": "nan", "leisure": "nan", "sport": "nan", "horse": "nan", "brand": "nan", "brand_en": "nan", "brand_wiki": "nan", "brand_wi_1": "nan", "brand_zh": "nan", "cuisine": "nan", "level": "nan", "name_en": "nan", "name_zh": "nan", "takeaway": "nan", "diet_halal": "nan", "addr_city": "nan", "addr_distr": "nan", "addr_postc": "nan", "addr_provi": "nan", "addr_stree": "nan", "building": "university", "fee": "nan", "diet_meat": "nan", "note": "nan", "outdoor_se": "nan", "brand_zh-H": "nan", "brand_zh_1": "nan", "delivery": "nan", "name_zh-Ha": "nan", "name_zh-_1": "nan", "layer": "nan", "fast_food": "nan", "brand_zh-L": "nan", "name_zh-La": "nan", "surface": "nan", "addr_place": "nan", "addr_unit": "nan", "nohousenum": "nan", "roof_colou": "nan", "emergency": "nan", "healthcare": "nan", "healthca_1": "nan", "loc_name": "nan", "operator": "nan", "website": "nan", "wheelchair": "nan", "building_c": "nan", "building_l": "nan", "museum": "nan", "tourism": "nan", "official_n": "nan", "wikimedia_": "nan", "office": "nan", "int_name": "graduate school", "height": "nan", "short_name": "nan", "wikidata": "nan", "wikipedia": "nan", "historic": "nan", "roof_orien": "nan", "roof_shape": "nan", "addr_house": "nan", "addr_hou_1": "nan", "power": "nan", "building_u": "nan", "flickr": "nan", "education": "nan", "ref": "nan", "athletics": "nan", "man_made": "nan", "ceremonial": "nan", "inscriptio": "nan", "material": "nan", "start_date": "nan", "bicycle_pa": "nan", "shelter_ty": "nan", "playground": "nan", "disused": "nan", "type": "nan", "addr_count": "nan", "internet_a": "nan", "name_de": "nan", "name_es": "nan", "name_fr": "nan", "name_it": "nan", "name_ja": "nan", "short_na_1": "nan", "short_na_2": "nan", "designatio": "nan", "path": "Point?crs=EPSG:4326&field=element:string(80,0)&field=id:string(80,0)&field=amenity:string(80,0)&field=name:string(80,0)&field=access:string(80,0)&field=barrier:string(80,0)&field=bicycle:string(80,0)&field=foot:string(80,0)&field=motor_vehi:string(80,0)&", "poi_tpye": "office" }, "geometry": { "type": "Point", "coordinates": [ 114.361846681946759, 30.537883621532579 ] } },
{ "type": "Feature", "properties": { "element": "way", "id": "1442905490", "amenity": "nan", "name": "长廊", "access": "nan", "barrier": "nan", "bicycle": "nan", "foot": "nan", "motor_vehi": "nan", "opening_ho": "nan", "alt_name": "nan", "old_name": "nan", "locked": "nan", "leisure": "nan", "sport": "nan", "horse": "nan", "brand": "nan", "brand_en": "nan", "brand_wiki": "nan", "brand_wi_1": "nan", "brand_zh": "nan", "cuisine": "nan", "level": "nan", "name_en": "nan", "name_zh": "nan", "takeaway": "nan", "diet_halal": "nan", "addr_city": "nan", "addr_distr": "nan", "addr_postc": "nan", "addr_provi": "nan", "addr_stree": "nan", "building": "roof", "fee": "nan", "diet_meat": "nan", "note": "nan", "outdoor_se": "nan", "brand_zh-H": "nan", "brand_zh_1": "nan", "delivery": "nan", "name_zh-Ha": "nan", "name_zh-_1": "nan", "layer": "1", "fast_food": "nan", "brand_zh-L": "nan", "name_zh-La": "nan", "surface": "nan", "addr_place": "nan", "addr_unit": "nan", "nohousenum": "nan", "roof_colou": "nan", "emergency": "nan", "healthcare": "nan", "healthca_1": "nan", "loc_name": "nan", "operator": "nan", "website": "nan", "wheelchair": "nan", "building_c": "nan", "building_l": "nan", "museum": "nan", "tourism": "nan", "official_n": "nan", "wikimedia_": "nan", "office": "nan", "int_name": "nan", "height": "nan", "short_name": "nan", "wikidata": "nan", "wikipedia": "nan", "historic": "nan", "roof_orien": "nan", "roof_shape": "nan", "addr_house": "nan", "addr_hou_1": "nan", "power": "nan", "building_u": "nan", "flickr": "nan", "education": "nan", "ref": "nan", "athletics": "nan", "man_made": "nan", "ceremonial": "nan", "inscriptio": "nan", "material": "nan", "start_date": "nan", "bicycle_pa": "nan", "shelter_ty": "nan", "playground": "nan", "disused": "nan", "type": "nan", "addr_count": "nan", "internet_a": "nan", "name_de": "nan", "name_es": "nan", "name_fr": "nan", "name_it": "nan", "name_ja": "nan", "short_na_1": "nan", "short_na_2": "nan", "designatio": "nan", "path": "Point?crs=EPSG:4326&field=element:string(80,0)&field=id:string(80,0)&field=amenity:string(80,0)&field=name:string(80,0)&field=access:string(80,0)&field=barrier:string(80,0)&field=bicycle:string(80,0)&field=foot:string(80,0)&field=motor_vehi:string(80,0)&" }, "geometry": { "type": "Point", "coordinates": [ 114.356279400282546, 30.537699982098111 ] } },
{ "type": "Feature", "properties": { "element": "way", "id": "1408203762", "amenity": "nan", "name": "武汉大学水电服务大厅", "access": "nan", "barrier": "nan", "bicycle": "nan", "foot": "nan", "motor_vehi": "nan", "opening_ho": "nan", "alt_name": "nan", "old_name": "nan", "locked": "nan", "leisure": "nan", "sport": "nan", "horse": "nan", "brand": "nan", "brand_en": "nan", "brand_wiki": "nan", "brand_wi_1": "nan", "brand_zh": "nan", "cuisine": "nan", "level": "nan", "name_en": "nan", "name_zh": "nan", "takeaway": "nan", "diet_halal": "nan", "addr_city": "nan", "addr_distr": "nan", "addr_postc": "nan", "addr_provi": "nan", "addr_stree": "nan", "building": "yes", "fee": "nan", "diet_meat": "nan", "note": "nan", "outdoor_se": "nan", "brand_zh-H": "nan", "brand_zh_1": "nan", "delivery": "nan", "name_zh-Ha": "nan", "name_zh-_1": "nan", "layer": "nan", "fast_food": "nan", "brand_zh-L": "nan", "name_zh-La": "nan", "surface": "nan", "addr_place": "nan", "addr_unit": "nan", "nohousenum": "nan", "roof_colou": "nan", "emergency": "nan", "healthcare": "nan", "healthca_1": "nan", "loc_name": "nan", "operator": "nan", "website": "nan", "wheelchair": "nan", "building_c": "nan", "building_l": "nan", "museum": "nan", "tourism": "nan", "official_n": "nan", "wikimedia_": "nan", "office": "nan", "int_name": "nan", "height": "nan", "short_name": "nan", "wikidata": "nan", "wikipedia": "nan", "historic": "nan", "roof_orien": "nan", "roof_shape": "nan", "addr_house": "nan", "addr_hou_1": "nan", "power": "nan", "building_u": "nan", "flickr": "nan", "education": "nan", "ref": "nan", "athletics": "nan", "man_made": "nan", "ceremonial": "nan", "inscriptio": "nan", "material": "nan", "start_date": "nan", "bicycle_pa": "nan", "shelter_ty": "nan", "playground": "nan", "disused": "nan", "type": "nan", "addr_count": "nan", "internet_a": "nan", "name_de": "nan", "name_es": "nan", "name_fr": "nan", "name_it": "nan", "name_ja": "nan", "short_na_1": "nan", "short_na_2": "nan", "designatio": "nan", "path": "Point?crs=EPSG:4326&field=element:string(80,0)&field=id:string(80,0)&field=amenity:string(80,0)&field=name:string(80,0)&field=access:string(80,0)&field=barrier:string(80,0)&field=bicycle:string(80,0)&field=foot:string(80,0)&field=motor_vehi:string(80,0)&", "poi_tpye": "office" }, "geometry": { "type": "Point", "coordinates": [ 114.353678829535212, 30.539398772231738 ] } },
{ "type": "Feature", "properties": { "element": "way", "id": "103753743", "amenity": "nan", "name": "文理学部第二教学楼", "access": "nan", "barrier": "nan", "bicycle": "nan", "foot": "nan", "motor_vehi": "nan", "opening_ho": "nan", "alt_name": "文理学部教二楼", "old_name": "nan", "locked": "nan", "leisure": "nan", "sport": "nan", "horse": "nan", "brand": "nan", "brand_en": "nan", "brand_wiki": "nan", "brand_wi_1": "nan", "brand_zh": "nan", "cuisine": "nan", "level": "nan", "name_en": "nan", "name_zh": "nan", "takeaway": "nan", "diet_halal": "nan", "addr_city": "nan", "addr_distr": "nan", "addr_postc": "nan", "addr_provi": "nan", "addr_stree": "nan", "building": "university", "fee": "nan", "diet_meat": "nan", "note": "nan", "outdoor_se": "nan", "brand_zh-H": "nan", "brand_zh_1": "nan", "delivery": "nan", "name_zh-Ha": "nan", "name_zh-_1": "nan", "layer": "nan", "fast_food": "nan", "brand_zh-L": "nan", "name_zh-La": "nan", "surface": "nan", "addr_place": "nan", "addr_unit": "nan", "nohousenum": "nan", "roof_colou": "nan", "emergency": "nan", "healthcare": "nan", "healthca_1": "nan", "loc_name": "nan", "operator": "nan", "website": "nan", "wheelchair": "nan", "building_c": "nan", "building_l": "nan", "museum": "nan", "tourism": "nan", "official_n": "nan", "wikimedia_": "File:Wuhan University No. 2 Classroom Building.jpg", "office": "nan", "int_name": "No.2 teaching building", "height": "nan", "short_name": "nan", "wikidata": "nan", "wikipedia": "nan", "historic": "nan", "roof_orien": "nan", "roof_shape": "nan", "addr_house": "nan", "addr_hou_1": "nan", "power": "nan", "building_u": "nan", "flickr": "nan", "education": "nan", "ref": "nan", "athletics": "nan", "man_made": "nan", "ceremonial": "nan", "inscriptio": "nan", "material": "nan", "start_date": "nan", "bicycle_pa": "nan", "shelter_ty": "nan", "playground": "nan", "disused": "nan", "type": "nan", "addr_count": "nan", "internet_a": "nan", "name_de": "nan", "name_es": "nan", "name_fr": "nan", "name_it": "nan", "name_ja": "nan", "short_na_1": "nan", "short_na_2": "nan", "designatio": "nan", "path": "Point?crs=EPSG:4326&field=element:string(80,0)&field=id:string(80,0)&field=amenity:string(80,0)&field=name:string(80,0)&field=access:string(80,0)&field=barrier:string(80,0)&field=bicycle:string(80,0)&field=foot:string(80,0)&field=motor_vehi:string(80,0)&", "poi_tpye": "teaching_building" }, "geometry": { "type": "Point", "coordinates": [ 114.356217800636742, 30.541236644716776 ] } },
{ "type": "Feature", "properties": { "element": "way", "id": "103753740", "amenity": "nan", "name": "行政楼", "access": "nan", "barrier": "nan", "bicycle": "nan", "foot": "nan", "motor_vehi": "nan", "opening_ho": "nan", "alt_name": "nan", "old_name": "工学院大楼", "locked": "nan", "leisure": "nan", "sport": "nan", "horse": "nan", "brand": "nan", "brand_en": "nan", "brand_wiki": "nan", "brand_wi_1": "nan", "brand_zh": "nan", "cuisine": "nan", "level": "nan", "name_en": "Administrative Building", "name_zh": "行政楼", "takeaway": "nan", "diet_halal": "nan", "addr_city": "nan", "addr_distr": "nan", "addr_postc": "nan", "addr_provi": "nan", "addr_stree": "nan", "building": "office", "fee": "nan", "diet_meat": "nan", "note": "nan", "outdoor_se": "nan", "brand_zh-H": "nan", "brand_zh_1": "nan", "delivery": "nan", "name_zh-Ha": "nan", "name_zh-_1": "nan", "layer": "nan", "fast_food": "nan", "brand_zh-L": "nan", "name_zh-La": "nan", "surface": "nan", "addr_place": "nan", "addr_unit": "nan", "nohousenum": "nan", "roof_colou": "nan", "emergency": "nan", "healthcare": "nan", "healthca_1": "nan", "loc_name": "nan", "operator": "nan", "website": "nan", "wheelchair": "nan", "building_c": "nan", "building_l": "nan", "museum": "nan", "tourism": "nan", "official_n": "nan", "wikimedia_": "File:Wuhan University Administration Building.jpg", "office": "nan", "int_name": "nan", "height": "nan", "short_name": "nan", "wikidata": "nan", "wikipedia": "nan", "historic": "building", "roof_orien": "nan", "roof_shape": "nan", "addr_house": "nan", "addr_hou_1": "nan", "power": "nan", "building_u": "nan", "flickr": "nan", "education": "nan", "ref": "nan", "athletics": "nan", "man_made": "nan", "ceremonial": "nan", "inscriptio": "nan", "material": "nan", "start_date": "nan", "bicycle_pa": "nan", "shelter_ty": "nan", "playground": "nan", "disused": "nan", "type": "nan", "addr_count": "nan", "internet_a": "nan", "name_de": "nan", "name_es": "nan", "name_fr": "nan", "name_it": "nan", "name_ja": "nan", "short_na_1": "nan", "short_na_2": "nan", "designatio": "nan", "path": "Point?crs=EPSG:4326&field=element:string(80,0)&field=id:string(80,0)&field=amenity:string(80,0)&field=name:string(80,0)&field=access:string(80,0)&field=barrier:string(80,0)&field=bicycle:string(80,0)&field=foot:string(80,0)&field=motor_vehi:string(80,0)&", "poi_tpye": "office" }, "geometry": { "type": "Point", "coordinates": [ 114.360936669895239, 30.539666235710271 ] } },
{ "type": "Feature", "properties": { "element": "way", "id": "103753739", "amenity": "canteen", "name": "枫园食堂", "access": "nan", "barrier": "nan", "bicycle": "nan", "foot": "nan", "motor_vehi": "nan", "opening_ho": "nan", "alt_name": "nan", "old_name": "nan", "locked": "nan", "leisure": "nan", "sport": "nan", "horse": "nan", "brand": "nan", "brand_en": "nan", "brand_wiki": "nan", "brand_wi_1": "nan", "brand_zh": "nan", "cuisine": "nan", "level": "nan", "name_en": "nan", "name_zh": "nan", "takeaway": "nan", "diet_halal": "nan", "addr_city": "nan", "addr_distr": "nan", "addr_postc": "nan", "addr_provi": "nan", "addr_stree": "nan", "building": "yes", "fee": "nan", "diet_meat": "nan", "note": "nan", "outdoor_se": "nan", "brand_zh-H": "nan", "brand_zh_1": "nan", "delivery": "nan", "name_zh-Ha": "nan", "name_zh-_1": "nan", "layer": "nan", "fast_food": "nan", "brand_zh-L": "nan", "name_zh-La": "nan", "surface": "nan", "addr_place": "nan", "addr_unit": "nan", "nohousenum": "nan", "roof_colou": "nan", "emergency": "nan", "healthcare": "nan", "healthca_1": "nan", "loc_name": "nan", "operator": "nan", "website": "nan", "wheelchair": "nan", "building_c": "nan", "building_l": "nan", "museum": "nan", "tourism": "nan", "official_n": "nan", "wikimedia_": "nan", "office": "nan", "int_name": "nan", "height": "nan", "short_name": "nan", "wikidata": "nan", "wikipedia": "nan", "historic": "nan", "roof_orien": "nan", "roof_shape": "nan", "addr_house": "nan", "addr_hou_1": "nan", "power": "nan", "building_u": "nan", "flickr": "nan", "education": "nan", "ref": "nan", "athletics": "nan", "man_made": "nan", "ceremonial": "nan", "inscriptio": "nan", "material": "nan", "start_date": "nan", "bicycle_pa": "nan", "shelter_ty": "nan", "playground": "nan", "disused": "nan", "type": "nan", "addr_count": "nan", "internet_a": "nan", "name_de": "nan", "name_es": "nan", "name_fr": "nan", "name_it": "nan", "name_ja": "nan", "short_na_1": "nan", "short_na_2": "nan", "designatio": "nan", "path": "Point?crs=EPSG:4326&field=element:string(80,0)&field=id:string(80,0)&field=amenity:string(80,0)&field=name:string(80,0)&field=access:string(80,0)&field=barrier:string(80,0)&field=bicycle:string(80,0)&field=foot:string(80,0)&field=motor_vehi:string(80,0)&", "poi_tpye": "cafeteria" }, "geometry": { "type": "Point", "coordinates": [ 114.366459919834668, 30.539398233638739 ] } },
{ "type": "Feature", "properties": { "element": "way", "id": "103944700", "amenity": "nan", "name": "枫园十舍", "access": "nan", "barrier": "nan", "bicycle": "nan", "foot": "nan", "motor_vehi": "nan", "opening_ho": "nan", "alt_name": "nan", "old_name": "nan", "locked": "nan", "leisure": "nan", "sport": "nan", "horse": "nan", "brand": "nan", "brand_en": "nan", "brand_wiki": "nan", "brand_wi_1": "nan", "brand_zh": "nan", "cuisine": "nan", "level": "nan", "name_en": "nan", "name_zh": "nan", "takeaway": "nan", "diet_halal": "nan", "addr_city": "nan", "addr_distr": "nan", "addr_postc": "nan", "addr_provi": "nan", "addr_stree": "nan", "building": "dormitory", "fee": "nan", "diet_meat": "nan", "note": "nan", "outdoor_se": "nan", "brand_zh-H": "nan", "brand_zh_1": "nan", "delivery": "nan", "name_zh-Ha": "nan", "name_zh-_1": "nan", "layer": "nan", "fast_food": "nan", "brand_zh-L": "nan", "name_zh-La": "nan", "surface": "nan", "addr_place": "nan", "addr_unit": "nan", "nohousenum": "nan", "roof_colou": "nan", "emergency": "nan", "healthcare": "nan", "healthca_1": "nan", "loc_name": "nan", "operator": "nan", "website": "nan", "wheelchair": "nan", "building_c": "#dbd2b5", "building_l": "7", "museum": "nan", "tourism": "nan", "official_n": "nan", "wikimedia_": "nan", "office": "nan", "int_name": "nan", "height": "nan", "short_name": "nan", "wikidata": "nan", "wikipedia": "nan", "historic": "nan", "roof_orien": "nan", "roof_shape": "nan", "addr_house": "nan", "addr_hou_1": "nan", "power": "nan", "building_u": "nan", "flickr": "nan", "education": "nan", "ref": "nan", "athletics": "nan", "man_made": "nan", "ceremonial": "nan", "inscriptio": "nan", "material": "nan", "start_date": "nan", "bicycle_pa": "nan", "shelter_ty": "nan", "playground": "nan", "disused": "nan", "type": "nan", "addr_count": "nan", "internet_a": "nan", "name_de": "nan", "name_es": "nan", "name_fr": "nan", "name_it": "nan", "name_ja": "nan", "short_na_1": "nan", "short_na_2": "nan", "designatio": "nan", "path": "Point?crs=EPSG:4326&field=element:string(80,0)&field=id:string(80,0)&field=amenity:string(80,0)&field=name:string(80,0)&field=access:string(80,0)&field=barrier:string(80,0)&field=bicycle:string(80,0)&field=foot:string(80,0)&field=motor_vehi:string(80,0)&", "poi_tpye": "dormitory" }, "geometry": { "type": "Point", "coordinates": [ 114.368314916717054, 30.53929297161342 ] } },
{ "type": "Feature", "properties": { "element": "way", "id": "103944699", "amenity": "nan", "name": "留学生宿舍2号楼", "access": "nan", "barrier": "nan", "bicycle": "nan", "foot": "nan", "motor_vehi": "nan", "opening_ho": "nan", "alt_name": "nan", "old_name": "nan", "locked": "nan", "leisure": "nan", "sport": "nan", "horse": "nan", "brand": "nan", "brand_en": "nan", "brand_wiki": "nan", "brand_wi_1": "nan", "brand_zh": "nan", "cuisine": "nan", "level": "nan", "name_en": "nan", "name_zh": "nan", "takeaway": "nan", "diet_halal": "nan", "addr_city": "nan", "addr_distr": "nan", "addr_postc": "nan", "addr_provi": "nan", "addr_stree": "nan", "building": "dormitory", "fee": "nan", "diet_meat": "nan", "note": "nan", "outdoor_se": "nan", "brand_zh-H": "nan", "brand_zh_1": "nan", "delivery": "nan", "name_zh-Ha": "nan", "name_zh-_1": "nan", "layer": "nan", "fast_food": "nan", "brand_zh-L": "nan", "name_zh-La": "nan", "surface": "nan", "addr_place": "nan", "addr_unit": "nan", "nohousenum": "nan", "roof_colou": "nan", "emergency": "nan", "healthcare": "nan", "healthca_1": "nan", "loc_name": "nan", "operator": "nan", "website": "nan", "wheelchair": "nan", "building_c": "nan", "building_l": "nan", "museum": "nan", "tourism": "nan", "official_n": "nan", "wikimedia_": "nan", "office": "nan", "int_name": "nan", "height": "nan", "short_name": "nan", "wikidata": "nan", "wikipedia": "nan", "historic": "nan", "roof_orien": "nan", "roof_shape": "nan", "addr_house": "nan", "addr_hou_1": "nan", "power": "nan", "building_u": "nan", "flickr": "nan", "education": "nan", "ref": "nan", "athletics": "nan", "man_made": "nan", "ceremonial": "nan", "inscriptio": "nan", "material": "nan", "start_date": "nan", "bicycle_pa": "nan", "shelter_ty": "nan", "playground": "nan", "disused": "nan", "type": "nan", "addr_count": "nan", "internet_a": "nan", "name_de": "nan", "name_es": "nan", "name_fr": "nan", "name_it": "nan", "name_ja": "nan", "short_na_1": "nan", "short_na_2": "nan", "designatio": "nan", "path": "Point?crs=EPSG:4326&field=element:string(80,0)&field=id:string(80,0)&field=amenity:string(80,0)&field=name:string(80,0)&field=access:string(80,0)&field=barrier:string(80,0)&field=bicycle:string(80,0)&field=foot:string(80,0)&field=motor_vehi:string(80,0)&", "poi_tpye": "dormitory" }, "geometry": { "type": "Point", "coordinates": [ 114.368845021024299, 30.54030547753549 ] } },
{ "type": "Feature", "properties": { "element": "way", "id": "103944698", "amenity": "nan", "name": "枫园十三舍", "access": "nan", "barrier": "nan", "bicycle": "nan", "foot": "nan", "motor_vehi": "nan", "opening_ho": "nan", "alt_name": "nan", "old_name": "nan", "locked": "nan", "leisure": "nan", "sport": "nan", "horse": "nan", "brand": "nan", "brand_en": "nan", "brand_wiki": "nan", "brand_wi_1": "nan", "brand_zh": "nan", "cuisine": "nan", "level": "nan", "name_en": "nan", "name_zh": "枫园十三舍", "takeaway": "nan", "diet_halal": "nan", "addr_city": "nan", "addr_distr": "nan", "addr_postc": "nan", "addr_provi": "nan", "addr_stree": "nan", "building": "dormitory", "fee": "nan", "diet_meat": "nan", "note": "nan", "outdoor_se": "nan", "brand_zh-H": "nan", "brand_zh_1": "nan", "delivery": "nan", "name_zh-Ha": "nan", "name_zh-_1": "nan", "layer": "nan", "fast_food": "nan", "brand_zh-L": "nan", "name_zh-La": "nan", "surface": "nan", "addr_place": "nan", "addr_unit": "nan", "nohousenum": "nan", "roof_colou": "nan", "emergency": "nan", "healthcare": "nan", "healthca_1": "nan", "loc_name": "nan", "operator": "nan", "website": "nan", "wheelchair": "nan", "building_c": "nan", "building_l": "nan", "museum": "nan", "tourism": "nan", "official_n": "nan", "wikimedia_": "nan", "office": "nan", "int_name": "nan", "height": "nan", "short_name": "nan", "wikidata": "nan", "wikipedia": "nan", "historic": "nan", "roof_orien": "nan", "roof_shape": "nan", "addr_house": "nan", "addr_hou_1": "nan", "power": "nan", "building_u": "nan", "flickr": "nan", "education": "nan", "ref": "nan", "athletics": "nan", "man_made": "nan", "ceremonial": "nan", "inscriptio": "nan", "material": "nan", "start_date": "nan", "bicycle_pa": "nan", "shelter_ty": "nan", "playground": "nan", "disused": "nan", "type": "nan", "addr_count": "nan", "internet_a": "nan", "name_de": "nan", "name_es": "nan", "name_fr": "nan", "name_it": "nan", "name_ja": "nan", "short_na_1": "nan", "short_na_2": "nan", "designatio": "nan", "path": "Point?crs=EPSG:4326&field=element:string(80,0)&field=id:string(80,0)&field=amenity:string(80,0)&field=name:string(80,0)&field=access:string(80,0)&field=barrier:string(80,0)&field=bicycle:string(80,0)&field=foot:string(80,0)&field=motor_vehi:string(80,0)&", "poi_tpye": "dormitory" }, "geometry": { "type": "Point", "coordinates": [ 114.367054380400447, 30.540604303303247 ] } },
{ "type": "Feature", "properties": { "element": "way", "id": "103944697", "amenity": "nan", "name": "枫园八舍", "access": "nan", "barrier": "nan", "bicycle": "nan", "foot": "nan", "motor_vehi": "nan", "opening_ho": "nan", "alt_name": "nan", "old_name": "nan", "locked": "nan", "leisure": "nan", "sport": "nan", "horse": "nan", "brand": "nan", "brand_en": "nan", "brand_wiki": "nan", "brand_wi_1": "nan", "brand_zh": "nan", "cuisine": "nan", "level": "nan", "name_en": "nan", "name_zh": "nan", "takeaway": "nan", "diet_halal": "nan", "addr_city": "nan", "addr_distr": "nan", "addr_postc": "nan", "addr_provi": "nan", "addr_stree": "nan", "building": "dormitory", "fee": "nan", "diet_meat": "nan", "note": "nan", "outdoor_se": "nan", "brand_zh-H": "nan", "brand_zh_1": "nan", "delivery": "nan", "name_zh-Ha": "nan", "name_zh-_1": "nan", "layer": "nan", "fast_food": "nan", "brand_zh-L": "nan", "name_zh-La": "nan", "surface": "nan", "addr_place": "nan", "addr_unit": "nan", "nohousenum": "nan", "roof_colou": "nan", "emergency": "nan", "healthcare": "nan", "healthca_1": "nan", "loc_name": "nan", "operator": "nan", "website": "nan", "wheelchair": "nan", "building_c": "#dbd2b5", "building_l": "7", "museum": "nan", "tourism": "nan", "official_n": "nan", "wikimedia_": "nan", "office": "nan", "int_name": "nan", "height": "nan", "short_name": "nan", "wikidata": "nan", "wikipedia": "nan", "historic": "nan", "roof_orien": "nan", "roof_shape": "nan", "addr_house": "nan", "addr_hou_1": "nan", "power": "nan", "building_u": "nan", "flickr": "nan", "education": "nan", "ref": "nan", "athletics": "nan", "man_made": "nan", "ceremonial": "nan", "inscriptio": "nan", "material": "nan", "start_date": "nan", "bicycle_pa": "nan", "shelter_ty": "nan", "playground": "nan", "disused": "nan", "type": "nan", "addr_count": "nan", "internet_a": "nan", "name_de": "nan", "name_es": "nan", "name_fr": "nan", "name_it": "nan", "name_ja": "nan", "short_na_1": "nan", "short_na_2": "nan", "designatio": "nan", "path": "Point?crs=EPSG:4326&field=element:string(80,0)&field=id:string(80,0)&field=amenity:string(80,0)&field=name:string(80,0)&field=access:string(80,0)&field=barrier:string(80,0)&field=bicycle:string(80,0)&field=foot:string(80,0)&field=motor_vehi:string(80,0)&", "poi_tpye": "dormitory" }, "geometry": { "type": "Point", "coordinates": [ 114.368279320510183, 30.53962713416977 ] } },
{ "type": "Feature", "properties": { "element": "way", "id": "103944696", "amenity": "nan", "name": "枫园六舍、七舍", "access": "nan", "barrier": "nan", "bicycle": "nan", "foot": "nan", "motor_vehi": "nan", "opening_ho": "nan", "alt_name": "nan", "old_name": "nan", "locked": "nan", "leisure": "nan", "sport": "nan", "horse": "nan", "brand": "nan", "brand_en": "nan", "brand_wiki": "nan", "brand_wi_1": "nan", "brand_zh": "nan", "cuisine": "nan", "level": "nan", "name_en": "nan", "name_zh": "nan", "takeaway": "nan", "diet_halal": "nan", "addr_city": "nan", "addr_distr": "nan", "addr_postc": "nan", "addr_provi": "nan", "addr_stree": "nan", "building": "dormitory", "fee": "nan", "diet_meat": "nan", "note": "nan", "outdoor_se": "nan", "brand_zh-H": "nan", "brand_zh_1": "nan", "delivery": "nan", "name_zh-Ha": "nan", "name_zh-_1": "nan", "layer": "nan", "fast_food": "nan", "brand_zh-L": "nan", "name_zh-La": "nan", "surface": "nan", "addr_place": "nan", "addr_unit": "nan", "nohousenum": "nan", "roof_colou": "nan", "emergency": "nan", "healthcare": "nan", "healthca_1": "nan", "loc_name": "nan", "operator": "nan", "website": "nan", "wheelchair": "nan", "building_c": "nan", "building_l": "6", "museum": "nan", "tourism": "nan", "official_n": "nan", "wikimedia_": "nan", "office": "nan", "int_name": "nan", "height": "nan", "short_name": "nan", "wikidata": "nan", "wikipedia": "nan", "historic": "nan", "roof_orien": "nan", "roof_shape": "nan", "addr_house": "nan", "addr_hou_1": "nan", "power": "nan", "building_u": "nan", "flickr": "nan", "education": "nan", "ref": "nan", "athletics": "nan", "man_made": "nan", "ceremonial": "nan", "inscriptio": "nan", "material": "nan", "start_date": "nan", "bicycle_pa": "nan", "shelter_ty": "nan", "playground": "nan", "disused": "nan", "type": "nan", "addr_count": "nan", "internet_a": "nan", "name_de": "nan", "name_es": "nan", "name_fr": "nan", "name_it": "nan", "name_ja": "nan", "short_na_1": "nan", "short_na_2": "nan", "designatio": "nan", "path": "Point?crs=EPSG:4326&field=element:string(80,0)&field=id:string(80,0)&field=amenity:string(80,0)&field=name:string(80,0)&field=access:string(80,0)&field=barrier:string(80,0)&field=bicycle:string(80,0)&field=foot:string(80,0)&field=motor_vehi:string(80,0)&", "poi_tpye": "dormitory" }, "geometry": { "type": "Point", "coordinates": [ 114.367928845954467, 30.539277118780589 ] } },
{ "type": "Feature", "properties": { "element": "way", "id": "103940892", "amenity": "nan", "name": "枫园二舍", "access": "nan", "barrier": "nan", "bicycle": "nan", "foot": "nan", "motor_vehi": "nan", "opening_ho": "nan", "alt_name": "nan", "old_name": "nan", "locked": "nan", "leisure": "nan", "sport": "nan", "horse": "nan", "brand": "nan", "brand_en": "nan", "brand_wiki": "nan", "brand_wi_1": "nan", "brand_zh": "nan", "cuisine": "nan", "level": "nan", "name_en": "nan", "name_zh": "nan", "takeaway": "nan", "diet_halal": "nan", "addr_city": "nan", "addr_distr": "nan", "addr_postc": "nan", "addr_provi": "nan", "addr_stree": "nan", "building": "dormitory", "fee": "nan", "diet_meat": "nan", "note": "nan", "outdoor_se": "nan", "brand_zh-H": "nan", "brand_zh_1": "nan", "delivery": "nan", "name_zh-Ha": "nan", "name_zh-_1": "nan", "layer": "nan", "fast_food": "nan", "brand_zh-L": "nan", "name_zh-La": "nan", "surface": "nan", "addr_place": "nan", "addr_unit": "nan", "nohousenum": "nan", "roof_colou": "nan", "emergency": "nan", "healthcare": "nan", "healthca_1": "nan", "loc_name": "nan", "operator": "nan", "website": "nan", "wheelchair": "nan", "building_c": "nan", "building_l": "nan", "museum": "nan", "tourism": "nan", "official_n": "nan", "wikimedia_": "nan", "office": "nan", "int_name": "nan", "height": "nan", "short_name": "nan", "wikidata": "nan", "wikipedia": "nan", "historic": "nan", "roof_orien": "nan", "roof_shape": "nan", "addr_house": "nan", "addr_hou_1": "nan", "power": "nan", "building_u": "nan", "flickr": "nan", "education": "nan", "ref": "nan", "athletics": "nan", "man_made": "nan", "ceremonial": "nan", "inscriptio": "nan", "material": "nan", "start_date": "nan", "bicycle_pa": "nan", "shelter_ty": "nan", "playground": "nan", "disused": "nan", "type": "nan", "addr_count": "nan", "internet_a": "nan", "name_de": "nan", "name_es": "nan", "name_fr": "nan", "name_it": "nan", "name_ja": "nan", "short_na_1": "nan", "short_na_2": "nan", "designatio": "nan", "path": "Point?crs=EPSG:4326&field=element:string(80,0)&field=id:string(80,0)&field=amenity:string(80,0)&field=name:string(80,0)&field=access:string(80,0)&field=barrier:string(80,0)&field=bicycle:string(80,0)&field=foot:string(80,0)&field=motor_vehi:string(80,0)&", "poi_tpye": "dormitory" }, "geometry": { "type": "Point", "coordinates": [ 114.365706058461825, 30.539722835414629 ] } },
{ "type": "Feature", "properties": { "element": "way", "id": "103940891", "amenity": "nan", "name": "枫园十二舍", "access": "nan", "barrier": "nan", "bicycle": "nan", "foot": "nan", "motor_vehi": "nan", "opening_ho": "nan", "alt_name": "nan", "old_name": "nan", "locked": "nan", "leisure": "nan", "sport": "nan", "horse": "nan", "brand": "nan", "brand_en": "nan", "brand_wiki": "nan", "brand_wi_1": "nan", "brand_zh": "nan", "cuisine": "nan", "level": "nan", "name_en": "nan", "name_zh": "nan", "takeaway": "nan", "diet_halal": "nan", "addr_city": "nan", "addr_distr": "nan", "addr_postc": "nan", "addr_provi": "nan", "addr_stree": "nan", "building": "dormitory", "fee": "nan", "diet_meat": "nan", "note": "nan", "outdoor_se": "nan", "brand_zh-H": "nan", "brand_zh_1": "nan", "delivery": "nan", "name_zh-Ha": "nan", "name_zh-_1": "nan", "layer": "nan", "fast_food": "nan", "brand_zh-L": "nan", "name_zh-La": "nan", "surface": "nan", "addr_place": "nan", "addr_unit": "nan", "nohousenum": "nan", "roof_colou": "nan", "emergency": "nan", "healthcare": "nan", "healthca_1": "nan", "loc_name": "nan", "operator": "nan", "website": "nan", "wheelchair": "nan", "building_c": "nan", "building_l": "nan", "museum": "nan", "tourism": "nan", "official_n": "nan", "wikimedia_": "nan", "office": "nan", "int_name": "nan", "height": "nan", "short_name": "nan", "wikidata": "nan", "wikipedia": "nan", "historic": "nan", "roof_orien": "nan", "roof_shape": "nan", "addr_house": "nan", "addr_hou_1": "nan", "power": "nan", "building_u": "nan", "flickr": "nan", "education": "nan", "ref": "nan", "athletics": "nan", "man_made": "nan", "ceremonial": "nan", "inscriptio": "nan", "material": "nan", "start_date": "nan", "bicycle_pa": "nan", "shelter_ty": "nan", "playground": "nan", "disused": "nan", "type": "nan", "addr_count": "nan", "internet_a": "nan", "name_de": "nan", "name_es": "nan", "name_fr": "nan", "name_it": "nan", "name_ja": "nan", "short_na_1": "nan", "short_na_2": "nan", "designatio": "nan", "path": "Point?crs=EPSG:4326&field=element:string(80,0)&field=id:string(80,0)&field=amenity:string(80,0)&field=name:string(80,0)&field=access:string(80,0)&field=barrier:string(80,0)&field=bicycle:string(80,0)&field=foot:string(80,0)&field=motor_vehi:string(80,0)&", "poi_tpye": "dormitory" }, "geometry": { "type": "Point", "coordinates": [ 114.366504488213309, 30.540014998955357 ] } },
{ "type": "Feature", "properties": { "element": "way", "id": "103940890", "amenity": "nan", "name": "枫园十一舍", "access": "nan", "barrier": "nan", "bicycle": "nan", "foot": "nan", "motor_vehi": "nan", "opening_ho": "nan", "alt_name": "nan", "old_name": "nan", "locked": "nan", "leisure": "nan", "sport": "nan", "horse": "nan", "brand": "nan", "brand_en": "nan", "brand_wiki": "nan", "brand_wi_1": "nan", "brand_zh": "nan", "cuisine": "nan", "level": "nan", "name_en": "nan", "name_zh": "nan", "takeaway": "nan", "diet_halal": "nan", "addr_city": "nan", "addr_distr": "nan", "addr_postc": "nan", "addr_provi": "nan", "addr_stree": "nan", "building": "dormitory", "fee": "nan", "diet_meat": "nan", "note": "nan", "outdoor_se": "nan", "brand_zh-H": "nan", "brand_zh_1": "nan", "delivery": "nan", "name_zh-Ha": "nan", "name_zh-_1": "nan", "layer": "nan", "fast_food": "nan", "brand_zh-L": "nan", "name_zh-La": "nan", "surface": "nan", "addr_place": "nan", "addr_unit": "nan", "nohousenum": "nan", "roof_colou": "nan", "emergency": "nan", "healthcare": "nan", "healthca_1": "nan", "loc_name": "nan", "operator": "nan", "website": "nan", "wheelchair": "nan", "building_c": "nan", "building_l": "nan", "museum": "nan", "tourism": "nan", "official_n": "nan", "wikimedia_": "nan", "office": "nan", "int_name": "nan", "height": "nan", "short_name": "nan", "wikidata": "nan", "wikipedia": "nan", "historic": "nan", "roof_orien": "nan", "roof_shape": "nan", "addr_house": "nan", "addr_hou_1": "nan", "power": "nan", "building_u": "nan", "flickr": "nan", "education": "nan", "ref": "nan", "athletics": "nan", "man_made": "nan", "ceremonial": "nan", "inscriptio": "nan", "material": "nan", "start_date": "nan", "bicycle_pa": "nan", "shelter_ty": "nan", "playground": "nan", "disused": "nan", "type": "nan", "addr_count": "nan", "internet_a": "nan", "name_de": "nan", "name_es": "nan", "name_fr": "nan", "name_it": "nan", "name_ja": "nan", "short_na_1": "nan", "short_na_2": "nan", "designatio": "nan", "path": "Point?crs=EPSG:4326&field=element:string(80,0)&field=id:string(80,0)&field=amenity:string(80,0)&field=name:string(80,0)&field=access:string(80,0)&field=barrier:string(80,0)&field=bicycle:string(80,0)&field=foot:string(80,0)&field=motor_vehi:string(80,0)&", "poi_tpye": "dormitory" }, "geometry": { "type": "Point", "coordinates": [ 114.366395703102683, 30.540393874498093 ] } },
{ "type": "Feature", "properties": { "element": "way", "id": "103940887", "amenity": "nan", "name": "枫园一舍", "access": "nan", "barrier": "nan", "bicycle": "nan", "foot": "nan", "motor_vehi": "nan", "opening_ho": "nan", "alt_name": "nan", "old_name": "nan", "locked": "nan", "leisure": "nan", "sport": "nan", "horse": "nan", "brand": "nan", "brand_en": "nan", "brand_wiki": "nan", "brand_wi_1": "nan", "brand_zh": "nan", "cuisine": "nan", "level": "nan", "name_en": "nan", "name_zh": "nan", "takeaway": "nan", "diet_halal": "nan", "addr_city": "nan", "addr_distr": "nan", "addr_postc": "nan", "addr_provi": "nan", "addr_stree": "nan", "building": "dormitory", "fee": "nan", "diet_meat": "nan", "note": "nan", "outdoor_se": "nan", "brand_zh-H": "nan", "brand_zh_1": "nan", "delivery": "nan", "name_zh-Ha": "nan", "name_zh-_1": "nan", "layer": "nan", "fast_food": "nan", "brand_zh-L": "nan", "name_zh-La": "nan", "surface": "nan", "addr_place": "nan", "addr_unit": "nan", "nohousenum": "nan", "roof_colou": "nan", "emergency": "nan", "healthcare": "nan", "healthca_1": "nan", "loc_name": "nan", "operator": "nan", "website": "nan", "wheelchair": "nan", "building_c": "nan", "building_l": "nan", "museum": "nan", "tourism": "nan", "official_n": "nan", "wikimedia_": "nan", "office": "nan", "int_name": "nan", "height": "nan", "short_name": "nan", "wikidata": "nan", "wikipedia": "nan", "historic": "nan", "roof_orien": "nan", "roof_shape": "nan", "addr_house": "nan", "addr_hou_1": "nan", "power": "nan", "building_u": "nan", "flickr": "nan", "education": "nan", "ref": "nan", "athletics": "nan", "man_made": "nan", "ceremonial": "nan", "inscriptio": "nan", "material": "nan", "start_date": "nan", "bicycle_pa": "nan", "shelter_ty": "nan", "playground": "nan", "disused": "nan", "type": "nan", "addr_count": "nan", "internet_a": "nan", "name_de": "nan", "name_es": "nan", "name_fr": "nan", "name_it": "nan", "name_ja": "nan", "short_na_1": "nan", "short_na_2": "nan", "designatio": "nan", "path": "Point?crs=EPSG:4326&field=element:string(80,0)&field=id:string(80,0)&field=amenity:string(80,0)&field=name:string(80,0)&field=access:string(80,0)&field=barrier:string(80,0)&field=bicycle:string(80,0)&field=foot:string(80,0)&field=motor_vehi:string(80,0)&", "poi_tpye": "dormitory" }, "geometry": { "type": "Point", "coordinates": [ 114.365716420538803, 30.540230018041946 ] } },
{ "type": "Feature", "properties": { "element": "way", "id": "103940881", "amenity": "nan", "name": "枫园三舍", "access": "nan", "barrier": "nan", "bicycle": "nan", "foot": "nan", "motor_vehi": "nan", "opening_ho": "nan", "alt_name": "nan", "old_name": "nan", "locked": "nan", "leisure": "nan", "sport": "nan", "horse": "nan", "brand": "nan", "brand_en": "nan", "brand_wiki": "nan", "brand_wi_1": "nan", "brand_zh": "nan", "cuisine": "nan", "level": "nan", "name_en": "nan", "name_zh": "nan", "takeaway": "nan", "diet_halal": "nan", "addr_city": "nan", "addr_distr": "nan", "addr_postc": "nan", "addr_provi": "nan", "addr_stree": "nan", "building": "dormitory", "fee": "nan", "diet_meat": "nan", "note": "nan", "outdoor_se": "nan", "brand_zh-H": "nan", "brand_zh_1": "nan", "delivery": "nan", "name_zh-Ha": "nan", "name_zh-_1": "nan", "layer": "nan", "fast_food": "nan", "brand_zh-L": "nan", "name_zh-La": "nan", "surface": "nan", "addr_place": "nan", "addr_unit": "nan", "nohousenum": "nan", "roof_colou": "nan", "emergency": "nan", "healthcare": "nan", "healthca_1": "nan", "loc_name": "nan", "operator": "nan", "website": "nan", "wheelchair": "nan", "building_c": "nan", "building_l": "nan", "museum": "nan", "tourism": "nan", "official_n": "nan", "wikimedia_": "nan", "office": "nan", "int_name": "nan", "height": "nan", "short_name": "nan", "wikidata": "nan", "wikipedia": "nan", "historic": "nan", "roof_orien": "nan", "roof_shape": "nan", "addr_house": "nan", "addr_hou_1": "nan", "power": "nan", "building_u": "nan", "flickr": "nan", "education": "nan", "ref": "nan", "athletics": "nan", "man_made": "nan", "ceremonial": "nan", "inscriptio": "nan", "material": "nan", "start_date": "nan", "bicycle_pa": "nan", "shelter_ty": "nan", "playground": "nan", "disused": "nan", "type": "nan", "addr_count": "nan", "internet_a": "nan", "name_de": "nan", "name_es": "nan", "name_fr": "nan", "name_it": "nan", "name_ja": "nan", "short_na_1": "nan", "short_na_2": "nan", "designatio": "nan", "path": "Point?crs=EPSG:4326&field=element:string(80,0)&field=id:string(80,0)&field=amenity:string(80,0)&field=name:string(80,0)&field=access:string(80,0)&field=barrier:string(80,0)&field=bicycle:string(80,0)&field=foot:string(80,0)&field=motor_vehi:string(80,0)&", "poi_tpye": "dormitory" }, "geometry": { "type": "Point", "coordinates": [ 114.365327572863848, 30.539465774875286 ] } },
{ "type": "Feature", "properties": { "element": "way", "id": "1444077815", "amenity": "shelter", "name": "星湖亭", "access": "nan", "barrier": "nan", "bicycle": "nan", "foot": "nan", "motor_vehi": "nan", "opening_ho": "nan", "alt_name": "nan", "old_name": "nan", "locked": "nan", "leisure": "nan", "sport": "nan", "horse": "nan", "brand": "nan", "brand_en": "nan", "brand_wiki": "nan", "brand_wi_1": "nan", "brand_zh": "nan", "cuisine": "nan", "level": "nan", "name_en": "nan", "name_zh": "nan", "takeaway": "nan", "diet_halal": "nan", "addr_city": "nan", "addr_distr": "nan", "addr_postc": "nan", "addr_provi": "nan", "addr_stree": "nan", "building": "yes", "fee": "nan", "diet_meat": "nan", "note": "nan", "outdoor_se": "nan", "brand_zh-H": "nan", "brand_zh_1": "nan", "delivery": "nan", "name_zh-Ha": "nan", "name_zh-_1": "nan", "layer": "1", "fast_food": "nan", "brand_zh-L": "nan", "name_zh-La": "nan", "surface": "nan", "addr_place": "nan", "addr_unit": "nan", "nohousenum": "nan", "roof_colou": "nan", "emergency": "nan", "healthcare": "nan", "healthca_1": "nan", "loc_name": "nan", "operator": "nan", "website": "nan", "wheelchair": "nan", "building_c": "nan", "building_l": "nan", "museum": "nan", "tourism": "nan", "official_n": "nan", "wikimedia_": "nan", "office": "nan", "int_name": "nan", "height": "nan", "short_name": "nan", "wikidata": "nan", "wikipedia": "nan", "historic": "nan", "roof_orien": "nan", "roof_shape": "nan", "addr_house": "nan", "addr_hou_1": "nan", "power": "nan", "building_u": "nan", "flickr": "nan", "education": "nan", "ref": "nan", "athletics": "nan", "man_made": "nan", "ceremonial": "nan", "inscriptio": "nan", "material": "nan", "start_date": "nan", "bicycle_pa": "nan", "shelter_ty": "gazebo", "playground": "nan", "disused": "nan", "type": "nan", "addr_count": "nan", "internet_a": "nan", "name_de": "nan", "name_es": "nan", "name_fr": "nan", "name_it": "nan", "name_ja": "nan", "short_na_1": "nan", "short_na_2": "nan", "designatio": "nan", "path": "Point?crs=EPSG:4326&field=element:string(80,0)&field=id:string(80,0)&field=amenity:string(80,0)&field=name:string(80,0)&field=access:string(80,0)&field=barrier:string(80,0)&field=bicycle:string(80,0)&field=foot:string(80,0)&field=motor_vehi:string(80,0)&" }, "geometry": { "type": "Point", "coordinates": [ 114.353985460613288, 30.529627293892162 ] } },
{ "type": "Feature", "properties": { "element": "way", "id": "103940879", "amenity": "nan", "name": "湖滨一舍", "access": "nan", "barrier": "nan", "bicycle": "nan", "foot": "nan", "motor_vehi": "nan", "opening_ho": "nan", "alt_name": "nan", "old_name": "nan", "locked": "nan", "leisure": "nan", "sport": "nan", "horse": "nan", "brand": "nan", "brand_en": "nan", "brand_wiki": "nan", "brand_wi_1": "nan", "brand_zh": "nan", "cuisine": "nan", "level": "nan", "name_en": "nan", "name_zh": "nan", "takeaway": "nan", "diet_halal": "nan", "addr_city": "nan", "addr_distr": "nan", "addr_postc": "nan", "addr_provi": "nan", "addr_stree": "nan", "building": "dormitory", "fee": "nan", "diet_meat": "nan", "note": "nan", "outdoor_se": "nan", "brand_zh-H": "nan", "brand_zh_1": "nan", "delivery": "nan", "name_zh-Ha": "nan", "name_zh-_1": "nan", "layer": "nan", "fast_food": "nan", "brand_zh-L": "nan", "name_zh-La": "nan", "surface": "nan", "addr_place": "nan", "addr_unit": "nan", "nohousenum": "nan", "roof_colou": "nan", "emergency": "nan", "healthcare": "nan", "healthca_1": "nan", "loc_name": "nan", "operator": "nan", "website": "nan", "wheelchair": "nan", "building_c": "nan", "building_l": "nan", "museum": "nan", "tourism": "nan", "official_n": "nan", "wikimedia_": "nan", "office": "nan", "int_name": "nan", "height": "nan", "short_name": "nan", "wikidata": "nan", "wikipedia": "nan", "historic": "nan", "roof_orien": "nan", "roof_shape": "nan", "addr_house": "nan", "addr_hou_1": "nan", "power": "nan", "building_u": "nan", "flickr": "nan", "education": "nan", "ref": "nan", "athletics": "nan", "man_made": "nan", "ceremonial": "nan", "inscriptio": "nan", "material": "nan", "start_date": "nan", "bicycle_pa": "nan", "shelter_ty": "nan", "playground": "nan", "disused": "nan", "type": "nan", "addr_count": "nan", "internet_a": "nan", "name_de": "nan", "name_es": "nan", "name_fr": "nan", "name_it": "nan", "name_ja": "nan", "short_na_1": "nan", "short_na_2": "nan", "designatio": "nan", "path": "Point?crs=EPSG:4326&field=element:string(80,0)&field=id:string(80,0)&field=amenity:string(80,0)&field=name:string(80,0)&field=access:string(80,0)&field=barrier:string(80,0)&field=bicycle:string(80,0)&field=foot:string(80,0)&field=motor_vehi:string(80,0)&", "poi_tpye": "dormitory" }, "geometry": { "type": "Point", "coordinates": [ 114.364026937496121, 30.543352226541959 ] } },
{ "type": "Feature", "properties": { "element": "way", "id": "103940876", "amenity": "nan", "name": "枫园十四舍", "access": "nan", "barrier": "nan", "bicycle": "nan", "foot": "nan", "motor_vehi": "nan", "opening_ho": "nan", "alt_name": "nan", "old_name": "nan", "locked": "nan", "leisure": "nan", "sport": "nan", "horse": "nan", "brand": "nan", "brand_en": "nan", "brand_wiki": "nan", "brand_wi_1": "nan", "brand_zh": "nan", "cuisine": "nan", "level": "nan", "name_en": "nan", "name_zh": "nan", "takeaway": "nan", "diet_halal": "nan", "addr_city": "nan", "addr_distr": "nan", "addr_postc": "nan", "addr_provi": "nan", "addr_stree": "nan", "building": "dormitory", "fee": "nan", "diet_meat": "nan", "note": "nan", "outdoor_se": "nan", "brand_zh-H": "nan", "brand_zh_1": "nan", "delivery": "nan", "name_zh-Ha": "nan", "name_zh-_1": "nan", "layer": "nan", "fast_food": "nan", "brand_zh-L": "nan", "name_zh-La": "nan", "surface": "nan", "addr_place": "nan", "addr_unit": "nan", "nohousenum": "nan", "roof_colou": "nan", "emergency": "nan", "healthcare": "nan", "healthca_1": "nan", "loc_name": "nan", "operator": "nan", "website": "nan", "wheelchair": "nan", "building_c": "nan", "building_l": "nan", "museum": "nan", "tourism": "nan", "official_n": "nan", "wikimedia_": "nan", "office": "nan", "int_name": "nan", "height": "nan", "short_name": "nan", "wikidata": "nan", "wikipedia": "nan", "historic": "nan", "roof_orien": "nan", "roof_shape": "nan", "addr_house": "nan", "addr_hou_1": "nan", "power": "nan", "building_u": "nan", "flickr": "nan", "education": "nan", "ref": "nan", "athletics": "nan", "man_made": "nan", "ceremonial": "nan", "inscriptio": "nan", "material": "nan", "start_date": "nan", "bicycle_pa": "nan", "shelter_ty": "nan", "playground": "nan", "disused": "nan", "type": "nan", "addr_count": "nan", "internet_a": "nan", "name_de": "nan", "name_es": "nan", "name_fr": "nan", "name_it": "nan", "name_ja": "nan", "short_na_1": "nan", "short_na_2": "nan", "designatio": "nan", "path": "Point?crs=EPSG:4326&field=element:string(80,0)&field=id:string(80,0)&field=amenity:string(80,0)&field=name:string(80,0)&field=access:string(80,0)&field=barrier:string(80,0)&field=bicycle:string(80,0)&field=foot:string(80,0)&field=motor_vehi:string(80,0)&", "poi_tpye": "dormitory" }, "geometry": { "type": "Point", "coordinates": [ 114.363915388881537, 30.53947428221376 ] } },
{ "type": "Feature", "properties": { "element": "way", "id": "103940873", "amenity": "nan", "name": "湖滨二舍", "access": "nan", "barrier": "nan", "bicycle": "nan", "foot": "nan", "motor_vehi": "nan", "opening_ho": "nan", "alt_name": "nan", "old_name": "nan", "locked": "nan", "leisure": "nan", "sport": "nan", "horse": "nan", "brand": "nan", "brand_en": "nan", "brand_wiki": "nan", "brand_wi_1": "nan", "brand_zh": "nan", "cuisine": "nan", "level": "nan", "name_en": "nan", "name_zh": "nan", "takeaway": "nan", "diet_halal": "nan", "addr_city": "nan", "addr_distr": "nan", "addr_postc": "nan", "addr_provi": "nan", "addr_stree": "nan", "building": "dormitory", "fee": "nan", "diet_meat": "nan", "note": "nan", "outdoor_se": "nan", "brand_zh-H": "nan", "brand_zh_1": "nan", "delivery": "nan", "name_zh-Ha": "nan", "name_zh-_1": "nan", "layer": "nan", "fast_food": "nan", "brand_zh-L": "nan", "name_zh-La": "nan", "surface": "nan", "addr_place": "nan", "addr_unit": "nan", "nohousenum": "nan", "roof_colou": "nan", "emergency": "nan", "healthcare": "nan", "healthca_1": "nan", "loc_name": "nan", "operator": "nan", "website": "nan", "wheelchair": "nan", "building_c": "nan", "building_l": "nan", "museum": "nan", "tourism": "nan", "official_n": "nan", "wikimedia_": "nan", "office": "nan", "int_name": "nan", "height": "nan", "short_name": "nan", "wikidata": "nan", "wikipedia": "nan", "historic": "nan", "roof_orien": "nan", "roof_shape": "nan", "addr_house": "nan", "addr_hou_1": "nan", "power": "nan", "building_u": "nan", "flickr": "nan", "education": "nan", "ref": "nan", "athletics": "nan", "man_made": "nan", "ceremonial": "nan", "inscriptio": "nan", "material": "nan", "start_date": "nan", "bicycle_pa": "nan", "shelter_ty": "nan", "playground": "nan", "disused": "nan", "type": "nan", "addr_count": "nan", "internet_a": "nan", "name_de": "nan", "name_es": "nan", "name_fr": "nan", "name_it": "nan", "name_ja": "nan", "short_na_1": "nan", "short_na_2": "nan", "designatio": "nan", "path": "Point?crs=EPSG:4326&field=element:string(80,0)&field=id:string(80,0)&field=amenity:string(80,0)&field=name:string(80,0)&field=access:string(80,0)&field=barrier:string(80,0)&field=bicycle:string(80,0)&field=foot:string(80,0)&field=motor_vehi:string(80,0)&", "poi_tpye": "dormitory" }, "geometry": { "type": "Point", "coordinates": [ 114.364953799382761, 30.543369597102956 ] } },
{ "type": "Feature", "properties": { "element": "way", "id": "103940871", "amenity": "nan", "name": "社会学院大楼", "access": "nan", "barrier": "nan", "bicycle": "nan", "foot": "nan", "motor_vehi": "nan", "opening_ho": "nan", "alt_name": "nan", "old_name": "nan", "locked": "nan", "leisure": "nan", "sport": "nan", "horse": "nan", "brand": "nan", "brand_en": "nan", "brand_wiki": "nan", "brand_wi_1": "nan", "brand_zh": "nan", "cuisine": "nan", "level": "nan", "name_en": "nan", "name_zh": "nan", "takeaway": "nan", "diet_halal": "nan", "addr_city": "nan", "addr_distr": "nan", "addr_postc": "nan", "addr_provi": "nan", "addr_stree": "nan", "building": "university", "fee": "nan", "diet_meat": "nan", "note": "nan", "outdoor_se": "nan", "brand_zh-H": "nan", "brand_zh_1": "nan", "delivery": "nan", "name_zh-Ha": "nan", "name_zh-_1": "nan", "layer": "nan", "fast_food": "nan", "brand_zh-L": "nan", "name_zh-La": "nan", "surface": "nan", "addr_place": "nan", "addr_unit": "nan", "nohousenum": "nan", "roof_colou": "nan", "emergency": "nan", "healthcare": "nan", "healthca_1": "nan", "loc_name": "nan", "operator": "nan", "website": "nan", "wheelchair": "nan", "building_c": "nan", "building_l": "nan", "museum": "nan", "tourism": "nan", "official_n": "nan", "wikimedia_": "nan", "office": "nan", "int_name": "nan", "height": "nan", "short_name": "nan", "wikidata": "nan", "wikipedia": "nan", "historic": "nan", "roof_orien": "nan", "roof_shape": "nan", "addr_house": "nan", "addr_hou_1": "nan", "power": "nan", "building_u": "nan", "flickr": "nan", "education": "nan", "ref": "nan", "athletics": "nan", "man_made": "nan", "ceremonial": "nan", "inscriptio": "nan", "material": "nan", "start_date": "nan", "bicycle_pa": "nan", "shelter_ty": "nan", "playground": "nan", "disused": "nan", "type": "nan", "addr_count": "nan", "internet_a": "nan", "name_de": "nan", "name_es": "nan", "name_fr": "nan", "name_it": "nan", "name_ja": "nan", "short_na_1": "nan", "short_na_2": "nan", "designatio": "nan", "path": "Point?crs=EPSG:4326&field=element:string(80,0)&field=id:string(80,0)&field=amenity:string(80,0)&field=name:string(80,0)&field=access:string(80,0)&field=barrier:string(80,0)&field=bicycle:string(80,0)&field=foot:string(80,0)&field=motor_vehi:string(80,0)&", "poi_tpye": "office" }, "geometry": { "type": "Point", "coordinates": [ 114.362560323312849, 30.542735419802014 ] } },
{ "type": "Feature", "properties": { "element": "way", "id": "103940636", "amenity": "nan", "name": "标本楼", "access": "nan", "barrier": "nan", "bicycle": "nan", "foot": "nan", "motor_vehi": "nan", "opening_ho": "nan", "alt_name": "中国边界与海洋研究院大楼", "old_name": "nan", "locked": "nan", "leisure": "nan", "sport": "nan", "horse": "nan", "brand": "nan", "brand_en": "nan", "brand_wiki": "nan", "brand_wi_1": "nan", "brand_zh": "nan", "cuisine": "nan", "level": "nan", "name_en": "nan", "name_zh": "nan", "takeaway": "nan", "diet_halal": "nan", "addr_city": "nan", "addr_distr": "nan", "addr_postc": "nan", "addr_provi": "nan", "addr_stree": "nan", "building": "university", "fee": "nan", "diet_meat": "nan", "note": "nan", "outdoor_se": "nan", "brand_zh-H": "nan", "brand_zh_1": "nan", "delivery": "nan", "name_zh-Ha": "nan", "name_zh-_1": "nan", "layer": "nan", "fast_food": "nan", "brand_zh-L": "nan", "name_zh-La": "nan", "surface": "nan", "addr_place": "nan", "addr_unit": "nan", "nohousenum": "nan", "roof_colou": "nan", "emergency": "nan", "healthcare": "nan", "healthca_1": "nan", "loc_name": "nan", "operator": "nan", "website": "nan", "wheelchair": "nan", "building_c": "nan", "building_l": "nan", "museum": "nan", "tourism": "nan", "official_n": "nan", "wikimedia_": "nan", "office": "nan", "int_name": "nan", "height": "nan", "short_name": "nan", "wikidata": "nan", "wikipedia": "nan", "historic": "nan", "roof_orien": "nan", "roof_shape": "nan", "addr_house": "nan", "addr_hou_1": "nan", "power": "nan", "building_u": "nan", "flickr": "nan", "education": "nan", "ref": "nan", "athletics": "nan", "man_made": "nan", "ceremonial": "nan", "inscriptio": "nan", "material": "nan", "start_date": "nan", "bicycle_pa": "nan", "shelter_ty": "nan", "playground": "nan", "disused": "nan", "type": "nan", "addr_count": "nan", "internet_a": "nan", "name_de": "nan", "name_es": "nan", "name_fr": "nan", "name_it": "nan", "name_ja": "nan", "short_na_1": "nan", "short_na_2": "nan", "designatio": "nan", "path": "Point?crs=EPSG:4326&field=element:string(80,0)&field=id:string(80,0)&field=amenity:string(80,0)&field=name:string(80,0)&field=access:string(80,0)&field=barrier:string(80,0)&field=bicycle:string(80,0)&field=foot:string(80,0)&field=motor_vehi:string(80,0)&", "poi_tpye": "office" }, "geometry": { "type": "Point", "coordinates": [ 114.361547628638917, 30.54259099274579 ] } },
{ "type": "Feature", "properties": { "element": "way", "id": "1444076093", "amenity": "nan", "name": "理学楼", "access": "nan", "barrier": "nan", "bicycle": "nan", "foot": "nan", "motor_vehi": "nan", "opening_ho": "nan", "alt_name": "老理学院", "old_name": "理学院", "locked": "nan", "leisure": "nan", "sport": "nan", "horse": "nan", "brand": "nan", "brand_en": "nan", "brand_wiki": "nan", "brand_wi_1": "nan", "brand_zh": "nan", "cuisine": "nan", "level": "nan", "name_en": "nan", "name_zh": "nan", "takeaway": "nan", "diet_halal": "nan", "addr_city": "nan", "addr_distr": "nan", "addr_postc": "nan", "addr_provi": "nan", "addr_stree": "nan", "building": "yes", "fee": "nan", "diet_meat": "nan", "note": "nan", "outdoor_se": "nan", "brand_zh-H": "nan", "brand_zh_1": "nan", "delivery": "nan", "name_zh-Ha": "nan", "name_zh-_1": "nan", "layer": "-1", "fast_food": "nan", "brand_zh-L": "nan", "name_zh-La": "nan", "surface": "nan", "addr_place": "nan", "addr_unit": "nan", "nohousenum": "nan", "roof_colou": "nan", "emergency": "nan", "healthcare": "nan", "healthca_1": "nan", "loc_name": "nan", "operator": "nan", "website": "nan", "wheelchair": "nan", "building_c": "nan", "building_l": "nan", "museum": "nan", "tourism": "nan", "official_n": "nan", "wikimedia_": "File:Wuhan University Old Science Department.jpg", "office": "nan", "int_name": "nan", "height": "nan", "short_name": "nan", "wikidata": "nan", "wikipedia": "nan", "historic": "building", "roof_orien": "nan", "roof_shape": "nan", "addr_house": "nan", "addr_hou_1": "nan", "power": "nan", "building_u": "nan", "flickr": "nan", "education": "nan", "ref": "nan", "athletics": "nan", "man_made": "nan", "ceremonial": "nan", "inscriptio": "nan", "material": "nan", "start_date": "nan", "bicycle_pa": "nan", "shelter_ty": "nan", "playground": "nan", "disused": "nan", "type": "nan", "addr_count": "nan", "internet_a": "nan", "name_de": "nan", "name_es": "nan", "name_fr": "nan", "name_it": "nan", "name_ja": "nan", "short_na_1": "nan", "short_na_2": "nan", "designatio": "nan", "path": "Point?crs=EPSG:4326&field=element:string(80,0)&field=id:string(80,0)&field=amenity:string(80,0)&field=name:string(80,0)&field=access:string(80,0)&field=barrier:string(80,0)&field=bicycle:string(80,0)&field=foot:string(80,0)&field=motor_vehi:string(80,0)&", "poi_tpye": "office" }, "geometry": { "type": "Point", "coordinates": [ 114.360553191907087, 30.54242770052138 ] } },
{ "type": "Feature", "properties": { "element": "way", "id": "103940632", "amenity": "nan", "name": "人文馆", "access": "nan", "barrier": "nan", "bicycle": "nan", "foot": "nan", "motor_vehi": "nan", "opening_ho": "nan", "alt_name": "逸夫楼", "old_name": "nan", "locked": "nan", "leisure": "nan", "sport": "nan", "horse": "nan", "brand": "nan", "brand_en": "nan", "brand_wiki": "nan", "brand_wi_1": "nan", "brand_zh": "nan", "cuisine": "nan", "level": "nan", "name_en": "nan", "name_zh": "nan", "takeaway": "nan", "diet_halal": "nan", "addr_city": "nan", "addr_distr": "nan", "addr_postc": "nan", "addr_provi": "nan", "addr_stree": "nan", "building": "university", "fee": "nan", "diet_meat": "nan", "note": "nan", "outdoor_se": "nan", "brand_zh-H": "nan", "brand_zh_1": "nan", "delivery": "nan", "name_zh-Ha": "nan", "name_zh-_1": "nan", "layer": "nan", "fast_food": "nan", "brand_zh-L": "nan", "name_zh-La": "nan", "surface": "nan", "addr_place": "nan", "addr_unit": "nan", "nohousenum": "nan", "roof_colou": "nan", "emergency": "nan", "healthcare": "nan", "healthca_1": "nan", "loc_name": "nan", "operator": "nan", "website": "nan", "wheelchair": "nan", "building_c": "nan", "building_l": "nan", "museum": "nan", "tourism": "nan", "official_n": "nan", "wikimedia_": "File:Wuhan University Humanities Building.jpg", "office": "nan", "int_name": "Humanities Building", "height": "nan", "short_name": "nan", "wikidata": "nan", "wikipedia": "nan", "historic": "nan", "roof_orien": "nan", "roof_shape": "nan", "addr_house": "nan", "addr_hou_1": "nan", "power": "nan", "building_u": "nan", "flickr": "nan", "education": "nan", "ref": "nan", "athletics": "nan", "man_made": "nan", "ceremonial": "nan", "inscriptio": "nan", "material": "nan", "start_date": "nan", "bicycle_pa": "nan", "shelter_ty": "nan", "playground": "nan", "disused": "nan", "type": "nan", "addr_count": "nan", "internet_a": "nan", "name_de": "nan", "name_es": "nan", "name_fr": "nan", "name_it": "nan", "name_ja": "nan", "short_na_1": "nan", "short_na_2": "nan", "designatio": "nan", "path": "Point?crs=EPSG:4326&field=element:string(80,0)&field=id:string(80,0)&field=amenity:string(80,0)&field=name:string(80,0)&field=access:string(80,0)&field=barrier:string(80,0)&field=bicycle:string(80,0)&field=foot:string(80,0)&field=motor_vehi:string(80,0)&", "poi_tpye": "office" }, "geometry": { "type": "Point", "coordinates": [ 114.362374034298639, 30.541350609576646 ] } },
{ "type": "Feature", "properties": { "element": "way", "id": "103947063", "amenity": "nan", "name": "湖滨十五舍", "access": "nan", "barrier": "nan", "bicycle": "nan", "foot": "nan", "motor_vehi": "nan", "opening_ho": "nan", "alt_name": "nan", "old_name": "nan", "locked": "nan", "leisure": "nan", "sport": "nan", "horse": "nan", "brand": "nan", "brand_en": "nan", "brand_wiki": "nan", "brand_wi_1": "nan", "brand_zh": "nan", "cuisine": "nan", "level": "nan", "name_en": "nan", "name_zh": "nan", "takeaway": "nan", "diet_halal": "nan", "addr_city": "nan", "addr_distr": "nan", "addr_postc": "nan", "addr_provi": "nan", "addr_stree": "nan", "building": "dormitory", "fee": "nan", "diet_meat": "nan", "note": "nan", "outdoor_se": "nan", "brand_zh-H": "nan", "brand_zh_1": "nan", "delivery": "nan", "name_zh-Ha": "nan", "name_zh-_1": "nan", "layer": "nan", "fast_food": "nan", "brand_zh-L": "nan", "name_zh-La": "nan", "surface": "nan", "addr_place": "nan", "addr_unit": "nan", "nohousenum": "nan", "roof_colou": "nan", "emergency": "nan", "healthcare": "nan", "healthca_1": "nan", "loc_name": "nan", "operator": "nan", "website": "nan", "wheelchair": "nan", "building_c": "nan", "building_l": "nan", "museum": "nan", "tourism": "nan", "official_n": "nan", "wikimedia_": "nan", "office": "nan", "int_name": "nan", "height": "nan", "short_name": "nan", "wikidata": "nan", "wikipedia": "nan", "historic": "nan", "roof_orien": "nan", "roof_shape": "nan", "addr_house": "nan", "addr_hou_1": "nan", "power": "nan", "building_u": "nan", "flickr": "nan", "education": "nan", "ref": "nan", "athletics": "nan", "man_made": "nan", "ceremonial": "nan", "inscriptio": "nan", "material": "nan", "start_date": "nan", "bicycle_pa": "nan", "shelter_ty": "nan", "playground": "nan", "disused": "nan", "type": "nan", "addr_count": "nan", "internet_a": "nan", "name_de": "nan", "name_es": "nan", "name_fr": "nan", "name_it": "nan", "name_ja": "nan", "short_na_1": "nan", "short_na_2": "nan", "designatio": "nan", "path": "Point?crs=EPSG:4326&field=element:string(80,0)&field=id:string(80,0)&field=amenity:string(80,0)&field=name:string(80,0)&field=access:string(80,0)&field=barrier:string(80,0)&field=bicycle:string(80,0)&field=foot:string(80,0)&field=motor_vehi:string(80,0)&", "poi_tpye": "dormitory" }, "geometry": { "type": "Point", "coordinates": [ 114.362518738223201, 30.544799748528007 ] } },
{ "type": "Feature", "properties": { "element": "way", "id": "103947060", "amenity": "nan", "name": "湖滨十七舍", "access": "nan", "barrier": "nan", "bicycle": "nan", "foot": "nan", "motor_vehi": "nan", "opening_ho": "nan", "alt_name": "nan", "old_name": "nan", "locked": "nan", "leisure": "nan", "sport": "nan", "horse": "nan", "brand": "nan", "brand_en": "nan", "brand_wiki": "nan", "brand_wi_1": "nan", "brand_zh": "nan", "cuisine": "nan", "level": "nan", "name_en": "nan", "name_zh": "nan", "takeaway": "nan", "diet_halal": "nan", "addr_city": "nan", "addr_distr": "nan", "addr_postc": "nan", "addr_provi": "nan", "addr_stree": "nan", "building": "dormitory", "fee": "nan", "diet_meat": "nan", "note": "nan", "outdoor_se": "nan", "brand_zh-H": "nan", "brand_zh_1": "nan", "delivery": "nan", "name_zh-Ha": "nan", "name_zh-_1": "nan", "layer": "nan", "fast_food": "nan", "brand_zh-L": "nan", "name_zh-La": "nan", "surface": "nan", "addr_place": "nan", "addr_unit": "nan", "nohousenum": "nan", "roof_colou": "nan", "emergency": "nan", "healthcare": "nan", "healthca_1": "nan", "loc_name": "nan", "operator": "nan", "website": "nan", "wheelchair": "nan", "building_c": "nan", "building_l": "nan", "museum": "nan", "tourism": "nan", "official_n": "nan", "wikimedia_": "nan", "office": "nan", "int_name": "nan", "height": "nan", "short_name": "nan", "wikidata": "nan", "wikipedia": "nan", "historic": "nan", "roof_orien": "nan", "roof_shape": "nan", "addr_house": "nan", "addr_hou_1": "nan", "power": "nan", "building_u": "nan", "flickr": "nan", "education": "nan", "ref": "nan", "athletics": "nan", "man_made": "nan", "ceremonial": "nan", "inscriptio": "nan", "material": "nan", "start_date": "nan", "bicycle_pa": "nan", "shelter_ty": "nan", "playground": "nan", "disused": "nan", "type": "nan", "addr_count": "nan", "internet_a": "nan", "name_de": "nan", "name_es": "nan", "name_fr": "nan", "name_it": "nan", "name_ja": "nan", "short_na_1": "nan", "short_na_2": "nan", "designatio": "nan", "path": "Point?crs=EPSG:4326&field=element:string(80,0)&field=id:string(80,0)&field=amenity:string(80,0)&field=name:string(80,0)&field=access:string(80,0)&field=barrier:string(80,0)&field=bicycle:string(80,0)&field=foot:string(80,0)&field=motor_vehi:string(80,0)&", "poi_tpye": "dormitory" }, "geometry": { "type": "Point", "coordinates": [ 114.363589425297363, 30.544355459812188 ] } },
{ "type": "Feature", "properties": { "element": "way", "id": "103947058", "amenity": "canteen", "name": "湖滨食堂", "access": "nan", "barrier": "nan", "bicycle": "nan", "foot": "nan", "motor_vehi": "nan", "opening_ho": "nan", "alt_name": "nan", "old_name": "nan", "locked": "nan", "leisure": "nan", "sport": "nan", "horse": "nan", "brand": "nan", "brand_en": "nan", "brand_wiki": "nan", "brand_wi_1": "nan", "brand_zh": "nan", "cuisine": "nan", "level": "nan", "name_en": "nan", "name_zh": "nan", "takeaway": "nan", "diet_halal": "nan", "addr_city": "nan", "addr_distr": "nan", "addr_postc": "nan", "addr_provi": "nan", "addr_stree": "nan", "building": "yes", "fee": "nan", "diet_meat": "nan", "note": "nan", "outdoor_se": "nan", "brand_zh-H": "nan", "brand_zh_1": "nan", "delivery": "nan", "name_zh-Ha": "nan", "name_zh-_1": "nan", "layer": "nan", "fast_food": "nan", "brand_zh-L": "nan", "name_zh-La": "nan", "surface": "nan", "addr_place": "nan", "addr_unit": "nan", "nohousenum": "nan", "roof_colou": "nan", "emergency": "nan", "healthcare": "nan", "healthca_1": "nan", "loc_name": "nan", "operator": "nan", "website": "nan", "wheelchair": "nan", "building_c": "nan", "building_l": "2", "museum": "nan", "tourism": "nan", "official_n": "nan", "wikimedia_": "nan", "office": "nan", "int_name": "nan", "height": "nan", "short_name": "nan", "wikidata": "nan", "wikipedia": "nan", "historic": "nan", "roof_orien": "nan", "roof_shape": "nan", "addr_house": "nan", "addr_hou_1": "nan", "power": "nan", "building_u": "nan", "flickr": "nan", "education": "nan", "ref": "nan", "athletics": "nan", "man_made": "nan", "ceremonial": "nan", "inscriptio": "nan", "material": "nan", "start_date": "nan", "bicycle_pa": "nan", "shelter_ty": "nan", "playground": "nan", "disused": "nan", "type": "nan", "addr_count": "nan", "internet_a": "nan", "name_de": "nan", "name_es": "nan", "name_fr": "nan", "name_it": "nan", "name_ja": "nan", "short_na_1": "nan", "short_na_2": "nan", "designatio": "nan", "path": "Point?crs=EPSG:4326&field=element:string(80,0)&field=id:string(80,0)&field=amenity:string(80,0)&field=name:string(80,0)&field=access:string(80,0)&field=barrier:string(80,0)&field=bicycle:string(80,0)&field=foot:string(80,0)&field=motor_vehi:string(80,0)&", "poi_tpye": "cafeteria" }, "geometry": { "type": "Point", "coordinates": [ 114.364435695883486, 30.543878338172419 ] } },
{ "type": "Feature", "properties": { "element": "way", "id": "1443847863", "amenity": "nan", "name": "老樱园食堂", "access": "nan", "barrier": "nan", "bicycle": "nan", "foot": "nan", "motor_vehi": "nan", "opening_ho": "nan", "alt_name": "nan", "old_name": "nan", "locked": "nan", "leisure": "nan", "sport": "nan", "horse": "nan", "brand": "nan", "brand_en": "nan", "brand_wiki": "nan", "brand_wi_1": "nan", "brand_zh": "nan", "cuisine": "nan", "level": "nan", "name_en": "nan", "name_zh": "nan", "takeaway": "nan", "diet_halal": "nan", "addr_city": "nan", "addr_distr": "nan", "addr_postc": "nan", "addr_provi": "nan", "addr_stree": "nan", "building": "yes", "fee": "nan", "diet_meat": "nan", "note": "nan", "outdoor_se": "nan", "brand_zh-H": "nan", "brand_zh_1": "nan", "delivery": "nan", "name_zh-Ha": "nan", "name_zh-_1": "nan", "layer": "nan", "fast_food": "nan", "brand_zh-L": "nan", "name_zh-La": "nan", "surface": "nan", "addr_place": "nan", "addr_unit": "nan", "nohousenum": "nan", "roof_colou": "nan", "emergency": "nan", "healthcare": "nan", "healthca_1": "nan", "loc_name": "nan", "operator": "nan", "website": "nan", "wheelchair": "nan", "building_c": "nan", "building_l": "nan", "museum": "nan", "tourism": "nan", "official_n": "学生饭厅及俱乐部", "wikimedia_": "nan", "office": "nan", "int_name": "nan", "height": "nan", "short_name": "nan", "wikidata": "nan", "wikipedia": "nan", "historic": "building", "roof_orien": "nan", "roof_shape": "nan", "addr_house": "nan", "addr_hou_1": "nan", "power": "nan", "building_u": "nan", "flickr": "nan", "education": "nan", "ref": "nan", "athletics": "nan", "man_made": "nan", "ceremonial": "nan", "inscriptio": "nan", "material": "nan", "start_date": "nan", "bicycle_pa": "nan", "shelter_ty": "nan", "playground": "nan", "disused": "nan", "type": "nan", "addr_count": "nan", "internet_a": "nan", "name_de": "nan", "name_es": "nan", "name_fr": "nan", "name_it": "nan", "name_ja": "nan", "short_na_1": "nan", "short_na_2": "nan", "designatio": "nan", "path": "Point?crs=EPSG:4326&field=element:string(80,0)&field=id:string(80,0)&field=amenity:string(80,0)&field=name:string(80,0)&field=access:string(80,0)&field=barrier:string(80,0)&field=bicycle:string(80,0)&field=foot:string(80,0)&field=motor_vehi:string(80,0)&", "poi_tpye": "cafeteria" }, "geometry": { "type": "Point", "coordinates": [ 114.356374950120795, 30.542103865275273 ] } },
{ "type": "Feature", "properties": { "element": "way", "id": "1443847861", "amenity": "nan", "name": "老学生俱乐部", "access": "nan", "barrier": "nan", "bicycle": "nan", "foot": "nan", "motor_vehi": "nan", "opening_ho": "nan", "alt_name": "nan", "old_name": "nan", "locked": "nan", "leisure": "nan", "sport": "nan", "horse": "nan", "brand": "nan", "brand_en": "nan", "brand_wiki": "nan", "brand_wi_1": "nan", "brand_zh": "nan", "cuisine": "nan", "level": "nan", "name_en": "nan", "name_zh": "nan", "takeaway": "nan", "diet_halal": "nan", "addr_city": "nan", "addr_distr": "nan", "addr_postc": "nan", "addr_provi": "nan", "addr_stree": "nan", "building": "yes", "fee": "nan", "diet_meat": "nan", "note": "nan", "outdoor_se": "nan", "brand_zh-H": "nan", "brand_zh_1": "nan", "delivery": "nan", "name_zh-Ha": "nan", "name_zh-_1": "nan", "layer": "nan", "fast_food": "nan", "brand_zh-L": "nan", "name_zh-La": "nan", "surface": "nan", "addr_place": "nan", "addr_unit": "nan", "nohousenum": "nan", "roof_colou": "nan", "emergency": "nan", "healthcare": "nan", "healthca_1": "nan", "loc_name": "nan", "operator": "nan", "website": "nan", "wheelchair": "nan", "building_c": "nan", "building_l": "nan", "museum": "nan", "tourism": "nan", "official_n": "学生饭厅及俱乐部", "wikimedia_": "File:武汉大学学生俱乐部 20240110.jpg", "office": "nan", "int_name": "nan", "height": "nan", "short_name": "nan", "wikidata": "nan", "wikipedia": "nan", "historic": "building", "roof_orien": "nan", "roof_shape": "nan", "addr_house": "nan", "addr_hou_1": "nan", "power": "nan", "building_u": "nan", "flickr": "nan", "education": "nan", "ref": "nan", "athletics": "nan", "man_made": "nan", "ceremonial": "nan", "inscriptio": "nan", "material": "nan", "start_date": "nan", "bicycle_pa": "nan", "shelter_ty": "nan", "playground": "nan", "disused": "nan", "type": "nan", "addr_count": "nan", "internet_a": "nan", "name_de": "nan", "name_es": "nan", "name_fr": "nan", "name_it": "nan", "name_ja": "nan", "short_na_1": "nan", "short_na_2": "nan", "designatio": "nan", "path": "Point?crs=EPSG:4326&field=element:string(80,0)&field=id:string(80,0)&field=amenity:string(80,0)&field=name:string(80,0)&field=access:string(80,0)&field=barrier:string(80,0)&field=bicycle:string(80,0)&field=foot:string(80,0)&field=motor_vehi:string(80,0)&", "poi_tpye": "office" }, "geometry": { "type": "Point", "coordinates": [ 114.356961333827996, 30.542078770051379 ] } },
{ "type": "Feature", "properties": { "element": "way", "id": "103947049", "amenity": "nan", "name": "湖滨十舍", "access": "nan", "barrier": "nan", "bicycle": "nan", "foot": "nan", "motor_vehi": "nan", "opening_ho": "nan", "alt_name": "nan", "old_name": "nan", "locked": "nan", "leisure": "nan", "sport": "nan", "horse": "nan", "brand": "nan", "brand_en": "nan", "brand_wiki": "nan", "brand_wi_1": "nan", "brand_zh": "nan", "cuisine": "nan", "level": "nan", "name_en": "nan", "name_zh": "nan", "takeaway": "nan", "diet_halal": "nan", "addr_city": "nan", "addr_distr": "nan", "addr_postc": "nan", "addr_provi": "nan", "addr_stree": "nan", "building": "dormitory", "fee": "nan", "diet_meat": "nan", "note": "nan", "outdoor_se": "nan", "brand_zh-H": "nan", "brand_zh_1": "nan", "delivery": "nan", "name_zh-Ha": "nan", "name_zh-_1": "nan", "layer": "nan", "fast_food": "nan", "brand_zh-L": "nan", "name_zh-La": "nan", "surface": "nan", "addr_place": "nan", "addr_unit": "nan", "nohousenum": "nan", "roof_colou": "nan", "emergency": "nan", "healthcare": "nan", "healthca_1": "nan", "loc_name": "nan", "operator": "nan", "website": "nan", "wheelchair": "nan", "building_c": "nan", "building_l": "nan", "museum": "nan", "tourism": "nan", "official_n": "nan", "wikimedia_": "nan", "office": "nan", "int_name": "nan", "height": "nan", "short_name": "nan", "wikidata": "nan", "wikipedia": "nan", "historic": "nan", "roof_orien": "nan", "roof_shape": "nan", "addr_house": "nan", "addr_hou_1": "nan", "power": "nan", "building_u": "nan", "flickr": "nan", "education": "nan", "ref": "nan", "athletics": "nan", "man_made": "nan", "ceremonial": "nan", "inscriptio": "nan", "material": "nan", "start_date": "nan", "bicycle_pa": "nan", "shelter_ty": "nan", "playground": "nan", "disused": "nan", "type": "nan", "addr_count": "nan", "internet_a": "nan", "name_de": "nan", "name_es": "nan", "name_fr": "nan", "name_it": "nan", "name_ja": "nan", "short_na_1": "nan", "short_na_2": "nan", "designatio": "nan", "path": "Point?crs=EPSG:4326&field=element:string(80,0)&field=id:string(80,0)&field=amenity:string(80,0)&field=name:string(80,0)&field=access:string(80,0)&field=barrier:string(80,0)&field=bicycle:string(80,0)&field=foot:string(80,0)&field=motor_vehi:string(80,0)&", "poi_tpye": "dormitory" }, "geometry": { "type": "Point", "coordinates": [ 114.364417491810073, 30.544768241362952 ] } },
{ "type": "Feature", "properties": { "element": "way", "id": "1443525389", "amenity": "shelter", "name": "六一纪念亭", "access": "nan", "barrier": "nan", "bicycle": "nan", "foot": "nan", "motor_vehi": "nan", "opening_ho": "nan", "alt_name": "六一惨案纪念亭", "old_name": "nan", "locked": "nan", "leisure": "nan", "sport": "nan", "horse": "nan", "brand": "nan", "brand_en": "nan", "brand_wiki": "nan", "brand_wi_1": "nan", "brand_zh": "nan", "cuisine": "nan", "level": "nan", "name_en": "nan", "name_zh": "nan", "takeaway": "nan", "diet_halal": "nan", "addr_city": "nan", "addr_distr": "nan", "addr_postc": "nan", "addr_provi": "nan", "addr_stree": "nan", "building": "yes", "fee": "nan", "diet_meat": "nan", "note": "nan", "outdoor_se": "nan", "brand_zh-H": "nan", "brand_zh_1": "nan", "delivery": "nan", "name_zh-Ha": "nan", "name_zh-_1": "nan", "layer": "1", "fast_food": "nan", "brand_zh-L": "nan", "name_zh-La": "nan", "surface": "nan", "addr_place": "nan", "addr_unit": "nan", "nohousenum": "nan", "roof_colou": "nan", "emergency": "nan", "healthcare": "nan", "healthca_1": "nan", "loc_name": "nan", "operator": "nan", "website": "nan", "wheelchair": "nan", "building_c": "nan", "building_l": "nan", "museum": "nan", "tourism": "nan", "official_n": "nan", "wikimedia_": "File:六一纪念亭 20240410.jpg", "office": "nan", "int_name": "nan", "height": "nan", "short_name": "nan", "wikidata": "nan", "wikipedia": "nan", "historic": "nan", "roof_orien": "nan", "roof_shape": "nan", "addr_house": "nan", "addr_hou_1": "nan", "power": "nan", "building_u": "nan", "flickr": "nan", "education": "nan", "ref": "nan", "athletics": "nan", "man_made": "nan", "ceremonial": "nan", "inscriptio": "nan", "material": "nan", "start_date": "nan", "bicycle_pa": "nan", "shelter_ty": "gazebo", "playground": "nan", "disused": "nan", "type": "nan", "addr_count": "nan", "internet_a": "nan", "name_de": "nan", "name_es": "nan", "name_fr": "nan", "name_it": "nan", "name_ja": "nan", "short_na_1": "nan", "short_na_2": "nan", "designatio": "nan", "path": "Point?crs=EPSG:4326&field=element:string(80,0)&field=id:string(80,0)&field=amenity:string(80,0)&field=name:string(80,0)&field=access:string(80,0)&field=barrier:string(80,0)&field=bicycle:string(80,0)&field=foot:string(80,0)&field=motor_vehi:string(80,0)&" }, "geometry": { "type": "Point", "coordinates": [ 114.355967785929025, 30.53923730678385 ] } },
{ "type": "Feature", "properties": { "element": "way", "id": "103947045", "amenity": "nan", "name": "湖滨九舍", "access": "nan", "barrier": "nan", "bicycle": "nan", "foot": "nan", "motor_vehi": "nan", "opening_ho": "nan", "alt_name": "nan", "old_name": "nan", "locked": "nan", "leisure": "nan", "sport": "nan", "horse": "nan", "brand": "nan", "brand_en": "nan", "brand_wiki": "nan", "brand_wi_1": "nan", "brand_zh": "nan", "cuisine": "nan", "level": "nan", "name_en": "nan", "name_zh": "nan", "takeaway": "nan", "diet_halal": "nan", "addr_city": "nan", "addr_distr": "nan", "addr_postc": "nan", "addr_provi": "nan", "addr_stree": "nan", "building": "dormitory", "fee": "nan", "diet_meat": "nan", "note": "nan", "outdoor_se": "nan", "brand_zh-H": "nan", "brand_zh_1": "nan", "delivery": "nan", "name_zh-Ha": "nan", "name_zh-_1": "nan", "layer": "nan", "fast_food": "nan", "brand_zh-L": "nan", "name_zh-La": "nan", "surface": "nan", "addr_place": "nan", "addr_unit": "nan", "nohousenum": "nan", "roof_colou": "nan", "emergency": "nan", "healthcare": "nan", "healthca_1": "nan", "loc_name": "nan", "operator": "nan", "website": "nan", "wheelchair": "nan", "building_c": "nan", "building_l": "nan", "museum": "nan", "tourism": "nan", "official_n": "nan", "wikimedia_": "nan", "office": "nan", "int_name": "nan", "height": "nan", "short_name": "nan", "wikidata": "nan", "wikipedia": "nan", "historic": "nan", "roof_orien": "nan", "roof_shape": "nan", "addr_house": "nan", "addr_hou_1": "nan", "power": "nan", "building_u": "nan", "flickr": "nan", "education": "nan", "ref": "nan", "athletics": "nan", "man_made": "nan", "ceremonial": "nan", "inscriptio": "nan", "material": "nan", "start_date": "nan", "bicycle_pa": "nan", "shelter_ty": "nan", "playground": "nan", "disused": "nan", "type": "nan", "addr_count": "nan", "internet_a": "nan", "name_de": "nan", "name_es": "nan", "name_fr": "nan", "name_it": "nan", "name_ja": "nan", "short_na_1": "nan", "short_na_2": "nan", "designatio": "nan", "path": "Point?crs=EPSG:4326&field=element:string(80,0)&field=id:string(80,0)&field=amenity:string(80,0)&field=name:string(80,0)&field=access:string(80,0)&field=barrier:string(80,0)&field=bicycle:string(80,0)&field=foot:string(80,0)&field=motor_vehi:string(80,0)&", "poi_tpye": "dormitory" }, "geometry": { "type": "Point", "coordinates": [ 114.364594505636973, 30.545096390346469 ] } },
{ "type": "Feature", "properties": { "element": "way", "id": "103947044", "amenity": "nan", "name": "湖滨六舍", "access": "nan", "barrier": "nan", "bicycle": "nan", "foot": "nan", "motor_vehi": "nan", "opening_ho": "nan", "alt_name": "nan", "old_name": "nan", "locked": "nan", "leisure": "nan", "sport": "nan", "horse": "nan", "brand": "nan", "brand_en": "nan", "brand_wiki": "nan", "brand_wi_1": "nan", "brand_zh": "nan", "cuisine": "nan", "level": "nan", "name_en": "nan", "name_zh": "nan", "takeaway": "nan", "diet_halal": "nan", "addr_city": "nan", "addr_distr": "nan", "addr_postc": "nan", "addr_provi": "nan", "addr_stree": "nan", "building": "dormitory", "fee": "nan", "diet_meat": "nan", "note": "nan", "outdoor_se": "nan", "brand_zh-H": "nan", "brand_zh_1": "nan", "delivery": "nan", "name_zh-Ha": "nan", "name_zh-_1": "nan", "layer": "nan", "fast_food": "nan", "brand_zh-L": "nan", "name_zh-La": "nan", "surface": "nan", "addr_place": "nan", "addr_unit": "nan", "nohousenum": "nan", "roof_colou": "nan", "emergency": "nan", "healthcare": "nan", "healthca_1": "nan", "loc_name": "nan", "operator": "nan", "website": "nan", "wheelchair": "nan", "building_c": "nan", "building_l": "nan", "museum": "nan", "tourism": "nan", "official_n": "nan", "wikimedia_": "nan", "office": "nan", "int_name": "nan", "height": "nan", "short_name": "nan", "wikidata": "nan", "wikipedia": "nan", "historic": "nan", "roof_orien": "nan", "roof_shape": "nan", "addr_house": "nan", "addr_hou_1": "nan", "power": "nan", "building_u": "nan", "flickr": "nan", "education": "nan", "ref": "nan", "athletics": "nan", "man_made": "nan", "ceremonial": "nan", "inscriptio": "nan", "material": "nan", "start_date": "nan", "bicycle_pa": "nan", "shelter_ty": "nan", "playground": "nan", "disused": "nan", "type": "nan", "addr_count": "nan", "internet_a": "nan", "name_de": "nan", "name_es": "nan", "name_fr": "nan", "name_it": "nan", "name_ja": "nan", "short_na_1": "nan", "short_na_2": "nan", "designatio": "nan", "path": "Point?crs=EPSG:4326&field=element:string(80,0)&field=id:string(80,0)&field=amenity:string(80,0)&field=name:string(80,0)&field=access:string(80,0)&field=barrier:string(80,0)&field=bicycle:string(80,0)&field=foot:string(80,0)&field=motor_vehi:string(80,0)&", "poi_tpye": "dormitory" }, "geometry": { "type": "Point", "coordinates": [ 114.365334936162881, 30.544360022180726 ] } },
{ "type": "Feature", "properties": { "element": "way", "id": "1443347863", "amenity": "cinema", "name": "梅操电影放映室", "access": "nan", "barrier": "nan", "bicycle": "nan", "foot": "nan", "motor_vehi": "nan", "opening_ho": "nan", "alt_name": "nan", "old_name": "nan", "locked": "nan", "leisure": "nan", "sport": "nan", "horse": "nan", "brand": "nan", "brand_en": "nan", "brand_wiki": "nan", "brand_wi_1": "nan", "brand_zh": "nan", "cuisine": "nan", "level": "nan", "name_en": "nan", "name_zh": "nan", "takeaway": "nan", "diet_halal": "nan", "addr_city": "nan", "addr_distr": "nan", "addr_postc": "nan", "addr_provi": "nan", "addr_stree": "nan", "building": "yes", "fee": "nan", "diet_meat": "nan", "note": "nan", "outdoor_se": "nan", "brand_zh-H": "nan", "brand_zh_1": "nan", "delivery": "nan", "name_zh-Ha": "nan", "name_zh-_1": "nan", "layer": "nan", "fast_food": "nan", "brand_zh-L": "nan", "name_zh-La": "nan", "surface": "nan", "addr_place": "nan", "addr_unit": "nan", "nohousenum": "nan", "roof_colou": "nan", "emergency": "nan", "healthcare": "nan", "healthca_1": "nan", "loc_name": "nan", "operator": "nan", "website": "nan", "wheelchair": "nan", "building_c": "nan", "building_l": "nan", "museum": "nan", "tourism": "nan", "official_n": "nan", "wikimedia_": "nan", "office": "nan", "int_name": "nan", "height": "nan", "short_name": "nan", "wikidata": "nan", "wikipedia": "nan", "historic": "nan", "roof_orien": "nan", "roof_shape": "nan", "addr_house": "nan", "addr_hou_1": "nan", "power": "nan", "building_u": "nan", "flickr": "nan", "education": "nan", "ref": "nan", "athletics": "nan", "man_made": "nan", "ceremonial": "nan", "inscriptio": "nan", "material": "nan", "start_date": "nan", "bicycle_pa": "nan", "shelter_ty": "nan", "playground": "nan", "disused": "nan", "type": "nan", "addr_count": "nan", "internet_a": "nan", "name_de": "nan", "name_es": "nan", "name_fr": "nan", "name_it": "nan", "name_ja": "nan", "short_na_1": "nan", "short_na_2": "nan", "designatio": "nan", "path": "Point?crs=EPSG:4326&field=element:string(80,0)&field=id:string(80,0)&field=amenity:string(80,0)&field=name:string(80,0)&field=access:string(80,0)&field=barrier:string(80,0)&field=bicycle:string(80,0)&field=foot:string(80,0)&field=motor_vehi:string(80,0)&" }, "geometry": { "type": "Point", "coordinates": [ 114.35951075, 30.54044555 ] } },
{ "type": "Feature", "properties": { "element": "way", "id": "103947040", "amenity": "nan", "name": "湖滨四舍", "access": "nan", "barrier": "nan", "bicycle": "nan", "foot": "nan", "motor_vehi": "nan", "opening_ho": "nan", "alt_name": "nan", "old_name": "nan", "locked": "nan", "leisure": "nan", "sport": "nan", "horse": "nan", "brand": "nan", "brand_en": "nan", "brand_wiki": "nan", "brand_wi_1": "nan", "brand_zh": "nan", "cuisine": "nan", "level": "nan", "name_en": "nan", "name_zh": "nan", "takeaway": "nan", "diet_halal": "nan", "addr_city": "nan", "addr_distr": "nan", "addr_postc": "nan", "addr_provi": "nan", "addr_stree": "nan", "building": "dormitory", "fee": "nan", "diet_meat": "nan", "note": "nan", "outdoor_se": "nan", "brand_zh-H": "nan", "brand_zh_1": "nan", "delivery": "nan", "name_zh-Ha": "nan", "name_zh-_1": "nan", "layer": "nan", "fast_food": "nan", "brand_zh-L": "nan", "name_zh-La": "nan", "surface": "nan", "addr_place": "nan", "addr_unit": "nan", "nohousenum": "nan", "roof_colou": "nan", "emergency": "nan", "healthcare": "nan", "healthca_1": "nan", "loc_name": "nan", "operator": "nan", "website": "nan", "wheelchair": "nan", "building_c": "nan", "building_l": "nan", "museum": "nan", "tourism": "nan", "official_n": "nan", "wikimedia_": "nan", "office": "nan", "int_name": "nan", "height": "nan", "short_name": "nan", "wikidata": "nan", "wikipedia": "nan", "historic": "nan", "roof_orien": "nan", "roof_shape": "nan", "addr_house": "nan", "addr_hou_1": "nan", "power": "nan", "building_u": "nan", "flickr": "nan", "education": "nan", "ref": "nan", "athletics": "nan", "man_made": "nan", "ceremonial": "nan", "inscriptio": "nan", "material": "nan", "start_date": "nan", "bicycle_pa": "nan", "shelter_ty": "nan", "playground": "nan", "disused": "nan", "type": "nan", "addr_count": "nan", "internet_a": "nan", "name_de": "nan", "name_es": "nan", "name_fr": "nan", "name_it": "nan", "name_ja": "nan", "short_na_1": "nan", "short_na_2": "nan", "designatio": "nan", "path": "Point?crs=EPSG:4326&field=element:string(80,0)&field=id:string(80,0)&field=amenity:string(80,0)&field=name:string(80,0)&field=access:string(80,0)&field=barrier:string(80,0)&field=bicycle:string(80,0)&field=foot:string(80,0)&field=motor_vehi:string(80,0)&", "poi_tpye": "dormitory" }, "geometry": { "type": "Point", "coordinates": [ 114.36581331941845, 30.543905723732927 ] } },
{ "type": "Feature", "properties": { "element": "way", "id": "103947039", "amenity": "nan", "name": "湖滨十六舍", "access": "nan", "barrier": "nan", "bicycle": "nan", "foot": "nan", "motor_vehi": "nan", "opening_ho": "nan", "alt_name": "nan", "old_name": "nan", "locked": "nan", "leisure": "nan", "sport": "nan", "horse": "nan", "brand": "nan", "brand_en": "nan", "brand_wiki": "nan", "brand_wi_1": "nan", "brand_zh": "nan", "cuisine": "nan", "level": "nan", "name_en": "nan", "name_zh": "nan", "takeaway": "nan", "diet_halal": "nan", "addr_city": "nan", "addr_distr": "nan", "addr_postc": "nan", "addr_provi": "nan", "addr_stree": "nan", "building": "dormitory", "fee": "nan", "diet_meat": "nan", "note": "nan", "outdoor_se": "nan", "brand_zh-H": "nan", "brand_zh_1": "nan", "delivery": "nan", "name_zh-Ha": "nan", "name_zh-_1": "nan", "layer": "nan", "fast_food": "nan", "brand_zh-L": "nan", "name_zh-La": "nan", "surface": "nan", "addr_place": "nan", "addr_unit": "nan", "nohousenum": "nan", "roof_colou": "nan", "emergency": "nan", "healthcare": "nan", "healthca_1": "nan", "loc_name": "nan", "operator": "nan", "website": "nan", "wheelchair": "nan", "building_c": "nan", "building_l": "nan", "museum": "nan", "tourism": "nan", "official_n": "nan", "wikimedia_": "nan", "office": "nan", "int_name": "nan", "height": "nan", "short_name": "nan", "wikidata": "nan", "wikipedia": "nan", "historic": "nan", "roof_orien": "nan", "roof_shape": "nan", "addr_house": "nan", "addr_hou_1": "nan", "power": "nan", "building_u": "nan", "flickr": "nan", "education": "nan", "ref": "nan", "athletics": "nan", "man_made": "nan", "ceremonial": "nan", "inscriptio": "nan", "material": "nan", "start_date": "nan", "bicycle_pa": "nan", "shelter_ty": "nan", "playground": "nan", "disused": "nan", "type": "nan", "addr_count": "nan", "internet_a": "nan", "name_de": "nan", "name_es": "nan", "name_fr": "nan", "name_it": "nan", "name_ja": "nan", "short_na_1": "nan", "short_na_2": "nan", "designatio": "nan", "path": "Point?crs=EPSG:4326&field=element:string(80,0)&field=id:string(80,0)&field=amenity:string(80,0)&field=name:string(80,0)&field=access:string(80,0)&field=barrier:string(80,0)&field=bicycle:string(80,0)&field=foot:string(80,0)&field=motor_vehi:string(80,0)&", "poi_tpye": "dormitory" }, "geometry": { "type": "Point", "coordinates": [ 114.363377439890144, 30.544138834592104 ] } },
{ "type": "Feature", "properties": { "element": "way", "id": "103947038", "amenity": "nan", "name": "湖滨五舍", "access": "nan", "barrier": "nan", "bicycle": "nan", "foot": "nan", "motor_vehi": "nan", "opening_ho": "nan", "alt_name": "nan", "old_name": "nan", "locked": "nan", "leisure": "nan", "sport": "nan", "horse": "nan", "brand": "nan", "brand_en": "nan", "brand_wiki": "nan", "brand_wi_1": "nan", "brand_zh": "nan", "cuisine": "nan", "level": "nan", "name_en": "nan", "name_zh": "nan", "takeaway": "nan", "diet_halal": "nan", "addr_city": "nan", "addr_distr": "nan", "addr_postc": "nan", "addr_provi": "nan", "addr_stree": "nan", "building": "dormitory", "fee": "nan", "diet_meat": "nan", "note": "nan", "outdoor_se": "nan", "brand_zh-H": "nan", "brand_zh_1": "nan", "delivery": "nan", "name_zh-Ha": "nan", "name_zh-_1": "nan", "layer": "nan", "fast_food": "nan", "brand_zh-L": "nan", "name_zh-La": "nan", "surface": "nan", "addr_place": "nan", "addr_unit": "nan", "nohousenum": "nan", "roof_colou": "nan", "emergency": "nan", "healthcare": "nan", "healthca_1": "nan", "loc_name": "nan", "operator": "nan", "website": "nan", "wheelchair": "nan", "building_c": "nan", "building_l": "nan", "museum": "nan", "tourism": "nan", "official_n": "nan", "wikimedia_": "nan", "office": "nan", "int_name": "nan", "height": "nan", "short_name": "nan", "wikidata": "nan", "wikipedia": "nan", "historic": "nan", "roof_orien": "nan", "roof_shape": "nan", "addr_house": "nan", "addr_hou_1": "nan", "power": "nan", "building_u": "nan", "flickr": "nan", "education": "nan", "ref": "nan", "athletics": "nan", "man_made": "nan", "ceremonial": "nan", "inscriptio": "nan", "material": "nan", "start_date": "nan", "bicycle_pa": "nan", "shelter_ty": "nan", "playground": "nan", "disused": "nan", "type": "nan", "addr_count": "nan", "internet_a": "nan", "name_de": "nan", "name_es": "nan", "name_fr": "nan", "name_it": "nan", "name_ja": "nan", "short_na_1": "nan", "short_na_2": "nan", "designatio": "nan", "path": "Point?crs=EPSG:4326&field=element:string(80,0)&field=id:string(80,0)&field=amenity:string(80,0)&field=name:string(80,0)&field=access:string(80,0)&field=barrier:string(80,0)&field=bicycle:string(80,0)&field=foot:string(80,0)&field=motor_vehi:string(80,0)&", "poi_tpye": "dormitory" }, "geometry": { "type": "Point", "coordinates": [ 114.3653338793182, 30.544030074996414 ] } },
{ "type": "Feature", "properties": { "element": "way", "id": "1445901385", "amenity": "nan", "name": "武汉大学邮政室", "access": "nan", "barrier": "nan", "bicycle": "nan", "foot": "nan", "motor_vehi": "nan", "opening_ho": "nan", "alt_name": "nan", "old_name": "nan", "locked": "nan", "leisure": "nan", "sport": "nan", "horse": "nan", "brand": "nan", "brand_en": "nan", "brand_wiki": "nan", "brand_wi_1": "nan", "brand_zh": "nan", "cuisine": "nan", "level": "nan", "name_en": "nan", "name_zh": "nan", "takeaway": "nan", "diet_halal": "nan", "addr_city": "nan", "addr_distr": "nan", "addr_postc": "nan", "addr_provi": "nan", "addr_stree": "nan", "building": "yes", "fee": "nan", "diet_meat": "nan", "note": "nan", "outdoor_se": "nan", "brand_zh-H": "nan", "brand_zh_1": "nan", "delivery": "nan", "name_zh-Ha": "nan", "name_zh-_1": "nan", "layer": "nan", "fast_food": "nan", "brand_zh-L": "nan", "name_zh-La": "nan", "surface": "nan", "addr_place": "nan", "addr_unit": "nan", "nohousenum": "nan", "roof_colou": "nan", "emergency": "nan", "healthcare": "nan", "healthca_1": "nan", "loc_name": "nan", "operator": "nan", "website": "nan", "wheelchair": "nan", "building_c": "nan", "building_l": "nan", "museum": "nan", "tourism": "nan", "official_n": "nan", "wikimedia_": "nan", "office": "nan", "int_name": "nan", "height": "nan", "short_name": "nan", "wikidata": "nan", "wikipedia": "nan", "historic": "nan", "roof_orien": "nan", "roof_shape": "nan", "addr_house": "nan", "addr_hou_1": "nan", "power": "nan", "building_u": "nan", "flickr": "nan", "education": "nan", "ref": "nan", "athletics": "nan", "man_made": "nan", "ceremonial": "nan", "inscriptio": "nan", "material": "nan", "start_date": "nan", "bicycle_pa": "nan", "shelter_ty": "nan", "playground": "nan", "disused": "nan", "type": "nan", "addr_count": "nan", "internet_a": "nan", "name_de": "nan", "name_es": "nan", "name_fr": "nan", "name_it": "nan", "name_ja": "nan", "short_na_1": "nan", "short_na_2": "nan", "designatio": "nan", "path": "Point?crs=EPSG:4326&field=element:string(80,0)&field=id:string(80,0)&field=amenity:string(80,0)&field=name:string(80,0)&field=access:string(80,0)&field=barrier:string(80,0)&field=bicycle:string(80,0)&field=foot:string(80,0)&field=motor_vehi:string(80,0)&", "poi_tpye": "office" }, "geometry": { "type": "Point", "coordinates": [ 114.36033085118838, 30.538813978180563 ] } },
{ "type": "Feature", "properties": { "element": "way", "id": "103945444", "amenity": "nan", "name": "湖滨三舍", "access": "nan", "barrier": "nan", "bicycle": "nan", "foot": "nan", "motor_vehi": "nan", "opening_ho": "nan", "alt_name": "nan", "old_name": "nan", "locked": "nan", "leisure": "nan", "sport": "nan", "horse": "nan", "brand": "nan", "brand_en": "nan", "brand_wiki": "nan", "brand_wi_1": "nan", "brand_zh": "nan", "cuisine": "nan", "level": "nan", "name_en": "nan", "name_zh": "nan", "takeaway": "nan", "diet_halal": "nan", "addr_city": "nan", "addr_distr": "nan", "addr_postc": "nan", "addr_provi": "nan", "addr_stree": "nan", "building": "dormitory", "fee": "nan", "diet_meat": "nan", "note": "nan", "outdoor_se": "nan", "brand_zh-H": "nan", "brand_zh_1": "nan", "delivery": "nan", "name_zh-Ha": "nan", "name_zh-_1": "nan", "layer": "nan", "fast_food": "nan", "brand_zh-L": "nan", "name_zh-La": "nan", "surface": "nan", "addr_place": "nan", "addr_unit": "nan", "nohousenum": "nan", "roof_colou": "nan", "emergency": "nan", "healthcare": "nan", "healthca_1": "nan", "loc_name": "nan", "operator": "nan", "website": "nan", "wheelchair": "nan", "building_c": "nan", "building_l": "nan", "museum": "nan", "tourism": "nan", "official_n": "nan", "wikimedia_": "nan", "office": "nan", "int_name": "nan", "height": "nan", "short_name": "nan", "wikidata": "nan", "wikipedia": "nan", "historic": "nan", "roof_orien": "nan", "roof_shape": "nan", "addr_house": "nan", "addr_hou_1": "nan", "power": "nan", "building_u": "nan", "flickr": "nan", "education": "nan", "ref": "nan", "athletics": "nan", "man_made": "nan", "ceremonial": "nan", "inscriptio": "nan", "material": "nan", "start_date": "nan", "bicycle_pa": "nan", "shelter_ty": "nan", "playground": "nan", "disused": "nan", "type": "nan", "addr_count": "nan", "internet_a": "nan", "name_de": "nan", "name_es": "nan", "name_fr": "nan", "name_it": "nan", "name_ja": "nan", "short_na_1": "nan", "short_na_2": "nan", "designatio": "nan", "path": "Point?crs=EPSG:4326&field=element:string(80,0)&field=id:string(80,0)&field=amenity:string(80,0)&field=name:string(80,0)&field=access:string(80,0)&field=barrier:string(80,0)&field=bicycle:string(80,0)&field=foot:string(80,0)&field=motor_vehi:string(80,0)&", "poi_tpye": "dormitory" }, "geometry": { "type": "Point", "coordinates": [ 114.365724284962496, 30.543473978046933 ] } },
{ "type": "Feature", "properties": { "element": "way", "id": "1445901384", "amenity": "nan", "name": "梅园四舍", "access": "nan", "barrier": "nan", "bicycle": "nan", "foot": "nan", "motor_vehi": "nan", "opening_ho": "nan", "alt_name": "nan", "old_name": "nan", "locked": "nan", "leisure": "nan", "sport": "nan", "horse": "nan", "brand": "nan", "brand_en": "nan", "brand_wiki": "nan", "brand_wi_1": "nan", "brand_zh": "nan", "cuisine": "nan", "level": "nan", "name_en": "nan", "name_zh": "nan", "takeaway": "nan", "diet_halal": "nan", "addr_city": "nan", "addr_distr": "nan", "addr_postc": "nan", "addr_provi": "nan", "addr_stree": "nan", "building": "dormitory", "fee": "nan", "diet_meat": "nan", "note": "nan", "outdoor_se": "nan", "brand_zh-H": "nan", "brand_zh_1": "nan", "delivery": "nan", "name_zh-Ha": "nan", "name_zh-_1": "nan", "layer": "nan", "fast_food": "nan", "brand_zh-L": "nan", "name_zh-La": "nan", "surface": "nan", "addr_place": "nan", "addr_unit": "nan", "nohousenum": "nan", "roof_colou": "nan", "emergency": "nan", "healthcare": "nan", "healthca_1": "nan", "loc_name": "nan", "operator": "nan", "website": "nan", "wheelchair": "nan", "building_c": "nan", "building_l": "nan", "museum": "nan", "tourism": "nan", "official_n": "nan", "wikimedia_": "nan", "office": "nan", "int_name": "nan", "height": "nan", "short_name": "nan", "wikidata": "nan", "wikipedia": "nan", "historic": "nan", "roof_orien": "nan", "roof_shape": "nan", "addr_house": "nan", "addr_hou_1": "nan", "power": "nan", "building_u": "nan", "flickr": "nan", "education": "nan", "ref": "nan", "athletics": "nan", "man_made": "nan", "ceremonial": "nan", "inscriptio": "nan", "material": "nan", "start_date": "nan", "bicycle_pa": "nan", "shelter_ty": "nan", "playground": "nan", "disused": "nan", "type": "nan", "addr_count": "nan", "internet_a": "nan", "name_de": "nan", "name_es": "nan", "name_fr": "nan", "name_it": "nan", "name_ja": "nan", "short_na_1": "nan", "short_na_2": "nan", "designatio": "nan", "path": "Point?crs=EPSG:4326&field=element:string(80,0)&field=id:string(80,0)&field=amenity:string(80,0)&field=name:string(80,0)&field=access:string(80,0)&field=barrier:string(80,0)&field=bicycle:string(80,0)&field=foot:string(80,0)&field=motor_vehi:string(80,0)&", "poi_tpye": "dormitory" }, "geometry": { "type": "Point", "coordinates": [ 114.359562686185882, 30.538638797444293 ] } },
{ "type": "Feature", "properties": { "element": "way", "id": "103944705", "amenity": "nan", "name": "留学生宿舍1号楼", "access": "nan", "barrier": "nan", "bicycle": "nan", "foot": "nan", "motor_vehi": "nan", "opening_ho": "nan", "alt_name": "nan", "old_name": "nan", "locked": "nan", "leisure": "nan", "sport": "nan", "horse": "nan", "brand": "nan", "brand_en": "nan", "brand_wiki": "nan", "brand_wi_1": "nan", "brand_zh": "nan", "cuisine": "nan", "level": "nan", "name_en": "nan", "name_zh": "nan", "takeaway": "nan", "diet_halal": "nan", "addr_city": "nan", "addr_distr": "nan", "addr_postc": "nan", "addr_provi": "nan", "addr_stree": "nan", "building": "dormitory", "fee": "nan", "diet_meat": "nan", "note": "nan", "outdoor_se": "nan", "brand_zh-H": "nan", "brand_zh_1": "nan", "delivery": "nan", "name_zh-Ha": "nan", "name_zh-_1": "nan", "layer": "nan", "fast_food": "nan", "brand_zh-L": "nan", "name_zh-La": "nan", "surface": "nan", "addr_place": "nan", "addr_unit": "nan", "nohousenum": "nan", "roof_colou": "nan", "emergency": "nan", "healthcare": "nan", "healthca_1": "nan", "loc_name": "nan", "operator": "nan", "website": "nan", "wheelchair": "nan", "building_c": "nan", "building_l": "nan", "museum": "nan", "tourism": "nan", "official_n": "nan", "wikimedia_": "nan", "office": "nan", "int_name": "nan", "height": "nan", "short_name": "nan", "wikidata": "nan", "wikipedia": "nan", "historic": "nan", "roof_orien": "nan", "roof_shape": "nan", "addr_house": "nan", "addr_hou_1": "nan", "power": "nan", "building_u": "nan", "flickr": "nan", "education": "nan", "ref": "nan", "athletics": "nan", "man_made": "nan", "ceremonial": "nan", "inscriptio": "nan", "material": "nan", "start_date": "nan", "bicycle_pa": "nan", "shelter_ty": "nan", "playground": "nan", "disused": "nan", "type": "nan", "addr_count": "nan", "internet_a": "nan", "name_de": "nan", "name_es": "nan", "name_fr": "nan", "name_it": "nan", "name_ja": "nan", "short_na_1": "nan", "short_na_2": "nan", "designatio": "nan", "path": "Point?crs=EPSG:4326&field=element:string(80,0)&field=id:string(80,0)&field=amenity:string(80,0)&field=name:string(80,0)&field=access:string(80,0)&field=barrier:string(80,0)&field=bicycle:string(80,0)&field=foot:string(80,0)&field=motor_vehi:string(80,0)&", "poi_tpye": "dormitory" }, "geometry": { "type": "Point", "coordinates": [ 114.36902836200845, 30.539947747432279 ] } },
{ "type": "Feature", "properties": { "element": "way", "id": "103944704", "amenity": "nan", "name": "枫园五舍", "access": "nan", "barrier": "nan", "bicycle": "nan", "foot": "nan", "motor_vehi": "nan", "opening_ho": "nan", "alt_name": "nan", "old_name": "nan", "locked": "nan", "leisure": "nan", "sport": "nan", "horse": "nan", "brand": "nan", "brand_en": "nan", "brand_wiki": "nan", "brand_wi_1": "nan", "brand_zh": "nan", "cuisine": "nan", "level": "nan", "name_en": "nan", "name_zh": "nan", "takeaway": "nan", "diet_halal": "nan", "addr_city": "nan", "addr_distr": "nan", "addr_postc": "nan", "addr_provi": "nan", "addr_stree": "nan", "building": "dormitory", "fee": "nan", "diet_meat": "nan", "note": "nan", "outdoor_se": "nan", "brand_zh-H": "nan", "brand_zh_1": "nan", "delivery": "nan", "name_zh-Ha": "nan", "name_zh-_1": "nan", "layer": "nan", "fast_food": "nan", "brand_zh-L": "nan", "name_zh-La": "nan", "surface": "nan", "addr_place": "nan", "addr_unit": "nan", "nohousenum": "nan", "roof_colou": "nan", "emergency": "nan", "healthcare": "nan", "healthca_1": "nan", "loc_name": "nan", "operator": "nan", "website": "nan", "wheelchair": "nan", "building_c": "nan", "building_l": "6", "museum": "nan", "tourism": "nan", "official_n": "nan", "wikimedia_": "nan", "office": "nan", "int_name": "nan", "height": "nan", "short_name": "nan", "wikidata": "nan", "wikipedia": "nan", "historic": "nan", "roof_orien": "nan", "roof_shape": "nan", "addr_house": "nan", "addr_hou_1": "nan", "power": "nan", "building_u": "nan", "flickr": "nan", "education": "nan", "ref": "nan", "athletics": "nan", "man_made": "nan", "ceremonial": "nan", "inscriptio": "nan", "material": "nan", "start_date": "nan", "bicycle_pa": "nan", "shelter_ty": "nan", "playground": "nan", "disused": "nan", "type": "nan", "addr_count": "nan", "internet_a": "nan", "name_de": "nan", "name_es": "nan", "name_fr": "nan", "name_it": "nan", "name_ja": "nan", "short_na_1": "nan", "short_na_2": "nan", "designatio": "nan", "path": "Point?crs=EPSG:4326&field=element:string(80,0)&field=id:string(80,0)&field=amenity:string(80,0)&field=name:string(80,0)&field=access:string(80,0)&field=barrier:string(80,0)&field=bicycle:string(80,0)&field=foot:string(80,0)&field=motor_vehi:string(80,0)&", "poi_tpye": "dormitory" }, "geometry": { "type": "Point", "coordinates": [ 114.367351763658846, 30.539245914555828 ] } },
{ "type": "Feature", "properties": { "element": "way", "id": "103944703", "amenity": "nan", "name": "枫园四舍", "access": "nan", "barrier": "nan", "bicycle": "nan", "foot": "nan", "motor_vehi": "nan", "opening_ho": "nan", "alt_name": "nan", "old_name": "nan", "locked": "nan", "leisure": "nan", "sport": "nan", "horse": "nan", "brand": "nan", "brand_en": "nan", "brand_wiki": "nan", "brand_wi_1": "nan", "brand_zh": "nan", "cuisine": "nan", "level": "nan", "name_en": "nan", "name_zh": "nan", "takeaway": "nan", "diet_halal": "nan", "addr_city": "nan", "addr_distr": "nan", "addr_postc": "nan", "addr_provi": "nan", "addr_stree": "nan", "building": "dormitory", "fee": "nan", "diet_meat": "nan", "note": "nan", "outdoor_se": "nan", "brand_zh-H": "nan", "brand_zh_1": "nan", "delivery": "nan", "name_zh-Ha": "nan", "name_zh-_1": "nan", "layer": "nan", "fast_food": "nan", "brand_zh-L": "nan", "name_zh-La": "nan", "surface": "nan", "addr_place": "nan", "addr_unit": "nan", "nohousenum": "nan", "roof_colou": "nan", "emergency": "nan", "healthcare": "nan", "healthca_1": "nan", "loc_name": "nan", "operator": "nan", "website": "nan", "wheelchair": "nan", "building_c": "nan", "building_l": "6", "museum": "nan", "tourism": "nan", "official_n": "nan", "wikimedia_": "nan", "office": "nan", "int_name": "nan", "height": "nan", "short_name": "nan", "wikidata": "nan", "wikipedia": "nan", "historic": "nan", "roof_orien": "nan", "roof_shape": "nan", "addr_house": "nan", "addr_hou_1": "nan", "power": "nan", "building_u": "nan", "flickr": "nan", "education": "nan", "ref": "nan", "athletics": "nan", "man_made": "nan", "ceremonial": "nan", "inscriptio": "nan", "material": "nan", "start_date": "nan", "bicycle_pa": "nan", "shelter_ty": "nan", "playground": "nan", "disused": "nan", "type": "nan", "addr_count": "nan", "internet_a": "nan", "name_de": "nan", "name_es": "nan", "name_fr": "nan", "name_it": "nan", "name_ja": "nan", "short_na_1": "nan", "short_na_2": "nan", "designatio": "nan", "path": "Point?crs=EPSG:4326&field=element:string(80,0)&field=id:string(80,0)&field=amenity:string(80,0)&field=name:string(80,0)&field=access:string(80,0)&field=barrier:string(80,0)&field=bicycle:string(80,0)&field=foot:string(80,0)&field=motor_vehi:string(80,0)&", "poi_tpye": "dormitory" }, "geometry": { "type": "Point", "coordinates": [ 114.367325446332586, 30.539540208957018 ] } },
{ "type": "Feature", "properties": { "element": "way", "id": "103944701", "amenity": "nan", "name": "枫园九舍", "access": "nan", "barrier": "nan", "bicycle": "nan", "foot": "nan", "motor_vehi": "nan", "opening_ho": "nan", "alt_name": "nan", "old_name": "nan", "locked": "nan", "leisure": "nan", "sport": "nan", "horse": "nan", "brand": "nan", "brand_en": "nan", "brand_wiki": "nan", "brand_wi_1": "nan", "brand_zh": "nan", "cuisine": "nan", "level": "nan", "name_en": "nan", "name_zh": "nan", "takeaway": "nan", "diet_halal": "nan", "addr_city": "nan", "addr_distr": "nan", "addr_postc": "nan", "addr_provi": "nan", "addr_stree": "nan", "building": "dormitory", "fee": "nan", "diet_meat": "nan", "note": "nan", "outdoor_se": "nan", "brand_zh-H": "nan", "brand_zh_1": "nan", "delivery": "nan", "name_zh-Ha": "nan", "name_zh-_1": "nan", "layer": "nan", "fast_food": "nan", "brand_zh-L": "nan", "name_zh-La": "nan", "surface": "nan", "addr_place": "nan", "addr_unit": "nan", "nohousenum": "nan", "roof_colou": "nan", "emergency": "nan", "healthcare": "nan", "healthca_1": "nan", "loc_name": "nan", "operator": "nan", "website": "nan", "wheelchair": "nan", "building_c": "#dbd2b5", "building_l": "7", "museum": "nan", "tourism": "nan", "official_n": "nan", "wikimedia_": "nan", "office": "nan", "int_name": "nan", "height": "nan", "short_name": "nan", "wikidata": "nan", "wikipedia": "nan", "historic": "nan", "roof_orien": "nan", "roof_shape": "nan", "addr_house": "nan", "addr_hou_1": "nan", "power": "nan", "building_u": "nan", "flickr": "nan", "education": "nan", "ref": "nan", "athletics": "nan", "man_made": "nan", "ceremonial": "nan", "inscriptio": "nan", "material": "nan", "start_date": "nan", "bicycle_pa": "nan", "shelter_ty": "nan", "playground": "nan", "disused": "nan", "type": "nan", "addr_count": "nan", "internet_a": "nan", "name_de": "nan", "name_es": "nan", "name_fr": "nan", "name_it": "nan", "name_ja": "nan", "short_na_1": "nan", "short_na_2": "nan", "designatio": "nan", "path": "Point?crs=EPSG:4326&field=element:string(80,0)&field=id:string(80,0)&field=amenity:string(80,0)&field=name:string(80,0)&field=access:string(80,0)&field=barrier:string(80,0)&field=bicycle:string(80,0)&field=foot:string(80,0)&field=motor_vehi:string(80,0)&", "poi_tpye": "dormitory" }, "geometry": { "type": "Point", "coordinates": [ 114.367805452076681, 30.539590281091911 ] } },
{ "type": "Feature", "properties": { "element": "way", "id": "103948558", "amenity": "nan", "name": "桂园二舍", "access": "nan", "barrier": "nan", "bicycle": "nan", "foot": "nan", "motor_vehi": "nan", "opening_ho": "nan", "alt_name": "nan", "old_name": "nan", "locked": "nan", "leisure": "nan", "sport": "nan", "horse": "nan", "brand": "nan", "brand_en": "nan", "brand_wiki": "nan", "brand_wi_1": "nan", "brand_zh": "nan", "cuisine": "nan", "level": "nan", "name_en": "nan", "name_zh": "nan", "takeaway": "nan", "diet_halal": "nan", "addr_city": "nan", "addr_distr": "nan", "addr_postc": "nan", "addr_provi": "nan", "addr_stree": "nan", "building": "dormitory", "fee": "nan", "diet_meat": "nan", "note": "nan", "outdoor_se": "nan", "brand_zh-H": "nan", "brand_zh_1": "nan", "delivery": "nan", "name_zh-Ha": "nan", "name_zh-_1": "nan", "layer": "nan", "fast_food": "nan", "brand_zh-L": "nan", "name_zh-La": "nan", "surface": "nan", "addr_place": "nan", "addr_unit": "nan", "nohousenum": "nan", "roof_colou": "nan", "emergency": "nan", "healthcare": "nan", "healthca_1": "nan", "loc_name": "nan", "operator": "nan", "website": "nan", "wheelchair": "nan", "building_c": "nan", "building_l": "nan", "museum": "nan", "tourism": "nan", "official_n": "nan", "wikimedia_": "nan", "office": "nan", "int_name": "nan", "height": "nan", "short_name": "nan", "wikidata": "nan", "wikipedia": "nan", "historic": "nan", "roof_orien": "nan", "roof_shape": "nan", "addr_house": "nan", "addr_hou_1": "nan", "power": "nan", "building_u": "nan", "flickr": "nan", "education": "nan", "ref": "nan", "athletics": "nan", "man_made": "nan", "ceremonial": "nan", "inscriptio": "nan", "material": "nan", "start_date": "nan", "bicycle_pa": "nan", "shelter_ty": "nan", "playground": "nan", "disused": "nan", "type": "nan", "addr_count": "nan", "internet_a": "nan", "name_de": "nan", "name_es": "nan", "name_fr": "nan", "name_it": "nan", "name_ja": "nan", "short_na_1": "nan", "short_na_2": "nan", "designatio": "nan", "path": "Point?crs=EPSG:4326&field=element:string(80,0)&field=id:string(80,0)&field=amenity:string(80,0)&field=name:string(80,0)&field=access:string(80,0)&field=barrier:string(80,0)&field=bicycle:string(80,0)&field=foot:string(80,0)&field=motor_vehi:string(80,0)&", "poi_tpye": "dormitory" }, "geometry": { "type": "Point", "coordinates": [ 114.353203922586957, 30.541448606009762 ] } },
{ "type": "Feature", "properties": { "element": "way", "id": "103948555", "amenity": "nan", "name": "东科技楼", "access": "nan", "barrier": "nan", "bicycle": "nan", "foot": "nan", "motor_vehi": "nan", "opening_ho": "nan", "alt_name": "nan", "old_name": "nan", "locked": "nan", "leisure": "nan", "sport": "nan", "horse": "nan", "brand": "nan", "brand_en": "nan", "brand_wiki": "nan", "brand_wi_1": "nan", "brand_zh": "nan", "cuisine": "nan", "level": "nan", "name_en": "nan", "name_zh": "nan", "takeaway": "nan", "diet_halal": "nan", "addr_city": "nan", "addr_distr": "nan", "addr_postc": "nan", "addr_provi": "nan", "addr_stree": "nan", "building": "university", "fee": "nan", "diet_meat": "nan", "note": "nan", "outdoor_se": "nan", "brand_zh-H": "nan", "brand_zh_1": "nan", "delivery": "nan", "name_zh-Ha": "nan", "name_zh-_1": "nan", "layer": "nan", "fast_food": "nan", "brand_zh-L": "nan", "name_zh-La": "nan", "surface": "nan", "addr_place": "nan", "addr_unit": "nan", "nohousenum": "nan", "roof_colou": "nan", "emergency": "nan", "healthcare": "nan", "healthca_1": "nan", "loc_name": "nan", "operator": "nan", "website": "nan", "wheelchair": "nan", "building_c": "nan", "building_l": "3", "museum": "nan", "tourism": "nan", "official_n": "nan", "wikimedia_": "nan", "office": "nan", "int_name": "nan", "height": "nan", "short_name": "nan", "wikidata": "nan", "wikipedia": "nan", "historic": "nan", "roof_orien": "nan", "roof_shape": "nan", "addr_house": "nan", "addr_hou_1": "nan", "power": "nan", "building_u": "nan", "flickr": "nan", "education": "nan", "ref": "nan", "athletics": "nan", "man_made": "nan", "ceremonial": "nan", "inscriptio": "nan", "material": "nan", "start_date": "nan", "bicycle_pa": "nan", "shelter_ty": "nan", "playground": "nan", "disused": "nan", "type": "nan", "addr_count": "nan", "internet_a": "nan", "name_de": "nan", "name_es": "nan", "name_fr": "nan", "name_it": "nan", "name_ja": "nan", "short_na_1": "nan", "short_na_2": "nan", "designatio": "nan", "path": "Point?crs=EPSG:4326&field=element:string(80,0)&field=id:string(80,0)&field=amenity:string(80,0)&field=name:string(80,0)&field=access:string(80,0)&field=barrier:string(80,0)&field=bicycle:string(80,0)&field=foot:string(80,0)&field=motor_vehi:string(80,0)&", "poi_tpye": "office" }, "geometry": { "type": "Point", "coordinates": [ 114.353904482192064, 30.540150822606847 ] } },
{ "type": "Feature", "properties": { "element": "way", "id": "103948554", "amenity": "nan", "name": "桂园四舍", "access": "nan", "barrier": "nan", "bicycle": "nan", "foot": "nan", "motor_vehi": "nan", "opening_ho": "nan", "alt_name": "nan", "old_name": "nan", "locked": "nan", "leisure": "nan", "sport": "nan", "horse": "nan", "brand": "nan", "brand_en": "nan", "brand_wiki": "nan", "brand_wi_1": "nan", "brand_zh": "nan", "cuisine": "nan", "level": "nan", "name_en": "nan", "name_zh": "nan", "takeaway": "nan", "diet_halal": "nan", "addr_city": "nan", "addr_distr": "nan", "addr_postc": "nan", "addr_provi": "nan", "addr_stree": "nan", "building": "dormitory", "fee": "nan", "diet_meat": "nan", "note": "nan", "outdoor_se": "nan", "brand_zh-H": "nan", "brand_zh_1": "nan", "delivery": "nan", "name_zh-Ha": "nan", "name_zh-_1": "nan", "layer": "nan", "fast_food": "nan", "brand_zh-L": "nan", "name_zh-La": "nan", "surface": "nan", "addr_place": "nan", "addr_unit": "nan", "nohousenum": "nan", "roof_colou": "nan", "emergency": "nan", "healthcare": "nan", "healthca_1": "nan", "loc_name": "nan", "operator": "nan", "website": "nan", "wheelchair": "nan", "building_c": "nan", "building_l": "nan", "museum": "nan", "tourism": "nan", "official_n": "nan", "wikimedia_": "nan", "office": "nan", "int_name": "nan", "height": "nan", "short_name": "nan", "wikidata": "nan", "wikipedia": "nan", "historic": "nan", "roof_orien": "nan", "roof_shape": "nan", "addr_house": "nan", "addr_hou_1": "nan", "power": "nan", "building_u": "nan", "flickr": "nan", "education": "nan", "ref": "nan", "athletics": "nan", "man_made": "nan", "ceremonial": "nan", "inscriptio": "nan", "material": "nan", "start_date": "nan", "bicycle_pa": "nan", "shelter_ty": "nan", "playground": "nan", "disused": "nan", "type": "nan", "addr_count": "nan", "internet_a": "nan", "name_de": "nan", "name_es": "nan", "name_fr": "nan", "name_it": "nan", "name_ja": "nan", "short_na_1": "nan", "short_na_2": "nan", "designatio": "nan", "path": "Point?crs=EPSG:4326&field=element:string(80,0)&field=id:string(80,0)&field=amenity:string(80,0)&field=name:string(80,0)&field=access:string(80,0)&field=barrier:string(80,0)&field=bicycle:string(80,0)&field=foot:string(80,0)&field=motor_vehi:string(80,0)&", "poi_tpye": "dormitory" }, "geometry": { "type": "Point", "coordinates": [ 114.353039513470236, 30.542096779139534 ] } },
{ "type": "Feature", "properties": { "element": "way", "id": "103948553", "amenity": "nan", "name": "桂园三舍", "access": "nan", "barrier": "nan", "bicycle": "nan", "foot": "nan", "motor_vehi": "nan", "opening_ho": "nan", "alt_name": "nan", "old_name": "nan", "locked": "nan", "leisure": "nan", "sport": "nan", "horse": "nan", "brand": "nan", "brand_en": "nan", "brand_wiki": "nan", "brand_wi_1": "nan", "brand_zh": "nan", "cuisine": "nan", "level": "nan", "name_en": "nan", "name_zh": "nan", "takeaway": "nan", "diet_halal": "nan", "addr_city": "nan", "addr_distr": "nan", "addr_postc": "nan", "addr_provi": "nan", "addr_stree": "nan", "building": "dormitory", "fee": "nan", "diet_meat": "nan", "note": "nan", "outdoor_se": "nan", "brand_zh-H": "nan", "brand_zh_1": "nan", "delivery": "nan", "name_zh-Ha": "nan", "name_zh-_1": "nan", "layer": "nan", "fast_food": "nan", "brand_zh-L": "nan", "name_zh-La": "nan", "surface": "nan", "addr_place": "nan", "addr_unit": "nan", "nohousenum": "nan", "roof_colou": "nan", "emergency": "nan", "healthcare": "nan", "healthca_1": "nan", "loc_name": "nan", "operator": "nan", "website": "nan", "wheelchair": "nan", "building_c": "nan", "building_l": "nan", "museum": "nan", "tourism": "nan", "official_n": "nan", "wikimedia_": "nan", "office": "nan", "int_name": "nan", "height": "nan", "short_name": "nan", "wikidata": "nan", "wikipedia": "nan", "historic": "nan", "roof_orien": "nan", "roof_shape": "nan", "addr_house": "nan", "addr_hou_1": "nan", "power": "nan", "building_u": "nan", "flickr": "nan", "education": "nan", "ref": "nan", "athletics": "nan", "man_made": "nan", "ceremonial": "nan", "inscriptio": "nan", "material": "nan", "start_date": "nan", "bicycle_pa": "nan", "shelter_ty": "nan", "playground": "nan", "disused": "nan", "type": "nan", "addr_count": "nan", "internet_a": "nan", "name_de": "nan", "name_es": "nan", "name_fr": "nan", "name_it": "nan", "name_ja": "nan", "short_na_1": "nan", "short_na_2": "nan", "designatio": "nan", "path": "Point?crs=EPSG:4326&field=element:string(80,0)&field=id:string(80,0)&field=amenity:string(80,0)&field=name:string(80,0)&field=access:string(80,0)&field=barrier:string(80,0)&field=bicycle:string(80,0)&field=foot:string(80,0)&field=motor_vehi:string(80,0)&", "poi_tpye": "dormitory" }, "geometry": { "type": "Point", "coordinates": [ 114.353095717823336, 30.541805019168144 ] } },
{ "type": "Feature", "properties": { "element": "way", "id": "103948549", "amenity": "canteen", "name": "桂园食堂", "access": "nan", "barrier": "nan", "bicycle": "nan", "foot": "nan", "motor_vehi": "nan", "opening_ho": "nan", "alt_name": "nan", "old_name": "nan", "locked": "nan", "leisure": "nan", "sport": "nan", "horse": "nan", "brand": "nan", "brand_en": "nan", "brand_wiki": "nan", "brand_wi_1": "nan", "brand_zh": "nan", "cuisine": "nan", "level": "nan", "name_en": "nan", "name_zh": "nan", "takeaway": "nan", "diet_halal": "nan", "addr_city": "nan", "addr_distr": "nan", "addr_postc": "nan", "addr_provi": "nan", "addr_stree": "nan", "building": "yes", "fee": "nan", "diet_meat": "nan", "note": "nan", "outdoor_se": "nan", "brand_zh-H": "nan", "brand_zh_1": "nan", "delivery": "nan", "name_zh-Ha": "nan", "name_zh-_1": "nan", "layer": "nan", "fast_food": "nan", "brand_zh-L": "nan", "name_zh-La": "nan", "surface": "nan", "addr_place": "nan", "addr_unit": "nan", "nohousenum": "nan", "roof_colou": "nan", "emergency": "nan", "healthcare": "nan", "healthca_1": "nan", "loc_name": "nan", "operator": "nan", "website": "nan", "wheelchair": "nan", "building_c": "nan", "building_l": "nan", "museum": "nan", "tourism": "nan", "official_n": "nan", "wikimedia_": "nan", "office": "nan", "int_name": "nan", "height": "nan", "short_name": "nan", "wikidata": "nan", "wikipedia": "nan", "historic": "nan", "roof_orien": "nan", "roof_shape": "nan", "addr_house": "nan", "addr_hou_1": "nan", "power": "nan", "building_u": "nan", "flickr": "nan", "education": "nan", "ref": "nan", "athletics": "nan", "man_made": "nan", "ceremonial": "nan", "inscriptio": "nan", "material": "nan", "start_date": "nan", "bicycle_pa": "nan", "shelter_ty": "nan", "playground": "nan", "disused": "nan", "type": "nan", "addr_count": "nan", "internet_a": "nan", "name_de": "nan", "name_es": "nan", "name_fr": "nan", "name_it": "nan", "name_ja": "nan", "short_na_1": "nan", "short_na_2": "nan", "designatio": "nan", "path": "Point?crs=EPSG:4326&field=element:string(80,0)&field=id:string(80,0)&field=amenity:string(80,0)&field=name:string(80,0)&field=access:string(80,0)&field=barrier:string(80,0)&field=bicycle:string(80,0)&field=foot:string(80,0)&field=motor_vehi:string(80,0)&", "poi_tpye": "cafeteria" }, "geometry": { "type": "Point", "coordinates": [ 114.353620277230206, 30.540654513714877 ] } },
{ "type": "Feature", "properties": { "element": "way", "id": "103948548", "amenity": "nan", "name": "桂园六舍", "access": "nan", "barrier": "nan", "bicycle": "nan", "foot": "nan", "motor_vehi": "nan", "opening_ho": "nan", "alt_name": "nan", "old_name": "nan", "locked": "nan", "leisure": "nan", "sport": "nan", "horse": "nan", "brand": "nan", "brand_en": "nan", "brand_wiki": "nan", "brand_wi_1": "nan", "brand_zh": "nan", "cuisine": "nan", "level": "nan", "name_en": "nan", "name_zh": "nan", "takeaway": "nan", "diet_halal": "nan", "addr_city": "nan", "addr_distr": "nan", "addr_postc": "nan", "addr_provi": "nan", "addr_stree": "nan", "building": "dormitory", "fee": "nan", "diet_meat": "nan", "note": "nan", "outdoor_se": "nan", "brand_zh-H": "nan", "brand_zh_1": "nan", "delivery": "nan", "name_zh-Ha": "nan", "name_zh-_1": "nan", "layer": "nan", "fast_food": "nan", "brand_zh-L": "nan", "name_zh-La": "nan", "surface": "nan", "addr_place": "nan", "addr_unit": "nan", "nohousenum": "nan", "roof_colou": "nan", "emergency": "nan", "healthcare": "nan", "healthca_1": "nan", "loc_name": "nan", "operator": "nan", "website": "nan", "wheelchair": "nan", "building_c": "nan", "building_l": "nan", "museum": "nan", "tourism": "nan", "official_n": "nan", "wikimedia_": "nan", "office": "nan", "int_name": "nan", "height": "nan", "short_name": "nan", "wikidata": "nan", "wikipedia": "nan", "historic": "nan", "roof_orien": "nan", "roof_shape": "nan", "addr_house": "nan", "addr_hou_1": "nan", "power": "nan", "building_u": "nan", "flickr": "nan", "education": "nan", "ref": "nan", "athletics": "nan", "man_made": "nan", "ceremonial": "nan", "inscriptio": "nan", "material": "nan", "start_date": "nan", "bicycle_pa": "nan", "shelter_ty": "nan", "playground": "nan", "disused": "nan", "type": "nan", "addr_count": "nan", "internet_a": "nan", "name_de": "nan", "name_es": "nan", "name_fr": "nan", "name_it": "nan", "name_ja": "nan", "short_na_1": "nan", "short_na_2": "nan", "designatio": "nan", "path": "Point?crs=EPSG:4326&field=element:string(80,0)&field=id:string(80,0)&field=amenity:string(80,0)&field=name:string(80,0)&field=access:string(80,0)&field=barrier:string(80,0)&field=bicycle:string(80,0)&field=foot:string(80,0)&field=motor_vehi:string(80,0)&", "poi_tpye": "dormitory" }, "geometry": { "type": "Point", "coordinates": [ 114.353834955232642, 30.541940462508141 ] } },
{ "type": "Feature", "properties": { "element": "way", "id": "1444619751", "amenity": "nan", "name": "振华楼", "access": "nan", "barrier": "nan", "bicycle": "nan", "foot": "nan", "motor_vehi": "nan", "opening_ho": "nan", "alt_name": "nan", "old_name": "nan", "locked": "nan", "leisure": "nan", "sport": "nan", "horse": "nan", "brand": "nan", "brand_en": "nan", "brand_wiki": "nan", "brand_wi_1": "nan", "brand_zh": "nan", "cuisine": "nan", "level": "nan", "name_en": "nan", "name_zh": "nan", "takeaway": "nan", "diet_halal": "nan", "addr_city": "nan", "addr_distr": "nan", "addr_postc": "nan", "addr_provi": "nan", "addr_stree": "nan", "building": "university", "fee": "nan", "diet_meat": "nan", "note": "nan", "outdoor_se": "nan", "brand_zh-H": "nan", "brand_zh_1": "nan", "delivery": "nan", "name_zh-Ha": "nan", "name_zh-_1": "nan", "layer": "nan", "fast_food": "nan", "brand_zh-L": "nan", "name_zh-La": "nan", "surface": "nan", "addr_place": "nan", "addr_unit": "nan", "nohousenum": "nan", "roof_colou": "nan", "emergency": "nan", "healthcare": "nan", "healthca_1": "nan", "loc_name": "nan", "operator": "nan", "website": "nan", "wheelchair": "nan", "building_c": "nan", "building_l": "nan", "museum": "nan", "tourism": "nan", "official_n": "nan", "wikimedia_": "File:Wuhan University new humanities building.jpg", "office": "nan", "int_name": "nan", "height": "nan", "short_name": "nan", "wikidata": "nan", "wikipedia": "nan", "historic": "nan", "roof_orien": "nan", "roof_shape": "nan", "addr_house": "nan", "addr_hou_1": "nan", "power": "nan", "building_u": "nan", "flickr": "nan", "education": "nan", "ref": "nan", "athletics": "nan", "man_made": "nan", "ceremonial": "nan", "inscriptio": "nan", "material": "nan", "start_date": "nan", "bicycle_pa": "nan", "shelter_ty": "nan", "playground": "nan", "disused": "nan", "type": "nan", "addr_count": "nan", "internet_a": "nan", "name_de": "nan", "name_es": "nan", "name_fr": "nan", "name_it": "nan", "name_ja": "nan", "short_na_1": "nan", "short_na_2": "nan", "designatio": "nan", "path": "Point?crs=EPSG:4326&field=element:string(80,0)&field=id:string(80,0)&field=amenity:string(80,0)&field=name:string(80,0)&field=access:string(80,0)&field=barrier:string(80,0)&field=bicycle:string(80,0)&field=foot:string(80,0)&field=motor_vehi:string(80,0)&", "poi_tpye": "office" }, "geometry": { "type": "Point", "coordinates": [ 114.353807867480114, 30.537500497748425 ] } },
{ "type": "Feature", "properties": { "element": "way", "id": "103948546", "amenity": "nan", "name": "桂园五舍", "access": "nan", "barrier": "nan", "bicycle": "nan", "foot": "nan", "motor_vehi": "nan", "opening_ho": "nan", "alt_name": "nan", "old_name": "nan", "locked": "nan", "leisure": "nan", "sport": "nan", "horse": "nan", "brand": "nan", "brand_en": "nan", "brand_wiki": "nan", "brand_wi_1": "nan", "brand_zh": "nan", "cuisine": "nan", "level": "nan", "name_en": "nan", "name_zh": "nan", "takeaway": "nan", "diet_halal": "nan", "addr_city": "nan", "addr_distr": "nan", "addr_postc": "nan", "addr_provi": "nan", "addr_stree": "nan", "building": "dormitory", "fee": "nan", "diet_meat": "nan", "note": "nan", "outdoor_se": "nan", "brand_zh-H": "nan", "brand_zh_1": "nan", "delivery": "nan", "name_zh-Ha": "nan", "name_zh-_1": "nan", "layer": "nan", "fast_food": "nan", "brand_zh-L": "nan", "name_zh-La": "nan", "surface": "nan", "addr_place": "nan", "addr_unit": "nan", "nohousenum": "nan", "roof_colou": "nan", "emergency": "nan", "healthcare": "nan", "healthca_1": "nan", "loc_name": "nan", "operator": "nan", "website": "nan", "wheelchair": "nan", "building_c": "nan", "building_l": "nan", "museum": "nan", "tourism": "nan", "official_n": "nan", "wikimedia_": "nan", "office": "nan", "int_name": "nan", "height": "nan", "short_name": "nan", "wikidata": "nan", "wikipedia": "nan", "historic": "nan", "roof_orien": "nan", "roof_shape": "nan", "addr_house": "nan", "addr_hou_1": "nan", "power": "nan", "building_u": "nan", "flickr": "nan", "education": "nan", "ref": "nan", "athletics": "nan", "man_made": "nan", "ceremonial": "nan", "inscriptio": "nan", "material": "nan", "start_date": "nan", "bicycle_pa": "nan", "shelter_ty": "nan", "playground": "nan", "disused": "nan", "type": "nan", "addr_count": "nan", "internet_a": "nan", "name_de": "nan", "name_es": "nan", "name_fr": "nan", "name_it": "nan", "name_ja": "nan", "short_na_1": "nan", "short_na_2": "nan", "designatio": "nan", "path": "Point?crs=EPSG:4326&field=element:string(80,0)&field=id:string(80,0)&field=amenity:string(80,0)&field=name:string(80,0)&field=access:string(80,0)&field=barrier:string(80,0)&field=bicycle:string(80,0)&field=foot:string(80,0)&field=motor_vehi:string(80,0)&", "poi_tpye": "dormitory" }, "geometry": { "type": "Point", "coordinates": [ 114.353903569180304, 30.541536922041093 ] } }
]
}
