{
"type": "FeatureCollection",
"name": "whu_roads",
"crs": { "type": "name", "properties": { "name": "urn:ogc:def:crs:OGC:1.3:CRS84" } },
"features": [
{ "type": "Feature", "properties": { "fid": 1.0, "cat": 1, "cat_": 1, "u": "979935925", "v": "13246423608", "key": "0", "osmid": "103938248", "highway": "tertiary", "name": "人文路", "oneway": "True", "reversed": "False", "length": "26.755997548746546", "lanes": "nan", "service": "nan", "tunnel": "nan" }, "geometry": { "type": "LineString", "coordinates": [ [ 114.3618044, 30.5398451 ], [ 114.3617973, 30.5400367 ], [ 114.3617955, 30.5400856 ] ] } },
{ "type": "Feature", "properties": { "fid": 2.0, "cat": 2, "cat_": 2, "u": "979935925", "v": "13246423608", "key": "1", "osmid": [ 1443545626, 1383419867 ], "highway": "service", "name": "nan", "oneway": "False", "reversed": "True", "length": "104.57508755436996", "lanes": "nan", "service": "nan", "tunnel": "nan" }, "geometry": { "type": "LineString", "coordinates": [ [ 114.3618044, 30.5398451 ], [ 114.3621194, 30.5398562 ], [ 114.3622072, 30.5398601 ], [ 114.3622186, 30.5400886 ], [ 114.3618917, 30.5400893 ], [ 114.3618583, 30.5400888 ], [ 114.3617955, 30.5400856 ] ] } },
{ "type": "Feature", "properties": { "fid": 3.0, "cat": 3, "cat_": 3, "u": "979935996", "v": "1417702609", "key": "0", "osmid": "84246296", "highway": "residential", "name": "桂园一路", "oneway": "False", "reversed": "False", "length": "7.8539539703345085", "lanes": "nan", "service": "nan", "tunnel": "nan" }, "geometry": { "type": "LineString", "coordinates": [ [ 114.3545872, 30.5389922 ], [ 114.3546457, 30.5389427 ] ] } },
{ "type": "Feature", "properties": { "fid": 5.0, "cat": 5, "cat_": 5, "u": "979935996", "v": "12802598370", "key": "0", "osmid": [ 1445675336, 103948557 ], "highway": "residential", "name": "桂园二路", "oneway": "False", "reversed": "False", "length": "225.2378693244691", "lanes": "nan", "service": "nan", "tunnel": "nan" }, "geometry": { "type": "LineString", "coordinates": [ [ 114.3545872, 30.5389922 ], [ 114.3546, 30.5390683 ], [ 114.3545992, 30.5391056 ], [ 114.3545983, 30.5391363 ], [ 114.3545942, 30.5391671 ], [ 114.3543372, 30.5405744 ], [ 114.354261, 30.5409944 ] ] } },
{ "type": "Feature", "properties": { "fid": 7.0, "cat": 7, "cat_": 7, "u": "979935998", "v": "979935996", "key": "0", "osmid": "84246296", "highway": "residential", "name": "桂园一路", "oneway": "False", "reversed": "False", "length": "92.09077738381852", "lanes": "nan", "service": "nan", "tunnel": "nan" }, "geometry": { "type": "LineString", "coordinates": [ [ 114.3539274, 30.5395945 ], [ 114.3539555, 30.539567500000011 ], [ 114.3542972, 30.5392468 ], [ 114.3545872, 30.5389922 ] ] } },
{ "type": "Feature", "properties": { "fid": 9.0, "cat": 9, "cat_": 9, "u": "979936010", "v": "1663918923", "key": "0", "osmid": "103938359", "highway": "residential", "name": "茶港路", "oneway": "False", "reversed": "False", "length": "12.430255627487918", "lanes": "nan", "service": "nan", "tunnel": "nan" }, "geometry": { "type": "LineString", "coordinates": [ [ 114.3521965, 30.5434938 ], [ 114.3522483, 30.543596300000011 ] ] } },
{ "type": "Feature", "properties": { "fid": 10.0, "cat": 10, "cat_": 10, "u": "979936010", "v": "1663906516", "key": "0", "osmid": "103938359", "highway": "residential", "name": "茶港路", "oneway": "False", "reversed": "True", "length": "30.684347383654117", "lanes": "nan", "service": "nan", "tunnel": "nan" }, "geometry": { "type": "LineString", "coordinates": [ [ 114.3521965, 30.5434938 ], [ 114.3520732, 30.5432391 ] ] } },
{ "type": "Feature", "properties": { "fid": 11.0, "cat": 11, "cat_": 11, "u": "979936010", "v": "12872909102", "key": "0", "osmid": "1390672158", "highway": "service", "name": "nan", "oneway": "False", "reversed": "False", "length": "70.50257333508107", "lanes": "nan", "service": "nan", "tunnel": "nan" }, "geometry": { "type": "LineString", "coordinates": [ [ 114.3521965, 30.5434938 ], [ 114.3514618, 30.5435342 ] ] } },
{ "type": "Feature", "properties": { "fid": 12.0, "cat": 12, "cat_": 12, "u": "979936013", "v": "1663918923", "key": "0", "osmid": "103938359", "highway": "residential", "name": "茶港路", "oneway": "False", "reversed": "True", "length": "16.92367563168524", "lanes": "nan", "service": "nan", "tunnel": "nan" }, "geometry": { "type": "LineString", "coordinates": [ [ 114.3523154, 30.5437371 ], [ 114.3522483, 30.543596300000011 ] ] } },
{ "type": "Feature", "properties": { "fid": 13.0, "cat": 13, "cat_": 13, "u": "979936013", "v": "979936015", "key": "0", "osmid": "103938359", "highway": "residential", "name": "茶港路", "oneway": "False", "reversed": "False", "length": "20.189046120226276", "lanes": "nan", "service": "nan", "tunnel": "nan" }, "geometry": { "type": "LineString", "coordinates": [ [ 114.3523154, 30.5437371 ], [ 114.3523529, 30.5438446 ], [ 114.3523717, 30.543912 ] ] } },
{ "type": "Feature", "properties": { "fid": 14.0, "cat": 14, "cat_": 14, "u": "979936013", "v": "12805594651", "key": "0", "osmid": [ 1383195553, 1477340989, 1477340990 ], "highway": "service", "name": "nan", "oneway": "False", "reversed": "False", "length": "94.91006270395393", "lanes": "nan", "service": "nan", "tunnel": "nan" }, "geometry": { "type": "LineString", "coordinates": [ [ 114.3523154, 30.5437371 ], [ 114.3526458, 30.5436271 ], [ 114.352699, 30.5436676 ], [ 114.3527245, 30.5436763 ], [ 114.3532622, 30.5437 ] ] } },
{ "type": "Feature", "properties": { "fid": 15.0, "cat": 15, "cat_": 15, "u": "979936015", "v": "1663919036", "key": "0", "osmid": "84250286", "highway": "residential", "name": "松园西路", "oneway": "False", "reversed": "True", "length": "13.736452358924053", "lanes": "nan", "service": "nan", "tunnel": "nan" }, "geometry": { "type": "LineString", "coordinates": [ [ 114.3523717, 30.543912 ], [ 114.352375100000017, 30.5440355 ] ] } },
{ "type": "Feature", "properties": { "fid": 16.0, "cat": 16, "cat_": 16, "u": "979936015", "v": "12888527080", "key": "0", "osmid": "1383475022", "highway": "residential", "name": "弘毅大道", "oneway": "False", "reversed": "False", "length": "36.0117946905095", "lanes": "nan", "service": "nan", "tunnel": "nan" }, "geometry": { "type": "LineString", "coordinates": [ [ 114.3523717, 30.543912 ], [ 114.3527471, 30.5439309 ] ] } },
{ "type": "Feature", "properties": { "fid": 18.0, "cat": 18, "cat_": 18, "u": "979937331", "v": "1196701902", "key": "0", "osmid": "1383438572", "highway": "residential", "name": "nan", "oneway": "False", "reversed": "True", "length": "23.457750148812277", "lanes": "nan", "service": "nan", "tunnel": "nan" }, "geometry": { "type": "LineString", "coordinates": [ [ 114.3567673, 30.5398627 ], [ 114.3569451, 30.5400078 ] ] } },
{ "type": "Feature", "properties": { "fid": 19.0, "cat": 19, "cat_": 19, "u": "979937331", "v": "12808341227", "key": "0", "osmid": "27619437", "highway": "tertiary", "name": "自强大道", "oneway": "True", "reversed": "False", "length": "219.7159879128395", "lanes": "2", "service": "nan", "tunnel": "nan" }, "geometry": { "type": "LineString", "coordinates": [ [ 114.3567673, 30.5398627 ], [ 114.3567385, 30.5398434 ], [ 114.3564854, 30.5396711 ], [ 114.3564542, 30.5396507 ], [ 114.3564363, 30.5396395 ], [ 114.3564162, 30.5396313 ], [ 114.3563556, 30.539612299999987 ], [ 114.3562785, 30.5395948 ], [ 114.3561973, 30.5395754 ], [ 114.35595880000001, 30.5395187 ], [ 114.3558691, 30.5394934 ], [ 114.355801700000015, 30.539472 ], [ 114.3557244, 30.5394441 ], [ 114.3556383, 30.5394122 ], [ 114.3555652, 30.5393816 ], [ 114.3554958, 30.5393461 ], [ 114.3554301, 30.5393093 ], [ 114.3553715, 30.5392698 ], [ 114.3553133, 30.5392266 ], [ 114.355275, 30.5391934 ], [ 114.355241, 30.5391608 ], [ 114.3552043, 30.5391222 ], [ 114.3551551, 30.5390664 ], [ 114.3550877, 30.5389685 ], [ 114.3550204, 30.5388674 ], [ 114.3549564, 30.5387716 ] ] } },
{ "type": "Feature", "properties": { "fid": 20.0, "cat": 20, "cat_": 20, "u": "979945405", "v": "13545141143", "key": "0", "osmid": "84250286", "highway": "residential", "name": "松园西路", "oneway": "False", "reversed": "False", "length": "3.3692246465418396", "lanes": "nan", "service": "nan", "tunnel": "nan" }, "geometry": { "type": "LineString", "coordinates": [ [ 114.3523716, 30.54433 ], [ 114.3523715, 30.5442997 ] ] } },
{ "type": "Feature", "properties": { "fid": 21.0, "cat": 21, "cat_": 21, "u": "979945405", "v": "3113066251", "key": "0", "osmid": "84250286", "highway": "residential", "name": "松园西路", "oneway": "False", "reversed": "True", "length": "79.06526997780904", "lanes": "nan", "service": "nan", "tunnel": "nan" }, "geometry": { "type": "LineString", "coordinates": [ [ 114.3523716, 30.54433 ], [ 114.3523612, 30.5444545 ], [ 114.352344, 30.5446439 ], [ 114.3522843, 30.5450368 ] ] } },
{ "type": "Feature", "properties": { "fid": 22.0, "cat": 22, "cat_": 22, "u": "979945405", "v": "12888527080", "key": "0", "osmid": "1392319222", "highway": "service", "name": "nan", "oneway": "False", "reversed": "False", "length": "79.7089418720683", "lanes": "nan", "service": "nan", "tunnel": "nan" }, "geometry": { "type": "LineString", "coordinates": [ [ 114.3523716, 30.54433 ], [ 114.3527184, 30.5443478 ], [ 114.3527471, 30.5439309 ] ] } },
{ "type": "Feature", "properties": { "fid": 24.0, "cat": 24, "cat_": 24, "u": "979945411", "v": "4320485420", "key": "0", "osmid": "433204234", "highway": "service", "name": "nan", "oneway": "False", "reversed": "True", "length": "47.60441038518308", "lanes": "nan", "service": "nan", "tunnel": "nan" }, "geometry": { "type": "LineString", "coordinates": [ [ 114.3565044, 30.5441257 ], [ 114.3565235, 30.5436979 ] ] } },
{ "type": "Feature", "properties": { "fid": 25.0, "cat": 25, "cat_": 25, "u": "979945411", "v": "4320485422", "key": "0", "osmid": "84250290", "highway": "residential", "name": "弘毅大道", "oneway": "False", "reversed": "False", "length": "101.0150917046816", "lanes": "nan", "service": "nan", "tunnel": "nan" }, "geometry": { "type": "LineString", "coordinates": [ [ 114.3565044, 30.5441257 ], [ 114.3568664, 30.544143 ], [ 114.3570679, 30.5441526 ], [ 114.3574152, 30.5441692 ], [ 114.3575576, 30.544176 ] ] } },
{ "type": "Feature", "properties": { "fid": 26.0, "cat": 26, "cat_": 26, "u": "1144975841", "v": "12928605989", "key": "0", "osmid": "1398876978", "highway": "residential", "name": "求是一路", "oneway": "True", "reversed": "False", "length": "52.905235092625745", "lanes": "nan", "service": "nan", "tunnel": "nan" }, "geometry": { "type": "LineString", "coordinates": [ [ 114.3557436, 30.527299499999987 ], [ 114.3558208, 30.5273134 ], [ 114.3558909, 30.5273298 ], [ 114.3561143, 30.5274316 ], [ 114.3562382, 30.5275015 ] ] } },
{ "type": "Feature", "properties": { "fid": 27.0, "cat": 27, "cat_": 27, "u": "1144979602", "v": "6305194064", "key": "0", "osmid": [ 673284744, 307265565 ], "highway": "service", "name": "nan", "oneway": "False", "reversed": "False", "length": "256.19325930221777", "lanes": "nan", "service": "nan", "tunnel": "nan" }, "geometry": { "type": "LineString", "coordinates": [ [ 114.3550748, 30.5275946 ], [ 114.3547276, 30.5276029 ], [ 114.3540749, 30.5276285 ], [ 114.3540749, 30.5276474 ], [ 114.3540758, 30.5280766 ], [ 114.3540768, 30.5286376 ], [ 114.3540777, 30.5290705 ] ] } },
{ "type": "Feature", "properties": { "fid": 28.0, "cat": 28, "cat_": 28, "u": "1144979602", "v": "12928605998", "key": "0", "osmid": "673284745", "highway": "residential", "name": "求是二路", "oneway": "True", "reversed": "False", "length": "15.693662669511909", "lanes": "nan", "service": "nan", "tunnel": "nan" }, "geometry": { "type": "LineString", "coordinates": [ [ 114.3550748, 30.5275946 ], [ 114.3550943, 30.5275783 ], [ 114.3551351, 30.5275485 ], [ 114.3552038, 30.5275081 ] ] } },
{ "type": "Feature", "properties": { "fid": 29.0, "cat": 29, "cat_": 29, "u": "1196672255", "v": "1196688711", "key": "0", "osmid": "103639127", "highway": "residential", "name": "珞南五路", "oneway": "False", "reversed": "True", "length": "9.893370231942031", "lanes": "nan", "service": "nan", "tunnel": "nan" }, "geometry": { "type": "LineString", "coordinates": [ [ 114.362079100000017, 30.5336194 ], [ 114.362011, 30.5336863 ] ] } },
{ "type": "Feature", "properties": { "fid": 30.0, "cat": 30, "cat_": 30, "u": "1196672255", "v": "1196676773", "key": "0", "osmid": "103639127", "highway": "residential", "name": "珞南五路", "oneway": "False", "reversed": "False", "length": "39.25002234651171", "lanes": "nan", "service": "nan", "tunnel": "nan" }, "geometry": { "type": "LineString", "coordinates": [ [ 114.362079100000017, 30.5336194 ], [ 114.3621411, 30.5335515 ], [ 114.3622292, 30.5334422 ], [ 114.3623033, 30.533324900000011 ] ] } },
{ "type": "Feature", "properties": { "fid": 31.0, "cat": 31, "cat_": 31, "u": "1196672255", "v": "1196672287", "key": "0", "osmid": "1479939757", "highway": "service", "name": "nan", "oneway": "False", "reversed": "True", "length": "70.3530518731523", "lanes": "nan", "service": "nan", "tunnel": "nan" }, "geometry": { "type": "LineString", "coordinates": [ [ 114.362079100000017, 30.5336194 ], [ 114.3616193, 30.533646600000012 ], [ 114.3614881, 30.5336517 ], [ 114.3613459, 30.5336572 ] ] } },
{ "type": "Feature", "properties": { "fid": 32.0, "cat": 32, "cat_": 32, "u": "1196672267", "v": "1196688739", "key": "0", "osmid": "527572905", "highway": "service", "name": "nan", "oneway": "False", "reversed": "False", "length": "37.94231697555243", "lanes": "nan", "service": "nan", "tunnel": "nan" }, "geometry": { "type": "LineString", "coordinates": [ [ 114.363001, 30.533353 ], [ 114.3626536, 30.533189 ] ] } },
{ "type": "Feature", "properties": { "fid": 33.0, "cat": 33, "cat_": 33, "u": "1196672267", "v": "12848137579", "key": "0", "osmid": "1387929413", "highway": "path", "name": "nan", "oneway": "False", "reversed": "False", "length": "64.87136762887584", "lanes": "nan", "service": "nan", "tunnel": "nan" }, "geometry": { "type": "LineString", "coordinates": [ [ 114.363001, 30.533353 ], [ 114.3623305, 30.5332704 ] ] } },
{ "type": "Feature", "properties": { "fid": 34.0, "cat": 34, "cat_": 34, "u": "1196672267", "v": "1196688702", "key": "0", "osmid": "1479923715", "highway": "service", "name": "nan", "oneway": "False", "reversed": "False", "length": "20.56022979933019", "lanes": "nan", "service": "nan", "tunnel": "nan" }, "geometry": { "type": "LineString", "coordinates": [ [ 114.363001, 30.533353 ], [ 114.3629711, 30.5335361 ] ] } },
{ "type": "Feature", "properties": { "fid": 35.0, "cat": 35, "cat_": 35, "u": "1196672267", "v": "1196688701", "key": "0", "osmid": "103640963", "highway": "service", "name": "nan", "oneway": "False", "reversed": "True", "length": "46.52614944082852", "lanes": "nan", "service": "nan", "tunnel": "nan" }, "geometry": { "type": "LineString", "coordinates": [ [ 114.363001, 30.533353 ], [ 114.3631592, 30.533281700000011 ], [ 114.3632874, 30.5332139 ], [ 114.3634202, 30.5331421 ] ] } },
{ "type": "Feature", "properties": { "fid": 36.0, "cat": 36, "cat_": 36, "u": "1196672282", "v": "1196672364", "key": "0", "osmid": "103639127", "highway": "residential", "name": "珞南五路", "oneway": "False", "reversed": "False", "length": "38.59125966648248", "lanes": "nan", "service": "nan", "tunnel": "nan" }, "geometry": { "type": "LineString", "coordinates": [ [ 114.3624089, 30.5331161 ], [ 114.3625849, 30.5328039 ] ] } },
{ "type": "Feature", "properties": { "fid": 37.0, "cat": 37, "cat_": 37, "u": "1196672282", "v": "12848137579", "key": "0", "osmid": "103639127", "highway": "residential", "name": "珞南五路", "oneway": "False", "reversed": "True", "length": "18.728569922270566", "lanes": "nan", "service": "nan", "tunnel": "nan" }, "geometry": { "type": "LineString", "coordinates": [ [ 114.3624089, 30.5331161 ], [ 114.3623305, 30.5332704 ] ] } },
{ "type": "Feature", "properties": { "fid": 38.0, "cat": 38, "cat_": 38, "u": "1196672282", "v": "1196676777", "key": "0", "osmid": "103639643", "highway": "service", "name": "nan", "oneway": "False", "reversed": "False", "length": "105.17257336513697", "lanes": "nan", "service": "nan", "tunnel": "nan" }, "geometry": { "type": "LineString", "coordinates": [ [ 114.3624089, 30.5331161 ], [ 114.3613139, 30.5331872 ] ] } },
{ "type": "Feature", "properties": { "fid": 39.0, "cat": 39, "cat_": 39, "u": "1196672287", "v": "1196676768", "key": "0", "osmid": "1382802145", "highway": "service", "name": "nan", "oneway": "False", "reversed": "False", "length": "30.508388103947237", "lanes": "nan", "service": "nan", "tunnel": "nan" }, "geometry": { "type": "LineString", "coordinates": [ [ 114.3613459, 30.5336572 ], [ 114.3613273, 30.5333833 ] ] } },
{ "type": "Feature", "properties": { "fid": 40.0, "cat": 40, "cat_": 40, "u": "1196672287", "v": "12875262033", "key": "0", "osmid": "103639128", "highway": "service", "name": "nan", "oneway": "False", "reversed": "True", "length": "64.97613768141844", "lanes": "nan", "service": "nan", "tunnel": "nan" }, "geometry": { "type": "LineString", "coordinates": [ [ 114.3613459, 30.5336572 ], [ 114.361320800000016, 30.5336614 ], [ 114.3611503, 30.5336899 ], [ 114.3609925, 30.5337163 ], [ 114.3606799, 30.5337685 ] ] } },
{ "type": "Feature", "properties": { "fid": 42.0, "cat": 42, "cat_": 42, "u": "1196672318", "v": "1196701977", "key": "0", "osmid": "103639121", "highway": "residential", "name": "珞珈山路", "oneway": "False", "reversed": "False", "length": "38.544025186690064", "lanes": "nan", "service": "nan", "tunnel": "nan" }, "geometry": { "type": "LineString", "coordinates": [ [ 114.3577595, 30.5394262 ], [ 114.357893, 30.5392024 ], [ 114.3579505, 30.5391213 ] ] } },
{ "type": "Feature", "properties": { "fid": 43.0, "cat": 43, "cat_": 43, "u": "1196672318", "v": "1196701894", "key": "0", "osmid": "103642352", "highway": "tertiary", "name": "学府路", "oneway": "False", "reversed": "True", "length": "36.443468521262695", "lanes": "nan", "service": "nan", "tunnel": "nan" }, "geometry": { "type": "LineString", "coordinates": [ [ 114.3577595, 30.5394262 ], [ 114.3578577, 30.539392 ], [ 114.3579093, 30.5393768 ], [ 114.357959, 30.5393651 ], [ 114.3580206, 30.5393557 ], [ 114.3581257, 30.5393439 ] ] } },
{ "type": "Feature", "properties": { "fid": 44.0, "cat": 44, "cat_": 44, "u": "1196672318", "v": "12805673948", "key": "0", "osmid": "1383203260", "highway": "tertiary", "name": "自强大道", "oneway": "False", "reversed": "True", "length": "85.05528221291938", "lanes": "nan", "service": "nan", "tunnel": "nan" }, "geometry": { "type": "LineString", "coordinates": [ [ 114.3577595, 30.5394262 ], [ 114.3576677, 30.539479 ], [ 114.3573851, 30.5396395 ], [ 114.3570643, 30.5398034 ], [ 114.3570005, 30.5398187 ] ] } },
{ "type": "Feature", "properties": { "fid": 45.0, "cat": 45, "cat_": 45, "u": "1196672321", "v": "1196688706", "key": "0", "osmid": "103640962", "highway": "service", "name": "nan", "oneway": "False", "reversed": "True", "length": "65.83017560935758", "lanes": "nan", "service": "nan", "tunnel": "nan" }, "geometry": { "type": "LineString", "coordinates": [ [ 114.362871, 30.5340573 ], [ 114.3635511, 30.534143 ] ] } },
{ "type": "Feature", "properties": { "fid": 46.0, "cat": 46, "cat_": 46, "u": "1196672321", "v": "12802598301", "key": "0", "osmid": "1479923691", "highway": "service", "name": "nan", "oneway": "False", "reversed": "False", "length": "33.08986693825625", "lanes": "nan", "service": "nan", "tunnel": "nan" }, "geometry": { "type": "LineString", "coordinates": [ [ 114.362871, 30.5340573 ], [ 114.362792, 30.534347 ] ] } },
{ "type": "Feature", "properties": { "fid": 48.0, "cat": 48, "cat_": 48, "u": "1196672324", "v": "1196701977", "key": "0", "osmid": "103639121", "highway": "residential", "name": "珞珈山路", "oneway": "False", "reversed": "True", "length": "22.606744885702263", "lanes": "nan", "service": "nan", "tunnel": "nan" }, "geometry": { "type": "LineString", "coordinates": [ [ 114.358001, 30.5389227 ], [ 114.3579505, 30.5391213 ] ] } },
{ "type": "Feature", "properties": { "fid": 49.0, "cat": 49, "cat_": 49, "u": "1196672324", "v": "12805668777", "key": "0", "osmid": "103639121", "highway": "residential", "name": "珞珈山路", "oneway": "False", "reversed": "False", "length": "39.9956516615506", "lanes": "nan", "service": "nan", "tunnel": "nan" }, "geometry": { "type": "LineString", "coordinates": [ [ 114.358001, 30.5389227 ], [ 114.3580463, 30.5388246 ], [ 114.3580825, 30.538742200000012 ], [ 114.3581473, 30.5386059 ], [ 114.3581537, 30.538588 ] ] } },
{ "type": "Feature", "properties": { "fid": 50.0, "cat": 50, "cat_": 50, "u": "1196672324", "v": "13242166672", "key": "0", "osmid": [ 358205729, 1443076577 ], "highway": "service", "name": "nan", "oneway": "False", "reversed": [ false, true ], "length": "76.60513635972482", "lanes": "nan", "service": "nan", "tunnel": "nan" }, "geometry": { "type": "LineString", "coordinates": [ [ 114.358001, 30.5389227 ], [ 114.3580041, 30.5388285 ], [ 114.3580037, 30.5387787 ], [ 114.3579949, 30.5387303 ], [ 114.357983, 30.5386885 ], [ 114.357882100000012, 30.5384443 ], [ 114.3578705, 30.5384166 ], [ 114.3578575, 30.538393200000012 ], [ 114.357835100000017, 30.5383732 ], [ 114.3577911, 30.53834 ], [ 114.3577233, 30.5383542 ] ] } },
{ "type": "Feature", "properties": { "fid": 51.0, "cat": 51, "cat_": 51, "u": "1196672361", "v": "13394364550", "key": "0", "osmid": "1480172613", "highway": "residential", "name": "珞珈山路", "oneway": "False", "reversed": "False", "length": "8.32956794528388", "lanes": "nan", "service": "nan", "tunnel": "nan" }, "geometry": { "type": "LineString", "coordinates": [ [ 114.3580403, 30.5366999 ], [ 114.3580468, 30.5366252 ] ] } },
{ "type": "Feature", "properties": { "fid": 52.0, "cat": 52, "cat_": 52, "u": "1196672361", "v": "13266196512", "key": "0", "osmid": "103639121", "highway": "residential", "name": "珞珈山路", "oneway": "False", "reversed": "True", "length": "194.6114154163256", "lanes": "nan", "service": "nan", "tunnel": "nan" }, "geometry": { "type": "LineString", "coordinates": [ [ 114.3580403, 30.5366999 ], [ 114.35804, 30.5368143 ], [ 114.3580425, 30.5368732 ], [ 114.3580536, 30.5369342 ], [ 114.3580608, 30.5369653 ], [ 114.358072, 30.537001 ], [ 114.3580995, 30.5370646 ], [ 114.3581479, 30.5371575 ], [ 114.3581995, 30.5372522 ], [ 114.3582572, 30.5373807 ], [ 114.3582831, 30.5374601 ], [ 114.358309, 30.5375608 ], [ 114.3583431, 30.5377196 ], [ 114.3583607, 30.5378022 ], [ 114.3583706, 30.5378508 ], [ 114.3583798, 30.5379339 ], [ 114.3583805, 30.5379845 ], [ 114.3583777, 30.538025 ], [ 114.3583667, 30.5380828 ], [ 114.3583515, 30.5381385 ], [ 114.3582685, 30.5383221 ], [ 114.3582437, 30.538385 ] ] } },
{ "type": "Feature", "properties": { "fid": 53.0, "cat": 53, "cat_": 53, "u": "1196672361", "v": "13239968036", "key": "0", "osmid": "103751583", "highway": "residential", "name": "梅园一路", "oneway": "False", "reversed": "True", "length": "39.500025351728134", "lanes": "nan", "service": "nan", "tunnel": "nan" }, "geometry": { "type": "LineString", "coordinates": [ [ 114.3580403, 30.5366999 ], [ 114.3581076, 30.5367746 ], [ 114.3581776, 30.5368439 ], [ 114.358228, 30.5368928 ], [ 114.358245400000015, 30.5369097 ], [ 114.358309700000021, 30.5369686 ] ] } },
{ "type": "Feature", "properties": { "fid": 55.0, "cat": 55, "cat_": 55, "u": "1196672364", "v": "1196688767", "key": "0", "osmid": "1479923705", "highway": "residential", "name": "珞南五路", "oneway": "False", "reversed": "False", "length": "7.580419049530226", "lanes": "nan", "service": "nan", "tunnel": "nan" }, "geometry": { "type": "LineString", "coordinates": [ [ 114.3625849, 30.5328039 ], [ 114.362566, 30.5327377 ] ] } },
{ "type": "Feature", "properties": { "fid": 56.0, "cat": 56, "cat_": 56, "u": "1196672364", "v": "1196688786", "key": "0", "osmid": "1479923706", "highway": "service", "name": "nan", "oneway": "False", "reversed": "True", "length": "18.412672997682055", "lanes": "nan", "service": "nan", "tunnel": "nan" }, "geometry": { "type": "LineString", "coordinates": [ [ 114.3625849, 30.5328039 ], [ 114.3626308, 30.5329647 ] ] } },
{ "type": "Feature", "properties": { "fid": 57.0, "cat": 57, "cat_": 57, "u": "1196676710", "v": "1196676777", "key": "0", "osmid": [ 1382802145, 103639638 ], "highway": "service", "name": "nan", "oneway": "False", "reversed": "True", "length": "33.61303436847742", "lanes": "nan", "service": "nan", "tunnel": "nan" }, "geometry": { "type": "LineString", "coordinates": [ [ 114.36134770000001, 30.5328923 ], [ 114.3613013, 30.5330017 ], [ 114.3613139, 30.5331872 ] ] } },
{ "type": "Feature", "properties": { "fid": 58.0, "cat": 59, "cat_": 59, "u": "1196676710", "v": "12802547768", "key": "1", "osmid": "1382802144", "highway": "service", "name": "nan", "oneway": "False", "reversed": "True", "length": "92.27677528662139", "lanes": "nan", "service": "nan", "tunnel": "nan" }, "geometry": { "type": "LineString", "coordinates": [ [ 114.36134770000001, 30.5328923 ], [ 114.362184, 30.5328727 ], [ 114.3622101, 30.53286 ], [ 114.3622259, 30.5328445 ], [ 114.3622418, 30.5328193 ], [ 114.362251, 30.5327861 ] ] } },
{ "type": "Feature", "properties": { "fid": 60.0, "cat": 61, "cat_": 61, "u": "1196676768", "v": "1196676777", "key": "0", "osmid": "1382802145", "highway": "service", "name": "nan", "oneway": "False", "reversed": "False", "length": "21.84309187098436", "lanes": "nan", "service": "nan", "tunnel": "nan" }, "geometry": { "type": "LineString", "coordinates": [ [ 114.3613273, 30.5333833 ], [ 114.3613139, 30.5331872 ] ] } },
{ "type": "Feature", "properties": { "fid": 62.0, "cat": 63, "cat_": 63, "u": "1196676773", "v": "12848137579", "key": "0", "osmid": "103639127", "highway": "residential", "name": "珞南五路", "oneway": "False", "reversed": "False", "length": "6.596347482509859", "lanes": "nan", "service": "nan", "tunnel": "nan" }, "geometry": { "type": "LineString", "coordinates": [ [ 114.3623033, 30.533324900000011 ], [ 114.3623305, 30.5332704 ] ] } },
{ "type": "Feature", "properties": { "fid": 63.0, "cat": 64, "cat_": 64, "u": "1196676773", "v": "1196676768", "key": "0", "osmid": "103639632", "highway": "service", "name": "nan", "oneway": "False", "reversed": "False", "length": "93.70271906890392", "lanes": "nan", "service": "nan", "tunnel": "nan" }, "geometry": { "type": "LineString", "coordinates": [ [ 114.3623033, 30.533324900000011 ], [ 114.3613273, 30.5333833 ] ] } },
{ "type": "Feature", "properties": { "fid": 71.0, "cat": 72, "cat_": 72, "u": "1196688702", "v": "1196688848", "key": "0", "osmid": "103640973", "highway": "service", "name": "nan", "oneway": "False", "reversed": "False", "length": "64.79882054460668", "lanes": "nan", "service": "nan", "tunnel": "nan" }, "geometry": { "type": "LineString", "coordinates": [ [ 114.3629711, 30.5335361 ], [ 114.3636411, 30.5336171 ] ] } },
{ "type": "Feature", "properties": { "fid": 72.0, "cat": 73, "cat_": 73, "u": "1196688702", "v": "1196688736", "key": "0", "osmid": "103640973", "highway": "service", "name": "nan", "oneway": "False", "reversed": "True", "length": "57.95084038312905", "lanes": "nan", "service": "nan", "tunnel": "nan" }, "geometry": { "type": "LineString", "coordinates": [ [ 114.3629711, 30.5335361 ], [ 114.3623719, 30.5334637 ] ] } },
{ "type": "Feature", "properties": { "fid": 73.0, "cat": 74, "cat_": 74, "u": "1196688702", "v": "1196688802", "key": "0", "osmid": "1479923715", "highway": "service", "name": "nan", "oneway": "False", "reversed": "False", "length": "29.24229408831346", "lanes": "nan", "service": "nan", "tunnel": "nan" }, "geometry": { "type": "LineString", "coordinates": [ [ 114.3629711, 30.5335361 ], [ 114.3629301, 30.5337967 ] ] } },
{ "type": "Feature", "properties": { "fid": 75.0, "cat": 76, "cat_": 76, "u": "1196688706", "v": "12802547795", "key": "0", "osmid": "103639126", "highway": "service", "name": "珞南六路", "oneway": "False", "reversed": "False", "length": "38.02652704822893", "lanes": "nan", "service": "nan", "tunnel": "nan" }, "geometry": { "type": "LineString", "coordinates": [ [ 114.3635511, 30.534143 ], [ 114.3634946, 30.5344815 ] ] } },
{ "type": "Feature", "properties": { "fid": 76.0, "cat": 77, "cat_": 77, "u": "1196688706", "v": "12803424246", "key": "0", "osmid": "103639126", "highway": "service", "name": "珞南六路", "oneway": "False", "reversed": "True", "length": "23.594095335077814", "lanes": "nan", "service": "nan", "tunnel": "nan" }, "geometry": { "type": "LineString", "coordinates": [ [ 114.3635511, 30.534143 ], [ 114.363583, 30.533932599999989 ] ] } },
{ "type": "Feature", "properties": { "fid": 78.0, "cat": 79, "cat_": 79, "u": "1196688706", "v": "1196688727", "key": "0", "osmid": "103640962", "highway": "service", "name": "nan", "oneway": "False", "reversed": "True", "length": "74.93002516943695", "lanes": "nan", "service": "nan", "tunnel": "nan" }, "geometry": { "type": "LineString", "coordinates": [ [ 114.3635511, 30.534143 ], [ 114.364246300000019, 30.5342255 ], [ 114.3642348, 30.5342942 ] ] } },
{ "type": "Feature", "properties": { "fid": 81.0, "cat": 82, "cat_": 82, "u": "1196688711", "v": "12802598311", "key": "0", "osmid": "103639127", "highway": "residential", "name": "珞南五路", "oneway": "False", "reversed": "True", "length": "70.91196415740606", "lanes": "nan", "service": "nan", "tunnel": "nan" }, "geometry": { "type": "LineString", "coordinates": [ [ 114.362011, 30.5336863 ], [ 114.361943, 30.5337474 ], [ 114.3618671, 30.533804 ], [ 114.3617858, 30.5338628 ], [ 114.3616926, 30.53393 ], [ 114.3615603, 30.5340182 ], [ 114.3614416, 30.5340925 ] ] } },
{ "type": "Feature", "properties": { "fid": 82.0, "cat": 83, "cat_": 83, "u": "1196688724", "v": "1196688746", "key": "0", "osmid": "103640968", "highway": "service", "name": "nan", "oneway": "False", "reversed": "True", "length": "66.64013797750621", "lanes": "nan", "service": "nan", "tunnel": "nan" }, "geometry": { "type": "LineString", "coordinates": [ [ 114.362496, 30.532492 ], [ 114.36317050000001, 30.5323449 ] ] } },
{ "type": "Feature", "properties": { "fid": 83.0, "cat": 84, "cat_": 84, "u": "1196688724", "v": "1196688762", "key": "0", "osmid": "1479923705", "highway": "residential", "name": "珞南五路", "oneway": "False", "reversed": "False", "length": "28.393300321456383", "lanes": "nan", "service": "nan", "tunnel": "nan" }, "geometry": { "type": "LineString", "coordinates": [ [ 114.362496, 30.532492 ], [ 114.3624254, 30.532244 ] ] } },
{ "type": "Feature", "properties": { "fid": 84.0, "cat": 85, "cat_": 85, "u": "1196688724", "v": "1196688767", "key": "0", "osmid": "1479923705", "highway": "residential", "name": "珞南五路", "oneway": "False", "reversed": "True", "length": "28.13122075139842", "lanes": "nan", "service": "nan", "tunnel": "nan" }, "geometry": { "type": "LineString", "coordinates": [ [ 114.362496, 30.532492 ], [ 114.362566, 30.5327377 ] ] } },
{ "type": "Feature", "properties": { "fid": 85.0, "cat": 86, "cat_": 86, "u": "1196688726", "v": "1196688767", "key": "0", "osmid": "103640964", "highway": "service", "name": "nan", "oneway": "False", "reversed": "False", "length": "67.13261845007274", "lanes": "nan", "service": "nan", "tunnel": "nan" }, "geometry": { "type": "LineString", "coordinates": [ [ 114.3632456, 30.532589900000012 ], [ 114.362566, 30.5327377 ] ] } },
{ "type": "Feature", "properties": { "fid": 86.0, "cat": 87, "cat_": 87, "u": "1196688726", "v": "12848137594", "key": "0", "osmid": "103640964", "highway": "service", "name": "nan", "oneway": "False", "reversed": "True", "length": "45.45682719391109", "lanes": "nan", "service": "nan", "tunnel": "nan" }, "geometry": { "type": "LineString", "coordinates": [ [ 114.3632456, 30.532589900000012 ], [ 114.3637062, 30.5324913 ] ] } },
{ "type": "Feature", "properties": { "fid": 87.0, "cat": 88, "cat_": 88, "u": "1196688726", "v": "1196688791", "key": "0", "osmid": "1387929416", "highway": "service", "name": "nan", "oneway": "False", "reversed": "False", "length": "26.78500403941244", "lanes": "nan", "service": "nan", "tunnel": "nan" }, "geometry": { "type": "LineString", "coordinates": [ [ 114.3632456, 30.532589900000012 ], [ 114.363317, 30.532822799999987 ] ] } },
{ "type": "Feature", "properties": { "fid": 88.0, "cat": 89, "cat_": 89, "u": "1196688726", "v": "1196688746", "key": "0", "osmid": "1387929416", "highway": "service", "name": "nan", "oneway": "False", "reversed": "True", "length": "28.176354679174672", "lanes": "nan", "service": "nan", "tunnel": "nan" }, "geometry": { "type": "LineString", "coordinates": [ [ 114.3632456, 30.532589900000012 ], [ 114.36317050000001, 30.5323449 ] ] } },
{ "type": "Feature", "properties": { "fid": 89.0, "cat": 90, "cat_": 90, "u": "1196688727", "v": "12802547791", "key": "0", "osmid": "103640961", "highway": "service", "name": "nan", "oneway": "False", "reversed": "False", "length": "50.39460588816752", "lanes": "nan", "service": "nan", "tunnel": "nan" }, "geometry": { "type": "LineString", "coordinates": [ [ 114.3642348, 30.5342942 ], [ 114.3642099, 30.5344417 ], [ 114.364009200000012, 30.5344167 ], [ 114.3639857, 30.5345446 ] ] } },
{ "type": "Feature", "properties": { "fid": 91.0, "cat": 92, "cat_": 92, "u": "1196688727", "v": "1196688759", "key": "0", "osmid": "103640962", "highway": "service", "name": "nan", "oneway": "False", "reversed": "True", "length": "169.08574544988195", "lanes": "nan", "service": "nan", "tunnel": "nan" }, "geometry": { "type": "LineString", "coordinates": [ [ 114.3642348, 30.5342942 ], [ 114.3656645, 30.5344802 ], [ 114.3659805, 30.534521 ] ] } },
{ "type": "Feature", "properties": { "fid": 92.0, "cat": 93, "cat_": 93, "u": "1196688735", "v": "12848137592", "key": "0", "osmid": "103640985", "highway": "service", "name": "nan", "oneway": "False", "reversed": "True", "length": "46.48454623880179", "lanes": "nan", "service": "nan", "tunnel": "nan" }, "geometry": { "type": "LineString", "coordinates": [ [ 114.3630943, 30.5320965 ], [ 114.3635645, 30.5319929 ] ] } },
{ "type": "Feature", "properties": { "fid": 93.0, "cat": 94, "cat_": 94, "u": "1196688735", "v": "1196688746", "key": "0", "osmid": "1387929416", "highway": "service", "name": "nan", "oneway": "False", "reversed": "False", "length": "28.56879181724624", "lanes": "nan", "service": "nan", "tunnel": "nan" }, "geometry": { "type": "LineString", "coordinates": [ [ 114.3630943, 30.5320965 ], [ 114.36317050000001, 30.5323449 ] ] } },
{ "type": "Feature", "properties": { "fid": 94.0, "cat": 95, "cat_": 95, "u": "1196688735", "v": "1196688762", "key": "0", "osmid": "103640985", "highway": "service", "name": "nan", "oneway": "False", "reversed": "False", "length": "66.13150105149593", "lanes": "nan", "service": "nan", "tunnel": "nan" }, "geometry": { "type": "LineString", "coordinates": [ [ 114.3630943, 30.5320965 ], [ 114.362464, 30.5322355 ], [ 114.3624254, 30.532244 ] ] } },
{ "type": "Feature", "properties": { "fid": 98.0, "cat": 99, "cat_": 99, "u": "1196688739", "v": "1196688786", "key": "0", "osmid": "527572905", "highway": "service", "name": "nan", "oneway": "False", "reversed": "False", "length": "33.29762049635085", "lanes": "nan", "service": "nan", "tunnel": "nan" }, "geometry": { "type": "LineString", "coordinates": [ [ 114.3626536, 30.533189 ], [ 114.3625884, 30.533151 ], [ 114.3625606, 30.5331296 ], [ 114.3625463, 30.5331131 ], [ 114.3625378, 30.5330961 ], [ 114.3625363, 30.5330781 ], [ 114.3625398, 30.5330584 ], [ 114.362551, 30.5330421 ], [ 114.3626308, 30.5329647 ] ] } },
{ "type": "Feature", "properties": { "fid": 100.0, "cat": 101, "cat_": 101, "u": "1196688746", "v": "12848137593", "key": "0", "osmid": "103640968", "highway": "service", "name": "nan", "oneway": "False", "reversed": "True", "length": "45.96073447896325", "lanes": "nan", "service": "nan", "tunnel": "nan" }, "geometry": { "type": "LineString", "coordinates": [ [ 114.36317050000001, 30.5323449 ], [ 114.363636, 30.5322445 ] ] } },
{ "type": "Feature", "properties": { "fid": 103.0, "cat": 104, "cat_": 104, "u": "1196688750", "v": "12848137592", "key": "0", "osmid": "103640985", "highway": "service", "name": "nan", "oneway": "False", "reversed": "False", "length": "20.377784307079192", "lanes": "nan", "service": "nan", "tunnel": "nan" }, "geometry": { "type": "LineString", "coordinates": [ [ 114.3637706, 30.5319474 ], [ 114.3635645, 30.5319929 ] ] } },
{ "type": "Feature", "properties": { "fid": 110.0, "cat": 111, "cat_": 111, "u": "1196688767", "v": "12802547768", "key": "0", "osmid": "1382802135", "highway": "service", "name": "nan", "oneway": "False", "reversed": "False", "length": "30.715613120793066", "lanes": "nan", "service": "nan", "tunnel": "nan" }, "geometry": { "type": "LineString", "coordinates": [ [ 114.362566, 30.5327377 ], [ 114.3622919, 30.5327861 ], [ 114.362251, 30.5327861 ] ] } },
{ "type": "Feature", "properties": { "fid": 111.0, "cat": 112, "cat_": 112, "u": "1196688775", "v": "12848137594", "key": "0", "osmid": "103640964", "highway": "service", "name": "nan", "oneway": "False", "reversed": "False", "length": "35.56940576740989", "lanes": "nan", "service": "nan", "tunnel": "nan" }, "geometry": { "type": "LineString", "coordinates": [ [ 114.3640666, 30.5324141 ], [ 114.3637062, 30.5324913 ] ] } },
{ "type": "Feature", "properties": { "fid": 112.0, "cat": 113, "cat_": 113, "u": "1196688783", "v": "12848137593", "key": "0", "osmid": "103640968", "highway": "service", "name": "nan", "oneway": "False", "reversed": "False", "length": "35.309301024435776", "lanes": "nan", "service": "nan", "tunnel": "nan" }, "geometry": { "type": "LineString", "coordinates": [ [ 114.3639936, 30.5321673 ], [ 114.363636, 30.5322445 ] ] } },
{ "type": "Feature", "properties": { "fid": 116.0, "cat": 117, "cat_": 117, "u": "1196688791", "v": "1196688786", "key": "0", "osmid": "103640980", "highway": "service", "name": "nan", "oneway": "False", "reversed": "False", "length": "67.5893789178766", "lanes": "nan", "service": "nan", "tunnel": "nan" }, "geometry": { "type": "LineString", "coordinates": [ [ 114.363317, 30.532822799999987 ], [ 114.3626308, 30.5329647 ] ] } },
{ "type": "Feature", "properties": { "fid": 120.0, "cat": 121, "cat_": 121, "u": "1196688802", "v": "1196688842", "key": "0", "osmid": "1479923690", "highway": "service", "name": "nan", "oneway": "False", "reversed": "False", "length": "64.06625549213742", "lanes": "nan", "service": "nan", "tunnel": "nan" }, "geometry": { "type": "LineString", "coordinates": [ [ 114.3629301, 30.5337967 ], [ 114.3635936, 30.533869899999988 ] ] } },
{ "type": "Feature", "properties": { "fid": 123.0, "cat": 124, "cat_": 124, "u": "1196688833", "v": "12848137595", "key": "0", "osmid": "103640980", "highway": "service", "name": "nan", "oneway": "False", "reversed": "False", "length": "34.426689430110514", "lanes": "nan", "service": "nan", "tunnel": "nan" }, "geometry": { "type": "LineString", "coordinates": [ [ 114.3641219, 30.5326521 ], [ 114.3637727, 30.5327255 ] ] } },
{ "type": "Feature", "properties": { "fid": 124.0, "cat": 125, "cat_": 125, "u": "1196688838", "v": "12803424261", "key": "0", "osmid": "103640966", "highway": "service", "name": "nan", "oneway": "False", "reversed": "False", "length": "25.045352542601893", "lanes": "nan", "service": "nan", "tunnel": "nan" }, "geometry": { "type": "LineString", "coordinates": [ [ 114.36370740000001, 30.532739 ], [ 114.3637026, 30.5329642 ] ] } },
{ "type": "Feature", "properties": { "fid": 125.0, "cat": 126, "cat_": 126, "u": "1196688838", "v": "1196688791", "key": "0", "osmid": "103640980", "highway": "service", "name": "nan", "oneway": "False", "reversed": "False", "length": "38.53477930875214", "lanes": "nan", "service": "nan", "tunnel": "nan" }, "geometry": { "type": "LineString", "coordinates": [ [ 114.36370740000001, 30.532739 ], [ 114.363317, 30.532822799999987 ] ] } },
{ "type": "Feature", "properties": { "fid": 126.0, "cat": 127, "cat_": 127, "u": "1196688838", "v": "12848137595", "key": "0", "osmid": "103640980", "highway": "service", "name": "nan", "oneway": "False", "reversed": "True", "length": "6.431844749972525", "lanes": "nan", "service": "nan", "tunnel": "nan" }, "geometry": { "type": "LineString", "coordinates": [ [ 114.36370740000001, 30.532739 ], [ 114.3637727, 30.5327255 ] ] } },
{ "type": "Feature", "properties": { "fid": 127.0, "cat": 128, "cat_": 128, "u": "1196688842", "v": "12803424246", "key": "0", "osmid": "103639126", "highway": "service", "name": "珞南六路", "oneway": "False", "reversed": "False", "length": "7.045459882457341", "lanes": "nan", "service": "nan", "tunnel": "nan" }, "geometry": { "type": "LineString", "coordinates": [ [ 114.3635936, 30.533869899999988 ], [ 114.363583, 30.533932599999989 ] ] } },
{ "type": "Feature", "properties": { "fid": 130.0, "cat": 131, "cat_": 131, "u": "1196688848", "v": "1196688842", "key": "0", "osmid": "103639126", "highway": "service", "name": "珞南六路", "oneway": "False", "reversed": "False", "length": "28.47587087569037", "lanes": "nan", "service": "nan", "tunnel": "nan" }, "geometry": { "type": "LineString", "coordinates": [ [ 114.3636411, 30.5336171 ], [ 114.3635936, 30.533869899999988 ] ] } },
{ "type": "Feature", "properties": { "fid": 131.0, "cat": 132, "cat_": 132, "u": "1196688848", "v": "12803424247", "key": "0", "osmid": "103640973", "highway": "service", "name": "nan", "oneway": "False", "reversed": "False", "length": "59.236931912090085", "lanes": "nan", "service": "nan", "tunnel": "nan" }, "geometry": { "type": "LineString", "coordinates": [ [ 114.3636411, 30.5336171 ], [ 114.3642536, 30.5336911 ] ] } },
{ "type": "Feature", "properties": { "fid": 133.0, "cat": 134, "cat_": 134, "u": "1196688848", "v": "12848137589", "key": "0", "osmid": [ 1387929424, 103639126, 1387929415 ], "highway": "service", "name": "珞南六路", "oneway": "False", "reversed": [ false, true ], "length": "92.73053893752875", "lanes": "nan", "service": "nan", "tunnel": "nan" }, "geometry": { "type": "LineString", "coordinates": [ [ 114.3636411, 30.5336171 ], [ 114.3636708, 30.533426 ], [ 114.3636788, 30.5333398 ], [ 114.3636844, 30.5332653 ], [ 114.363832, 30.5332675 ], [ 114.3639805, 30.5332698 ], [ 114.3641156, 30.5332718 ], [ 114.3642416, 30.5332737 ] ] } },
{ "type": "Feature", "properties": { "fid": 134.0, "cat": 135, "cat_": 135, "u": "1196689503", "v": "12847386071", "key": "0", "osmid": "1387843570", "highway": "service", "name": "nan", "oneway": "False", "reversed": "False", "length": "139.48855813176007", "lanes": "nan", "service": "nan", "tunnel": "nan" }, "geometry": { "type": "LineString", "coordinates": [ [ 114.360634, 30.5379135 ], [ 114.3606678, 30.5378299 ], [ 114.360806400000016, 30.5378647 ], [ 114.3610726, 30.537933 ], [ 114.3613101, 30.5380088 ], [ 114.361732, 30.538229 ], [ 114.3618172, 30.5380876 ] ] } },
{ "type": "Feature", "properties": { "fid": 135.0, "cat": 136, "cat_": 136, "u": "1196689503", "v": "13269415989", "key": "0", "osmid": [ 1387843568, 1443545629 ], "highway": [ "residential", "service" ], "name": "环山北路", "oneway": "False", "reversed": "False", "length": "241.3485884129713", "lanes": "nan", "service": "nan", "tunnel": "nan" }, "geometry": { "type": "LineString", "coordinates": [ [ 114.360634, 30.5379135 ], [ 114.3604838, 30.5378382 ], [ 114.3600886, 30.5376614 ], [ 114.3599025, 30.5375403 ], [ 114.3595595, 30.5372607 ], [ 114.359286200000014, 30.5370411 ], [ 114.3591045, 30.5369027 ], [ 114.358955, 30.5368073 ], [ 114.3588766, 30.5367552 ], [ 114.3588303, 30.5367049 ], [ 114.3587934, 30.5366441 ], [ 114.3587762, 30.5365938 ], [ 114.3587678, 30.5365262 ] ] } },
{ "type": "Feature", "properties": { "fid": 136.0, "cat": 137, "cat_": 137, "u": "1196689503", "v": "12802032596", "key": "0", "osmid": "1443545629", "highway": "residential", "name": "环山北路", "oneway": "False", "reversed": "True", "length": "165.81493668685184", "lanes": "nan", "service": "nan", "tunnel": "nan" }, "geometry": { "type": "LineString", "coordinates": [ [ 114.360634, 30.5379135 ], [ 114.3611436, 30.5381785 ], [ 114.3614425, 30.5383303 ], [ 114.3615519, 30.5383799 ], [ 114.3616147, 30.5384269 ], [ 114.361649900000018, 30.5384674 ], [ 114.361674400000012, 30.5385141 ], [ 114.3616831, 30.5385579 ], [ 114.3616959, 30.5386326 ], [ 114.3617074, 30.5386996 ], [ 114.3617246, 30.5387443 ], [ 114.3617622, 30.5387959 ], [ 114.361825, 30.5388847 ] ] } },
{ "type": "Feature", "properties": { "fid": 138.0, "cat": 139, "cat_": 139, "u": "1196689510", "v": "12847386070", "key": "1", "osmid": "1387843567", "highway": "residential", "name": "环山南路", "oneway": "False", "reversed": "True", "length": "8.040508745345436", "lanes": "nan", "service": "nan", "tunnel": "nan" }, "geometry": { "type": "LineString", "coordinates": [ [ 114.3692443, 30.5374524 ], [ 114.3691971, 30.5373926 ] ] } },
{ "type": "Feature", "properties": { "fid": 139.0, "cat": 140, "cat_": 140, "u": "1196689510", "v": "13269453257", "key": "0", "osmid": "103641066", "highway": "residential", "name": "环山北路", "oneway": "False", "reversed": "False", "length": "7.979690440831156", "lanes": "nan", "service": "nan", "tunnel": "nan" }, "geometry": { "type": "LineString", "coordinates": [ [ 114.3692443, 30.5374524 ], [ 114.3692668, 30.5374814 ], [ 114.3692834, 30.5375154 ] ] } },
{ "type": "Feature", "properties": { "fid": 140.0, "cat": 141, "cat_": 141, "u": "1196689524", "v": "13394398306", "key": "0", "osmid": "103938245", "highway": "service", "name": "环山南路", "oneway": "False", "reversed": "False", "length": "8.812315090772191", "lanes": "nan", "service": "nan", "tunnel": "nan" }, "geometry": { "type": "LineString", "coordinates": [ [ 114.3665563, 30.5362409 ], [ 114.3666433, 30.5362667 ] ] } },
{ "type": "Feature", "properties": { "fid": 141.0, "cat": 142, "cat_": 142, "u": "1196689524", "v": "13394364529", "key": "0", "osmid": "103938245", "highway": "service", "name": "环山南路", "oneway": "False", "reversed": "True", "length": "121.38363090010647", "lanes": "nan", "service": "nan", "tunnel": "nan" }, "geometry": { "type": "LineString", "coordinates": [ [ 114.3665563, 30.5362409 ], [ 114.3661145, 30.5361147 ], [ 114.3657856, 30.5360241 ], [ 114.3656406, 30.5359959 ], [ 114.3654998, 30.5359783 ], [ 114.3653343, 30.5359712 ] ] } },
{ "type": "Feature", "properties": { "fid": 142.0, "cat": 143, "cat_": 143, "u": "1196689524", "v": "13394364534", "key": "0", "osmid": "1460405213", "highway": "path", "name": "nan", "oneway": "False", "reversed": "False", "length": "171.79909468560376", "lanes": "nan", "service": "nan", "tunnel": "nan" }, "geometry": { "type": "LineString", "coordinates": [ [ 114.3665563, 30.5362409 ], [ 114.3664379, 30.5363354 ], [ 114.3663374, 30.5364155 ], [ 114.3661281, 30.5365172 ], [ 114.3660665, 30.5365934 ], [ 114.3658304, 30.5368059 ], [ 114.3653744, 30.5369261 ], [ 114.3650714, 30.5370365 ] ] } },
{ "type": "Feature", "properties": { "fid": 143.0, "cat": 144, "cat_": 144, "u": "1196689535", "v": "13269453234", "key": "0", "osmid": "103938245", "highway": "service", "name": "环山南路", "oneway": "False", "reversed": "False", "length": "95.84323060644095", "lanes": "nan", "service": "nan", "tunnel": "nan" }, "geometry": { "type": "LineString", "coordinates": [ [ 114.361085300000013, 30.5357649 ], [ 114.361233, 30.5357404 ], [ 114.3613645, 30.5357316 ], [ 114.3614557, 30.535735 ], [ 114.3615315, 30.5357495 ], [ 114.3616077, 30.5357799 ], [ 114.3616769, 30.5358281 ], [ 114.361779, 30.5358943 ], [ 114.3618664, 30.535927 ], [ 114.3619511, 30.5359403 ], [ 114.362018400000011, 30.535942 ] ] } },
{ "type": "Feature", "properties": { "fid": 144.0, "cat": 145, "cat_": 145, "u": "1196689535", "v": "13394364549", "key": "0", "osmid": "103938245", "highway": "service", "name": "环山南路", "oneway": "False", "reversed": "True", "length": "49.16827527538209", "lanes": "nan", "service": "nan", "tunnel": "nan" }, "geometry": { "type": "LineString", "coordinates": [ [ 114.361085300000013, 30.5357649 ], [ 114.3609174, 30.5357989 ], [ 114.3607588, 30.5358409 ], [ 114.3606235, 30.5358838 ], [ 114.3605947, 30.5358932 ] ] } },
{ "type": "Feature", "properties": { "fid": 145.0, "cat": 146, "cat_": 146, "u": "1196689535", "v": "12848337708", "key": "0", "osmid": "1460410155", "highway": "path", "name": "nan", "oneway": "False", "reversed": "False", "length": "86.72947559801288", "lanes": "nan", "service": "nan", "tunnel": "nan" }, "geometry": { "type": "LineString", "coordinates": [ [ 114.361085300000013, 30.5357649 ], [ 114.3611848, 30.5355492 ], [ 114.3612579, 30.5354192 ], [ 114.3613128, 30.535326 ], [ 114.3613782, 30.5352185 ], [ 114.3614111, 30.5351758 ], [ 114.3614561, 30.5351328 ], [ 114.3614881, 30.5351151 ], [ 114.3615255, 30.5350998 ] ] } },
{ "type": "Feature", "properties": { "fid": 146.0, "cat": 147, "cat_": 147, "u": "1196689538", "v": "13246423618", "key": "0", "osmid": "1443545630", "highway": "tertiary", "name": "梅园二路", "oneway": "False", "reversed": "False", "length": "3.4468519636816985", "lanes": "nan", "service": "nan", "tunnel": "nan" }, "geometry": { "type": "LineString", "coordinates": [ [ 114.3618555, 30.5390142 ], [ 114.3618196, 30.539012 ] ] } },
{ "type": "Feature", "properties": { "fid": 147.0, "cat": 148, "cat_": 148, "u": "1196689538", "v": "12802032531", "key": "0", "osmid": "103642340", "highway": "tertiary", "name": "枫园路", "oneway": "False", "reversed": "False", "length": "225.0751232518573", "lanes": "nan", "service": "nan", "tunnel": "nan" }, "geometry": { "type": "LineString", "coordinates": [ [ 114.3618555, 30.5390142 ], [ 114.3619455, 30.5389793 ], [ 114.3619913, 30.5389583 ], [ 114.3624286, 30.5388321 ], [ 114.362495400000014, 30.5388171 ], [ 114.3625715, 30.5388044 ], [ 114.3626451, 30.5388032 ], [ 114.3627161, 30.5388078 ], [ 114.3628044, 30.5388234 ], [ 114.3630066, 30.5388687 ], [ 114.3634191, 30.5389801 ], [ 114.3635074, 30.5390051 ], [ 114.3636109, 30.5390281 ], [ 114.3641171, 30.5391134 ] ] } },
{ "type": "Feature", "properties": { "fid": 148.0, "cat": 149, "cat_": 149, "u": "1196689538", "v": "3151899811", "key": "0", "osmid": "103938248", "highway": "tertiary", "name": "人文路", "oneway": "True", "reversed": "False", "length": "54.94341984713007", "lanes": "nan", "service": "nan", "tunnel": "nan" }, "geometry": { "type": "LineString", "coordinates": [ [ 114.3618555, 30.5390142 ], [ 114.3618438, 30.5391676 ], [ 114.3618302, 30.5393783 ], [ 114.361822700000019, 30.5395075 ] ] } },
{ "type": "Feature", "properties": { "fid": 150.0, "cat": 151, "cat_": 151, "u": "1196689558", "v": "12802032596", "key": "0", "osmid": "103641066", "highway": "residential", "name": "环山北路", "oneway": "False", "reversed": "False", "length": "32.98153534923942", "lanes": "nan", "service": "nan", "tunnel": "nan" }, "geometry": { "type": "LineString", "coordinates": [ [ 114.3621049, 30.5387124 ], [ 114.3619788, 30.5387981 ], [ 114.361825, 30.5388847 ] ] } },
{ "type": "Feature", "properties": { "fid": 152.0, "cat": 153, "cat_": 153, "u": "1196689569", "v": "13394366399", "key": "0", "osmid": "103938245", "highway": "service", "name": "环山南路", "oneway": "False", "reversed": "False", "length": "121.75384154247509", "lanes": "nan", "service": "nan", "tunnel": "nan" }, "geometry": { "type": "LineString", "coordinates": [ [ 114.3632674, 30.5359279 ], [ 114.3633538, 30.5359418 ], [ 114.3634634, 30.5359563 ], [ 114.3635784, 30.5359593 ], [ 114.3638148, 30.5359441 ], [ 114.3641452, 30.5359218 ], [ 114.364373, 30.5359191 ], [ 114.364533200000011, 30.5359341 ] ] } },
{ "type": "Feature", "properties": { "fid": 153.0, "cat": 154, "cat_": 154, "u": "1196689569", "v": "13269415981", "key": "0", "osmid": "103938245", "highway": "service", "name": "环山南路", "oneway": "False", "reversed": "True", "length": "77.0421610186202", "lanes": "nan", "service": "nan", "tunnel": "nan" }, "geometry": { "type": "LineString", "coordinates": [ [ 114.3632674, 30.5359279 ], [ 114.3630518, 30.535863 ], [ 114.3629559, 30.5358311 ], [ 114.362858700000018, 30.5358092 ], [ 114.3627741, 30.5357959 ], [ 114.362676, 30.5357909 ], [ 114.3625869, 30.5357975 ], [ 114.3624908, 30.5358182 ] ] } },
{ "type": "Feature", "properties": { "fid": 154.0, "cat": 155, "cat_": 155, "u": "1196689569", "v": "13394364539", "key": "0", "osmid": "1460405214", "highway": "path", "name": "nan", "oneway": "False", "reversed": "False", "length": "120.00901092469206", "lanes": "nan", "service": "nan", "tunnel": "nan" }, "geometry": { "type": "LineString", "coordinates": [ [ 114.3632674, 30.5359279 ], [ 114.363255700000011, 30.5360656 ], [ 114.363248, 30.5361228 ], [ 114.3632367, 30.5361637 ], [ 114.3631586, 30.5363805 ], [ 114.3631455, 30.5364363 ], [ 114.363142, 30.5365057 ], [ 114.3631423, 30.5365666 ], [ 114.3631589, 30.5367921 ], [ 114.3631857, 30.5369921 ] ] } },
{ "type": "Feature", "properties": { "fid": 155.0, "cat": 156, "cat_": 156, "u": "1196701859", "v": "4320485437", "key": "0", "osmid": "84250290", "highway": "residential", "name": "弘毅大道", "oneway": "False", "reversed": "True", "length": "32.36078609174319", "lanes": "nan", "service": "nan", "tunnel": "nan" }, "geometry": { "type": "LineString", "coordinates": [ [ 114.358487700000012, 30.5442203 ], [ 114.3581503, 30.544204199999985 ] ] } },
{ "type": "Feature", "properties": { "fid": 156.0, "cat": 157, "cat_": 157, "u": "1196701859", "v": "9681727748", "key": "0", "osmid": "103642347", "highway": "residential", "name": "樱园北路", "oneway": "False", "reversed": "False", "length": "29.627934818413795", "lanes": "nan", "service": "nan", "tunnel": "nan" }, "geometry": { "type": "LineString", "coordinates": [ [ 114.358487700000012, 30.5442203 ], [ 114.3585011, 30.5439541 ] ] } },
{ "type": "Feature", "properties": { "fid": 158.0, "cat": 159, "cat_": 159, "u": "1196701863", "v": "1807168531", "key": "0", "osmid": "1382903478", "highway": "residential", "name": "nan", "oneway": "False", "reversed": "True", "length": "47.376211344490606", "lanes": "nan", "service": "nan", "tunnel": "nan" }, "geometry": { "type": "LineString", "coordinates": [ [ 114.3570292, 30.5410712 ], [ 114.3570131, 30.5411163 ], [ 114.3569171, 30.5414281 ], [ 114.3568894, 30.5414791 ] ] } },
{ "type": "Feature", "properties": { "fid": 161.0, "cat": 162, "cat_": 162, "u": "1196701873", "v": "13613667173", "key": "0", "osmid": "103940155", "highway": "residential", "name": "凌波路", "oneway": "False", "reversed": "False", "length": "17.33900274531719", "lanes": "nan", "service": "nan", "tunnel": "nan" }, "geometry": { "type": "LineString", "coordinates": [ [ 114.3650537, 30.5451813 ], [ 114.36507, 30.5453366 ] ] } },
{ "type": "Feature", "properties": { "fid": 162.0, "cat": 163, "cat_": 163, "u": "1196701873", "v": "9591350619", "key": "0", "osmid": "103940155", "highway": "residential", "name": "凌波路", "oneway": "False", "reversed": "True", "length": "75.01224649192395", "lanes": "nan", "service": "nan", "tunnel": "nan" }, "geometry": { "type": "LineString", "coordinates": [ [ 114.3650537, 30.5451813 ], [ 114.365024300000016, 30.5449573 ], [ 114.3650206, 30.5448547 ], [ 114.365024300000016, 30.5447242 ], [ 114.3650275, 30.544635799999984 ], [ 114.3650205, 30.5445084 ] ] } },
{ "type": "Feature", "properties": { "fid": 164.0, "cat": 165, "cat_": 165, "u": "1196701880", "v": "1807168533", "key": "0", "osmid": "1383203262", "highway": "tertiary", "name": "nan", "oneway": "False", "reversed": "False", "length": "12.10286831938453", "lanes": "nan", "service": "nan", "tunnel": "nan" }, "geometry": { "type": "LineString", "coordinates": [ [ 114.3533821, 30.5362134 ], [ 114.3534152, 30.5361794 ], [ 114.353463300000016, 30.53613 ] ] } },
{ "type": "Feature", "properties": { "fid": 165.0, "cat": 166, "cat_": 166, "u": "1196701880", "v": "9158437406", "key": "0", "osmid": [ 991212143, 1387979983 ], "highway": "service", "name": "明诚路", "oneway": "False", "reversed": "True", "length": "56.84352820639782", "lanes": "nan", "service": "nan", "tunnel": "nan" }, "geometry": { "type": "LineString", "coordinates": [ [ 114.3533821, 30.5362134 ], [ 114.3533407, 30.5362544 ], [ 114.353330700000015, 30.5362643 ], [ 114.3533149, 30.5362741 ], [ 114.3532884, 30.5362819 ], [ 114.3532366, 30.5362873 ], [ 114.3531352, 30.5362974 ], [ 114.353067100000018, 30.5363 ], [ 114.3530165, 30.5362991 ], [ 114.3529702, 30.536298 ], [ 114.352919200000017, 30.5362948 ], [ 114.3528713, 30.5362908 ], [ 114.3528222, 30.5362919 ] ] } },
{ "type": "Feature", "properties": { "fid": 166.0, "cat": 167, "cat_": 167, "u": "1196701888", "v": "13251027328", "key": "0", "osmid": "103642347", "highway": "residential", "name": "樱园北路", "oneway": "False", "reversed": "True", "length": "122.90990124186614", "lanes": "nan", "service": "nan", "tunnel": "nan" }, "geometry": { "type": "LineString", "coordinates": [ [ 114.3621, 30.5426629 ], [ 114.3620143, 30.5427191 ], [ 114.361990700000021, 30.5427337 ], [ 114.3619753, 30.5427392 ], [ 114.3619503, 30.5427436 ], [ 114.3619206, 30.5427471 ], [ 114.3618082, 30.5427562 ], [ 114.3616678, 30.5427613 ], [ 114.3614399, 30.5427694 ], [ 114.3612134, 30.5427768 ], [ 114.3611397, 30.5427828 ], [ 114.3610413, 30.5427916 ], [ 114.3609399, 30.5428047 ], [ 114.3608504, 30.542818 ] ] } },
{ "type": "Feature", "properties": { "fid": 167.0, "cat": 168, "cat_": 168, "u": "1196701888", "v": "1196701976", "key": "0", "osmid": "103642350", "highway": "residential", "name": "湖滨路", "oneway": "False", "reversed": "True", "length": "39.786250944179756", "lanes": "nan", "service": "nan", "tunnel": "nan" }, "geometry": { "type": "LineString", "coordinates": [ [ 114.3621, 30.5426629 ], [ 114.3623335, 30.5428594 ], [ 114.3623945, 30.5429152 ] ] } },
{ "type": "Feature", "properties": { "fid": 168.0, "cat": 169, "cat_": 169, "u": "1196701888", "v": "1196701917", "key": "0", "osmid": "1383475033", "highway": "residential", "name": "湖滨路", "oneway": "False", "reversed": "False", "length": "76.10949411119793", "lanes": "nan", "service": "nan", "tunnel": "nan" }, "geometry": { "type": "LineString", "coordinates": [ [ 114.3621, 30.5426629 ], [ 114.3620335, 30.5426064 ], [ 114.3619349, 30.5425223 ], [ 114.3618664, 30.542455 ], [ 114.3618138, 30.5423942 ], [ 114.361740700000013, 30.5423033 ], [ 114.3616783, 30.542213599999986 ], [ 114.3616301, 30.5421182 ] ] } },
{ "type": "Feature", "properties": { "fid": 169.0, "cat": 170, "cat_": 170, "u": "1196701892", "v": "1807168531", "key": "0", "osmid": "358205774", "highway": "residential", "name": "樱园西路", "oneway": "False", "reversed": "True", "length": "71.19836063755159", "lanes": "nan", "service": "nan", "tunnel": "nan" }, "geometry": { "type": "LineString", "coordinates": [ [ 114.3576321, 30.5414551 ], [ 114.3574916, 30.5414568 ], [ 114.3574625, 30.5414572 ], [ 114.3573311, 30.5414592 ], [ 114.3572048, 30.5414612 ], [ 114.3570795, 30.5414678 ], [ 114.3568894, 30.5414791 ] ] } },
{ "type": "Feature", "properties": { "fid": 170.0, "cat": 171, "cat_": 171, "u": "1196701892", "v": "1196701863", "key": "0", "osmid": "1387978158", "highway": "residential", "name": "樱花大道", "oneway": "False", "reversed": "False", "length": "72.35047466637137", "lanes": "nan", "service": "nan", "tunnel": "nan" }, "geometry": { "type": "LineString", "coordinates": [ [ 114.3576321, 30.5414551 ], [ 114.3575266, 30.5414121 ], [ 114.3575059, 30.5414014 ], [ 114.3574789, 30.541387300000011 ], [ 114.3574269, 30.541354899999988 ], [ 114.3573619, 30.5413129 ], [ 114.357075, 30.5411225 ], [ 114.3570626, 30.5411118 ], [ 114.3570502, 30.5410988 ], [ 114.3570397, 30.541085499999987 ], [ 114.3570292, 30.5410712 ] ] } },
{ "type": "Feature", "properties": { "fid": 171.0, "cat": 172, "cat_": 172, "u": "1196701892", "v": "1196701963", "key": "0", "osmid": [ 103938246, 1387978158 ], "highway": "residential", "name": "樱花大道", "oneway": "False", "reversed": "True", "length": "361.21744682668776", "lanes": "nan", "service": "nan", "tunnel": "nan" }, "geometry": { "type": "LineString", "coordinates": [ [ 114.3576321, 30.5414551 ], [ 114.3577166, 30.5414835 ], [ 114.3578539, 30.5415248 ], [ 114.3579827, 30.541560499999989 ], [ 114.3581107, 30.541594899999989 ], [ 114.3582791, 30.5416353 ], [ 114.3583919, 30.5416603 ], [ 114.3585902, 30.5417006 ], [ 114.358832, 30.5417499 ], [ 114.3589489, 30.5417737 ], [ 114.3591318, 30.5418106 ], [ 114.3593387, 30.541853 ], [ 114.3594995, 30.5418839 ], [ 114.3595419, 30.5418903 ], [ 114.3596961, 30.5419119 ], [ 114.360037, 30.5419494 ], [ 114.3603331, 30.5419784 ], [ 114.360419400000012, 30.5419869 ], [ 114.3606114, 30.5420056 ], [ 114.3613219, 30.5420841 ] ] } },
{ "type": "Feature", "properties": { "fid": 172.0, "cat": 173, "cat_": 173, "u": "1196701894", "v": "13266196567", "key": "0", "osmid": "103642352", "highway": "tertiary", "name": "学府路", "oneway": "False", "reversed": "True", "length": "7.005546894371622", "lanes": "nan", "service": "nan", "tunnel": "nan" }, "geometry": { "type": "LineString", "coordinates": [ [ 114.3581257, 30.5393439 ], [ 114.3581986, 30.5393387 ] ] } },
{ "type": "Feature", "properties": { "fid": 173.0, "cat": 174, "cat_": 174, "u": "1196701894", "v": "1196701977", "key": "0", "osmid": "103642341", "highway": "residential", "name": "nan", "oneway": "False", "reversed": "False", "length": "30.19525543652712", "lanes": "nan", "service": "nan", "tunnel": "nan" }, "geometry": { "type": "LineString", "coordinates": [ [ 114.3581257, 30.5393439 ], [ 114.3580659, 30.5392881 ], [ 114.3580361, 30.5392582 ], [ 114.3580083, 30.5392248 ], [ 114.3579776, 30.5391788 ], [ 114.3579505, 30.5391213 ] ] } },
{ "type": "Feature", "properties": { "fid": 175.0, "cat": 176, "cat_": 176, "u": "1196701902", "v": "12805673948", "key": "0", "osmid": "1383438571", "highway": "residential", "name": "nan", "oneway": "False", "reversed": "True", "length": "21.686034394722743", "lanes": "nan", "service": "nan", "tunnel": "nan" }, "geometry": { "type": "LineString", "coordinates": [ [ 114.3569451, 30.5400078 ], [ 114.3570005, 30.5398187 ] ] } },
{ "type": "Feature", "properties": { "fid": 179.0, "cat": 180, "cat_": 180, "u": "1196701906", "v": "13545293386", "key": "0", "osmid": "103940155", "highway": "residential", "name": "凌波路", "oneway": "False", "reversed": "True", "length": "8.114491110790766", "lanes": "nan", "service": "nan", "tunnel": "nan" }, "geometry": { "type": "LineString", "coordinates": [ [ 114.3649671, 30.5439603 ], [ 114.3649922, 30.5438906 ] ] } },
{ "type": "Feature", "properties": { "fid": 180.0, "cat": 181, "cat_": 181, "u": "1196701906", "v": "4052778594", "key": "0", "osmid": "402874263", "highway": "residential", "name": "nan", "oneway": "False", "reversed": "False", "length": "49.22647471740882", "lanes": "nan", "service": "nan", "tunnel": "nan" }, "geometry": { "type": "LineString", "coordinates": [ [ 114.3649671, 30.5439603 ], [ 114.3649464, 30.543929 ], [ 114.3649257, 30.543889 ], [ 114.3649086, 30.543844 ], [ 114.3648986, 30.5438036 ], [ 114.3648847, 30.5437111 ], [ 114.3648736, 30.5436174 ], [ 114.3648694, 30.5435307 ] ] } },
{ "type": "Feature", "properties": { "fid": 181.0, "cat": 182, "cat_": 182, "u": "1196701909", "v": "1196701958", "key": "0", "osmid": "1443021861", "highway": "residential", "name": "学府东路", "oneway": "False", "reversed": "False", "length": "11.841713954651333", "lanes": "nan", "service": "nan", "tunnel": "nan" }, "geometry": { "type": "LineString", "coordinates": [ [ 114.355413, 30.5348517 ], [ 114.3552922, 30.534829 ] ] } },
{ "type": "Feature", "properties": { "fid": 182.0, "cat": 183, "cat_": 183, "u": "1196701909", "v": "1807154909", "key": "0", "osmid": "1443021861", "highway": "residential", "name": "学府东路", "oneway": "False", "reversed": "True", "length": "141.9326401908112", "lanes": "nan", "service": "nan", "tunnel": "nan" }, "geometry": { "type": "LineString", "coordinates": [ [ 114.355413, 30.5348517 ], [ 114.3561182, 30.5347067 ], [ 114.3561639, 30.534709200000012 ], [ 114.356205, 30.5347218 ], [ 114.3562451, 30.5347417 ], [ 114.35632, 30.5347775 ], [ 114.3564617, 30.5348393 ], [ 114.3565364, 30.5348578 ], [ 114.3566071, 30.534862 ], [ 114.3566725, 30.534857 ], [ 114.3567379, 30.5348468 ], [ 114.3568319, 30.534829899999988 ] ] } },
{ "type": "Feature", "properties": { "fid": 183.0, "cat": 184, "cat_": 184, "u": "1196701909", "v": "13510708578", "key": "0", "osmid": "1443076586", "highway": "residential", "name": "科技路", "oneway": "False", "reversed": "False", "length": "94.08838815475237", "lanes": "nan", "service": "nan", "tunnel": "nan" }, "geometry": { "type": "LineString", "coordinates": [ [ 114.355413, 30.5348517 ], [ 114.3554745, 30.5349433 ], [ 114.3554884, 30.5349832 ], [ 114.3555561, 30.5352612 ], [ 114.3555617, 30.5352844 ], [ 114.3556555, 30.53566690000001 ] ] } },
{ "type": "Feature", "properties": { "fid": 184.0, "cat": 185, "cat_": 185, "u": "1196701912", "v": "13545293368", "key": "0", "osmid": "1477330458", "highway": "residential", "name": "侧船山路", "oneway": "False", "reversed": "True", "length": "47.58977308968292", "lanes": "nan", "service": "nan", "tunnel": "nan" }, "geometry": { "type": "LineString", "coordinates": [ [ 114.3651652, 30.5436096 ], [ 114.3653678, 30.5432188 ] ] } },
{ "type": "Feature", "properties": { "fid": 185.0, "cat": 186, "cat_": 186, "u": "1196701912", "v": "4052778594", "key": "0", "osmid": "103642350", "highway": "residential", "name": "湖滨路", "oneway": "False", "reversed": "False", "length": "29.67720172875663", "lanes": "nan", "service": "nan", "tunnel": "nan" }, "geometry": { "type": "LineString", "coordinates": [ [ 114.3651652, 30.5436096 ], [ 114.3651252, 30.5435978 ], [ 114.3650655, 30.5435847 ], [ 114.3649566, 30.5435515 ], [ 114.3648694, 30.5435307 ] ] } },
{ "type": "Feature", "properties": { "fid": 188.0, "cat": 189, "cat_": 189, "u": "1196701915", "v": "1196701902", "key": "0", "osmid": "1383486673", "highway": "residential", "name": "nan", "oneway": "False", "reversed": "False", "length": "8.823886419189593", "lanes": "nan", "service": "nan", "tunnel": "nan" }, "geometry": { "type": "LineString", "coordinates": [ [ 114.35699240000001, 30.5400759 ], [ 114.3569451, 30.5400078 ] ] } },
{ "type": "Feature", "properties": { "fid": 189.0, "cat": 190, "cat_": 190, "u": "1196701915", "v": "13244645797", "key": "0", "osmid": "103642344", "highway": "residential", "name": "文体路", "oneway": "False", "reversed": "False", "length": "160.4249617852291", "lanes": "nan", "service": "nan", "tunnel": "nan" }, "geometry": { "type": "LineString", "coordinates": [ [ 114.35699240000001, 30.5400759 ], [ 114.3570355, 30.5401164 ], [ 114.357065, 30.5401389 ], [ 114.3571135, 30.540169 ], [ 114.3574566, 30.5403216 ], [ 114.3578333, 30.5404917 ], [ 114.3579686, 30.5405528 ], [ 114.3584538, 30.540772 ] ] } },
{ "type": "Feature", "properties": { "fid": 192.0, "cat": 193, "cat_": 193, "u": "1196701917", "v": "1196701963", "key": "0", "osmid": "103938246", "highway": "residential", "name": "樱花大道", "oneway": "False", "reversed": "False", "length": "29.76045182739784", "lanes": "nan", "service": "nan", "tunnel": "nan" }, "geometry": { "type": "LineString", "coordinates": [ [ 114.3616301, 30.5421182 ], [ 114.3615779, 30.5421137 ], [ 114.3613219, 30.5420841 ] ] } },
{ "type": "Feature", "properties": { "fid": 195.0, "cat": 196, "cat_": 196, "u": "1196701923", "v": "12802019565", "key": "0", "osmid": "103639119", "highway": "residential", "name": "珞东二路", "oneway": "False", "reversed": "True", "length": "165.9276992433861", "lanes": "nan", "service": "nan", "tunnel": "nan" }, "geometry": { "type": "LineString", "coordinates": [ [ 114.368329, 30.5365194 ], [ 114.3687432, 30.536658 ], [ 114.3688187, 30.5366885 ], [ 114.3689055, 30.536732 ], [ 114.3691791, 30.536884 ], [ 114.369285, 30.5369233 ], [ 114.3693665, 30.5369416 ], [ 114.3694534, 30.5369465 ], [ 114.36952, 30.5369357 ], [ 114.3699178, 30.5368084 ] ] } },
{ "type": "Feature", "properties": { "fid": 196.0, "cat": 197, "cat_": 197, "u": "1196701923", "v": "12847386070", "key": "0", "osmid": "103642348", "highway": "residential", "name": "珞东一路", "oneway": "False", "reversed": "False", "length": "128.58399620301736", "lanes": "nan", "service": "nan", "tunnel": "nan" }, "geometry": { "type": "LineString", "coordinates": [ [ 114.368329, 30.5365194 ], [ 114.3684791, 30.5366327 ], [ 114.3685855, 30.5367193 ], [ 114.368707700000016, 30.5368161 ], [ 114.3687683, 30.5368682 ], [ 114.3688306, 30.5369346 ], [ 114.3689439, 30.5370721 ], [ 114.3690486, 30.5372031 ], [ 114.369132, 30.5373084 ], [ 114.3691971, 30.5373926 ] ] } },
{ "type": "Feature", "properties": { "fid": 197.0, "cat": 198, "cat_": 198, "u": "1196701923", "v": "12802019557", "key": "0", "osmid": "103642348", "highway": "residential", "name": "珞东一路", "oneway": "False", "reversed": "True", "length": "107.17486153224925", "lanes": "nan", "service": "nan", "tunnel": "nan" }, "geometry": { "type": "LineString", "coordinates": [ [ 114.368329, 30.5365194 ], [ 114.3680381, 30.5362899 ], [ 114.367782600000012, 30.5360455 ], [ 114.3676964, 30.5359579 ], [ 114.3675537, 30.5358259 ] ] } },
{ "type": "Feature", "properties": { "fid": 198.0, "cat": 199, "cat_": 199, "u": "1196701946", "v": "13246423601", "key": "0", "osmid": "1443545625", "highway": "tertiary", "name": "nan", "oneway": "True", "reversed": "False", "length": "13.84555073869084", "lanes": "nan", "service": "nan", "tunnel": "nan" }, "geometry": { "type": "LineString", "coordinates": [ [ 114.3617945, 30.5401016 ], [ 114.3618114, 30.5401164 ], [ 114.3618222, 30.540135 ], [ 114.361826, 30.5401555 ], [ 114.361822300000014, 30.5401759 ], [ 114.3618115, 30.540194499999988 ], [ 114.3617946, 30.5402093 ] ] } },
{ "type": "Feature", "properties": { "fid": 200.0, "cat": 201, "cat_": 201, "u": "1196701947", "v": "12889055212", "key": "0", "osmid": "103642349", "highway": "residential", "name": "侧船山路", "oneway": "False", "reversed": "False", "length": "21.8303233179057", "lanes": "nan", "service": "nan", "tunnel": "nan" }, "geometry": { "type": "LineString", "coordinates": [ [ 114.366624900000019, 30.5414018 ], [ 114.3666156, 30.5414324 ], [ 114.3666033, 30.5414507 ], [ 114.3665767, 30.5414721 ], [ 114.3665376, 30.5414928 ], [ 114.3664576, 30.5415159 ] ] } },
{ "type": "Feature", "properties": { "fid": 201.0, "cat": 202, "cat_": 202, "u": "1196701947", "v": "8823668081", "key": "0", "osmid": "103940630", "highway": "service", "name": "nan", "oneway": "False", "reversed": "True", "length": "195.89587718569496", "lanes": "nan", "service": "nan", "tunnel": "nan" }, "geometry": { "type": "LineString", "coordinates": [ [ 114.366624900000019, 30.5414018 ], [ 114.3668648, 30.5414537 ], [ 114.367123, 30.5415101 ], [ 114.3672235, 30.5415344 ], [ 114.3683495, 30.541634 ], [ 114.3684048, 30.541636099999987 ], [ 114.368438, 30.5416315 ], [ 114.3684617, 30.5416208 ], [ 114.3684821, 30.5416057 ], [ 114.3684958, 30.5415856 ], [ 114.3685087, 30.5415577 ], [ 114.3685324, 30.5414821 ] ] } },
{ "type": "Feature", "properties": { "fid": 202.0, "cat": 203, "cat_": 203, "u": "1196701951", "v": "3631666699", "key": "0", "osmid": "103940635", "highway": "service", "name": "nan", "oneway": "False", "reversed": "False", "length": "190.514802937159", "lanes": "nan", "service": "nan", "tunnel": "nan" }, "geometry": { "type": "LineString", "coordinates": [ [ 114.3658207, 30.542294 ], [ 114.364753, 30.5420481 ], [ 114.3647315, 30.5420406 ], [ 114.3647161, 30.5420322 ], [ 114.3647075, 30.5420175 ], [ 114.3647059, 30.5419997 ], [ 114.3647726, 30.5413921 ], [ 114.3647802, 30.5413112 ] ] } },
{ "type": "Feature", "properties": { "fid": 203.0, "cat": 204, "cat_": 204, "u": "1196701951", "v": "13545289881", "key": "0", "osmid": "1477330458", "highway": "residential", "name": "侧船山路", "oneway": "False", "reversed": "False", "length": "60.465169818507235", "lanes": "nan", "service": "nan", "tunnel": "nan" }, "geometry": { "type": "LineString", "coordinates": [ [ 114.3658207, 30.542294 ], [ 114.3657741, 30.5424045 ], [ 114.3656738, 30.5426287 ], [ 114.3655858, 30.5427985 ] ] } },
{ "type": "Feature", "properties": { "fid": 205.0, "cat": 206, "cat_": 206, "u": "1196701958", "v": "12804525253", "key": "0", "osmid": "103939869", "highway": "residential", "name": "学府东路", "oneway": "True", "reversed": "False", "length": "68.76993992434404", "lanes": "nan", "service": "nan", "tunnel": "nan" }, "geometry": { "type": "LineString", "coordinates": [ [ 114.3552922, 30.534829 ], [ 114.3547425, 30.5352269 ] ] } },
{ "type": "Feature", "properties": { "fid": 207.0, "cat": 208, "cat_": 208, "u": "1196701958", "v": "13240918470", "key": "0", "osmid": "1443076581", "highway": "residential", "name": "nan", "oneway": "False", "reversed": "False", "length": "4.839753931165161", "lanes": "nan", "service": "nan", "tunnel": "nan" }, "geometry": { "type": "LineString", "coordinates": [ [ 114.3552922, 30.534829 ], [ 114.3552434, 30.5348177 ] ] } },
{ "type": "Feature", "properties": { "fid": 210.0, "cat": 211, "cat_": 211, "u": "1196701963", "v": "4052778658", "key": "0", "osmid": "402874282", "highway": "service", "name": "nan", "oneway": "False", "reversed": "True", "length": "65.61353892744312", "lanes": "nan", "service": "nan", "tunnel": "nan" }, "geometry": { "type": "LineString", "coordinates": [ [ 114.3613219, 30.5420841 ], [ 114.3613115, 30.5421482 ], [ 114.3612271, 30.5426685 ] ] } },
{ "type": "Feature", "properties": { "fid": 212.0, "cat": 213, "cat_": 213, "u": "1196701967", "v": "12805750198", "key": "0", "osmid": "103642349", "highway": "residential", "name": "侧船山路", "oneway": "False", "reversed": "True", "length": "21.06823892874354", "lanes": "nan", "service": "nan", "tunnel": "nan" }, "geometry": { "type": "LineString", "coordinates": [ [ 114.3666495, 30.5406541 ], [ 114.3666572, 30.540539200000019 ], [ 114.3666632, 30.540465 ] ] } },
{ "type": "Feature", "properties": { "fid": 213.0, "cat": 214, "cat_": 214, "u": "1196701967", "v": "3631666699", "key": "0", "osmid": "103940635", "highway": "service", "name": "nan", "oneway": "False", "reversed": "True", "length": "249.44821999238064", "lanes": "nan", "service": "nan", "tunnel": "nan" }, "geometry": { "type": "LineString", "coordinates": [ [ 114.3666495, 30.5406541 ], [ 114.3665048, 30.5406388 ], [ 114.365621, 30.540565 ], [ 114.3652123, 30.5405268 ], [ 114.3651327, 30.5405298 ], [ 114.3650633, 30.5405416 ], [ 114.3650215, 30.5405544 ], [ 114.364965600000019, 30.5405777 ], [ 114.3649357, 30.5405928 ], [ 114.3649057, 30.5406133 ], [ 114.3648851, 30.540633 ], [ 114.3648675, 30.540658 ], [ 114.3648536, 30.540684 ], [ 114.3648459, 30.5407207 ], [ 114.3647802, 30.5413112 ] ] } },
{ "type": "Feature", "properties": { "fid": 216.0, "cat": 217, "cat_": 217, "u": "1196701971", "v": "13247000101", "key": "0", "osmid": "1443338269", "highway": "residential", "name": "文体路", "oneway": "False", "reversed": "False", "length": "89.21621398692619", "lanes": "nan", "service": "nan", "tunnel": "nan" }, "geometry": { "type": "LineString", "coordinates": [ [ 114.3604115, 30.5400083 ], [ 114.3604034, 30.5400471 ], [ 114.360393, 30.540079899999984 ], [ 114.3603722, 30.5401153 ], [ 114.3601443, 30.5404 ], [ 114.3601169, 30.5404376 ], [ 114.3601025, 30.5404629 ], [ 114.3600902, 30.5404845 ], [ 114.3600804, 30.5405028 ], [ 114.3600655, 30.5405395 ], [ 114.3600373, 30.5406157 ], [ 114.3600027, 30.5407193 ] ] } },
{ "type": "Feature", "properties": { "fid": 218.0, "cat": 219, "cat_": 219, "u": "1196701976", "v": "5487754076", "key": "0", "osmid": "103642350", "highway": "residential", "name": "湖滨路", "oneway": "False", "reversed": "True", "length": "252.00194849784418", "lanes": "nan", "service": "nan", "tunnel": "nan" }, "geometry": { "type": "LineString", "coordinates": [ [ 114.3623945, 30.5429152 ], [ 114.362760200000011, 30.5432086 ], [ 114.3629804, 30.543378599999986 ], [ 114.3631092, 30.5434657 ], [ 114.363224, 30.5435366 ], [ 114.3633415, 30.5435993 ], [ 114.3634653, 30.5436549 ], [ 114.3635837, 30.5437 ], [ 114.3636582, 30.5437239 ], [ 114.3637269, 30.5437408 ], [ 114.3637944, 30.5437494 ], [ 114.3638858, 30.543751 ], [ 114.3639693, 30.5437448 ], [ 114.3640327, 30.543732 ], [ 114.3641445, 30.5436986 ], [ 114.3642828, 30.543646 ], [ 114.3643907, 30.543598100000011 ], [ 114.3645449, 30.5435517 ], [ 114.364598300000011, 30.5435367 ], [ 114.3646499, 30.5435241 ] ] } },
{ "type": "Feature", "properties": { "fid": 223.0, "cat": 224, "cat_": 224, "u": "1196701982", "v": "8823667897", "key": "0", "osmid": "103642351", "highway": "residential", "name": "茶港路", "oneway": "False", "reversed": "False", "length": "59.44595396296265", "lanes": "nan", "service": "nan", "tunnel": "nan" }, "geometry": { "type": "LineString", "coordinates": [ [ 114.3521874, 30.5423196 ], [ 114.3516146, 30.5421136 ] ] } },
{ "type": "Feature", "properties": { "fid": 224.0, "cat": 225, "cat_": 225, "u": "1196701982", "v": "8823667912", "key": "0", "osmid": "84246296", "highway": "residential", "name": "桂园一路", "oneway": "False", "reversed": "False", "length": "90.9616880942583", "lanes": "nan", "service": "nan", "tunnel": "nan" }, "geometry": { "type": "LineString", "coordinates": [ [ 114.3521874, 30.5423196 ], [ 114.3522601, 30.5421732 ], [ 114.3523143, 30.5420642 ], [ 114.3524471, 30.54184 ], [ 114.352601, 30.5415837 ] ] } },
{ "type": "Feature", "properties": { "fid": 225.0, "cat": 226, "cat_": 226, "u": "1196701982", "v": "12805594657", "key": "0", "osmid": "103938359", "highway": "residential", "name": "茶港路", "oneway": "False", "reversed": "False", "length": "73.47289488973712", "lanes": "nan", "service": "nan", "tunnel": "nan" }, "geometry": { "type": "LineString", "coordinates": [ [ 114.3521874, 30.5423196 ], [ 114.3521758, 30.5423557 ], [ 114.3521371, 30.5424764 ], [ 114.3519981, 30.5428565 ], [ 114.3519911, 30.5429061 ], [ 114.3519923, 30.5429557 ] ] } },
{ "type": "Feature", "properties": { "fid": 226.0, "cat": 227, "cat_": 227, "u": "1197776481", "v": "12847386064", "key": "0", "osmid": "1387843564", "highway": "service", "name": "nan", "oneway": "False", "reversed": "False", "length": "14.66040337833563", "lanes": "nan", "service": "nan", "tunnel": "nan" }, "geometry": { "type": "LineString", "coordinates": [ [ 114.3683158, 30.5357316 ], [ 114.368259200000011, 30.5358541 ] ] } },
{ "type": "Feature", "properties": { "fid": 227.0, "cat": 228, "cat_": 228, "u": "1197776481", "v": "12802547786", "key": "0", "osmid": "103745616", "highway": "service", "name": "珞东路", "oneway": "False", "reversed": "False", "length": "244.3390361143597", "lanes": "nan", "service": "nan", "tunnel": "nan" }, "geometry": { "type": "LineString", "coordinates": [ [ 114.3683158, 30.5357316 ], [ 114.3674569, 30.5353695 ], [ 114.3673593, 30.5353175 ], [ 114.366960800000015, 30.535076 ], [ 114.3664907, 30.5347749 ], [ 114.3664295, 30.534753 ], [ 114.3663614, 30.5347472 ], [ 114.366089200000019, 30.5347556 ] ] } },
{ "type": "Feature", "properties": { "fid": 235.0, "cat": 236, "cat_": 236, "u": "1197816309", "v": "12802598363", "key": "0", "osmid": [ 1382802156, 1480167637 ], "highway": "service", "name": "nan", "oneway": "False", "reversed": "False", "length": "101.34389954058733", "lanes": "nan", "service": "nan", "tunnel": "nan" }, "geometry": { "type": "LineString", "coordinates": [ [ 114.3579242, 30.5343371 ], [ 114.3572582, 30.5345607 ], [ 114.3571578, 30.5342779 ] ] } },
{ "type": "Feature", "properties": { "fid": 238.0, "cat": 239, "cat_": 239, "u": "1197816310", "v": "1197829765", "key": "0", "osmid": "103747027", "highway": "residential", "name": "汉林东路", "oneway": "False", "reversed": "False", "length": "64.46184642340731", "lanes": "nan", "service": "nan", "tunnel": "nan" }, "geometry": { "type": "LineString", "coordinates": [ [ 114.3580789, 30.5346041 ], [ 114.3582007, 30.5347988 ], [ 114.3583399, 30.535022 ], [ 114.358398900000012, 30.5351141 ] ] } },
{ "type": "Feature", "properties": { "fid": 240.0, "cat": 241, "cat_": 241, "u": "1197816351", "v": "1406781205", "key": "0", "osmid": "103747027", "highway": "residential", "name": "汉林东路", "oneway": "False", "reversed": "True", "length": "9.340287999682797", "lanes": "nan", "service": "nan", "tunnel": "nan" }, "geometry": { "type": "LineString", "coordinates": [ [ 114.3576065, 30.5334882 ], [ 114.3575811, 30.5334071 ] ] } },
{ "type": "Feature", "properties": { "fid": 242.0, "cat": 243, "cat_": 243, "u": "1197829722", "v": "12802598323", "key": "0", "osmid": "103747561", "highway": "service", "name": "珞南三路", "oneway": "False", "reversed": "False", "length": "24.239597986718067", "lanes": "nan", "service": "nan", "tunnel": "nan" }, "geometry": { "type": "LineString", "coordinates": [ [ 114.359171, 30.5337505 ], [ 114.3592457, 30.5338829 ], [ 114.3592845, 30.5339453 ] ] } },
{ "type": "Feature", "properties": { "fid": 245.0, "cat": 246, "cat_": 246, "u": "1197829746", "v": "12802598329", "key": "0", "osmid": "103747561", "highway": "service", "name": "珞南三路", "oneway": "False", "reversed": "False", "length": "40.92886107226032", "lanes": "nan", "service": "nan", "tunnel": "nan" }, "geometry": { "type": "LineString", "coordinates": [ [ 114.3594319, 30.5341845 ], [ 114.3596323, 30.5345096 ] ] } },
{ "type": "Feature", "properties": { "fid": 246.0, "cat": 247, "cat_": 247, "u": "1197829746", "v": "12802598323", "key": "0", "osmid": "103747561", "highway": "service", "name": "珞南三路", "oneway": "False", "reversed": "True", "length": "30.112193160003113", "lanes": "nan", "service": "nan", "tunnel": "nan" }, "geometry": { "type": "LineString", "coordinates": [ [ 114.3594319, 30.5341845 ], [ 114.3592845, 30.5339453 ] ] } },
{ "type": "Feature", "properties": { "fid": 251.0, "cat": 252, "cat_": 252, "u": "1197829765", "v": "12802598332", "key": "0", "osmid": "103747027", "highway": "residential", "name": "汉林东路", "oneway": "False", "reversed": "False", "length": "33.92079158292463", "lanes": "nan", "service": "nan", "tunnel": "nan" }, "geometry": { "type": "LineString", "coordinates": [ [ 114.358398900000012, 30.5351141 ], [ 114.3585028, 30.5352805 ], [ 114.3585668, 30.5353827 ] ] } },
{ "type": "Feature", "properties": { "fid": 253.0, "cat": 254, "cat_": 254, "u": "1197829765", "v": "12802598355", "key": "0", "osmid": "103747547", "highway": "service", "name": "nan", "oneway": "False", "reversed": "False", "length": "78.67279494857918", "lanes": "nan", "service": "nan", "tunnel": "nan" }, "geometry": { "type": "LineString", "coordinates": [ [ 114.358398900000012, 30.5351141 ], [ 114.3580308, 30.5352951 ], [ 114.3576883, 30.535469 ] ] } },
{ "type": "Feature", "properties": { "fid": 254.0, "cat": 255, "cat_": 255, "u": "1197829771", "v": "1197829761", "key": "0", "osmid": "103747559", "highway": "service", "name": "nan", "oneway": "False", "reversed": "False", "length": "66.10458880993765", "lanes": "nan", "service": "nan", "tunnel": "nan" }, "geometry": { "type": "LineString", "coordinates": [ [ 114.3590895, 30.5335012 ], [ 114.3584169, 30.5336346 ] ] } },
{ "type": "Feature", "properties": { "fid": 256.0, "cat": 257, "cat_": 257, "u": "1197829771", "v": "1197829892", "key": "0", "osmid": "103747561", "highway": "service", "name": "珞南三路", "oneway": "False", "reversed": "True", "length": "9.680311913288447", "lanes": "nan", "service": "nan", "tunnel": "nan" }, "geometry": { "type": "LineString", "coordinates": [ [ 114.3590895, 30.5335012 ], [ 114.3590762, 30.5334149 ] ] } },
{ "type": "Feature", "properties": { "fid": 257.0, "cat": 258, "cat_": 258, "u": "1197829790", "v": "1197816279", "key": "0", "osmid": "103747027", "highway": "residential", "name": "汉林东路", "oneway": "False", "reversed": "False", "length": "21.547117690695742", "lanes": "nan", "service": "nan", "tunnel": "nan" }, "geometry": { "type": "LineString", "coordinates": [ [ 114.3576656, 30.5336735 ], [ 114.3577224, 30.533861 ] ] } },
{ "type": "Feature", "properties": { "fid": 259.0, "cat": 260, "cat_": 260, "u": "1197829790", "v": "1197829761", "key": "0", "osmid": "103747544", "highway": "service", "name": "nan", "oneway": "False", "reversed": "False", "length": "89.9639625690398", "lanes": "nan", "service": "nan", "tunnel": "nan" }, "geometry": { "type": "LineString", "coordinates": [ [ 114.3576656, 30.5336735 ], [ 114.3577886, 30.5336327 ], [ 114.3583292, 30.5334532 ], [ 114.3584169, 30.5336346 ] ] } },
{ "type": "Feature", "properties": { "fid": 260.0, "cat": 261, "cat_": 261, "u": "1197829824", "v": "1197829761", "key": "0", "osmid": "103747559", "highway": "service", "name": "nan", "oneway": "False", "reversed": "True", "length": "9.228478751266147", "lanes": "nan", "service": "nan", "tunnel": "nan" }, "geometry": { "type": "LineString", "coordinates": [ [ 114.358393, 30.533715 ], [ 114.3584169, 30.5336346 ] ] } },
{ "type": "Feature", "properties": { "fid": 261.0, "cat": 262, "cat_": 262, "u": "1197829824", "v": "1197816279", "key": "0", "osmid": "1382802160", "highway": "service", "name": "nan", "oneway": "False", "reversed": "False", "length": "66.2471397657949", "lanes": "nan", "service": "nan", "tunnel": "nan" }, "geometry": { "type": "LineString", "coordinates": [ [ 114.358393, 30.533715 ], [ 114.3577224, 30.533861 ] ] } },
{ "type": "Feature", "properties": { "fid": 263.0, "cat": 264, "cat_": 264, "u": "1197829834", "v": "1197829722", "key": "0", "osmid": "103747561", "highway": "service", "name": "珞南三路", "oneway": "False", "reversed": "False", "length": "11.776914886008395", "lanes": "nan", "service": "nan", "tunnel": "nan" }, "geometry": { "type": "LineString", "coordinates": [ [ 114.3591267, 30.5336517 ], [ 114.359171, 30.5337505 ] ] } },
{ "type": "Feature", "properties": { "fid": 264.0, "cat": 265, "cat_": 265, "u": "1197829834", "v": "1197829771", "key": "0", "osmid": "103747561", "highway": "service", "name": "珞南三路", "oneway": "False", "reversed": "True", "length": "17.10992467150988", "lanes": "nan", "service": "nan", "tunnel": "nan" }, "geometry": { "type": "LineString", "coordinates": [ [ 114.3591267, 30.5336517 ], [ 114.3590895, 30.5335012 ] ] } },
{ "type": "Feature", "properties": { "fid": 265.0, "cat": 266, "cat_": 266, "u": "1197829834", "v": "12802547783", "key": "0", "osmid": "103747566", "highway": "service", "name": "nan", "oneway": "False", "reversed": "True", "length": "97.9301323610445", "lanes": "nan", "service": "nan", "tunnel": "nan" }, "geometry": { "type": "LineString", "coordinates": [ [ 114.3591267, 30.5336517 ], [ 114.3600761, 30.5333247 ] ] } },
{ "type": "Feature", "properties": { "fid": 266.0, "cat": 267, "cat_": 267, "u": "1197829849", "v": "1197816310", "key": "0", "osmid": "103747027", "highway": "residential", "name": "汉林东路", "oneway": "False", "reversed": "False", "length": "22.943261771837843", "lanes": "nan", "service": "nan", "tunnel": "nan" }, "geometry": { "type": "LineString", "coordinates": [ [ 114.3579705, 30.5344201 ], [ 114.3580789, 30.5346041 ] ] } },
{ "type": "Feature", "properties": { "fid": 267.0, "cat": 268, "cat_": 268, "u": "1197829849", "v": "1197816309", "key": "0", "osmid": "103747027", "highway": "residential", "name": "汉林东路", "oneway": "False", "reversed": "True", "length": "10.23922611354589", "lanes": "nan", "service": "nan", "tunnel": "nan" }, "geometry": { "type": "LineString", "coordinates": [ [ 114.3579705, 30.5344201 ], [ 114.3579242, 30.5343371 ] ] } },
{ "type": "Feature", "properties": { "fid": 268.0, "cat": 269, "cat_": 269, "u": "1197829849", "v": "1197829938", "key": "0", "osmid": "103747570", "highway": "service", "name": "nan", "oneway": "False", "reversed": "True", "length": "63.07547414552861", "lanes": "nan", "service": "nan", "tunnel": "nan" }, "geometry": { "type": "LineString", "coordinates": [ [ 114.3579705, 30.5344201 ], [ 114.3584301, 30.5343157 ], [ 114.3586045, 30.5342672 ] ] } },
{ "type": "Feature", "properties": { "fid": 269.0, "cat": 270, "cat_": 270, "u": "1197829866", "v": "12802598359", "key": "0", "osmid": "103642343", "highway": "residential", "name": "珞南一路", "oneway": "False", "reversed": "False", "length": "15.307095402210741", "lanes": "nan", "service": "nan", "tunnel": "nan" }, "geometry": { "type": "LineString", "coordinates": [ [ 114.357321, 30.5348555 ], [ 114.3572284, 30.5347433 ] ] } },
{ "type": "Feature", "properties": { "fid": 270.0, "cat": 271, "cat_": 271, "u": "1197829866", "v": "1197816310", "key": "0", "osmid": "103747565", "highway": "service", "name": "nan", "oneway": "False", "reversed": "True", "length": "77.78442791281887", "lanes": "nan", "service": "nan", "tunnel": "nan" }, "geometry": { "type": "LineString", "coordinates": [ [ 114.357321, 30.5348555 ], [ 114.3580789, 30.5346041 ] ] } },
{ "type": "Feature", "properties": { "fid": 271.0, "cat": 272, "cat_": 272, "u": "1197829866", "v": "12802598355", "key": "0", "osmid": "103642343", "highway": "residential", "name": "珞南一路", "oneway": "False", "reversed": "True", "length": "76.92454033750518", "lanes": "nan", "service": "nan", "tunnel": "nan" }, "geometry": { "type": "LineString", "coordinates": [ [ 114.357321, 30.5348555 ], [ 114.3574242, 30.5350524 ], [ 114.3575563, 30.5352892 ], [ 114.3575979, 30.5353541 ], [ 114.3576296, 30.5353988 ], [ 114.3576583, 30.5354348 ], [ 114.3576883, 30.535469 ] ] } },
{ "type": "Feature", "properties": { "fid": 272.0, "cat": 273, "cat_": 273, "u": "1197829869", "v": "1197816309", "key": "0", "osmid": "103747027", "highway": "residential", "name": "汉林东路", "oneway": "False", "reversed": "False", "length": "22.523623508817792", "lanes": "nan", "service": "nan", "tunnel": "nan" }, "geometry": { "type": "LineString", "coordinates": [ [ 114.3578309, 30.5341512 ], [ 114.3578682, 30.5342301 ], [ 114.3579242, 30.5343371 ] ] } },
{ "type": "Feature", "properties": { "fid": 273.0, "cat": 274, "cat_": 274, "u": "1197829869", "v": "1197816279", "key": "0", "osmid": "103747027", "highway": "residential", "name": "汉林东路", "oneway": "False", "reversed": "True", "length": "33.901944821360615", "lanes": "nan", "service": "nan", "tunnel": "nan" }, "geometry": { "type": "LineString", "coordinates": [ [ 114.3578309, 30.5341512 ], [ 114.3577979, 30.5340667 ], [ 114.3577224, 30.533861 ] ] } },
{ "type": "Feature", "properties": { "fid": 276.0, "cat": 277, "cat_": 277, "u": "1197829892", "v": "12802547782", "key": "0", "osmid": "1382802148", "highway": "service", "name": "nan", "oneway": "False", "reversed": "True", "length": "91.65560428153675", "lanes": "nan", "service": "nan", "tunnel": "nan" }, "geometry": { "type": "LineString", "coordinates": [ [ 114.3590762, 30.5334149 ], [ 114.3599659, 30.5331113 ] ] } },
{ "type": "Feature", "properties": { "fid": 277.0, "cat": 278, "cat_": 278, "u": "1197829892", "v": "12802547781", "key": "0", "osmid": "103747536", "highway": "service", "name": "nan", "oneway": "False", "reversed": "True", "length": "110.67050230643284", "lanes": "nan", "service": "nan", "tunnel": "nan" }, "geometry": { "type": "LineString", "coordinates": [ [ 114.3590762, 30.5334149 ], [ 114.3590578, 30.5332329 ], [ 114.359058, 30.5331962 ], [ 114.3590652, 30.5331628 ], [ 114.3590794, 30.5331416 ], [ 114.3591087, 30.533119 ], [ 114.3591438, 30.5330985 ], [ 114.3598373, 30.5328498 ] ] } },
{ "type": "Feature", "properties": { "fid": 278.0, "cat": 279, "cat_": 279, "u": "1197829893", "v": "1197829746", "key": "0", "osmid": "103747543", "highway": "service", "name": "nan", "oneway": "False", "reversed": "True", "length": "106.14310665566157", "lanes": "nan", "service": "nan", "tunnel": "nan" }, "geometry": { "type": "LineString", "coordinates": [ [ 114.3584808, 30.5346745 ], [ 114.3594319, 30.5341845 ] ] } },
{ "type": "Feature", "properties": { "fid": 279.0, "cat": 280, "cat_": 280, "u": "1197829902", "v": "12802598340", "key": "0", "osmid": "103747537", "highway": "service", "name": "nan", "oneway": "False", "reversed": "True", "length": "38.74389247881739", "lanes": "nan", "service": "nan", "tunnel": "nan" }, "geometry": { "type": "LineString", "coordinates": [ [ 114.3590336, 30.5348052 ], [ 114.359226, 30.5351117 ] ] } },
{ "type": "Feature", "properties": { "fid": 280.0, "cat": 281, "cat_": 281, "u": "1197829902", "v": "1197829765", "key": "0", "osmid": "103747567", "highway": "service", "name": "nan", "oneway": "False", "reversed": "False", "length": "69.8210874666544", "lanes": "nan", "service": "nan", "tunnel": "nan" }, "geometry": { "type": "LineString", "coordinates": [ [ 114.3590336, 30.5348052 ], [ 114.358398900000012, 30.5351141 ] ] } },
{ "type": "Feature", "properties": { "fid": 281.0, "cat": 282, "cat_": 282, "u": "1197829902", "v": "12802598329", "key": "0", "osmid": "103747567", "highway": "service", "name": "nan", "oneway": "False", "reversed": "True", "length": "66.09315483908108", "lanes": "nan", "service": "nan", "tunnel": "nan" }, "geometry": { "type": "LineString", "coordinates": [ [ 114.3590336, 30.5348052 ], [ 114.3596323, 30.5345096 ] ] } },
{ "type": "Feature", "properties": { "fid": 282.0, "cat": 283, "cat_": 283, "u": "1197829938", "v": "12802598368", "key": "0", "osmid": "1382802162", "highway": "path", "name": "nan", "oneway": "False", "reversed": "False", "length": "27.45473384918328", "lanes": "nan", "service": "nan", "tunnel": "nan" }, "geometry": { "type": "LineString", "coordinates": [ [ 114.3586045, 30.5342672 ], [ 114.3585443, 30.5340258 ] ] } },
{ "type": "Feature", "properties": { "fid": 284.0, "cat": 285, "cat_": 285, "u": "1197829938", "v": "12802598323", "key": "0", "osmid": "103747570", "highway": "service", "name": "nan", "oneway": "False", "reversed": "True", "length": "74.65697515654603", "lanes": "nan", "service": "nan", "tunnel": "nan" }, "geometry": { "type": "LineString", "coordinates": [ [ 114.3586045, 30.5342672 ], [ 114.3588191, 30.5341921 ], [ 114.3589046, 30.5341569 ], [ 114.3589947, 30.5341136 ], [ 114.3590852, 30.5340683 ], [ 114.359157, 30.534027 ], [ 114.3592845, 30.5339453 ] ] } },
{ "type": "Feature", "properties": { "fid": 285.0, "cat": 286, "cat_": 286, "u": "1197845946", "v": "1197845992", "key": "0", "osmid": "103751584", "highway": "service", "name": "nan", "oneway": "False", "reversed": "True", "length": "28.283213043639915", "lanes": "nan", "service": "nan", "tunnel": "nan" }, "geometry": { "type": "LineString", "coordinates": [ [ 114.3616247, 30.535235 ], [ 114.3616811, 30.5350848 ], [ 114.3617149, 30.5349928 ] ] } },
{ "type": "Feature", "properties": { "fid": 286.0, "cat": 287, "cat_": 287, "u": "1197845962", "v": "13239968036", "key": "0", "osmid": "103751583", "highway": "residential", "name": "梅园一路", "oneway": "False", "reversed": "False", "length": "102.78131669164019", "lanes": "nan", "service": "nan", "tunnel": "nan" }, "geometry": { "type": "LineString", "coordinates": [ [ 114.3586993, 30.5378141 ], [ 114.3586443, 30.5375855 ], [ 114.3586076, 30.5374408 ], [ 114.358594, 30.5374018 ], [ 114.3585644, 30.5373306 ], [ 114.3585358, 30.537265 ], [ 114.3585115, 30.5372181 ], [ 114.358485300000012, 30.5371765 ], [ 114.358460800000017, 30.5371402 ], [ 114.3584263, 30.5370928 ], [ 114.3583709, 30.5370328 ], [ 114.3583478, 30.5370085 ], [ 114.358309700000021, 30.5369686 ] ] } },
{ "type": "Feature", "properties": { "fid": 287.0, "cat": 288, "cat_": 288, "u": "1197845962", "v": "1199722376", "key": "0", "osmid": "103751583", "highway": "residential", "name": "梅园一路", "oneway": "False", "reversed": "True", "length": "85.29651971040079", "lanes": "nan", "service": "nan", "tunnel": "nan" }, "geometry": { "type": "LineString", "coordinates": [ [ 114.3586993, 30.5378141 ], [ 114.3587139, 30.537879 ], [ 114.3587855, 30.5381485 ], [ 114.3588271, 30.5382947 ], [ 114.3588406, 30.5383362 ], [ 114.3588565, 30.5383757 ], [ 114.358887, 30.5384262 ], [ 114.3589106, 30.5384605 ], [ 114.3589335, 30.5384869 ], [ 114.3589544, 30.538509 ], [ 114.3589796, 30.5385309 ] ] } },
{ "type": "Feature", "properties": { "fid": 288.0, "cat": 289, "cat_": 289, "u": "1197845962", "v": "13647688081", "key": "0", "osmid": "1445901366", "highway": "service", "name": "nan", "oneway": "False", "reversed": "True", "length": "46.01943511594653", "lanes": "nan", "service": "parking_aisle", "tunnel": "nan" }, "geometry": { "type": "LineString", "coordinates": [ [ 114.3586993, 30.5378141 ], [ 114.3585464, 30.5378426 ], [ 114.3586128, 30.5381158 ] ] } },
{ "type": "Feature", "properties": { "fid": 289.0, "cat": 290, "cat_": 290, "u": "1197845967", "v": "1199722376", "key": "0", "osmid": "103751583", "highway": "residential", "name": "梅园一路", "oneway": "False", "reversed": "False", "length": "26.813111632970937", "lanes": "nan", "service": "nan", "tunnel": "nan" }, "geometry": { "type": "LineString", "coordinates": [ [ 114.3591915, 30.5386885 ], [ 114.3589796, 30.5385309 ] ] } },
{ "type": "Feature", "properties": { "fid": 291.0, "cat": 292, "cat_": 292, "u": "1197845967", "v": "13266173086", "key": "0", "osmid": "1445901358", "highway": "service", "name": "nan", "oneway": "False", "reversed": "True", "length": "21.99600515356198", "lanes": "nan", "service": "nan", "tunnel": "nan" }, "geometry": { "type": "LineString", "coordinates": [ [ 114.3591915, 30.5386885 ], [ 114.359200200000018, 30.5386721 ], [ 114.3592912, 30.538510299999988 ] ] } },
{ "type": "Feature", "properties": { "fid": 292.0, "cat": 293, "cat_": 293, "u": "1197845984", "v": "1197845967", "key": "0", "osmid": [ 103751596, 103751583 ], "highway": [ "residential", "service" ], "name": "梅园一路", "oneway": "False", "reversed": "False", "length": "152.01130234127388", "lanes": "nan", "service": "nan", "tunnel": "nan" }, "geometry": { "type": "LineString", "coordinates": [ [ 114.3602696, 30.5388235 ], [ 114.3602151, 30.5389904 ], [ 114.3602083, 30.5390049 ], [ 114.3602015, 30.5390182 ], [ 114.3601916, 30.5390329 ], [ 114.3600826, 30.5391532 ], [ 114.3600202, 30.5392329 ], [ 114.3599904, 30.539214299999987 ], [ 114.3597792, 30.5390778 ], [ 114.3597229, 30.5390395 ], [ 114.3595994, 30.5389613 ], [ 114.3595365, 30.5389189 ], [ 114.3594428, 30.5388584 ], [ 114.3593925, 30.538827 ], [ 114.3592998, 30.5387644 ], [ 114.3591915, 30.5386885 ] ] } },
{ "type": "Feature", "properties": { "fid": 294.0, "cat": 295, "cat_": 295, "u": "1197845986", "v": "1199709677", "key": "0", "osmid": "1387946068", "highway": "service", "name": "珞北三路", "oneway": "False", "reversed": "True", "length": "29.916166243217216", "lanes": "nan", "service": "nan", "tunnel": "nan" }, "geometry": { "type": "LineString", "coordinates": [ [ 114.361957300000014, 30.5347177 ], [ 114.3620376, 30.5344577 ] ] } },
{ "type": "Feature", "properties": { "fid": 298.0, "cat": 299, "cat_": 299, "u": "1197845992", "v": "12848307719", "key": "0", "osmid": "103937251", "highway": "path", "name": "nan", "oneway": "False", "reversed": "False", "length": "111.64715069302477", "lanes": "nan", "service": "nan", "tunnel": "nan" }, "geometry": { "type": "LineString", "coordinates": [ [ 114.3617149, 30.5349928 ], [ 114.3621764, 30.5350334 ], [ 114.3625283, 30.5350643 ], [ 114.3628746, 30.5350948 ] ] } },
{ "type": "Feature", "properties": { "fid": 299.0, "cat": 300, "cat_": 300, "u": "1197846063", "v": "1197845992", "key": "0", "osmid": "103751584", "highway": "service", "name": "nan", "oneway": "False", "reversed": "False", "length": "29.211881575584304", "lanes": "nan", "service": "nan", "tunnel": "nan" }, "geometry": { "type": "LineString", "coordinates": [ [ 114.361791, 30.5347384 ], [ 114.3617149, 30.5349928 ] ] } },
{ "type": "Feature", "properties": { "fid": 300.0, "cat": 301, "cat_": 301, "u": "1197846063", "v": "1197845986", "key": "0", "osmid": "1382900359", "highway": "service", "name": "珞北二路", "oneway": "False", "reversed": "True", "length": "16.09279139711024", "lanes": "nan", "service": "nan", "tunnel": "nan" }, "geometry": { "type": "LineString", "coordinates": [ [ 114.361791, 30.5347384 ], [ 114.361957300000014, 30.5347177 ] ] } },
{ "type": "Feature", "properties": { "fid": 301.0, "cat": 302, "cat_": 302, "u": "1197846063", "v": "12802547760", "key": "0", "osmid": [ 1480961964, 1382900359 ], "highway": "service", "name": "珞北二路", "oneway": "False", "reversed": "False", "length": "189.62933765009507", "lanes": "nan", "service": "nan", "tunnel": "nan" }, "geometry": { "type": "LineString", "coordinates": [ [ 114.361791, 30.5347384 ], [ 114.3615345, 30.534777 ], [ 114.3613491, 30.5348191 ], [ 114.3610883, 30.5348911 ], [ 114.3604877, 30.535057900000012 ], [ 114.3603734, 30.5348526 ], [ 114.3602184, 30.5345741 ] ] } },
{ "type": "Feature", "properties": { "fid": 302.0, "cat": 303, "cat_": 303, "u": "1197846084", "v": "1199738795", "key": "0", "osmid": "103751598", "highway": "residential", "name": "梅园一路", "oneway": "False", "reversed": "False", "length": "14.259304845234855", "lanes": "nan", "service": "nan", "tunnel": "nan" }, "geometry": { "type": "LineString", "coordinates": [ [ 114.3602543, 30.5393679 ], [ 114.3603615, 30.5393774 ], [ 114.3604024, 30.5393811 ] ] } },
{ "type": "Feature", "properties": { "fid": 303.0, "cat": 304, "cat_": 304, "u": "1197850795", "v": "9158437416", "key": "0", "osmid": "1383438570", "highway": "residential", "name": "nan", "oneway": "False", "reversed": "False", "length": "12.416659396680298", "lanes": "nan", "service": "nan", "tunnel": "nan" }, "geometry": { "type": "LineString", "coordinates": [ [ 114.3545169, 30.5377458 ], [ 114.3546421, 30.537716799999988 ] ] } },
{ "type": "Feature", "properties": { "fid": 304.0, "cat": 305, "cat_": 305, "u": "1197850795", "v": "3631666640", "key": "0", "osmid": "991212147", "highway": "residential", "name": "弘毅路", "oneway": "False", "reversed": "True", "length": "14.625662573868745", "lanes": "nan", "service": "nan", "tunnel": "nan" }, "geometry": { "type": "LineString", "coordinates": [ [ 114.3545169, 30.5377458 ], [ 114.3544592, 30.5377613 ], [ 114.3543705, 30.5377832 ] ] } },
{ "type": "Feature", "properties": { "fid": 305.0, "cat": 306, "cat_": 306, "u": "1197850795", "v": "1196701880", "key": "0", "osmid": "1383203263", "highway": "tertiary", "name": "自强大道", "oneway": "True", "reversed": "False", "length": "208.6019077704301", "lanes": "2", "service": "nan", "tunnel": "nan" }, "geometry": { "type": "LineString", "coordinates": [ [ 114.3545169, 30.5377458 ], [ 114.3544972, 30.5376808 ], [ 114.3544544, 30.5375329 ], [ 114.3544338, 30.537465 ], [ 114.3544079, 30.5373817 ], [ 114.3543788, 30.5372922 ], [ 114.3543435, 30.537204200000016 ], [ 114.354305, 30.5371085 ], [ 114.354261800000018, 30.537027599999984 ], [ 114.3542257, 30.5369646 ], [ 114.354181, 30.5369012 ], [ 114.3541366, 30.5368423 ], [ 114.354084, 30.5367793 ], [ 114.3540337, 30.5367208 ], [ 114.35397810000002, 30.5366609 ], [ 114.35393790000002, 30.5366227 ], [ 114.3538767, 30.536568599999988 ], [ 114.353828, 30.5365298 ], [ 114.3537754, 30.53649 ], [ 114.3536656, 30.5364127 ], [ 114.3533821, 30.5362134 ] ] } },
{ "type": "Feature", "properties": { "fid": 306.0, "cat": 307, "cat_": 307, "u": "1197863009", "v": "3631666689", "key": "0", "osmid": "103642344", "highway": "residential", "name": "文体路", "oneway": "False", "reversed": "True", "length": "88.75533380479187", "lanes": "nan", "service": "nan", "tunnel": "nan" }, "geometry": { "type": "LineString", "coordinates": [ [ 114.3597298, 30.5413485 ], [ 114.3596853, 30.5413284 ], [ 114.3593852, 30.5411928 ], [ 114.3589091, 30.5409777 ] ] } },
{ "type": "Feature", "properties": { "fid": 307.0, "cat": 308, "cat_": 308, "u": "1197863009", "v": "13246989600", "key": "0", "osmid": "1387514492", "highway": "service", "name": "nan", "oneway": "False", "reversed": "True", "length": "27.12680216525228", "lanes": "nan", "service": "nan", "tunnel": "nan" }, "geometry": { "type": "LineString", "coordinates": [ [ 114.3597298, 30.5413485 ], [ 114.3598325, 30.5414009 ], [ 114.3598702, 30.5414171 ], [ 114.3599105, 30.5414264 ], [ 114.3599512, 30.5414315 ], [ 114.3599901, 30.541432 ] ] } },
{ "type": "Feature", "properties": { "fid": 308.0, "cat": 309, "cat_": 309, "u": "1197863009", "v": "13247000101", "key": "0", "osmid": "1443338269", "highway": "residential", "name": "文体路", "oneway": "False", "reversed": "True", "length": "79.10054673435054", "lanes": "nan", "service": "nan", "tunnel": "nan" }, "geometry": { "type": "LineString", "coordinates": [ [ 114.3597298, 30.5413485 ], [ 114.359756, 30.5413483 ], [ 114.3597754, 30.541346799999989 ], [ 114.3597918, 30.541342 ], [ 114.3598107, 30.5413317 ], [ 114.3598296, 30.5413135 ], [ 114.3598391, 30.5412987 ], [ 114.3598466, 30.541283 ], [ 114.359852800000013, 30.541265 ], [ 114.3600027, 30.5407193 ] ] } },
{ "type": "Feature", "properties": { "fid": 310.0, "cat": 311, "cat_": 311, "u": "1199709634", "v": "13394366394", "key": "0", "osmid": "103937240", "highway": "service", "name": "nan", "oneway": "False", "reversed": "True", "length": "133.1428320255255", "lanes": "nan", "service": "nan", "tunnel": "nan" }, "geometry": { "type": "LineString", "coordinates": [ [ 114.3633398, 30.5350317 ], [ 114.3640773, 30.5351127 ], [ 114.3647188, 30.5351832 ] ] } },
{ "type": "Feature", "properties": { "fid": 311.0, "cat": 312, "cat_": 312, "u": "1199709634", "v": "12848307719", "key": "0", "osmid": [ 103937251, 1480961975 ], "highway": "path", "name": "nan", "oneway": "False", "reversed": "True", "length": "47.99780748233433", "lanes": "nan", "service": "nan", "tunnel": "nan" }, "geometry": { "type": "LineString", "coordinates": [ [ 114.3633398, 30.5350317 ], [ 114.3631939, 30.5351228 ], [ 114.3628746, 30.5350948 ] ] } },
{ "type": "Feature", "properties": { "fid": 312.0, "cat": 313, "cat_": 313, "u": "1199709642", "v": "13394366394", "key": "0", "osmid": "103937240", "highway": "service", "name": "nan", "oneway": "False", "reversed": "False", "length": "136.43369358941754", "lanes": "nan", "service": "nan", "tunnel": "nan" }, "geometry": { "type": "LineString", "coordinates": [ [ 114.3661317, 30.5353397 ], [ 114.3647188, 30.5351832 ] ] } },
{ "type": "Feature", "properties": { "fid": 314.0, "cat": 315, "cat_": 315, "u": "1199709642", "v": "13394398310", "key": "0", "osmid": "1460410154", "highway": "path", "name": "nan", "oneway": "False", "reversed": "False", "length": "59.455888295848176", "lanes": "nan", "service": "nan", "tunnel": "nan" }, "geometry": { "type": "LineString", "coordinates": [ [ 114.3661317, 30.5353397 ], [ 114.3661804, 30.53557 ], [ 114.3662569, 30.5358633 ] ] } },
{ "type": "Feature", "properties": { "fid": 317.0, "cat": 318, "cat_": 318, "u": "1199709677", "v": "12802598303", "key": "0", "osmid": "1387946068", "highway": "service", "name": "珞北三路", "oneway": "False", "reversed": "True", "length": "34.981637590389646", "lanes": "nan", "service": "nan", "tunnel": "nan" }, "geometry": { "type": "LineString", "coordinates": [ [ 114.3620376, 30.5344577 ], [ 114.3621316, 30.5341537 ] ] } },
{ "type": "Feature", "properties": { "fid": 318.0, "cat": 319, "cat_": 319, "u": "1199709694", "v": "1199709677", "key": "0", "osmid": "1382900364", "highway": "service", "name": "nan", "oneway": "False", "reversed": "False", "length": "61.38067020403202", "lanes": "nan", "service": "nan", "tunnel": "nan" }, "geometry": { "type": "LineString", "coordinates": [ [ 114.3626562, 30.534602 ], [ 114.3620376, 30.5344577 ] ] } },
{ "type": "Feature", "properties": { "fid": 319.0, "cat": 320, "cat_": 320, "u": "1199709694", "v": "12848137582", "key": "0", "osmid": "1387929417", "highway": "service", "name": "nan", "oneway": "False", "reversed": "False", "length": "19.66324603189964", "lanes": "nan", "service": "nan", "tunnel": "nan" }, "geometry": { "type": "LineString", "coordinates": [ [ 114.3626562, 30.534602 ], [ 114.3627115, 30.5344317 ] ] } },
{ "type": "Feature", "properties": { "fid": 321.0, "cat": 322, "cat_": 322, "u": "1199709735", "v": "12803424258", "key": "0", "osmid": "1387978160", "highway": "service", "name": "珞北四路", "oneway": "False", "reversed": "False", "length": "4.729854666036752", "lanes": "nan", "service": "nan", "tunnel": "nan" }, "geometry": { "type": "LineString", "coordinates": [ [ 114.3633792, 30.534762799999985 ], [ 114.3633854, 30.5347206 ] ] } },
{ "type": "Feature", "properties": { "fid": 323.0, "cat": 324, "cat_": 324, "u": "1199709735", "v": "1199709694", "key": "0", "osmid": "1382900364", "highway": "service", "name": "nan", "oneway": "False", "reversed": "False", "length": "71.52907722879971", "lanes": "nan", "service": "nan", "tunnel": "nan" }, "geometry": { "type": "LineString", "coordinates": [ [ 114.3633792, 30.534762799999985 ], [ 114.3631937, 30.534727 ], [ 114.3626562, 30.534602 ] ] } },
{ "type": "Feature", "properties": { "fid": 325.0, "cat": 326, "cat_": 326, "u": "1199709762", "v": "12802019550", "key": "0", "osmid": "1479824192", "highway": "service", "name": "nan", "oneway": "False", "reversed": "True", "length": "5.960854816354943", "lanes": "nan", "service": "nan", "tunnel": "nan" }, "geometry": { "type": "LineString", "coordinates": [ [ 114.3662704, 30.535114 ], [ 114.3663241, 30.5350869 ] ] } },
{ "type": "Feature", "properties": { "fid": 329.0, "cat": 330, "cat_": 330, "u": "1199722376", "v": "13266196565", "key": "0", "osmid": "103938360", "highway": "residential", "name": "梅园路", "oneway": "False", "reversed": "False", "length": "58.10140002517253", "lanes": "nan", "service": "nan", "tunnel": "nan" }, "geometry": { "type": "LineString", "coordinates": [ [ 114.3589796, 30.5385309 ], [ 114.3588944, 30.5387861 ], [ 114.3588732, 30.5388499 ], [ 114.3588154, 30.5390339 ] ] } },
{ "type": "Feature", "properties": { "fid": 330.0, "cat": 331, "cat_": 331, "u": "1199738793", "v": "1196701971", "key": "0", "osmid": "103642352", "highway": "tertiary", "name": "学府路", "oneway": "False", "reversed": "False", "length": "121.63936092777537", "lanes": "nan", "service": "nan", "tunnel": "nan" }, "geometry": { "type": "LineString", "coordinates": [ [ 114.3616721, 30.5401402 ], [ 114.3615706, 30.5401246 ], [ 114.361528, 30.5401198 ], [ 114.360548400000013, 30.5400258 ], [ 114.3604115, 30.5400083 ] ] } },
{ "type": "Feature", "properties": { "fid": 331.0, "cat": 332, "cat_": 332, "u": "1199738793", "v": "13246350996", "key": "0", "osmid": "1443545628", "highway": "tertiary", "name": "nan", "oneway": "True", "reversed": "False", "length": "5.060096408313818", "lanes": "nan", "service": "nan", "tunnel": "nan" }, "geometry": { "type": "LineString", "coordinates": [ [ 114.3616721, 30.5401402 ], [ 114.3616824, 30.5401193 ], [ 114.3617003, 30.5401025 ] ] } },
{ "type": "Feature", "properties": { "fid": 332.0, "cat": 333, "cat_": 333, "u": "1199738795", "v": "13246423611", "key": "0", "osmid": "103751598", "highway": "residential", "name": "梅园一路", "oneway": "False", "reversed": "False", "length": "129.24661409251715", "lanes": "nan", "service": "nan", "tunnel": "nan" }, "geometry": { "type": "LineString", "coordinates": [ [ 114.3604024, 30.5393811 ], [ 114.3607559, 30.5394125 ], [ 114.3609658, 30.5394312 ], [ 114.3614085, 30.5394706 ], [ 114.3614415, 30.5394736 ], [ 114.3617041, 30.5394969 ], [ 114.3617448, 30.5395006 ] ] } },
{ "type": "Feature", "properties": { "fid": 334.0, "cat": 335, "cat_": 335, "u": "1199738795", "v": "12808121768", "key": "0", "osmid": "1383419879", "highway": "service", "name": "nan", "oneway": "False", "reversed": "False", "length": "65.38237863424445", "lanes": "nan", "service": "nan", "tunnel": "nan" }, "geometry": { "type": "LineString", "coordinates": [ [ 114.3604024, 30.5393811 ], [ 114.3604784, 30.5388609 ], [ 114.3604858, 30.5388097 ], [ 114.3604876, 30.5387977 ] ] } },
{ "type": "Feature", "properties": { "fid": 335.0, "cat": 336, "cat_": 336, "u": "1199740910", "v": "12802032513", "key": "0", "osmid": "1382740426", "highway": "residential", "name": "nan", "oneway": "False", "reversed": "False", "length": "37.80979749331446", "lanes": "nan", "service": "nan", "tunnel": "nan" }, "geometry": { "type": "LineString", "coordinates": [ [ 114.3685121, 30.5394756 ], [ 114.368547, 30.5391369 ] ] } },
{ "type": "Feature", "properties": { "fid": 336.0, "cat": 337, "cat_": 337, "u": "1199740910", "v": "12802032505", "key": "0", "osmid": "1382740426", "highway": "residential", "name": "nan", "oneway": "False", "reversed": "True", "length": "28.577533489016208", "lanes": "nan", "service": "nan", "tunnel": "nan" }, "geometry": { "type": "LineString", "coordinates": [ [ 114.3685121, 30.5394756 ], [ 114.3684871, 30.5397317 ] ] } },
{ "type": "Feature", "properties": { "fid": 337.0, "cat": 338, "cat_": 338, "u": "1199740910", "v": "12889030490", "key": "0", "osmid": "1383195518", "highway": "service", "name": "nan", "oneway": "False", "reversed": "True", "length": "45.29865362596117", "lanes": "nan", "service": "nan", "tunnel": "nan" }, "geometry": { "type": "LineString", "coordinates": [ [ 114.3685121, 30.5394756 ], [ 114.3683003, 30.5394619 ], [ 114.3681593, 30.5394527 ], [ 114.3680404, 30.5394455 ] ] } },
{ "type": "Feature", "properties": { "fid": 339.0, "cat": 340, "cat_": 340, "u": "1199744307", "v": "12805686347", "key": "0", "osmid": "402087708", "highway": "service", "name": "nan", "oneway": "False", "reversed": "True", "length": "42.933521432277445", "lanes": "nan", "service": "nan", "tunnel": "nan" }, "geometry": { "type": "LineString", "coordinates": [ [ 114.3626641, 30.5419466 ], [ 114.3627008, 30.5420577 ], [ 114.3627121, 30.5421469 ], [ 114.3627107, 30.542252399999985 ], [ 114.3627021, 30.5423274 ] ] } },
{ "type": "Feature", "properties": { "fid": 341.0, "cat": 342, "cat_": 342, "u": "1199744323", "v": "12808058186", "key": "0", "osmid": "309850914", "highway": "residential", "name": "人文路", "oneway": "False", "reversed": "True", "length": "13.058588073598862", "lanes": "nan", "service": "nan", "tunnel": "nan" }, "geometry": { "type": "LineString", "coordinates": [ [ 114.3616791, 30.5417176 ], [ 114.361693300000013, 30.5416008 ] ] } },
{ "type": "Feature", "properties": { "fid": 342.0, "cat": 343, "cat_": 343, "u": "1199744323", "v": "1196701917", "key": "0", "osmid": "309850914", "highway": "residential", "name": "人文路", "oneway": "False", "reversed": "False", "length": "44.79127912447434", "lanes": "nan", "service": "nan", "tunnel": "nan" }, "geometry": { "type": "LineString", "coordinates": [ [ 114.3616791, 30.5417176 ], [ 114.3616347, 30.542082 ], [ 114.3616301, 30.5421182 ] ] } },
{ "type": "Feature", "properties": { "fid": 343.0, "cat": 344, "cat_": 344, "u": "1199744323", "v": "1199744307", "key": "0", "osmid": "1478666174", "highway": "service", "name": "nan", "oneway": "False", "reversed": "False", "length": "102.75190004101664", "lanes": "nan", "service": "nan", "tunnel": "nan" }, "geometry": { "type": "LineString", "coordinates": [ [ 114.3616791, 30.5417176 ], [ 114.3624786, 30.5417771 ], [ 114.3626641, 30.5419466 ] ] } },
{ "type": "Feature", "properties": { "fid": 344.0, "cat": 345, "cat_": 345, "u": "1199744346", "v": "1199744307", "key": "0", "osmid": "1478666174", "highway": "service", "name": "nan", "oneway": "False", "reversed": "True", "length": "10.975224767766647", "lanes": "nan", "service": "nan", "tunnel": "nan" }, "geometry": { "type": "LineString", "coordinates": [ [ 114.3627677, 30.5419044 ], [ 114.3626641, 30.5419466 ] ] } },
{ "type": "Feature", "properties": { "fid": 345.0, "cat": 347, "cat_": 347, "u": "1199744346", "v": "12805686351", "key": "0", "osmid": "1383206012", "highway": "service", "name": "nan", "oneway": "False", "reversed": "False", "length": "69.49614987645045", "lanes": "nan", "service": "nan", "tunnel": "nan" }, "geometry": { "type": "LineString", "coordinates": [ [ 114.3627677, 30.5419044 ], [ 114.3632323, 30.5418561 ], [ 114.3632755, 30.541851099999985 ], [ 114.3634877, 30.5418265 ] ] } },
{ "type": "Feature", "properties": { "fid": 346.0, "cat": 348, "cat_": 348, "u": "1199744357", "v": "1196701947", "key": "0", "osmid": "103642349", "highway": "residential", "name": "侧船山路", "oneway": "False", "reversed": "False", "length": "69.5602020578622", "lanes": "nan", "service": "nan", "tunnel": "nan" }, "geometry": { "type": "LineString", "coordinates": [ [ 114.3666462, 30.5407765 ], [ 114.366624900000019, 30.5414018 ] ] } },
{ "type": "Feature", "properties": { "fid": 347.0, "cat": 349, "cat_": 349, "u": "1199744357", "v": "1196701967", "key": "0", "osmid": "103642349", "highway": "residential", "name": "侧船山路", "oneway": "False", "reversed": "True", "length": "13.613947016950025", "lanes": "nan", "service": "nan", "tunnel": "nan" }, "geometry": { "type": "LineString", "coordinates": [ [ 114.3666462, 30.5407765 ], [ 114.3666495, 30.5406541 ] ] } },
{ "type": "Feature", "properties": { "fid": 348.0, "cat": 350, "cat_": 350, "u": "1199744357", "v": "1199744362", "key": "0", "osmid": "103940630", "highway": "service", "name": "nan", "oneway": "False", "reversed": "False", "length": "138.30310218922287", "lanes": "nan", "service": "nan", "tunnel": "nan" }, "geometry": { "type": "LineString", "coordinates": [ [ 114.3666462, 30.5407765 ], [ 114.3672123, 30.5408064 ], [ 114.3676653, 30.5408304 ], [ 114.367699, 30.5408323 ], [ 114.3677228, 30.5408293 ], [ 114.3677427, 30.5408249 ], [ 114.367764, 30.5408156 ], [ 114.3677775, 30.540801800000011 ], [ 114.3677865, 30.5407881 ], [ 114.3677919, 30.5407695 ], [ 114.3677981, 30.5407404 ], [ 114.367821, 30.5405476 ] ] } },
{ "type": "Feature", "properties": { "fid": 349.0, "cat": 351, "cat_": 351, "u": "1199744358", "v": "12808058190", "key": "0", "osmid": "309850914", "highway": "residential", "name": "人文路", "oneway": "False", "reversed": "False", "length": "14.184637221868869", "lanes": "nan", "service": "nan", "tunnel": "nan" }, "geometry": { "type": "LineString", "coordinates": [ [ 114.361783300000013, 30.5408705 ], [ 114.3617671, 30.5409973 ] ] } },
{ "type": "Feature", "properties": { "fid": 350.0, "cat": 352, "cat_": 352, "u": "1199744358", "v": "13246423601", "key": "0", "osmid": "309850914", "highway": "residential", "name": "人文路", "oneway": "False", "reversed": "True", "length": "74.30243494255788", "lanes": "nan", "service": "nan", "tunnel": "nan" }, "geometry": { "type": "LineString", "coordinates": [ [ 114.361783300000013, 30.5408705 ], [ 114.3618282, 30.5404736 ], [ 114.3618344, 30.5403819 ], [ 114.3618328, 30.540320199999986 ], [ 114.361818, 30.5402656 ], [ 114.3618042, 30.5402324 ], [ 114.3617946, 30.5402093 ] ] } },
{ "type": "Feature", "properties": { "fid": 354.0, "cat": 357, "cat_": 357, "u": "1199748582", "v": "12808058130", "key": "0", "osmid": "1383419853", "highway": "service", "name": "nan", "oneway": "False", "reversed": "False", "length": "50.219644218600514", "lanes": "nan", "service": "nan", "tunnel": "nan" }, "geometry": { "type": "LineString", "coordinates": [ [ 114.3667242, 30.5402956 ], [ 114.3662016, 30.54025840000001 ] ] } },
{ "type": "Feature", "properties": { "fid": 355.0, "cat": 358, "cat_": 358, "u": "1199748582", "v": "12805750198", "key": "0", "osmid": "103642349", "highway": "residential", "name": "侧船山路", "oneway": "False", "reversed": "False", "length": "19.805860113794513", "lanes": "nan", "service": "nan", "tunnel": "nan" }, "geometry": { "type": "LineString", "coordinates": [ [ 114.3667242, 30.5402956 ], [ 114.3667056, 30.5403365 ], [ 114.3666866, 30.5403746 ], [ 114.366673100000014, 30.5404165 ], [ 114.3666632, 30.540465 ] ] } },
{ "type": "Feature", "properties": { "fid": 356.0, "cat": 359, "cat_": 359, "u": "1199748582", "v": "3631666728", "key": "0", "osmid": "103642349", "highway": "residential", "name": "侧船山路", "oneway": "False", "reversed": "True", "length": "41.524810754502944", "lanes": "nan", "service": "nan", "tunnel": "nan" }, "geometry": { "type": "LineString", "coordinates": [ [ 114.3667242, 30.5402956 ], [ 114.3667943, 30.540184 ], [ 114.3668594, 30.5400542 ], [ 114.3669082, 30.5399578 ] ] } },
{ "type": "Feature", "properties": { "fid": 357.0, "cat": 360, "cat_": 360, "u": "1199796387", "v": "13246423664", "key": "0", "osmid": "103947037", "highway": "residential", "name": "半边山路", "oneway": "False", "reversed": "True", "length": "12.990567372943229", "lanes": "nan", "service": "nan", "tunnel": "nan" }, "geometry": { "type": "LineString", "coordinates": [ [ 114.3661584, 30.5436496 ], [ 114.3662916, 30.5436717 ] ] } },
{ "type": "Feature", "properties": { "fid": 358.0, "cat": 361, "cat_": 361, "u": "1199796387", "v": "1196701912", "key": "0", "osmid": "103947037", "highway": "residential", "name": "半边山路", "oneway": "False", "reversed": "False", "length": "95.5245905223565", "lanes": "nan", "service": "nan", "tunnel": "nan" }, "geometry": { "type": "LineString", "coordinates": [ [ 114.3661584, 30.5436496 ], [ 114.3657707, 30.543650699999986 ], [ 114.3656364, 30.5436587 ], [ 114.3655401, 30.5436559 ], [ 114.3653257, 30.5436325 ], [ 114.3651652, 30.5436096 ] ] } },
{ "type": "Feature", "properties": { "fid": 359.0, "cat": 362, "cat_": 362, "u": "1199796387", "v": "13545293323", "key": "0", "osmid": "1036845878", "highway": "service", "name": "nan", "oneway": "False", "reversed": "False", "length": "225.95345219635834", "lanes": "nan", "service": "nan", "tunnel": "nan" }, "geometry": { "type": "LineString", "coordinates": [ [ 114.3661584, 30.5436496 ], [ 114.3662494, 30.5432522 ], [ 114.3662551, 30.5432391 ], [ 114.3662729, 30.5432152 ], [ 114.3662979, 30.5431961 ], [ 114.366326, 30.5431849 ], [ 114.3664229, 30.5431713 ], [ 114.3665113, 30.5431659 ], [ 114.3665484, 30.5431702 ], [ 114.3667601, 30.543210199999987 ], [ 114.366995, 30.5432551 ], [ 114.3670965, 30.5432751 ], [ 114.3674415, 30.5432202 ], [ 114.3678914, 30.5432965 ], [ 114.3679191, 30.543296 ], [ 114.3680718, 30.5432936 ] ] } },
{ "type": "Feature", "properties": { "fid": 360.0, "cat": 363, "cat_": 363, "u": "1199818949", "v": "1663906512", "key": "0", "osmid": "103642351", "highway": "residential", "name": "茶港路", "oneway": "False", "reversed": "True", "length": "20.31599689951518", "lanes": "nan", "service": "nan", "tunnel": "nan" }, "geometry": { "type": "LineString", "coordinates": [ [ 114.3512697, 30.5420021 ], [ 114.3514687, 30.5420654 ] ] } },
{ "type": "Feature", "properties": { "fid": 361.0, "cat": 364, "cat_": 364, "u": "1199818949", "v": "12805570386", "key": "0", "osmid": "103642351", "highway": "residential", "name": "茶港路", "oneway": "False", "reversed": "False", "length": "17.37904785209601", "lanes": "nan", "service": "nan", "tunnel": "nan" }, "geometry": { "type": "LineString", "coordinates": [ [ 114.3512697, 30.5420021 ], [ 114.3511834, 30.5419785 ], [ 114.3511178, 30.541969 ], [ 114.3510934, 30.5419686 ] ] } },
{ "type": "Feature", "properties": { "fid": 362.0, "cat": 365, "cat_": 365, "u": "1199818949", "v": "8823667898", "key": "0", "osmid": "103947036", "highway": "residential", "name": "nan", "oneway": "False", "reversed": "True", "length": "40.241588889258324", "lanes": "nan", "service": "nan", "tunnel": "nan" }, "geometry": { "type": "LineString", "coordinates": [ [ 114.3512697, 30.5420021 ], [ 114.3512799, 30.5419503 ], [ 114.3512857, 30.5418989 ], [ 114.3512838, 30.5418316 ], [ 114.3512767, 30.5417691 ], [ 114.351267, 30.5417314 ], [ 114.3512368, 30.541646300000011 ] ] } },
{ "type": "Feature", "properties": { "fid": 364.0, "cat": 367, "cat_": 367, "u": "1199818975", "v": "3631666748", "key": "0", "osmid": "103947043", "highway": "service", "name": "nan", "oneway": "False", "reversed": "False", "length": "35.63234584793153", "lanes": "nan", "service": "nan", "tunnel": "nan" }, "geometry": { "type": "LineString", "coordinates": [ [ 114.3643181, 30.5452603 ], [ 114.3642396, 30.5450901 ], [ 114.3641807, 30.5449625 ] ] } },
{ "type": "Feature", "properties": { "fid": 365.0, "cat": 368, "cat_": 368, "u": "1199818975", "v": "3631666749", "key": "0", "osmid": [ 1477028025, 1383419863 ], "highway": "service", "name": "nan", "oneway": "False", "reversed": [ false, true ], "length": "143.3160584933451", "lanes": "nan", "service": "nan", "tunnel": "nan" }, "geometry": { "type": "LineString", "coordinates": [ [ 114.3643181, 30.5452603 ], [ 114.3637019, 30.5455562 ], [ 114.363526, 30.5452936 ], [ 114.3633291, 30.5449997 ], [ 114.3633066, 30.5449661 ] ] } },
{ "type": "Feature", "properties": { "fid": 366.0, "cat": 369, "cat_": 369, "u": "1199818999", "v": "1199819071", "key": "0", "osmid": "103947034", "highway": "service", "name": "nan", "oneway": "False", "reversed": "False", "length": "113.92259478129101", "lanes": "nan", "service": "nan", "tunnel": "nan" }, "geometry": { "type": "LineString", "coordinates": [ [ 114.3619926, 30.5445981 ], [ 114.3626498, 30.5446738 ], [ 114.3627117, 30.5446775 ], [ 114.362757800000011, 30.5446775 ], [ 114.3627945, 30.5446729 ], [ 114.3628303, 30.5446625 ], [ 114.3628609, 30.5446458 ], [ 114.3628807, 30.5446291 ], [ 114.3628949, 30.544614 ], [ 114.3629068, 30.5445909 ], [ 114.3629133, 30.5445537 ], [ 114.3629163, 30.5445099 ], [ 114.3629146, 30.5444581 ], [ 114.3629056, 30.5443958 ] ] } },
{ "type": "Feature", "properties": { "fid": 367.0, "cat": 370, "cat_": 370, "u": "1199819047", "v": "1196701976", "key": "0", "osmid": "103947034", "highway": "service", "name": "nan", "oneway": "False", "reversed": "False", "length": "121.09175231066627", "lanes": "nan", "service": "nan", "tunnel": "nan" }, "geometry": { "type": "LineString", "coordinates": [ [ 114.3625904, 30.5439901 ], [ 114.3625271, 30.5437379 ], [ 114.3624704, 30.5434727 ], [ 114.3624425, 30.5432662 ], [ 114.3623945, 30.5429152 ] ] } },
{ "type": "Feature", "properties": { "fid": 369.0, "cat": 372, "cat_": 372, "u": "1199819047", "v": "4052778638", "key": "0", "osmid": [ 1477028042, 358205779 ], "highway": "service", "name": "nan", "oneway": "False", "reversed": "False", "length": "186.098426734756", "lanes": "nan", "service": "nan", "tunnel": "nan" }, "geometry": { "type": "LineString", "coordinates": [ [ 114.3625904, 30.5439901 ], [ 114.3623481, 30.5440106 ], [ 114.3622274, 30.5440122 ], [ 114.362110800000011, 30.544003300000011 ], [ 114.3618066, 30.5439721 ], [ 114.3617725, 30.5439672 ], [ 114.3617411, 30.54396 ], [ 114.3617232, 30.543951 ], [ 114.3617113, 30.5439403 ], [ 114.3617033, 30.5439258 ], [ 114.361698, 30.5439084 ], [ 114.361693, 30.5438563 ], [ 114.3616745, 30.5436279 ], [ 114.3609953, 30.5435539 ] ] } },
{ "type": "Feature", "properties": { "fid": 371.0, "cat": 374, "cat_": 374, "u": "1199819071", "v": "1199819047", "key": "0", "osmid": "103947034", "highway": "service", "name": "nan", "oneway": "False", "reversed": "False", "length": "54.99189534953196", "lanes": "nan", "service": "nan", "tunnel": "nan" }, "geometry": { "type": "LineString", "coordinates": [ [ 114.3629056, 30.5443958 ], [ 114.3628809, 30.5443237 ], [ 114.362862300000018, 30.544283 ], [ 114.362842200000017, 30.544251 ], [ 114.3625904, 30.5439901 ] ] } },
{ "type": "Feature", "properties": { "fid": 373.0, "cat": 376, "cat_": 376, "u": "1199819102", "v": "9591350636", "key": "0", "osmid": "103940155", "highway": "residential", "name": "凌波路", "oneway": "False", "reversed": "False", "length": "6.813034381433051", "lanes": "nan", "service": "nan", "tunnel": "nan" }, "geometry": { "type": "LineString", "coordinates": [ [ 114.364984, 30.5440643 ], [ 114.3649945, 30.5441249 ] ] } },
{ "type": "Feature", "properties": { "fid": 374.0, "cat": 377, "cat_": 377, "u": "1199819102", "v": "1196701906", "key": "0", "osmid": "103940155", "highway": "residential", "name": "凌波路", "oneway": "False", "reversed": "True", "length": "11.676990794621158", "lanes": "nan", "service": "nan", "tunnel": "nan" }, "geometry": { "type": "LineString", "coordinates": [ [ 114.364984, 30.5440643 ], [ 114.3649671, 30.5439603 ] ] } },
{ "type": "Feature", "properties": { "fid": 376.0, "cat": 379, "cat_": 379, "u": "1199819126", "v": "8823668031", "key": "0", "osmid": "103947036", "highway": "residential", "name": "nan", "oneway": "False", "reversed": "False", "length": "53.745802503209326", "lanes": "nan", "service": "nan", "tunnel": "nan" }, "geometry": { "type": "LineString", "coordinates": [ [ 114.350900300000021, 30.5409473 ], [ 114.3511253, 30.5413901 ] ] } },
{ "type": "Feature", "properties": { "fid": 377.0, "cat": 380, "cat_": 380, "u": "1199819126", "v": "1807209556", "key": "0", "osmid": [ 103947036, 1480968452 ], "highway": "residential", "name": "nan", "oneway": "False", "reversed": [ false, true ], "length": "67.48266692601737", "lanes": "nan", "service": "nan", "tunnel": "nan" }, "geometry": { "type": "LineString", "coordinates": [ [ 114.350900300000021, 30.5409473 ], [ 114.3508623, 30.5408665 ], [ 114.350832, 30.5407789 ], [ 114.3508167, 30.5407013 ], [ 114.3508081, 30.5406197 ], [ 114.3508117, 30.540525 ], [ 114.3508422, 30.5403541 ] ] } },
{ "type": "Feature", "properties": { "fid": 378.0, "cat": 381, "cat_": 381, "u": "1199819126", "v": "1807209500", "key": "0", "osmid": "172747560", "highway": "service", "name": "nan", "oneway": "False", "reversed": "False", "length": "67.9007801923471", "lanes": "nan", "service": "nan", "tunnel": "nan" }, "geometry": { "type": "LineString", "coordinates": [ [ 114.350900300000021, 30.5409473 ], [ 114.3510167, 30.5408845 ], [ 114.351093, 30.5404583 ], [ 114.3511038, 30.5403979 ] ] } },
{ "type": "Feature", "properties": { "fid": 379.0, "cat": 382, "cat_": 382, "u": "1199819279", "v": "1199819071", "key": "0", "osmid": "103947059", "highway": "service", "name": "nan", "oneway": "False", "reversed": "True", "length": "94.2122746421315", "lanes": "nan", "service": "nan", "tunnel": "nan" }, "geometry": { "type": "LineString", "coordinates": [ [ 114.363835, 30.544118 ], [ 114.3629056, 30.5443958 ] ] } },
{ "type": "Feature", "properties": { "fid": 380.0, "cat": 383, "cat_": 383, "u": "1199819279", "v": "13545293383", "key": "0", "osmid": "1477028026", "highway": "service", "name": "nan", "oneway": "False", "reversed": "True", "length": "22.643248713077565", "lanes": "nan", "service": "nan", "tunnel": "nan" }, "geometry": { "type": "LineString", "coordinates": [ [ 114.363835, 30.544118 ], [ 114.3639111, 30.5443108 ] ] } },
{ "type": "Feature", "properties": { "fid": 381.0, "cat": 384, "cat_": 384, "u": "1199819279", "v": "1199819102", "key": "0", "osmid": "103947059", "highway": "service", "name": "nan", "oneway": "False", "reversed": "False", "length": "110.75366304266969", "lanes": "nan", "service": "nan", "tunnel": "nan" }, "geometry": { "type": "LineString", "coordinates": [ [ 114.363835, 30.544118 ], [ 114.3639823, 30.5440805 ], [ 114.3641263, 30.5440644 ], [ 114.3646246, 30.5440644 ], [ 114.364984, 30.5440643 ] ] } },
{ "type": "Feature", "properties": { "fid": 382.0, "cat": 385, "cat_": 385, "u": "1199821217", "v": "12805668771", "key": "0", "osmid": "103642352", "highway": "tertiary", "name": "学府路", "oneway": "False", "reversed": "False", "length": "49.80296894972125", "lanes": "nan", "service": "nan", "tunnel": "nan" }, "geometry": { "type": "LineString", "coordinates": [ [ 114.3599522, 30.5399121 ], [ 114.3599188, 30.539900299999989 ], [ 114.3598855, 30.539885 ], [ 114.359847200000019, 30.5398631 ], [ 114.3597078, 30.5397748 ], [ 114.3595372, 30.5396456 ] ] } },
{ "type": "Feature", "properties": { "fid": 383.0, "cat": 386, "cat_": 386, "u": "1199821217", "v": "12805668771", "key": "1", "osmid": "1383202186", "highway": "service", "name": "nan", "oneway": "False", "reversed": "True", "length": "61.34135206530857", "lanes": "nan", "service": "nan", "tunnel": "nan" }, "geometry": { "type": "LineString", "coordinates": [ [ 114.3599522, 30.5399121 ], [ 114.3599557, 30.5398252 ], [ 114.3599539, 30.5398062 ], [ 114.3599502, 30.539788699999981 ], [ 114.359946, 30.5397723 ], [ 114.3599383, 30.5397547 ], [ 114.3599267, 30.5397372 ], [ 114.359914, 30.5397217 ], [ 114.3598948, 30.5397026 ], [ 114.3598725, 30.5396844 ], [ 114.359849200000014, 30.5396691 ], [ 114.3598248, 30.5396555 ], [ 114.359775, 30.5396427 ], [ 114.3597438, 30.5396373 ], [ 114.3597086, 30.5396337 ], [ 114.3596712, 30.5396327 ], [ 114.3596358, 30.5396342 ], [ 114.3595372, 30.5396456 ] ] } },
{ "type": "Feature", "properties": { "fid": 384.0, "cat": 387, "cat_": 387, "u": "1199821217", "v": "1196701971", "key": "0", "osmid": "103642352", "highway": "tertiary", "name": "学府路", "oneway": "False", "reversed": "True", "length": "45.34841461106777", "lanes": "nan", "service": "nan", "tunnel": "nan" }, "geometry": { "type": "LineString", "coordinates": [ [ 114.3599522, 30.5399121 ], [ 114.3600693, 30.5399463 ], [ 114.3601728, 30.5399691 ], [ 114.3602843, 30.5399892 ], [ 114.3604115, 30.5400083 ] ] } },
{ "type": "Feature", "properties": { "fid": 385.0, "cat": 388, "cat_": 388, "u": "1199821230", "v": "12877094202", "key": "0", "osmid": "103642345", "highway": "residential", "name": "科技路", "oneway": "False", "reversed": "False", "length": "39.432294915869306", "lanes": "nan", "service": "nan", "tunnel": "nan" }, "geometry": { "type": "LineString", "coordinates": [ [ 114.3565594, 30.5381668 ], [ 114.3566432, 30.538514 ] ] } },
{ "type": "Feature", "properties": { "fid": 386.0, "cat": 389, "cat_": 389, "u": "1199821230", "v": "3631666665", "key": "0", "osmid": "103642345", "highway": "residential", "name": "科技路", "oneway": "False", "reversed": "True", "length": "118.14759608948586", "lanes": "nan", "service": "nan", "tunnel": "nan" }, "geometry": { "type": "LineString", "coordinates": [ [ 114.3565594, 30.5381668 ], [ 114.3565023, 30.53793 ], [ 114.3563583, 30.5373335 ], [ 114.3563084, 30.5371265 ] ] } },
{ "type": "Feature", "properties": { "fid": 387.0, "cat": 390, "cat_": 390, "u": "1199821230", "v": "1379619942", "key": "0", "osmid": "123838953", "highway": "service", "name": "nan", "oneway": "False", "reversed": "True", "length": "122.11377918305041", "lanes": "nan", "service": "nan", "tunnel": "nan" }, "geometry": { "type": "LineString", "coordinates": [ [ 114.3565594, 30.5381668 ], [ 114.35588730000002, 30.5383046 ], [ 114.355874, 30.5383073 ], [ 114.3554578, 30.5383941 ], [ 114.3553195, 30.5384229 ] ] } },
{ "type": "Feature", "properties": { "fid": 388.0, "cat": 391, "cat_": 391, "u": "1199821232", "v": "979945411", "key": "0", "osmid": "84250290", "highway": "residential", "name": "弘毅大道", "oneway": "False", "reversed": "False", "length": "61.49839177743498", "lanes": "nan", "service": "nan", "tunnel": "nan" }, "geometry": { "type": "LineString", "coordinates": [ [ 114.355863200000016, 30.5440952 ], [ 114.3565044, 30.5441257 ] ] } },
{ "type": "Feature", "properties": { "fid": 389.0, "cat": 392, "cat_": 392, "u": "1199821232", "v": "1417701861", "key": "0", "osmid": "84250290", "highway": "residential", "name": "弘毅大道", "oneway": "False", "reversed": "True", "length": "30.1936920133188", "lanes": "nan", "service": "nan", "tunnel": "nan" }, "geometry": { "type": "LineString", "coordinates": [ [ 114.355863200000016, 30.5440952 ], [ 114.3555484, 30.5440801 ] ] } },
{ "type": "Feature", "properties": { "fid": 390.0, "cat": 393, "cat_": 393, "u": "1199821232", "v": "4320485415", "key": "0", "osmid": "103948559", "highway": "residential", "name": "桂子路", "oneway": "False", "reversed": "False", "length": "87.46792606895367", "lanes": "nan", "service": "nan", "tunnel": "nan" }, "geometry": { "type": "LineString", "coordinates": [ [ 114.355863200000016, 30.5440952 ], [ 114.355866800000015, 30.5440048 ], [ 114.3559977, 30.5434131 ], [ 114.3560003, 30.543389 ], [ 114.3560011, 30.5433648 ], [ 114.3559975, 30.5433195 ] ] } },
{ "type": "Feature", "properties": { "fid": 391.0, "cat": 394, "cat_": 394, "u": "1199821232", "v": "4320485437", "key": "0", "osmid": "433204239", "highway": "service", "name": "nan", "oneway": "False", "reversed": "False", "length": "246.99451057162298", "lanes": "nan", "service": "nan", "tunnel": "nan" }, "geometry": { "type": "LineString", "coordinates": [ [ 114.355863200000016, 30.5440952 ], [ 114.355866800000015, 30.5442301 ], [ 114.3562066, 30.544285 ], [ 114.356497, 30.544317 ], [ 114.3566631, 30.5443368 ], [ 114.3569476, 30.544362299999985 ], [ 114.357094900000021, 30.5443734 ], [ 114.3574029, 30.5443905 ], [ 114.357479, 30.5443918 ], [ 114.357656700000021, 30.5443901 ], [ 114.3579192, 30.544369 ], [ 114.3579987, 30.5443567 ], [ 114.3580732, 30.54433580000001 ], [ 114.358143, 30.5443073 ], [ 114.3581503, 30.544204199999985 ] ] } },
{ "type": "Feature", "properties": { "fid": 392.0, "cat": 395, "cat_": 395, "u": "1199831152", "v": "12803435201", "key": "0", "osmid": "103948559", "highway": "residential", "name": "桂子路", "oneway": "False", "reversed": "True", "length": "153.78052670747408", "lanes": "nan", "service": "nan", "tunnel": "nan" }, "geometry": { "type": "LineString", "coordinates": [ [ 114.3547162, 30.542376799999985 ], [ 114.3558727, 30.5431214 ], [ 114.3559154, 30.5431621 ], [ 114.3559414, 30.5431917 ], [ 114.3559674, 30.5432335 ] ] } },
{ "type": "Feature", "properties": { "fid": 393.0, "cat": 396, "cat_": 396, "u": "1199831152", "v": "12803435207", "key": "0", "osmid": "1383195532", "highway": "residential", "name": "桂子路", "oneway": "False", "reversed": "False", "length": "190.00424258624392", "lanes": "nan", "service": "nan", "tunnel": "nan" }, "geometry": { "type": "LineString", "coordinates": [ [ 114.3547162, 30.542376799999985 ], [ 114.3547419, 30.5422767 ], [ 114.354818, 30.541981 ], [ 114.3549248, 30.5418813 ], [ 114.3554556, 30.541514 ], [ 114.3555906, 30.541419 ], [ 114.3557448, 30.541315 ], [ 114.3557935, 30.5412691 ], [ 114.355931, 30.5411076 ] ] } },
{ "type": "Feature", "properties": { "fid": 394.0, "cat": 397, "cat_": 397, "u": "1199831152", "v": "12848622705", "key": "0", "osmid": "1387978166", "highway": "service", "name": "nan", "oneway": "False", "reversed": "True", "length": "111.77411974852035", "lanes": "nan", "service": "nan", "tunnel": "nan" }, "geometry": { "type": "LineString", "coordinates": [ [ 114.3547162, 30.542376799999985 ], [ 114.3546861, 30.5425004 ], [ 114.3546201, 30.5425664 ], [ 114.3545651, 30.5426167 ], [ 114.3545089, 30.5426554 ], [ 114.3544361, 30.5426862 ], [ 114.3543629, 30.5427016 ], [ 114.3542922, 30.542705499999986 ], [ 114.3542297, 30.5426989 ], [ 114.3541769, 30.5426861 ], [ 114.3539684, 30.5425801 ], [ 114.3538088, 30.5425085 ] ] } },
{ "type": "Feature", "properties": { "fid": 395.0, "cat": 398, "cat_": 398, "u": "1199831183", "v": "12823578165", "key": "0", "osmid": "84246296", "highway": "residential", "name": "桂园一路", "oneway": "False", "reversed": "False", "length": "31.733215779534557", "lanes": "nan", "service": "nan", "tunnel": "nan" }, "geometry": { "type": "LineString", "coordinates": [ [ 114.3528536, 30.5411537 ], [ 114.3528636, 30.541136 ], [ 114.3530042, 30.5408995 ] ] } },
{ "type": "Feature", "properties": { "fid": 396.0, "cat": 399, "cat_": 399, "u": "1199831183", "v": "8823667912", "key": "0", "osmid": "84246296", "highway": "residential", "name": "桂园一路", "oneway": "False", "reversed": "True", "length": "53.59044656878449", "lanes": "nan", "service": "nan", "tunnel": "nan" }, "geometry": { "type": "LineString", "coordinates": [ [ 114.3528536, 30.5411537 ], [ 114.3526124, 30.541561 ], [ 114.352601, 30.5415837 ] ] } },
{ "type": "Feature", "properties": { "fid": 397.0, "cat": 400, "cat_": 400, "u": "1199831183", "v": "4052353062", "key": "0", "osmid": "103948547", "highway": "residential", "name": "桂园路", "oneway": "False", "reversed": "True", "length": "73.1336463571401", "lanes": "nan", "service": "nan", "tunnel": "nan" }, "geometry": { "type": "LineString", "coordinates": [ [ 114.3528536, 30.5411537 ], [ 114.353248, 30.5412258 ], [ 114.3536006, 30.5412903 ] ] } },
{ "type": "Feature", "properties": { "fid": 398.0, "cat": 401, "cat_": 401, "u": "1199831201", "v": "1196701915", "key": "0", "osmid": "1387978158", "highway": "residential", "name": "樱花大道", "oneway": "False", "reversed": "False", "length": "56.911600939246924", "lanes": "nan", "service": "nan", "tunnel": "nan" }, "geometry": { "type": "LineString", "coordinates": [ [ 114.3570169, 30.5405872 ], [ 114.3570068, 30.5402685 ], [ 114.35699240000001, 30.5400759 ] ] } },
{ "type": "Feature", "properties": { "fid": 399.0, "cat": 402, "cat_": 402, "u": "1199831201", "v": "1196701863", "key": "0", "osmid": "1387978158", "highway": "residential", "name": "樱花大道", "oneway": "False", "reversed": "True", "length": "53.83343622470253", "lanes": "nan", "service": "nan", "tunnel": "nan" }, "geometry": { "type": "LineString", "coordinates": [ [ 114.3570169, 30.5405872 ], [ 114.3570198, 30.5406804 ], [ 114.3570269, 30.5410305 ], [ 114.3570292, 30.5410712 ] ] } },
{ "type": "Feature", "properties": { "fid": 401.0, "cat": 404, "cat_": 404, "u": "1199831203", "v": "13255218349", "key": "0", "osmid": "103948547", "highway": "residential", "name": "桂园路", "oneway": "False", "reversed": "False", "length": "13.501915772993282", "lanes": "nan", "service": "nan", "tunnel": "nan" }, "geometry": { "type": "LineString", "coordinates": [ [ 114.3565257, 30.540613199999985 ], [ 114.356511, 30.540696499999989 ], [ 114.356505, 30.5407155 ], [ 114.3564994, 30.5407323 ] ] } },
{ "type": "Feature", "properties": { "fid": 402.0, "cat": 405, "cat_": 405, "u": "1199831203", "v": "1199831201", "key": "0", "osmid": "1444783626", "highway": "residential", "name": "桂园路", "oneway": "False", "reversed": "True", "length": "47.13137316343031", "lanes": "nan", "service": "nan", "tunnel": "nan" }, "geometry": { "type": "LineString", "coordinates": [ [ 114.3565257, 30.540613199999985 ], [ 114.3569722, 30.5405888 ], [ 114.3570169, 30.5405872 ] ] } },
{ "type": "Feature", "properties": { "fid": 403.0, "cat": 406, "cat_": 406, "u": "1199831203", "v": "1807168566", "key": "0", "osmid": "1445675325", "highway": "service", "name": "nan", "oneway": "False", "reversed": "True", "length": "30.137510446258233", "lanes": "nan", "service": "nan", "tunnel": "nan" }, "geometry": { "type": "LineString", "coordinates": [ [ 114.3565257, 30.540613199999985 ], [ 114.3565278, 30.540592 ], [ 114.3565307, 30.5405612 ], [ 114.3565336, 30.5405294 ], [ 114.3565347, 30.5404947 ], [ 114.3565311, 30.5404638 ], [ 114.3565239, 30.540433 ], [ 114.3564944, 30.5403469 ] ] } },
{ "type": "Feature", "properties": { "fid": 405.0, "cat": 408, "cat_": 408, "u": "1199831232", "v": "3631666815", "key": "0", "osmid": "1390672153", "highway": "service", "name": "nan", "oneway": "False", "reversed": "False", "length": "50.21457286252776", "lanes": "nan", "service": "nan", "tunnel": "nan" }, "geometry": { "type": "LineString", "coordinates": [ [ 114.3542828, 30.5414018 ], [ 114.3541668, 30.541842200000012 ] ] } },
{ "type": "Feature", "properties": { "fid": 406.0, "cat": 409, "cat_": 409, "u": "1199831232", "v": "4052353062", "key": "0", "osmid": "103948547", "highway": "residential", "name": "桂园路", "oneway": "False", "reversed": "False", "length": "66.50013059273113", "lanes": "nan", "service": "nan", "tunnel": "nan" }, "geometry": { "type": "LineString", "coordinates": [ [ 114.3542828, 30.5414018 ], [ 114.3539819, 30.5413509 ], [ 114.3536006, 30.5412903 ] ] } },
{ "type": "Feature", "properties": { "fid": 407.0, "cat": 410, "cat_": 410, "u": "1199831232", "v": "12802598370", "key": "0", "osmid": "1445675335", "highway": "residential", "name": "桂园二路", "oneway": "False", "reversed": "True", "length": "45.89561803809727", "lanes": "nan", "service": "nan", "tunnel": "nan" }, "geometry": { "type": "LineString", "coordinates": [ [ 114.3542828, 30.5414018 ], [ 114.3542963, 30.5413321 ], [ 114.3543004, 30.5412624 ], [ 114.3542611, 30.5411096 ], [ 114.3542543, 30.5410578 ], [ 114.354261, 30.5409944 ] ] } },
{ "type": "Feature", "properties": { "fid": 408.0, "cat": 411, "cat_": 411, "u": "1199831258", "v": "12805594650", "key": "0", "osmid": "103948527", "highway": "service", "name": "nan", "oneway": "False", "reversed": "False", "length": "29.418867451944326", "lanes": "nan", "service": "nan", "tunnel": "nan" }, "geometry": { "type": "LineString", "coordinates": [ [ 114.3545806, 30.5440229 ], [ 114.3545989, 30.5437588 ] ] } },
{ "type": "Feature", "properties": { "fid": 409.0, "cat": 412, "cat_": 412, "u": "1199831258", "v": "3112677663", "key": "0", "osmid": "1383475022", "highway": "residential", "name": "弘毅大道", "oneway": "False", "reversed": "False", "length": "21.144090368044992", "lanes": "nan", "service": "nan", "tunnel": "nan" }, "geometry": { "type": "LineString", "coordinates": [ [ 114.3545806, 30.5440229 ], [ 114.354801, 30.5440342 ] ] } },
{ "type": "Feature", "properties": { "fid": 410.0, "cat": 413, "cat_": 413, "u": "1199831258", "v": "12888527080", "key": "0", "osmid": "1383475022", "highway": "residential", "name": "弘毅大道", "oneway": "False", "reversed": "True", "length": "175.88395561281754", "lanes": "nan", "service": "nan", "tunnel": "nan" }, "geometry": { "type": "LineString", "coordinates": [ [ 114.3545806, 30.5440229 ], [ 114.353823, 30.5439851 ], [ 114.3532462, 30.5439561 ], [ 114.3527471, 30.5439309 ] ] } },
{ "type": "Feature", "properties": { "fid": 411.0, "cat": 414, "cat_": 414, "u": "1199840459", "v": "13251028696", "key": "0", "osmid": "103949735", "highway": "service", "name": "nan", "oneway": "False", "reversed": "False", "length": "13.201580709210003", "lanes": "nan", "service": "nan", "tunnel": "nan" }, "geometry": { "type": "LineString", "coordinates": [ [ 114.3499378, 30.5298921 ], [ 114.3499406, 30.5297734 ] ] } },
{ "type": "Feature", "properties": { "fid": 412.0, "cat": 415, "cat_": 415, "u": "1199840459", "v": "13227038593", "key": "0", "osmid": "1441555682", "highway": "service", "name": "nan", "oneway": "False", "reversed": "False", "length": "70.79693992398373", "lanes": "nan", "service": "nan", "tunnel": "nan" }, "geometry": { "type": "LineString", "coordinates": [ [ 114.3499378, 30.5298921 ], [ 114.3504201, 30.5299009 ], [ 114.3506768, 30.5299056 ] ] } },
{ "type": "Feature", "properties": { "fid": 414.0, "cat": 417, "cat_": 417, "u": "1199840461", "v": "12803752242", "key": "0", "osmid": "673284749", "highway": "residential", "name": "星湖三路", "oneway": "False", "reversed": "False", "length": "24.319277659513336", "lanes": "2", "service": "nan", "tunnel": "nan" }, "geometry": { "type": "LineString", "coordinates": [ [ 114.352333, 30.531885 ], [ 114.3523352, 30.5321037 ] ] } },
{ "type": "Feature", "properties": { "fid": 415.0, "cat": 418, "cat_": 418, "u": "1199840461", "v": "1199840465", "key": "0", "osmid": "1382939840", "highway": "residential", "name": "nan", "oneway": "False", "reversed": "True", "length": "39.744460056036054", "lanes": "1", "service": "nan", "tunnel": "nan" }, "geometry": { "type": "LineString", "coordinates": [ [ 114.352333, 30.531885 ], [ 114.3527479, 30.5318786 ] ] } },
{ "type": "Feature", "properties": { "fid": 416.0, "cat": 419, "cat_": 419, "u": "1199840461", "v": "12803401525", "key": "0", "osmid": "1473497652", "highway": "residential", "name": "星湖三路", "oneway": "False", "reversed": "True", "length": "8.180533087825907", "lanes": "2", "service": "nan", "tunnel": "nan" }, "geometry": { "type": "LineString", "coordinates": [ [ 114.352333, 30.531885 ], [ 114.3523257, 30.5318117 ] ] } },
{ "type": "Feature", "properties": { "fid": 419.0, "cat": 422, "cat_": 422, "u": "1199840465", "v": "1199840542", "key": "0", "osmid": "103949723", "highway": "residential", "name": "求是大道", "oneway": "False", "reversed": "False", "length": "84.25545283908136", "lanes": "nan", "service": "nan", "tunnel": "nan" }, "geometry": { "type": "LineString", "coordinates": [ [ 114.3527479, 30.5318786 ], [ 114.3525966, 30.5321928 ], [ 114.3524774, 30.5324238 ], [ 114.3523887, 30.5325698 ] ] } },
{ "type": "Feature", "properties": { "fid": 420.0, "cat": 423, "cat_": 423, "u": "1199840469", "v": "13513425379", "key": "0", "osmid": "104372402", "highway": "residential", "name": "求是大道", "oneway": "False", "reversed": "False", "length": "23.398396270189323", "lanes": "nan", "service": "nan", "tunnel": "nan" }, "geometry": { "type": "LineString", "coordinates": [ [ 114.3550806, 30.5321295 ], [ 114.3553249, 30.5321293 ] ] } },
{ "type": "Feature", "properties": { "fid": 421.0, "cat": 424, "cat_": 424, "u": "1199840469", "v": "9552099937", "key": "0", "osmid": "122744428", "highway": "residential", "name": "求是二路", "oneway": "False", "reversed": "True", "length": "24.84204521101978", "lanes": "2", "service": "nan", "tunnel": "nan" }, "geometry": { "type": "LineString", "coordinates": [ [ 114.3550806, 30.5321295 ], [ 114.3550782, 30.5319061 ] ] } },
{ "type": "Feature", "properties": { "fid": 422.0, "cat": 425, "cat_": 425, "u": "1199840469", "v": "1204185595", "key": "0", "osmid": "202517255", "highway": "residential", "name": "求是大道", "oneway": "False", "reversed": "False", "length": "39.05807103468781", "lanes": "nan", "service": "nan", "tunnel": "nan" }, "geometry": { "type": "LineString", "coordinates": [ [ 114.3550806, 30.5321295 ], [ 114.355011, 30.5321296 ], [ 114.3546728, 30.5321303 ] ] } },
{ "type": "Feature", "properties": { "fid": 423.0, "cat": 426, "cat_": 426, "u": "1199840474", "v": "9552100025", "key": "0", "osmid": "1473497651", "highway": "residential", "name": "星湖三路", "oneway": "False", "reversed": "True", "length": "37.5293686440183", "lanes": "2", "service": "nan", "tunnel": "nan" }, "geometry": { "type": "LineString", "coordinates": [ [ 114.3522869, 30.5300686 ], [ 114.3522898, 30.5297311 ] ] } },
{ "type": "Feature", "properties": { "fid": 424.0, "cat": 427, "cat_": 427, "u": "1199840474", "v": "3123587154", "key": "0", "osmid": "104372409", "highway": "residential", "name": "星湖路", "oneway": "False", "reversed": "True", "length": "69.73845716128739", "lanes": "2", "service": "nan", "tunnel": "nan" }, "geometry": { "type": "LineString", "coordinates": [ [ 114.3522869, 30.5300686 ], [ 114.3526595, 30.530067 ], [ 114.3529677, 30.5300671 ], [ 114.353015, 30.5300662 ] ] } },
{ "type": "Feature", "properties": { "fid": 425.0, "cat": 428, "cat_": 428, "u": "1199840474", "v": "12808976316", "key": "0", "osmid": "309396502", "highway": "residential", "name": "星湖三路", "oneway": "False", "reversed": "False", "length": "51.25170933842824", "lanes": "2", "service": "nan", "tunnel": "nan" }, "geometry": { "type": "LineString", "coordinates": [ [ 114.3522869, 30.5300686 ], [ 114.3522847, 30.5302826 ], [ 114.3522823, 30.5305295 ] ] } },
{ "type": "Feature", "properties": { "fid": 426.0, "cat": 429, "cat_": 429, "u": "1199840493", "v": "3147241023", "key": "0", "osmid": "103949739", "highway": "residential", "name": "星湖南路", "oneway": "False", "reversed": "True", "length": "25.039041307675124", "lanes": "2", "service": "nan", "tunnel": "nan" }, "geometry": { "type": "LineString", "coordinates": [ [ 114.3520341, 30.5290737 ], [ 114.352295500000011, 30.5290708 ] ] } },
{ "type": "Feature", "properties": { "fid": 427.0, "cat": 430, "cat_": 430, "u": "1199840502", "v": "12803752253", "key": "0", "osmid": "1387514498", "highway": "service", "name": "nan", "oneway": "False", "reversed": "True", "length": "33.768771086944746", "lanes": "nan", "service": "nan", "tunnel": "nan" }, "geometry": { "type": "LineString", "coordinates": [ [ 114.3530005, 30.5318828 ], [ 114.352940100000012, 30.532182 ] ] } },
{ "type": "Feature", "properties": { "fid": 428.0, "cat": 431, "cat_": 431, "u": "1199840502", "v": "1199840465", "key": "0", "osmid": "1481020752", "highway": "residential", "name": "求是大道", "oneway": "False", "reversed": "False", "length": "24.197906086777262", "lanes": "nan", "service": "nan", "tunnel": "nan" }, "geometry": { "type": "LineString", "coordinates": [ [ 114.3530005, 30.5318828 ], [ 114.3527479, 30.5318786 ] ] } },
{ "type": "Feature", "properties": { "fid": 429.0, "cat": 432, "cat_": 432, "u": "1199840502", "v": "13242138392", "key": "0", "osmid": "1443127359", "highway": "residential", "name": "星湖二路", "oneway": "False", "reversed": "True", "length": "60.61052684813522", "lanes": "2", "service": "nan", "tunnel": "nan" }, "geometry": { "type": "LineString", "coordinates": [ [ 114.3530005, 30.5318828 ], [ 114.3529992, 30.5317865 ], [ 114.353001, 30.5315654 ], [ 114.353, 30.531473 ], [ 114.3530004, 30.5314291 ], [ 114.3530263, 30.5313405 ] ] } },
{ "type": "Feature", "properties": { "fid": 430.0, "cat": 433, "cat_": 433, "u": "1199840502", "v": "2124844327", "key": "0", "osmid": [ 1481020753, 202517255 ], "highway": "residential", "name": "求是大道", "oneway": "False", "reversed": "True", "length": "111.32930597431505", "lanes": "nan", "service": "nan", "tunnel": "nan" }, "geometry": { "type": "LineString", "coordinates": [ [ 114.3530005, 30.5318828 ], [ 114.353388, 30.5320183 ], [ 114.3537118, 30.5321322 ], [ 114.3539542, 30.5321317 ], [ 114.3540644, 30.5321315 ], [ 114.3541062, 30.5321314 ] ] } },
{ "type": "Feature", "properties": { "fid": 431.0, "cat": 434, "cat_": 434, "u": "1199840503", "v": "9555905014", "key": "0", "osmid": "104372389", "highway": "residential", "name": "求是大道", "oneway": "False", "reversed": "False", "length": "5.380014226204317", "lanes": "nan", "service": "nan", "tunnel": "nan" }, "geometry": { "type": "LineString", "coordinates": [ [ 114.3521272, 30.534358499999986 ], [ 114.3521239, 30.534406799999989 ] ] } },
{ "type": "Feature", "properties": { "fid": 432.0, "cat": 435, "cat_": 435, "u": "1199840503", "v": "13239990021", "key": "0", "osmid": "1383484769", "highway": "path", "name": "nan", "oneway": "False", "reversed": "False", "length": "3.1519608997966824", "lanes": "nan", "service": "nan", "tunnel": "nan" }, "geometry": { "type": "LineString", "coordinates": [ [ 114.3521272, 30.534358499999986 ], [ 114.3520943, 30.5343592 ] ] } },
{ "type": "Feature", "properties": { "fid": 433.0, "cat": 436, "cat_": 436, "u": "1199840503", "v": "12808913073", "key": "0", "osmid": "104372389", "highway": "residential", "name": "求是大道", "oneway": "False", "reversed": "True", "length": "45.40074826679895", "lanes": "nan", "service": "nan", "tunnel": "nan" }, "geometry": { "type": "LineString", "coordinates": [ [ 114.3521272, 30.534358499999986 ], [ 114.3521386, 30.534173 ], [ 114.3521356, 30.5341145 ], [ 114.3521244, 30.534052899999988 ], [ 114.3520915, 30.5339553 ] ] } },
{ "type": "Feature", "properties": { "fid": 434.0, "cat": 437, "cat_": 437, "u": "1199840512", "v": "2123379581", "key": "0", "osmid": "103949733", "highway": "residential", "name": "玉兰路", "oneway": "False", "reversed": "False", "length": "53.21747258768995", "lanes": "nan", "service": "nan", "tunnel": "nan" }, "geometry": { "type": "LineString", "coordinates": [ [ 114.3545326, 30.533648 ], [ 114.3539783, 30.533681299999984 ] ] } },
{ "type": "Feature", "properties": { "fid": 435.0, "cat": 438, "cat_": 438, "u": "1199840512", "v": "2134380500", "key": "0", "osmid": "103949733", "highway": "residential", "name": "玉兰路", "oneway": "False", "reversed": "True", "length": "128.49775243091773", "lanes": "nan", "service": "nan", "tunnel": "nan" }, "geometry": { "type": "LineString", "coordinates": [ [ 114.3545326, 30.533648 ], [ 114.3558172, 30.5333146 ] ] } },
{ "type": "Feature", "properties": { "fid": 436.0, "cat": 439, "cat_": 439, "u": "1199840512", "v": "3186609976", "key": "0", "osmid": [ 1382802124, 312772206 ], "highway": [ "cycleway", "service" ], "name": "nan", "oneway": "False", "reversed": "False", "length": "38.56671425508145", "lanes": "nan", "service": "nan", "tunnel": "nan" }, "geometry": { "type": "LineString", "coordinates": [ [ 114.3545326, 30.533648 ], [ 114.3545774, 30.533959 ], [ 114.354592, 30.53399 ] ] } },
{ "type": "Feature", "properties": { "fid": 437.0, "cat": 440, "cat_": 440, "u": "1199840512", "v": "2134381638", "key": "0", "osmid": [ 104372395, 1474085628 ], "highway": "residential", "name": "物探路", "oneway": "False", "reversed": "True", "length": "104.52374174649894", "lanes": "nan", "service": "nan", "tunnel": "nan" }, "geometry": { "type": "LineString", "coordinates": [ [ 114.3545326, 30.533648 ], [ 114.354623900000021, 30.5334006 ], [ 114.354643, 30.5333337 ], [ 114.3546683, 30.5332266 ], [ 114.3546714, 30.533009 ], [ 114.3546718, 30.5329177 ], [ 114.354672500000021, 30.5327244 ] ] } },
{ "type": "Feature", "properties": { "fid": 438.0, "cat": 441, "cat_": 441, "u": "1199840514", "v": "2123261273", "key": "0", "osmid": "103949733", "highway": "residential", "name": "玉兰路", "oneway": "False", "reversed": "True", "length": "64.53224338864513", "lanes": "nan", "service": "nan", "tunnel": "nan" }, "geometry": { "type": "LineString", "coordinates": [ [ 114.3519853, 30.5337074 ], [ 114.3526589, 30.5336938 ] ] } },
{ "type": "Feature", "properties": { "fid": 439.0, "cat": 442, "cat_": 442, "u": "1199840514", "v": "12808913083", "key": "0", "osmid": "104372389", "highway": "residential", "name": "求是大道", "oneway": "False", "reversed": "False", "length": "7.404465387362817", "lanes": "nan", "service": "nan", "tunnel": "nan" }, "geometry": { "type": "LineString", "coordinates": [ [ 114.3519853, 30.5337074 ], [ 114.3520138, 30.5337693 ] ] } },
{ "type": "Feature", "properties": { "fid": 440.0, "cat": 443, "cat_": 443, "u": "1199840514", "v": "1199840605", "key": "0", "osmid": "104372389", "highway": "residential", "name": "求是大道", "oneway": "False", "reversed": "True", "length": "54.64666049344475", "lanes": "nan", "service": "nan", "tunnel": "nan" }, "geometry": { "type": "LineString", "coordinates": [ [ 114.3519853, 30.5337074 ], [ 114.3519377, 30.533599 ], [ 114.3519191, 30.5335307 ], [ 114.3519104, 30.5334669 ], [ 114.3519217, 30.5333918 ], [ 114.3519611, 30.5332692 ], [ 114.351975, 30.5332329 ] ] } },
{ "type": "Feature", "properties": { "fid": 441.0, "cat": 444, "cat_": 444, "u": "1199840542", "v": "12803752243", "key": "0", "osmid": "104372389", "highway": "residential", "name": "求是大道", "oneway": "False", "reversed": "False", "length": "19.745495546687604", "lanes": "nan", "service": "nan", "tunnel": "nan" }, "geometry": { "type": "LineString", "coordinates": [ [ 114.3523887, 30.5325698 ], [ 114.352291500000021, 30.5327264 ] ] } },
{ "type": "Feature", "properties": { "fid": 443.0, "cat": 446, "cat_": 446, "u": "1199840542", "v": "2123379582", "key": "0", "osmid": "673284749", "highway": "residential", "name": "星湖三路", "oneway": "False", "reversed": "True", "length": "21.97344566310516", "lanes": "2", "service": "nan", "tunnel": "nan" }, "geometry": { "type": "LineString", "coordinates": [ [ 114.3523887, 30.5325698 ], [ 114.3523711, 30.532504 ], [ 114.35234, 30.5323767 ] ] } },
{ "type": "Feature", "properties": { "fid": 444.0, "cat": 447, "cat_": 447, "u": "1199840542", "v": "13239990033", "key": "0", "osmid": "1442929824", "highway": "cycleway", "name": "nan", "oneway": "False", "reversed": "True", "length": "25.718764121849148", "lanes": "nan", "service": "nan", "tunnel": "nan" }, "geometry": { "type": "LineString", "coordinates": [ [ 114.3523887, 30.5325698 ], [ 114.3523403, 30.5325568 ], [ 114.3522452, 30.5327256 ] ] } },
{ "type": "Feature", "properties": { "fid": 445.0, "cat": 448, "cat_": 448, "u": "1199840547", "v": "13523586138", "key": "0", "osmid": "104372389", "highway": "residential", "name": "求是大道", "oneway": "False", "reversed": "False", "length": "29.943168623127978", "lanes": "nan", "service": "nan", "tunnel": "nan" }, "geometry": { "type": "LineString", "coordinates": [ [ 114.35215, 30.5329524 ], [ 114.352002, 30.5331896 ] ] } },
{ "type": "Feature", "properties": { "fid": 446.0, "cat": 449, "cat_": 449, "u": "1199840547", "v": "12844105253", "key": "0", "osmid": "104372389", "highway": "residential", "name": "求是大道", "oneway": "False", "reversed": "True", "length": "7.610945277304114", "lanes": "nan", "service": "nan", "tunnel": "nan" }, "geometry": { "type": "LineString", "coordinates": [ [ 114.35215, 30.5329524 ], [ 114.3521876, 30.5328921 ] ] } },
{ "type": "Feature", "properties": { "fid": 447.0, "cat": 450, "cat_": 450, "u": "1199840547", "v": "13239990031", "key": "0", "osmid": "1382939842", "highway": "service", "name": "nan", "oneway": "False", "reversed": "True", "length": "4.898267661325317", "lanes": "nan", "service": "nan", "tunnel": "nan" }, "geometry": { "type": "LineString", "coordinates": [ [ 114.35215, 30.5329524 ], [ 114.3520989, 30.5329542 ] ] } },
{ "type": "Feature", "properties": { "fid": 448.0, "cat": 451, "cat_": 451, "u": "1199840554", "v": "12862472444", "key": "0", "osmid": "103949717", "highway": "residential", "name": "求是一路", "oneway": "True", "reversed": "False", "length": "37.18366683811119", "lanes": "2", "service": "nan", "tunnel": "nan" }, "geometry": { "type": "LineString", "coordinates": [ [ 114.3563205, 30.5275568 ], [ 114.356321, 30.5278912 ] ] } },
{ "type": "Feature", "properties": { "fid": 449.0, "cat": 452, "cat_": 452, "u": "1199840554", "v": "3631666797", "key": "0", "osmid": [ 1480400147, 1480400148 ], "highway": "service", "name": "nan", "oneway": "False", "reversed": "False", "length": "37.904334492798284", "lanes": "nan", "service": "nan", "tunnel": "nan" }, "geometry": { "type": "LineString", "coordinates": [ [ 114.3563205, 30.5275568 ], [ 114.3563368, 30.5274989 ], [ 114.356369, 30.527433599999988 ], [ 114.3564092, 30.5273734 ], [ 114.3564291, 30.5273498 ], [ 114.3564471, 30.5273285 ], [ 114.3564608, 30.5273192 ], [ 114.3564767, 30.527313 ], [ 114.356495700000011, 30.527310100000012 ], [ 114.3565406, 30.5273084 ] ] } },
{ "type": "Feature", "properties": { "fid": 450.0, "cat": 453, "cat_": 453, "u": "1199840585", "v": "12803991855", "key": "0", "osmid": "104372386", "highway": "residential", "name": "求是一路", "oneway": "False", "reversed": "False", "length": "145.3654636773797", "lanes": "2", "service": "nan", "tunnel": "nan" }, "geometry": { "type": "LineString", "coordinates": [ [ 114.3563226, 30.5290671 ], [ 114.3563226, 30.5290953 ], [ 114.3563228, 30.5292238 ], [ 114.3563231, 30.5294095 ], [ 114.3563237, 30.5298157 ], [ 114.356324, 30.5300108 ], [ 114.3563243, 30.530226400000011 ], [ 114.3563246, 30.530374399999985 ] ] } },
{ "type": "Feature", "properties": { "fid": 451.0, "cat": 454, "cat_": 454, "u": "1199840585", "v": "3113067002", "key": "0", "osmid": "1383475027", "highway": "residential", "name": "星湖南路", "oneway": "False", "reversed": "True", "length": "95.20561178336078", "lanes": "2", "service": "nan", "tunnel": "nan" }, "geometry": { "type": "LineString", "coordinates": [ [ 114.3563226, 30.5290671 ], [ 114.3568383, 30.529067 ], [ 114.357242, 30.529067 ], [ 114.3573166, 30.5290669 ] ] } },
{ "type": "Feature", "properties": { "fid": 453.0, "cat": 456, "cat_": 456, "u": "1199840602", "v": "13251028689", "key": "0", "osmid": "103949719", "highway": "service", "name": "nan", "oneway": "False", "reversed": "True", "length": "60.370256182797", "lanes": "nan", "service": "nan", "tunnel": "nan" }, "geometry": { "type": "LineString", "coordinates": [ [ 114.3506948, 30.529256199999988 ], [ 114.3500646, 30.5292465 ] ] } },
{ "type": "Feature", "properties": { "fid": 454.0, "cat": 457, "cat_": 457, "u": "1199840602", "v": "13227038590", "key": "0", "osmid": "1382928327", "highway": "service", "name": "nan", "oneway": "False", "reversed": "False", "length": "50.07215708496401", "lanes": "nan", "service": "nan", "tunnel": "nan" }, "geometry": { "type": "LineString", "coordinates": [ [ 114.3506948, 30.529256199999988 ], [ 114.3512175, 30.5292642 ] ] } },
{ "type": "Feature", "properties": { "fid": 455.0, "cat": 458, "cat_": 458, "u": "1199840602", "v": "13227038593", "key": "0", "osmid": "1441555684", "highway": "service", "name": "nan", "oneway": "False", "reversed": "True", "length": "72.23092441289762", "lanes": "nan", "service": "nan", "tunnel": "nan" }, "geometry": { "type": "LineString", "coordinates": [ [ 114.3506948, 30.529256199999988 ], [ 114.3506844, 30.529595 ], [ 114.3506768, 30.5299056 ] ] } },
{ "type": "Feature", "properties": { "fid": 456.0, "cat": 459, "cat_": 459, "u": "1199840605", "v": "13523586138", "key": "0", "osmid": "104372389", "highway": "residential", "name": "求是大道", "oneway": "False", "reversed": "True", "length": "5.465250703645549", "lanes": "nan", "service": "nan", "tunnel": "nan" }, "geometry": { "type": "LineString", "coordinates": [ [ 114.351975, 30.5332329 ], [ 114.352002, 30.5331896 ] ] } },
{ "type": "Feature", "properties": { "fid": 458.0, "cat": 461, "cat_": 461, "u": "1199840605", "v": "12844105253", "key": "0", "osmid": "1387514494", "highway": "service", "name": "nan", "oneway": "False", "reversed": "True", "length": "52.00832630469145", "lanes": "nan", "service": "nan", "tunnel": "nan" }, "geometry": { "type": "LineString", "coordinates": [ [ 114.351975, 30.5332329 ], [ 114.3520792, 30.5332151 ], [ 114.3521232, 30.5331947 ], [ 114.3521588, 30.5331615 ], [ 114.352193, 30.5331182 ], [ 114.3522151, 30.5330706 ], [ 114.3522251, 30.53302480000001 ], [ 114.3522218, 30.532977 ], [ 114.3521876, 30.5328921 ] ] } },
{ "type": "Feature", "properties": { "fid": 459.0, "cat": 462, "cat_": 462, "u": "1199840610", "v": "1205470752", "key": "0", "osmid": "104474722", "highway": "residential", "name": "求是二路", "oneway": "True", "reversed": "False", "length": "15.467248008407948", "lanes": "2", "service": "nan", "tunnel": "nan" }, "geometry": { "type": "LineString", "coordinates": [ [ 114.3550739, 30.5290689 ], [ 114.3550737, 30.528929799999986 ] ] } },
{ "type": "Feature", "properties": { "fid": 460.0, "cat": 463, "cat_": 463, "u": "1199840610", "v": "6305194064", "key": "0", "osmid": "104372410", "highway": "residential", "name": "星湖南路", "oneway": "False", "reversed": "False", "length": "95.41648701800835", "lanes": "2", "service": "nan", "tunnel": "nan" }, "geometry": { "type": "LineString", "coordinates": [ [ 114.3550739, 30.5290689 ], [ 114.3550433, 30.5290689 ], [ 114.3540777, 30.5290705 ] ] } },
{ "type": "Feature", "properties": { "fid": 461.0, "cat": 464, "cat_": 464, "u": "1199840610", "v": "1204185541", "key": "0", "osmid": "122744428", "highway": "residential", "name": "求是二路", "oneway": "False", "reversed": "False", "length": "110.55025099341054", "lanes": "2", "service": "nan", "tunnel": "nan" }, "geometry": { "type": "LineString", "coordinates": [ [ 114.3550739, 30.5290689 ], [ 114.3550739, 30.5290975 ], [ 114.3550743, 30.5293246 ], [ 114.3550754, 30.5300408 ], [ 114.3550754, 30.5300631 ] ] } },
{ "type": "Feature", "properties": { "fid": 462.0, "cat": 465, "cat_": 465, "u": "1199840610", "v": "1199840585", "key": "0", "osmid": "1383475501", "highway": "residential", "name": "星湖南路", "oneway": "False", "reversed": "True", "length": "119.60144428256187", "lanes": "2", "service": "nan", "tunnel": "nan" }, "geometry": { "type": "LineString", "coordinates": [ [ 114.3550739, 30.5290689 ], [ 114.3553345, 30.5290694 ], [ 114.3557164, 30.529069 ], [ 114.3560223, 30.5290686 ], [ 114.3563226, 30.5290671 ] ] } },
{ "type": "Feature", "properties": { "fid": 463.0, "cat": 466, "cat_": 466, "u": "1201323300", "v": "1144979602", "key": "0", "osmid": "98965440", "highway": "residential", "name": "求是二路", "oneway": "True", "reversed": "False", "length": "73.49196560868245", "lanes": "2", "service": "nan", "tunnel": "nan" }, "geometry": { "type": "LineString", "coordinates": [ [ 114.355073, 30.5282555 ], [ 114.3550727, 30.5280755 ], [ 114.3550722, 30.5276849 ], [ 114.3550748, 30.5275946 ] ] } },
{ "type": "Feature", "properties": { "fid": 464.0, "cat": 467, "cat_": 467, "u": "1201323300", "v": "12805570360", "key": "0", "osmid": "1383198090", "highway": "residential", "name": "求是二路", "oneway": "False", "reversed": "True", "length": "42.18745604895615", "lanes": "2", "service": "nan", "tunnel": "nan" }, "geometry": { "type": "LineString", "coordinates": [ [ 114.355073, 30.5282555 ], [ 114.3550731, 30.5283003 ], [ 114.3550732, 30.5283979 ], [ 114.3550736, 30.5286349 ] ] } },
{ "type": "Feature", "properties": { "fid": 465.0, "cat": 468, "cat_": 468, "u": "1201323413", "v": "12803991855", "key": "0", "osmid": "104372386", "highway": "residential", "name": "求是一路", "oneway": "False", "reversed": "True", "length": "61.935709031124446", "lanes": "2", "service": "nan", "tunnel": "nan" }, "geometry": { "type": "LineString", "coordinates": [ [ 114.3563254, 30.5309314 ], [ 114.3563246, 30.530374399999985 ] ] } },
{ "type": "Feature", "properties": { "fid": 466.0, "cat": 469, "cat_": 469, "u": "1201323413", "v": "3113067000", "key": "0", "osmid": "103949725", "highway": "service", "name": "毕昇路", "oneway": "False", "reversed": "False", "length": "119.59964318207271", "lanes": "1", "service": "nan", "tunnel": "nan" }, "geometry": { "type": "LineString", "coordinates": [ [ 114.3563254, 30.5309314 ], [ 114.3557027, 30.5309291 ], [ 114.3551223, 30.530927 ], [ 114.3550767, 30.5309268 ] ] } },
{ "type": "Feature", "properties": { "fid": 467.0, "cat": 470, "cat_": 470, "u": "1201323413", "v": "12802614651", "key": "0", "osmid": "1396640830", "highway": "residential", "name": "求是一路", "oneway": "False", "reversed": "False", "length": "133.1117665786446", "lanes": "2", "service": "nan", "tunnel": "nan" }, "geometry": { "type": "LineString", "coordinates": [ [ 114.3563254, 30.5309314 ], [ 114.3563256, 30.5310076 ], [ 114.3563259, 30.5312207 ], [ 114.3563261, 30.5313617 ], [ 114.3563265, 30.531645 ], [ 114.3563272, 30.5320969 ], [ 114.3563273, 30.5321285 ] ] } },
{ "type": "Feature", "properties": { "fid": 468.0, "cat": 471, "cat_": 471, "u": "1201323459", "v": "12928862576", "key": "0", "osmid": "1383198091", "highway": "residential", "name": "求是一路", "oneway": "False", "reversed": "False", "length": "19.08109800211009", "lanes": "2", "service": "nan", "tunnel": "nan" }, "geometry": { "type": "LineString", "coordinates": [ [ 114.3563215, 30.528254100000012 ], [ 114.3563218, 30.528425699999989 ] ] } },
{ "type": "Feature", "properties": { "fid": 469.0, "cat": 472, "cat_": 472, "u": "1201323459", "v": "3631666787", "key": "0", "osmid": "104108007", "highway": "residential", "name": "北京路", "oneway": "True", "reversed": "False", "length": "58.25412121991904", "lanes": "nan", "service": "nan", "tunnel": "nan" }, "geometry": { "type": "LineString", "coordinates": [ [ 114.3563215, 30.528254100000012 ], [ 114.3558393, 30.5282548 ], [ 114.355713300000019, 30.528254799999988 ] ] } },
{ "type": "Feature", "properties": { "fid": 470.0, "cat": 473, "cat_": 473, "u": "1204185466", "v": "3631666787", "key": "0", "osmid": "358205760", "highway": "service", "name": "nan", "oneway": "False", "reversed": "True", "length": "42.17697498613172", "lanes": "nan", "service": "nan", "tunnel": "nan" }, "geometry": { "type": "LineString", "coordinates": [ [ 114.3557158, 30.5286341 ], [ 114.355713300000019, 30.528254799999988 ] ] } },
{ "type": "Feature", "properties": { "fid": 471.0, "cat": 474, "cat_": 474, "u": "1204185466", "v": "12805570360", "key": "0", "osmid": "104372381", "highway": "service", "name": "陕西路", "oneway": "False", "reversed": "True", "length": "61.51043899105096", "lanes": "1", "service": "nan", "tunnel": "nan" }, "geometry": { "type": "LineString", "coordinates": [ [ 114.3557158, 30.5286341 ], [ 114.3555821, 30.5286342 ], [ 114.3550736, 30.5286349 ] ] } },
{ "type": "Feature", "properties": { "fid": 472.0, "cat": 475, "cat_": 475, "u": "1204185466", "v": "1204185558", "key": "0", "osmid": "489515246", "highway": "service", "name": "陕西路", "oneway": "False", "reversed": "False", "length": "58.07191408940581", "lanes": "1", "service": "nan", "tunnel": "nan" }, "geometry": { "type": "LineString", "coordinates": [ [ 114.3557158, 30.5286341 ], [ 114.3558378, 30.5286339 ], [ 114.356322100000014, 30.5286333 ] ] } },
{ "type": "Feature", "properties": { "fid": 473.0, "cat": 476, "cat_": 476, "u": "1204185471", "v": "3631666774", "key": "0", "osmid": "104372380", "highway": "residential", "name": "星湖一路", "oneway": "False", "reversed": "False", "length": "36.5226904834767", "lanes": "2", "service": "nan", "tunnel": "nan" }, "geometry": { "type": "LineString", "coordinates": [ [ 114.3540737, 30.5300638 ], [ 114.3540787, 30.5302696 ], [ 114.3540806, 30.5303922 ] ] } },
{ "type": "Feature", "properties": { "fid": 474.0, "cat": 477, "cat_": 477, "u": "1204185471", "v": "3123587154", "key": "0", "osmid": "104372409", "highway": "residential", "name": "星湖路", "oneway": "False", "reversed": "False", "length": "101.40196241929843", "lanes": "2", "service": "nan", "tunnel": "nan" }, "geometry": { "type": "LineString", "coordinates": [ [ 114.3540737, 30.5300638 ], [ 114.3537835, 30.5300648 ], [ 114.353632, 30.5300653 ], [ 114.353334300000014, 30.5300657 ], [ 114.353187, 30.530066 ], [ 114.353015, 30.5300662 ] ] } },
{ "type": "Feature", "properties": { "fid": 476.0, "cat": 479, "cat_": 479, "u": "1204185489", "v": "3147251082", "key": "0", "osmid": "1382928327", "highway": "service", "name": "nan", "oneway": "False", "reversed": "False", "length": "27.96268192943074", "lanes": "nan", "service": "nan", "tunnel": "nan" }, "geometry": { "type": "LineString", "coordinates": [ [ 114.3518534, 30.529274 ], [ 114.3521453, 30.5292785 ] ] } },
{ "type": "Feature", "properties": { "fid": 477.0, "cat": 480, "cat_": 480, "u": "1204185489", "v": "13227038590", "key": "0", "osmid": "1382928327", "highway": "service", "name": "nan", "oneway": "False", "reversed": "True", "length": "60.91630317539136", "lanes": "nan", "service": "nan", "tunnel": "nan" }, "geometry": { "type": "LineString", "coordinates": [ [ 114.3518534, 30.529274 ], [ 114.3512175, 30.5292642 ] ] } },
{ "type": "Feature", "properties": { "fid": 478.0, "cat": 481, "cat_": 481, "u": "1204185489", "v": "13227038584", "key": "0", "osmid": "307265573", "highway": "service", "name": "nan", "oneway": "False", "reversed": "False", "length": "29.43805247830809", "lanes": "nan", "service": "nan", "tunnel": "nan" }, "geometry": { "type": "LineString", "coordinates": [ [ 114.3518534, 30.529274 ], [ 114.3518502, 30.529427699999985 ], [ 114.3518479, 30.5295387 ] ] } },
{ "type": "Feature", "properties": { "fid": 479.0, "cat": 482, "cat_": 482, "u": "1204185541", "v": "1204185471", "key": "0", "osmid": "104372409", "highway": "residential", "name": "星湖路", "oneway": "False", "reversed": "False", "length": "95.94222631113405", "lanes": "2", "service": "nan", "tunnel": "nan" }, "geometry": { "type": "LineString", "coordinates": [ [ 114.3550754, 30.5300631 ], [ 114.3550424, 30.5300632 ], [ 114.3544897, 30.530064 ], [ 114.3540737, 30.5300638 ] ] } },
{ "type": "Feature", "properties": { "fid": 480.0, "cat": 483, "cat_": 483, "u": "1204185541", "v": "3631666771", "key": "0", "osmid": "122744428", "highway": "residential", "name": "求是二路", "oneway": "False", "reversed": "False", "length": "47.56930453222365", "lanes": "2", "service": "nan", "tunnel": "nan" }, "geometry": { "type": "LineString", "coordinates": [ [ 114.3550754, 30.5300631 ], [ 114.3550757, 30.5302677 ], [ 114.3550761, 30.5304909 ] ] } },
{ "type": "Feature", "properties": { "fid": 482.0, "cat": 485, "cat_": 485, "u": "1204185558", "v": "12928862576", "key": "0", "osmid": "1383198091", "highway": "residential", "name": "求是一路", "oneway": "False", "reversed": "True", "length": "23.08411726455174", "lanes": "2", "service": "nan", "tunnel": "nan" }, "geometry": { "type": "LineString", "coordinates": [ [ 114.356322100000014, 30.5286333 ], [ 114.3563218, 30.528425699999989 ] ] } },
{ "type": "Feature", "properties": { "fid": 485.0, "cat": 488, "cat_": 488, "u": "1204185595", "v": "2124841200", "key": "0", "osmid": "104372395", "highway": "residential", "name": "物探路", "oneway": "False", "reversed": "False", "length": "34.781906584840215", "lanes": "nan", "service": "nan", "tunnel": "nan" }, "geometry": { "type": "LineString", "coordinates": [ [ 114.3546728, 30.5321303 ], [ 114.3546736, 30.5324431 ] ] } },
{ "type": "Feature", "properties": { "fid": 486.0, "cat": 489, "cat_": 489, "u": "1204185595", "v": "2124844327", "key": "0", "osmid": "202517255", "highway": "residential", "name": "求是大道", "oneway": "False", "reversed": "False", "length": "54.267535061895444", "lanes": "nan", "service": "nan", "tunnel": "nan" }, "geometry": { "type": "LineString", "coordinates": [ [ 114.3546728, 30.5321303 ], [ 114.3541062, 30.5321314 ] ] } },
{ "type": "Feature", "properties": { "fid": 488.0, "cat": 491, "cat_": 491, "u": "1205470751", "v": "1199840585", "key": "0", "osmid": "104474720", "highway": "residential", "name": "求是一路", "oneway": "True", "reversed": "False", "length": "14.955751028651775", "lanes": "2", "service": "nan", "tunnel": "nan" }, "geometry": { "type": "LineString", "coordinates": [ [ 114.3563224, 30.5289326 ], [ 114.3563226, 30.5290671 ] ] } },
{ "type": "Feature", "properties": { "fid": 489.0, "cat": 492, "cat_": 492, "u": "1205470751", "v": "1204185558", "key": "0", "osmid": [ 1383198091, 104474724 ], "highway": "residential", "name": "求是一路", "oneway": "False", "reversed": "True", "length": "33.28070156254487", "lanes": "2", "service": "nan", "tunnel": "nan" }, "geometry": { "type": "LineString", "coordinates": [ [ 114.3563224, 30.5289326 ], [ 114.3563223, 30.5288193 ], [ 114.3563222, 30.528705 ], [ 114.356322100000014, 30.5286333 ] ] } },
{ "type": "Feature", "properties": { "fid": 490.0, "cat": 493, "cat_": 493, "u": "1205470752", "v": "12805570360", "key": "0", "osmid": [ 104474721, 103949730 ], "highway": "residential", "name": "求是二路", "oneway": "False", "reversed": [ false, true ], "length": "32.79144327700172", "lanes": "2", "service": "nan", "tunnel": "nan" }, "geometry": { "type": "LineString", "coordinates": [ [ 114.3550737, 30.528929799999986 ], [ 114.3550738, 30.528819 ], [ 114.3550737, 30.5287079 ], [ 114.3550736, 30.5286349 ] ] } },
{ "type": "Feature", "properties": { "fid": 492.0, "cat": 495, "cat_": 495, "u": "1358787358", "v": "1358787373", "key": "0", "osmid": "488587938", "highway": "tertiary", "name": "扬波路", "oneway": "False", "reversed": "False", "length": "32.74637249499158", "lanes": "nan", "service": "nan", "tunnel": "nan" }, "geometry": { "type": "LineString", "coordinates": [ [ 114.3711507, 30.5376029 ], [ 114.371239, 30.5374767 ], [ 114.3712611, 30.5374538 ], [ 114.3712895, 30.5374417 ], [ 114.3713199, 30.5374357 ], [ 114.371392900000018, 30.5374291 ] ] } },
{ "type": "Feature", "properties": { "fid": 493.0, "cat": 496, "cat_": 496, "u": "1358787358", "v": "13394364502", "key": "0", "osmid": "1460405207", "highway": "path", "name": "nan", "oneway": "False", "reversed": "True", "length": "77.84264787396313", "lanes": "nan", "service": "nan", "tunnel": "nan" }, "geometry": { "type": "LineString", "coordinates": [ [ 114.3711507, 30.5376029 ], [ 114.3711063, 30.5375521 ], [ 114.3710849, 30.5375002 ], [ 114.3710044, 30.5373396 ], [ 114.3708971, 30.5372634 ], [ 114.3706128, 30.5372079 ], [ 114.3705715, 30.5372095 ] ] } },
{ "type": "Feature", "properties": { "fid": 495.0, "cat": 498, "cat_": 498, "u": "1358787373", "v": "1197776481", "key": "0", "osmid": [ 103745616, 173002093 ], "highway": "service", "name": "珞东路", "oneway": "False", "reversed": "False", "length": "396.0024197725254", "lanes": "nan", "service": "nan", "tunnel": "nan" }, "geometry": { "type": "LineString", "coordinates": [ [ 114.371392900000018, 30.5374291 ], [ 114.3713789, 30.5373121 ], [ 114.3713631, 30.5372454 ], [ 114.3713473, 30.5371868 ], [ 114.37132, 30.537119 ], [ 114.3712926, 30.5370632 ], [ 114.3711711, 30.5368353 ], [ 114.3711165, 30.5367537 ], [ 114.3710383, 30.5366654 ], [ 114.3709791, 30.5366073 ], [ 114.3709138, 30.5365562 ], [ 114.3708253, 30.5365015 ], [ 114.3706576, 30.5364153 ], [ 114.3703512, 30.5362793 ], [ 114.3699691, 30.5361244 ], [ 114.3698632, 30.5363034 ], [ 114.3683158, 30.5357316 ] ] } },
{ "type": "Feature", "properties": { "fid": 497.0, "cat": 500, "cat_": 500, "u": "1358787377", "v": "13668225749", "key": "0", "osmid": "1383094439", "highway": "residential", "name": "松园北路", "oneway": "False", "reversed": "True", "length": "43.58013706729522", "lanes": "nan", "service": "nan", "tunnel": "nan" }, "geometry": { "type": "LineString", "coordinates": [ [ 114.3582284, 30.5466643 ], [ 114.357776800000011, 30.5466159 ] ] } },
{ "type": "Feature", "properties": { "fid": 498.0, "cat": 501, "cat_": 501, "u": "1358787377", "v": "3842095839", "key": "0", "osmid": "1383195560", "highway": "residential", "name": "松园北路", "oneway": "False", "reversed": "False", "length": "28.216968273585064", "lanes": "nan", "service": "nan", "tunnel": "nan" }, "geometry": { "type": "LineString", "coordinates": [ [ 114.3582284, 30.5466643 ], [ 114.3582685, 30.5464129 ] ] } },
{ "type": "Feature", "properties": { "fid": 499.0, "cat": 502, "cat_": 502, "u": "1358787377", "v": "12848166032", "key": "0", "osmid": [ 380915250, 1387931443 ], "highway": "service", "name": "nan", "oneway": "False", "reversed": [ false, true ], "length": "66.22583455039774", "lanes": "nan", "service": "nan", "tunnel": "nan" }, "geometry": { "type": "LineString", "coordinates": [ [ 114.3582284, 30.5466643 ], [ 114.3581784, 30.5469775 ], [ 114.3585005, 30.5470112 ] ] } },
{ "type": "Feature", "properties": { "fid": 500.0, "cat": 503, "cat_": 503, "u": "1358787400", "v": "1196701859", "key": "0", "osmid": "123838957", "highway": "residential", "name": "育才路", "oneway": "False", "reversed": "True", "length": "85.04615434775395", "lanes": "nan", "service": "nan", "tunnel": "nan" }, "geometry": { "type": "LineString", "coordinates": [ [ 114.35841, 30.5449822 ], [ 114.3584426, 30.5446728 ], [ 114.358446, 30.5446395 ], [ 114.3584819, 30.5442735 ], [ 114.358487700000012, 30.5442203 ] ] } },
{ "type": "Feature", "properties": { "fid": 501.0, "cat": 504, "cat_": 504, "u": "1358787400", "v": "3842096758", "key": "0", "osmid": "380915247", "highway": "residential", "name": "松园中路", "oneway": "False", "reversed": "False", "length": "140.1107369057388", "lanes": "nan", "service": "nan", "tunnel": "nan" }, "geometry": { "type": "LineString", "coordinates": [ [ 114.35841, 30.5449822 ], [ 114.3592471, 30.5450577 ], [ 114.3597003, 30.5450995 ], [ 114.359865, 30.5451144 ] ] } },
{ "type": "Feature", "properties": { "fid": 502.0, "cat": 505, "cat_": 505, "u": "1358787400", "v": "4159413690", "key": "0", "osmid": [ 1385082704, 1477804313 ], "highway": "residential", "name": [ "松园中路", "育才路" ], "oneway": "False", "reversed": "True", "length": "100.92735517088354", "lanes": "nan", "service": "nan", "tunnel": "nan" }, "geometry": { "type": "LineString", "coordinates": [ [ 114.35841, 30.5449822 ], [ 114.3584077, 30.5450073 ], [ 114.358378, 30.5452649 ], [ 114.358376800000016, 30.5452754 ], [ 114.3583717, 30.5453098 ], [ 114.3577054, 30.5452374 ] ] } },
{ "type": "Feature", "properties": { "fid": 503.0, "cat": 506, "cat_": 506, "u": "1358787413", "v": "12802032513", "key": "0", "osmid": "488587938", "highway": "tertiary", "name": "扬波路", "oneway": "False", "reversed": "True", "length": "5.306194645025371", "lanes": "nan", "service": "nan", "tunnel": "nan" }, "geometry": { "type": "LineString", "coordinates": [ [ 114.3685559, 30.5390898 ], [ 114.368547, 30.5391369 ] ] } },
{ "type": "Feature", "properties": { "fid": 504.0, "cat": 507, "cat_": 507, "u": "1358787413", "v": "12889055299", "key": "0", "osmid": "1382740427", "highway": "service", "name": "nan", "oneway": "False", "reversed": "False", "length": "37.4960091640545", "lanes": "nan", "service": "nan", "tunnel": "nan" }, "geometry": { "type": "LineString", "coordinates": [ [ 114.3685559, 30.5390898 ], [ 114.3689421, 30.5391452 ] ] } },
{ "type": "Feature", "properties": { "fid": 505.0, "cat": 508, "cat_": 508, "u": "1358787413", "v": "12802032679", "key": "0", "osmid": "488587938", "highway": "tertiary", "name": "扬波路", "oneway": "False", "reversed": "False", "length": "108.26317567184311", "lanes": "nan", "service": "nan", "tunnel": "nan" }, "geometry": { "type": "LineString", "coordinates": [ [ 114.3685559, 30.5390898 ], [ 114.3685986, 30.538952 ], [ 114.3686173, 30.5389155 ], [ 114.3686445, 30.538883 ], [ 114.368687, 30.5388513 ], [ 114.3687356, 30.5388286 ], [ 114.3687888, 30.5388146 ], [ 114.3688598, 30.5388071 ], [ 114.3689571, 30.5388043 ], [ 114.3690273, 30.538796 ], [ 114.3690853, 30.5387851 ], [ 114.3691554, 30.5387576 ], [ 114.3693153, 30.5386702 ], [ 114.369431, 30.5386033 ] ] } },
{ "type": "Feature", "properties": { "fid": 506.0, "cat": 509, "cat_": 509, "u": "1369722859", "v": "3123587149", "key": "0", "osmid": "104372410", "highway": "residential", "name": "星湖南路", "oneway": "False", "reversed": "True", "length": "32.15350880089134", "lanes": "2", "service": "nan", "tunnel": "nan" }, "geometry": { "type": "LineString", "coordinates": [ [ 114.3529971, 30.5290722 ], [ 114.3533328, 30.5290716 ] ] } },
{ "type": "Feature", "properties": { "fid": 508.0, "cat": 511, "cat_": 511, "u": "1369722859", "v": "3147241023", "key": "0", "osmid": "1383475010", "highway": "residential", "name": "星湖南路", "oneway": "False", "reversed": "False", "length": "67.19962920990316", "lanes": "2", "service": "nan", "tunnel": "nan" }, "geometry": { "type": "LineString", "coordinates": [ [ 114.3529971, 30.5290722 ], [ 114.352978, 30.5290722 ], [ 114.352295500000011, 30.5290708 ] ] } },
{ "type": "Feature", "properties": { "fid": 509.0, "cat": 512, "cat_": 512, "u": "1369722860", "v": "1369722859", "key": "0", "osmid": "539830418", "highway": "service", "name": "nan", "oneway": "False", "reversed": "True", "length": "53.154675157313534", "lanes": "nan", "service": "nan", "tunnel": "nan" }, "geometry": { "type": "LineString", "coordinates": [ [ 114.3529908, 30.5285942 ], [ 114.3529971, 30.5290722 ] ] } },
{ "type": "Feature", "properties": { "fid": 510.0, "cat": 513, "cat_": 513, "u": "1369722860", "v": "5223097959", "key": "0", "osmid": "1441621540", "highway": "service", "name": "nan", "oneway": "False", "reversed": "False", "length": "68.82986750328243", "lanes": "nan", "service": "nan", "tunnel": "nan" }, "geometry": { "type": "LineString", "coordinates": [ [ 114.3529908, 30.5285942 ], [ 114.3528568, 30.5285951 ], [ 114.3526863, 30.5285961 ], [ 114.352272200000016, 30.5285987 ] ] } },
{ "type": "Feature", "properties": { "fid": 511.0, "cat": 514, "cat_": 514, "u": "1369722860", "v": "5223097960", "key": "0", "osmid": [ 673284746, 1480419195, 1441621540 ], "highway": "service", "name": "nan", "oneway": "False", "reversed": "True", "length": "84.12377850701735", "lanes": "nan", "service": "nan", "tunnel": "nan" }, "geometry": { "type": "LineString", "coordinates": [ [ 114.3529908, 30.5285942 ], [ 114.3530864, 30.5285936 ], [ 114.3531081, 30.5286402 ], [ 114.353512, 30.5286391 ], [ 114.353591900000012, 30.5286389 ], [ 114.3538325, 30.5286382 ] ] } },
{ "type": "Feature", "properties": { "fid": 513.0, "cat": 516, "cat_": 516, "u": "1379619930", "v": "12805877877", "key": "0", "osmid": "1477028039", "highway": "residential", "name": "松园中路", "oneway": "False", "reversed": "False", "length": "46.540612636600834", "lanes": "nan", "service": "nan", "tunnel": "nan" }, "geometry": { "type": "LineString", "coordinates": [ [ 114.3608766, 30.5452064 ], [ 114.3613608, 30.5452423 ] ] } },
{ "type": "Feature", "properties": { "fid": 516.0, "cat": 519, "cat_": 519, "u": "1379619933", "v": "12823522537", "key": "0", "osmid": "123838952", "highway": "residential", "name": "松园东路", "oneway": "False", "reversed": "False", "length": "45.68703695918202", "lanes": "nan", "service": "nan", "tunnel": "nan" }, "geometry": { "type": "LineString", "coordinates": [ [ 114.3606491, 30.5471017 ], [ 114.3606001, 30.5475104 ] ] } },
{ "type": "Feature", "properties": { "fid": 518.0, "cat": 521, "cat_": 521, "u": "1379619933", "v": "12848166029", "key": "0", "osmid": "1387931441", "highway": "service", "name": "nan", "oneway": "False", "reversed": "True", "length": "77.46421079269253", "lanes": "nan", "service": "nan", "tunnel": "nan" }, "geometry": { "type": "LineString", "coordinates": [ [ 114.3606491, 30.5471017 ], [ 114.360106, 30.547053199999986 ], [ 114.3598445, 30.5470298 ] ] } },
{ "type": "Feature", "properties": { "fid": 520.0, "cat": 523, "cat_": 523, "u": "1379619955", "v": "13668225775", "key": "0", "osmid": "123838952", "highway": "residential", "name": "松园东路", "oneway": "False", "reversed": "False", "length": "22.032767614966424", "lanes": "nan", "service": "nan", "tunnel": "nan" }, "geometry": { "type": "LineString", "coordinates": [ [ 114.3607335, 30.5463987 ], [ 114.3607099, 30.5465958 ] ] } },
{ "type": "Feature", "properties": { "fid": 522.0, "cat": 525, "cat_": 525, "u": "1379619955", "v": "1379619930", "key": "0", "osmid": "123838952", "highway": "residential", "name": "松园东路", "oneway": "False", "reversed": "True", "length": "133.28425760748684", "lanes": "nan", "service": "nan", "tunnel": "nan" }, "geometry": { "type": "LineString", "coordinates": [ [ 114.3607335, 30.5463987 ], [ 114.3607509, 30.5462536 ], [ 114.3607647, 30.5461384 ], [ 114.3608354, 30.5455493 ], [ 114.3608766, 30.5452064 ] ] } },
{ "type": "Feature", "properties": { "fid": 525.0, "cat": 528, "cat_": 528, "u": "1406781205", "v": "13240030330", "key": "0", "osmid": "312772215", "highway": "cycleway", "name": "nan", "oneway": "False", "reversed": "True", "length": "251.54535892719034", "lanes": "nan", "service": "nan", "tunnel": "nan" }, "geometry": { "type": "LineString", "coordinates": [ [ 114.3575811, 30.5334071 ], [ 114.357293, 30.5335056 ], [ 114.356361, 30.5338284 ], [ 114.3561554, 30.533904 ], [ 114.3561266, 30.5339424 ], [ 114.3552318, 30.5342583 ], [ 114.3551651, 30.5342459 ] ] } },
{ "type": "Feature", "properties": { "fid": 526.0, "cat": 529, "cat_": 529, "u": "1406781234", "v": "1406781205", "key": "0", "osmid": "273992080", "highway": "residential", "name": "汉林东路", "oneway": "False", "reversed": "False", "length": "39.5860930620983", "lanes": "nan", "service": "nan", "tunnel": "nan" }, "geometry": { "type": "LineString", "coordinates": [ [ 114.3574738, 30.533063299999984 ], [ 114.3575811, 30.5334071 ] ] } },
{ "type": "Feature", "properties": { "fid": 527.0, "cat": 530, "cat_": 530, "u": "1406781234", "v": "12802547736", "key": "0", "osmid": "273992081", "highway": "residential", "name": "汉林东路", "oneway": "False", "reversed": "False", "length": "127.24616096948088", "lanes": "nan", "service": "nan", "tunnel": "nan" }, "geometry": { "type": "LineString", "coordinates": [ [ 114.3574738, 30.533063299999984 ], [ 114.3574508, 30.532986 ], [ 114.357406700000013, 30.532878 ], [ 114.3573646, 30.5327947 ], [ 114.3573457, 30.5327433 ], [ 114.3573389, 30.5327145 ], [ 114.3573346, 30.5326809 ], [ 114.3573268, 30.5324427 ], [ 114.3573328, 30.5320388 ], [ 114.357297, 30.5319438 ] ] } },
{ "type": "Feature", "properties": { "fid": 528.0, "cat": 531, "cat_": 531, "u": "1406781234", "v": "3186609967", "key": "0", "osmid": [ 1387978149, 1081570654 ], "highway": "cycleway", "name": "nan", "oneway": "False", "reversed": [ false, true ], "length": "244.63849207281535", "lanes": "nan", "service": "nan", "tunnel": "nan" }, "geometry": { "type": "LineString", "coordinates": [ [ 114.3574738, 30.533063299999984 ], [ 114.3574058, 30.5330861 ], [ 114.3573441, 30.5331069 ], [ 114.3562611, 30.5334815 ], [ 114.3561997, 30.5335027 ], [ 114.3558458, 30.5336244 ], [ 114.355456100000012, 30.5337672 ], [ 114.3551079, 30.5338923 ] ] } },
{ "type": "Feature", "properties": { "fid": 531.0, "cat": 534, "cat_": 534, "u": "1417701738", "v": "13621348282", "key": "0", "osmid": "306379144", "highway": "residential", "name": "nan", "oneway": "False", "reversed": "False", "length": "79.62560464910582", "lanes": "nan", "service": "nan", "tunnel": "nan" }, "geometry": { "type": "LineString", "coordinates": [ [ 114.3554345, 30.5450052 ], [ 114.3554365, 30.544981600000011 ], [ 114.355522, 30.5442931 ] ] } },
{ "type": "Feature", "properties": { "fid": 532.0, "cat": 535, "cat_": 535, "u": "1417701739", "v": "12805594606", "key": "0", "osmid": "1037157573", "highway": "service", "name": "nan", "oneway": "False", "reversed": "False", "length": "66.83887227757559", "lanes": "nan", "service": "nan", "tunnel": "nan" }, "geometry": { "type": "LineString", "coordinates": [ [ 114.3543259, 30.5448895 ], [ 114.3542355, 30.5446643 ], [ 114.3540927, 30.5446462 ], [ 114.3539943, 30.5446403 ], [ 114.353816, 30.5446404 ] ] } },
{ "type": "Feature", "properties": { "fid": 533.0, "cat": 536, "cat_": 536, "u": "1417701739", "v": "13246423697", "key": "0", "osmid": "1478807908", "highway": "residential", "name": "松园中路", "oneway": "False", "reversed": "False", "length": "77.99395790325713", "lanes": "nan", "service": "nan", "tunnel": "nan" }, "geometry": { "type": "LineString", "coordinates": [ [ 114.3543259, 30.5448895 ], [ 114.354366, 30.5448969 ], [ 114.354692, 30.544926 ], [ 114.3551336, 30.5449778 ] ] } },
{ "type": "Feature", "properties": { "fid": 534.0, "cat": 537, "cat_": 537, "u": "1417701739", "v": "3113066250", "key": "0", "osmid": "1478807908", "highway": "residential", "name": "松园中路", "oneway": "False", "reversed": "True", "length": "39.038545910413134", "lanes": "nan", "service": "nan", "tunnel": "nan" }, "geometry": { "type": "LineString", "coordinates": [ [ 114.3543259, 30.5448895 ], [ 114.3542973, 30.5449054 ], [ 114.3542828, 30.544925 ], [ 114.3542736, 30.5449509 ], [ 114.3542332, 30.5452201 ] ] } },
{ "type": "Feature", "properties": { "fid": 536.0, "cat": 539, "cat_": 539, "u": "1417701861", "v": "13621348282", "key": "0", "osmid": "306379144", "highway": "residential", "name": "nan", "oneway": "False", "reversed": "True", "length": "23.819107203491853", "lanes": "nan", "service": "nan", "tunnel": "nan" }, "geometry": { "type": "LineString", "coordinates": [ [ 114.3555484, 30.5440801 ], [ 114.355522, 30.5442931 ] ] } },
{ "type": "Feature", "properties": { "fid": 537.0, "cat": 540, "cat_": 540, "u": "1417701861", "v": "3112677663", "key": "0", "osmid": "1383475022", "highway": "residential", "name": "弘毅大道", "oneway": "False", "reversed": "True", "length": "71.75687771831265", "lanes": "nan", "service": "nan", "tunnel": "nan" }, "geometry": { "type": "LineString", "coordinates": [ [ 114.3555484, 30.5440801 ], [ 114.354801, 30.5440342 ] ] } },
{ "type": "Feature", "properties": { "fid": 539.0, "cat": 542, "cat_": 542, "u": "1417701862", "v": "1417701738", "key": "0", "osmid": "1383475021", "highway": "residential", "name": "松园中路", "oneway": "False", "reversed": "False", "length": "16.559761773540806", "lanes": "nan", "service": "nan", "tunnel": "nan" }, "geometry": { "type": "LineString", "coordinates": [ [ 114.355262400000015, 30.5449907 ], [ 114.3554345, 30.5450052 ] ] } },
{ "type": "Feature", "properties": { "fid": 540.0, "cat": 543, "cat_": 543, "u": "1417701862", "v": "13246423697", "key": "0", "osmid": "1478807908", "highway": "residential", "name": "松园中路", "oneway": "False", "reversed": "True", "length": "12.417605314677838", "lanes": "nan", "service": "nan", "tunnel": "nan" }, "geometry": { "type": "LineString", "coordinates": [ [ 114.355262400000015, 30.5449907 ], [ 114.3551336, 30.5449778 ] ] } },
{ "type": "Feature", "properties": { "fid": 542.0, "cat": 545, "cat_": 545, "u": "1417702609", "v": "12808341227", "key": "0", "osmid": "84246296", "highway": "residential", "name": "桂园一路", "oneway": "False", "reversed": "False", "length": "35.37105729123165", "lanes": "nan", "service": "nan", "tunnel": "nan" }, "geometry": { "type": "LineString", "coordinates": [ [ 114.3546457, 30.5389427 ], [ 114.354685, 30.5389147 ], [ 114.3547129, 30.5388983 ], [ 114.3548618, 30.5388179 ], [ 114.3549564, 30.5387716 ] ] } },
{ "type": "Feature", "properties": { "fid": 546.0, "cat": 549, "cat_": 549, "u": "1615510160", "v": "3123587174", "key": "0", "osmid": "307265578", "highway": "service", "name": "nan", "oneway": "False", "reversed": "False", "length": "8.496777939285387", "lanes": "nan", "service": "nan", "tunnel": "nan" }, "geometry": { "type": "LineString", "coordinates": [ [ 114.354092600000016, 30.5309309 ], [ 114.3540039, 30.5309296 ] ] } },
{ "type": "Feature", "properties": { "fid": 548.0, "cat": 551, "cat_": 551, "u": "1615510170", "v": "3123587171", "key": "0", "osmid": "1036845861", "highway": "service", "name": "nan", "oneway": "False", "reversed": "True", "length": "147.85910866982263", "lanes": "nan", "service": "nan", "tunnel": "nan" }, "geometry": { "type": "LineString", "coordinates": [ [ 114.3541054, 30.5313271 ], [ 114.3540563, 30.5313276 ], [ 114.3536539, 30.531330499999985 ], [ 114.3536265, 30.5313307 ], [ 114.3533221, 30.5313351 ], [ 114.353165, 30.5313366 ], [ 114.3531596, 30.5309368 ], [ 114.3532987, 30.5309353 ] ] } },
{ "type": "Feature", "properties": { "fid": 550.0, "cat": 553, "cat_": 553, "u": "1663906423", "v": "12805594661", "key": "0", "osmid": "1480979198", "highway": "service", "name": "nan", "oneway": "False", "reversed": "False", "length": "21.394109063873525", "lanes": "nan", "service": "nan", "tunnel": "nan" }, "geometry": { "type": "LineString", "coordinates": [ [ 114.3505656, 30.5431483 ], [ 114.3507561, 30.543248800000011 ] ] } },
{ "type": "Feature", "properties": { "fid": 551.0, "cat": 554, "cat_": 554, "u": "1663906423", "v": "12805570387", "key": "0", "osmid": [ 1383195558, 1390672148, 1390672149, 1390672150, 1390672151 ], "highway": "service", "name": "nan", "oneway": "False", "reversed": "False", "length": "144.7678888551607", "lanes": "nan", "service": "nan", "tunnel": "nan" }, "geometry": { "type": "LineString", "coordinates": [ [ 114.3505656, 30.5431483 ], [ 114.3506594, 30.5430061 ], [ 114.350731, 30.5429041 ], [ 114.35086130000002, 30.5426921 ], [ 114.3509062, 30.542584 ], [ 114.3509398, 30.5424912 ], [ 114.3508988, 30.5424788 ], [ 114.350944100000021, 30.5423685 ], [ 114.3510012, 30.5422119 ], [ 114.351017, 30.5421559 ], [ 114.3510328, 30.5420999 ], [ 114.351056600000021, 30.541968 ] ] } },
{ "type": "Feature", "properties": { "fid": 557.0, "cat": 560, "cat_": 560, "u": "1663906516", "v": "12803391572", "key": "0", "osmid": "103938359", "highway": "residential", "name": "茶港路", "oneway": "False", "reversed": "True", "length": "2.749842833601736", "lanes": "nan", "service": "nan", "tunnel": "nan" }, "geometry": { "type": "LineString", "coordinates": [ [ 114.3520732, 30.5432391 ], [ 114.3520654, 30.5432153 ] ] } },
{ "type": "Feature", "properties": { "fid": 558.0, "cat": 561, "cat_": 561, "u": "1663906516", "v": "1663919018", "key": "0", "osmid": "153741408", "highway": "service", "name": "nan", "oneway": "False", "reversed": "True", "length": "67.6829486964151", "lanes": "nan", "service": "nan", "tunnel": "nan" }, "geometry": { "type": "LineString", "coordinates": [ [ 114.3520732, 30.5432391 ], [ 114.3513684, 30.5432843 ] ] } },
{ "type": "Feature", "properties": { "fid": 559.0, "cat": 562, "cat_": 562, "u": "1663906542", "v": "1663906423", "key": "0", "osmid": [ 1383195558, 153741418, 1390672144, 1390672145, 1390672146, 1390672147 ], "highway": "service", "name": "nan", "oneway": "False", "reversed": "False", "length": "151.88988842095176", "lanes": "nan", "service": "nan", "tunnel": "nan" }, "geometry": { "type": "LineString", "coordinates": [ [ 114.3495951, 30.5441499 ], [ 114.3499403, 30.543963699999988 ], [ 114.3501903, 30.5438335 ], [ 114.3502264, 30.5438023 ], [ 114.3502519, 30.5437711 ], [ 114.3503639, 30.543583 ], [ 114.3503903, 30.5435333 ], [ 114.350441, 30.543404 ], [ 114.350477, 30.5432985 ], [ 114.3505385, 30.543183 ], [ 114.3505656, 30.5431483 ] ] } },
{ "type": "Feature", "properties": { "fid": 560.0, "cat": 563, "cat_": 563, "u": "1663918898", "v": "1663919027", "key": "0", "osmid": "153742400", "highway": "service", "name": "nan", "oneway": "False", "reversed": "False", "length": "41.67939460446662", "lanes": "nan", "service": "nan", "tunnel": "nan" }, "geometry": { "type": "LineString", "coordinates": [ [ 114.3515058, 30.5440146 ], [ 114.3510713, 30.543993 ] ] } },
{ "type": "Feature", "properties": { "fid": 561.0, "cat": 564, "cat_": 564, "u": "1663918898", "v": "12872909108", "key": "0", "osmid": "153742400", "highway": "service", "name": "nan", "oneway": "False", "reversed": "True", "length": "10.79374478392413", "lanes": "nan", "service": "nan", "tunnel": "nan" }, "geometry": { "type": "LineString", "coordinates": [ [ 114.3515058, 30.5440146 ], [ 114.3516185, 30.5440159 ] ] } },
{ "type": "Feature", "properties": { "fid": 562.0, "cat": 565, "cat_": 565, "u": "1663918898", "v": "1663919063", "key": "0", "osmid": "153742401", "highway": "service", "name": "nan", "oneway": "False", "reversed": "False", "length": "38.79348470225523", "lanes": "nan", "service": "nan", "tunnel": "nan" }, "geometry": { "type": "LineString", "coordinates": [ [ 114.3515058, 30.5440146 ], [ 114.3514781, 30.5437368 ], [ 114.3514409, 30.5436745 ] ] } },
{ "type": "Feature", "properties": { "fid": 565.0, "cat": 568, "cat_": 568, "u": "1663918900", "v": "1663919027", "key": "0", "osmid": "153742400", "highway": "service", "name": "nan", "oneway": "False", "reversed": "True", "length": "29.151208799627135", "lanes": "nan", "service": "nan", "tunnel": "nan" }, "geometry": { "type": "LineString", "coordinates": [ [ 114.3507674, 30.5439855 ], [ 114.3508735, 30.5439819 ], [ 114.3510713, 30.543993 ] ] } },
{ "type": "Feature", "properties": { "fid": 568.0, "cat": 571, "cat_": 571, "u": "1663918923", "v": "1663919060", "key": "0", "osmid": "1390672159", "highway": "path", "name": "nan", "oneway": "False", "reversed": "True", "length": "78.41298815942845", "lanes": "nan", "service": "nan", "tunnel": "nan" }, "geometry": { "type": "LineString", "coordinates": [ [ 114.3522483, 30.543596300000011 ], [ 114.3514318, 30.5436491 ] ] } },
{ "type": "Feature", "properties": { "fid": 569.0, "cat": 572, "cat_": 572, "u": "1663918940", "v": "1663918900", "key": "0", "osmid": "153742400", "highway": "service", "name": "nan", "oneway": "False", "reversed": "True", "length": "17.56647607851522", "lanes": "nan", "service": "nan", "tunnel": "nan" }, "geometry": { "type": "LineString", "coordinates": [ [ 114.3505847, 30.5439996 ], [ 114.3507674, 30.5439855 ] ] } },
{ "type": "Feature", "properties": { "fid": 570.0, "cat": 573, "cat_": 573, "u": "1663918971", "v": "1663919063", "key": "0", "osmid": "153742399", "highway": "service", "name": "nan", "oneway": "False", "reversed": "False", "length": "53.49872718674597", "lanes": "nan", "service": "nan", "tunnel": "nan" }, "geometry": { "type": "LineString", "coordinates": [ [ 114.3508824, 30.5436637 ], [ 114.3514409, 30.5436745 ] ] } },
{ "type": "Feature", "properties": { "fid": 571.0, "cat": 574, "cat_": 574, "u": "1663918971", "v": "1663918900", "key": "0", "osmid": "153742399", "highway": "service", "name": "nan", "oneway": "False", "reversed": "True", "length": "41.79746030321562", "lanes": "nan", "service": "nan", "tunnel": "nan" }, "geometry": { "type": "LineString", "coordinates": [ [ 114.3508824, 30.5436637 ], [ 114.3508724, 30.5439367 ], [ 114.3507674, 30.5439855 ] ] } },
{ "type": "Feature", "properties": { "fid": 572.0, "cat": 575, "cat_": 575, "u": "1663918971", "v": "12805594661", "key": "0", "osmid": [ 1476726024, 1383195557 ], "highway": [ "residential", "service" ], "name": "nan", "oneway": "False", "reversed": "True", "length": "62.86069117000151", "lanes": "nan", "service": "nan", "tunnel": "nan" }, "geometry": { "type": "LineString", "coordinates": [ [ 114.3508824, 30.5436637 ], [ 114.3506094, 30.5434924 ], [ 114.3507561, 30.543248800000011 ] ] } },
{ "type": "Feature", "properties": { "fid": 574.0, "cat": 577, "cat_": 577, "u": "1663919018", "v": "12872909105", "key": "0", "osmid": "153741408", "highway": "service", "name": "nan", "oneway": "False", "reversed": "True", "length": "11.485602353595091", "lanes": "nan", "service": "nan", "tunnel": "nan" }, "geometry": { "type": "LineString", "coordinates": [ [ 114.3513684, 30.5432843 ], [ 114.3512488, 30.543292 ] ] } },
{ "type": "Feature", "properties": { "fid": 575.0, "cat": 578, "cat_": 578, "u": "1663919018", "v": "1663919060", "key": "0", "osmid": "153742401", "highway": "service", "name": "nan", "oneway": "False", "reversed": "True", "length": "41.18976553669586", "lanes": "nan", "service": "nan", "tunnel": "nan" }, "geometry": { "type": "LineString", "coordinates": [ [ 114.3513684, 30.5432843 ], [ 114.3513951, 30.543543 ], [ 114.3514318, 30.5436491 ] ] } },
{ "type": "Feature", "properties": { "fid": 577.0, "cat": 580, "cat_": 580, "u": "1663919027", "v": "12805321010", "key": "0", "osmid": "1383094454", "highway": "service", "name": "nan", "oneway": "False", "reversed": "False", "length": "70.66874248449925", "lanes": "nan", "service": "nan", "tunnel": "nan" }, "geometry": { "type": "LineString", "coordinates": [ [ 114.3510713, 30.543993 ], [ 114.3509969, 30.5446253 ] ] } },
{ "type": "Feature", "properties": { "fid": 580.0, "cat": 583, "cat_": 583, "u": "1663919036", "v": "13545141143", "key": "0", "osmid": "84250286", "highway": "residential", "name": "松园西路", "oneway": "False", "reversed": "True", "length": "29.379763947748916", "lanes": "nan", "service": "nan", "tunnel": "nan" }, "geometry": { "type": "LineString", "coordinates": [ [ 114.352375100000017, 30.5440355 ], [ 114.3523715, 30.5442997 ] ] } },
{ "type": "Feature", "properties": { "fid": 581.0, "cat": 584, "cat_": 584, "u": "1663919036", "v": "12872909108", "key": "0", "osmid": "153742400", "highway": "service", "name": "nan", "oneway": "False", "reversed": "False", "length": "72.48897286634812", "lanes": "nan", "service": "nan", "tunnel": "nan" }, "geometry": { "type": "LineString", "coordinates": [ [ 114.352375100000017, 30.5440355 ], [ 114.3516185, 30.5440159 ] ] } },
{ "type": "Feature", "properties": { "fid": 586.0, "cat": 589, "cat_": 589, "u": "1663919063", "v": "1663919060", "key": "0", "osmid": "153742401", "highway": "service", "name": "nan", "oneway": "False", "reversed": "False", "length": "2.9557471442703416", "lanes": "nan", "service": "nan", "tunnel": "nan" }, "geometry": { "type": "LineString", "coordinates": [ [ 114.3514409, 30.5436745 ], [ 114.3514318, 30.5436491 ] ] } },
{ "type": "Feature", "properties": { "fid": 588.0, "cat": 591, "cat_": 591, "u": "1663938881", "v": "12805594654", "key": "0", "osmid": "103948527", "highway": "service", "name": "nan", "oneway": "False", "reversed": "True", "length": "30.899702418755574", "lanes": "nan", "service": "nan", "tunnel": "nan" }, "geometry": { "type": "LineString", "coordinates": [ [ 114.3546423, 30.5431291 ], [ 114.3546232, 30.5434065 ] ] } },
{ "type": "Feature", "properties": { "fid": 589.0, "cat": 592, "cat_": 592, "u": "1663938881", "v": "12805594645", "key": "0", "osmid": "1383195550", "highway": "service", "name": "nan", "oneway": "False", "reversed": "False", "length": "67.192089375788", "lanes": "nan", "service": "nan", "tunnel": "nan" }, "geometry": { "type": "LineString", "coordinates": [ [ 114.3546423, 30.5431291 ], [ 114.3539418, 30.5430949 ] ] } },
{ "type": "Feature", "properties": { "fid": 590.0, "cat": 593, "cat_": 593, "u": "1663938881", "v": "12848622703", "key": "0", "osmid": "1477337891", "highway": "service", "name": "nan", "oneway": "False", "reversed": "False", "length": "7.655904357528786", "lanes": "nan", "service": "nan", "tunnel": "nan" }, "geometry": { "type": "LineString", "coordinates": [ [ 114.3546423, 30.5431291 ], [ 114.3546787, 30.5430678 ] ] } },
{ "type": "Feature", "properties": { "fid": 591.0, "cat": 594, "cat_": 594, "u": "1663938906", "v": "12848622703", "key": "0", "osmid": "1477337891", "highway": "service", "name": "nan", "oneway": "False", "reversed": "True", "length": "38.3437825863016", "lanes": "nan", "service": "nan", "tunnel": "nan" }, "geometry": { "type": "LineString", "coordinates": [ [ 114.3546526, 30.542723699999986 ], [ 114.3546787, 30.5430678 ] ] } },
{ "type": "Feature", "properties": { "fid": 592.0, "cat": 595, "cat_": 595, "u": "1664012967", "v": "12805594626", "key": "0", "osmid": "128247473", "highway": "residential", "name": "文澜路", "oneway": "False", "reversed": "False", "length": "43.373314903780674", "lanes": "nan", "service": "nan", "tunnel": "nan" }, "geometry": { "type": "LineString", "coordinates": [ [ 114.355088400000014, 30.5463283 ], [ 114.3551382, 30.5459406 ] ] } },
{ "type": "Feature", "properties": { "fid": 596.0, "cat": 599, "cat_": 599, "u": "1807154814", "v": "3110802193", "key": "0", "osmid": "169548675", "highway": "service", "name": "nan", "oneway": "False", "reversed": "True", "length": "114.81050634861677", "lanes": "nan", "service": "nan", "tunnel": "nan" }, "geometry": { "type": "LineString", "coordinates": [ [ 114.3570666, 30.5357667 ], [ 114.3570313, 30.5357734 ], [ 114.3563587, 30.5360393 ], [ 114.3563785, 30.53612 ], [ 114.3563002, 30.5361334 ], [ 114.3560589, 30.5361787 ] ] } },
{ "type": "Feature", "properties": { "fid": 598.0, "cat": 601, "cat_": 601, "u": "1807154817", "v": "1807154814", "key": "0", "osmid": "169548678", "highway": "service", "name": "nan", "oneway": "False", "reversed": "True", "length": "68.00816564378056", "lanes": "nan", "service": "nan", "tunnel": "nan" }, "geometry": { "type": "LineString", "coordinates": [ [ 114.3577618, 30.5356421 ], [ 114.3575084, 30.5356876 ], [ 114.3573244, 30.5357207 ], [ 114.3570666, 30.5357667 ] ] } },
{ "type": "Feature", "properties": { "fid": 599.0, "cat": 602, "cat_": 602, "u": "1807154817", "v": "13238436681", "key": "0", "osmid": "402874261", "highway": "service", "name": "nan", "oneway": "False", "reversed": "False", "length": "10.74044838419672", "lanes": "nan", "service": "nan", "tunnel": "nan" }, "geometry": { "type": "LineString", "coordinates": [ [ 114.3577618, 30.5356421 ], [ 114.357826, 30.5356303 ], [ 114.3578577, 30.535601 ] ] } },
{ "type": "Feature", "properties": { "fid": 601.0, "cat": 604, "cat_": 604, "u": "1807154909", "v": "1807154814", "key": "0", "osmid": "169548675", "highway": "service", "name": "nan", "oneway": "False", "reversed": "True", "length": "106.56523096933387", "lanes": "nan", "service": "nan", "tunnel": "nan" }, "geometry": { "type": "LineString", "coordinates": [ [ 114.3568319, 30.534829899999988 ], [ 114.3570666, 30.5357667 ] ] } },
{ "type": "Feature", "properties": { "fid": 602.0, "cat": 605, "cat_": 605, "u": "1807154909", "v": "12802598359", "key": "0", "osmid": "1443021861", "highway": "residential", "name": "学府东路", "oneway": "False", "reversed": "True", "length": "39.176535583796465", "lanes": "nan", "service": "nan", "tunnel": "nan" }, "geometry": { "type": "LineString", "coordinates": [ [ 114.3568319, 30.534829899999988 ], [ 114.3572284, 30.5347433 ] ] } },
{ "type": "Feature", "properties": { "fid": 607.0, "cat": 610, "cat_": 610, "u": "1807168533", "v": "9158437416", "key": "0", "osmid": "123838955", "highway": "tertiary", "name": "自强大道", "oneway": "True", "reversed": "False", "length": "216.44709604882382", "lanes": "2", "service": "nan", "tunnel": "nan" }, "geometry": { "type": "LineString", "coordinates": [ [ 114.353463300000016, 30.53613 ], [ 114.35375, 30.5363243 ], [ 114.353865, 30.5364054 ], [ 114.3539257, 30.5364494 ], [ 114.3539704, 30.536483899999983 ], [ 114.35404680000002, 30.5365504 ], [ 114.3540802, 30.536583099999987 ], [ 114.3541386, 30.5366477 ], [ 114.3541944, 30.5367114 ], [ 114.3542486, 30.5367813 ], [ 114.354296, 30.5368479 ], [ 114.3543405, 30.536915899999986 ], [ 114.3543833, 30.5369822 ], [ 114.3544288, 30.5370672 ], [ 114.354473, 30.5371667 ], [ 114.3545071, 30.5372584 ], [ 114.3545371, 30.5373503 ], [ 114.354557, 30.5374116 ], [ 114.3545841, 30.5375034 ], [ 114.3546245, 30.5376517 ], [ 114.3546421, 30.537716799999988 ] ] } },
{ "type": "Feature", "properties": { "fid": 614.0, "cat": 617, "cat_": 617, "u": "1807209556", "v": "1807209500", "key": "0", "osmid": "169552942", "highway": "residential", "name": "nan", "oneway": "False", "reversed": "False", "length": "25.52221552827551", "lanes": "nan", "service": "nan", "tunnel": "nan" }, "geometry": { "type": "LineString", "coordinates": [ [ 114.3508422, 30.5403541 ], [ 114.35099, 30.5403789 ], [ 114.3511038, 30.5403979 ] ] } },
{ "type": "Feature", "properties": { "fid": 618.0, "cat": 621, "cat_": 621, "u": "1807209565", "v": "12823578165", "key": "0", "osmid": "84246296", "highway": "residential", "name": "桂园一路", "oneway": "False", "reversed": "True", "length": "18.692449278241238", "lanes": "nan", "service": "nan", "tunnel": "nan" }, "geometry": { "type": "LineString", "coordinates": [ [ 114.3530939, 30.5407503 ], [ 114.3530757, 30.5407856 ], [ 114.3530042, 30.5408995 ] ] } },
{ "type": "Feature", "properties": { "fid": 620.0, "cat": 623, "cat_": 623, "u": "1842395417", "v": "4254629150", "key": "0", "osmid": "103939869", "highway": "residential", "name": "学府东路", "oneway": "True", "reversed": "False", "length": "85.67705049848269", "lanes": "nan", "service": "nan", "tunnel": "nan" }, "geometry": { "type": "LineString", "coordinates": [ [ 114.3542278, 30.5356019 ], [ 114.3541743, 30.535639599999985 ], [ 114.35391580000001, 30.535827 ], [ 114.3538706, 30.5358598 ], [ 114.3536356, 30.5360299 ], [ 114.3535194, 30.5360605 ] ] } },
{ "type": "Feature", "properties": { "fid": 621.0, "cat": 624, "cat_": 624, "u": "1842395417", "v": "3110802182", "key": "0", "osmid": "173424318", "highway": "service", "name": "nan", "oneway": "False", "reversed": "False", "length": "175.74835658677637", "lanes": "nan", "service": "nan", "tunnel": "nan" }, "geometry": { "type": "LineString", "coordinates": [ [ 114.3542278, 30.5356019 ], [ 114.3546449, 30.5360243 ], [ 114.354764500000016, 30.5361504 ], [ 114.3548849, 30.536180899999987 ], [ 114.3557339, 30.5359926 ] ] } },
{ "type": "Feature", "properties": { "fid": 622.0, "cat": 625, "cat_": 625, "u": "2123261266", "v": "2134381636", "key": "0", "osmid": "202358434", "highway": "service", "name": "nan", "oneway": "False", "reversed": "False", "length": "92.41243881547624", "lanes": "nan", "service": "nan", "tunnel": "nan" }, "geometry": { "type": "LineString", "coordinates": [ [ 114.3527374, 30.533050899999989 ], [ 114.3533972, 30.5330426 ], [ 114.3533941, 30.5327799 ] ] } },
{ "type": "Feature", "properties": { "fid": 623.0, "cat": 626, "cat_": 626, "u": "2123261266", "v": "13513425406", "key": "0", "osmid": [ 202358435, 1472842333 ], "highway": "service", "name": "nan", "oneway": "False", "reversed": "False", "length": "31.102777789398857", "lanes": "nan", "service": "nan", "tunnel": "nan" }, "geometry": { "type": "LineString", "coordinates": [ [ 114.3527374, 30.533050899999989 ], [ 114.3527363, 30.5328223 ], [ 114.3527585, 30.5327749 ] ] } },
{ "type": "Feature", "properties": { "fid": 624.0, "cat": 627, "cat_": 627, "u": "2123261266", "v": "13584038525", "key": "0", "osmid": "1472842333", "highway": "service", "name": "nan", "oneway": "False", "reversed": "True", "length": "72.05412428033507", "lanes": "nan", "service": "nan", "tunnel": "nan" }, "geometry": { "type": "LineString", "coordinates": [ [ 114.3527374, 30.533050899999989 ], [ 114.352728, 30.5334237 ], [ 114.3527117, 30.5334588 ], [ 114.3526987, 30.533501199999986 ], [ 114.3526969, 30.53354070000001 ], [ 114.3526999, 30.5336946 ] ] } },
{ "type": "Feature", "properties": { "fid": 626.0, "cat": 629, "cat_": 629, "u": "2123261273", "v": "13584038525", "key": "0", "osmid": "103949733", "highway": "residential", "name": "玉兰路", "oneway": "False", "reversed": "True", "length": "3.927812043438726", "lanes": "nan", "service": "nan", "tunnel": "nan" }, "geometry": { "type": "LineString", "coordinates": [ [ 114.3526589, 30.5336938 ], [ 114.3526999, 30.5336946 ] ] } },
{ "type": "Feature", "properties": { "fid": 628.0, "cat": 631, "cat_": 631, "u": "2123261275", "v": "2124841198", "key": "0", "osmid": "202358434", "highway": "service", "name": "nan", "oneway": "False", "reversed": "False", "length": "36.30090451408151", "lanes": "nan", "service": "nan", "tunnel": "nan" }, "geometry": { "type": "LineString", "coordinates": [ [ 114.3534128, 30.5327358 ], [ 114.353576600000011, 30.5324414 ] ] } },
{ "type": "Feature", "properties": { "fid": 629.0, "cat": 632, "cat_": 632, "u": "2123261275", "v": "2134381636", "key": "0", "osmid": "202358434", "highway": "service", "name": "nan", "oneway": "False", "reversed": "True", "length": "5.220543008767617", "lanes": "nan", "service": "nan", "tunnel": "nan" }, "geometry": { "type": "LineString", "coordinates": [ [ 114.3534128, 30.5327358 ], [ 114.3533941, 30.5327799 ] ] } },
{ "type": "Feature", "properties": { "fid": 630.0, "cat": 633, "cat_": 633, "u": "2123261275", "v": "2134381639", "key": "0", "osmid": "203427214", "highway": "service", "name": "nan", "oneway": "False", "reversed": "False", "length": "51.90259617725159", "lanes": "nan", "service": "nan", "tunnel": "nan" }, "geometry": { "type": "LineString", "coordinates": [ [ 114.3534128, 30.5327358 ], [ 114.3539547, 30.5327326 ] ] } },
{ "type": "Feature", "properties": { "fid": 631.0, "cat": 634, "cat_": 634, "u": "2123379579", "v": "13584038525", "key": "0", "osmid": "103949733", "highway": "residential", "name": "玉兰路", "oneway": "False", "reversed": "False", "length": "56.27458413491499", "lanes": "nan", "service": "nan", "tunnel": "nan" }, "geometry": { "type": "LineString", "coordinates": [ [ 114.3532874, 30.533687 ], [ 114.3526999, 30.5336946 ] ] } },
{ "type": "Feature", "properties": { "fid": 632.0, "cat": 635, "cat_": 635, "u": "2123379579", "v": "9555910717", "key": "0", "osmid": "1037322801", "highway": "service", "name": "nan", "oneway": "False", "reversed": "False", "length": "28.299280085487837", "lanes": "nan", "service": "nan", "tunnel": "nan" }, "geometry": { "type": "LineString", "coordinates": [ [ 114.3532874, 30.533687 ], [ 114.3532865, 30.5339415 ] ] } },
{ "type": "Feature", "properties": { "fid": 635.0, "cat": 638, "cat_": 638, "u": "2123379581", "v": "9555910718", "key": "0", "osmid": "1037322803", "highway": "service", "name": "nan", "oneway": "False", "reversed": "False", "length": "28.091798479832537", "lanes": "nan", "service": "nan", "tunnel": "nan" }, "geometry": { "type": "LineString", "coordinates": [ [ 114.3539783, 30.533681299999984 ], [ 114.3539832, 30.5339339 ] ] } },
{ "type": "Feature", "properties": { "fid": 636.0, "cat": 639, "cat_": 639, "u": "2123379581", "v": "2123379579", "key": "0", "osmid": "103949733", "highway": "residential", "name": "玉兰路", "oneway": "False", "reversed": "False", "length": "66.17461754120238", "lanes": "nan", "service": "nan", "tunnel": "nan" }, "geometry": { "type": "LineString", "coordinates": [ [ 114.3539783, 30.533681299999984 ], [ 114.35389570000001, 30.5336816 ], [ 114.3532874, 30.533687 ] ] } },
{ "type": "Feature", "properties": { "fid": 637.0, "cat": 640, "cat_": 640, "u": "2123379582", "v": "12803752242", "key": "0", "osmid": "673284749", "highway": "residential", "name": "星湖三路", "oneway": "False", "reversed": "True", "length": "30.359738849988627", "lanes": "2", "service": "nan", "tunnel": "nan" }, "geometry": { "type": "LineString", "coordinates": [ [ 114.35234, 30.5323767 ], [ 114.3523352, 30.5321037 ] ] } },
{ "type": "Feature", "properties": { "fid": 638.0, "cat": 641, "cat_": 641, "u": "2123379582", "v": "12803752239", "key": "0", "osmid": "1382939838", "highway": "service", "name": "nan", "oneway": "False", "reversed": "False", "length": "40.18092112956073", "lanes": "nan", "service": "nan", "tunnel": "nan" }, "geometry": { "type": "LineString", "coordinates": [ [ 114.35234, 30.5323767 ], [ 114.3519205, 30.5323807 ] ] } },
{ "type": "Feature", "properties": { "fid": 643.0, "cat": 646, "cat_": 646, "u": "2124841198", "v": "13513425406", "key": "0", "osmid": "202358435", "highway": "service", "name": "nan", "oneway": "False", "reversed": "True", "length": "121.49240384209348", "lanes": "nan", "service": "nan", "tunnel": "nan" }, "geometry": { "type": "LineString", "coordinates": [ [ 114.353576600000011, 30.5324414 ], [ 114.352999, 30.5322537 ], [ 114.352857300000011, 30.5325644 ], [ 114.3527585, 30.5327749 ] ] } },
{ "type": "Feature", "properties": { "fid": 645.0, "cat": 648, "cat_": 648, "u": "2124841199", "v": "2124841198", "key": "0", "osmid": "202516852", "highway": "service", "name": "nan", "oneway": "False", "reversed": "True", "length": "36.032541436798894", "lanes": "nan", "service": "nan", "tunnel": "nan" }, "geometry": { "type": "LineString", "coordinates": [ [ 114.3539528, 30.5324441 ], [ 114.353576600000011, 30.5324414 ] ] } },
{ "type": "Feature", "properties": { "fid": 646.0, "cat": 649, "cat_": 649, "u": "2124841199", "v": "2134381639", "key": "0", "osmid": "203427212", "highway": "service", "name": "nan", "oneway": "False", "reversed": "True", "length": "32.08029778866554", "lanes": "nan", "service": "nan", "tunnel": "nan" }, "geometry": { "type": "LineString", "coordinates": [ [ 114.3539528, 30.5324441 ], [ 114.3539547, 30.5327326 ] ] } },
{ "type": "Feature", "properties": { "fid": 648.0, "cat": 651, "cat_": 651, "u": "2124841200", "v": "2124841199", "key": "0", "osmid": "202516852", "highway": "service", "name": "nan", "oneway": "False", "reversed": "True", "length": "69.03611846505594", "lanes": "nan", "service": "nan", "tunnel": "nan" }, "geometry": { "type": "LineString", "coordinates": [ [ 114.3546736, 30.5324431 ], [ 114.3539528, 30.5324441 ] ] } },
{ "type": "Feature", "properties": { "fid": 649.0, "cat": 652, "cat_": 652, "u": "2124841200", "v": "2134380512", "key": "0", "osmid": "104372395", "highway": "residential", "name": "物探路", "oneway": "False", "reversed": "False", "length": "14.76678542853258", "lanes": "nan", "service": "nan", "tunnel": "nan" }, "geometry": { "type": "LineString", "coordinates": [ [ 114.3546736, 30.5324431 ], [ 114.3546734, 30.5325023 ], [ 114.3546731, 30.5325759 ] ] } },
{ "type": "Feature", "properties": { "fid": 653.0, "cat": 656, "cat_": 656, "u": "2134380493", "v": "2134380500", "key": "0", "osmid": "203427110", "highway": "service", "name": "nan", "oneway": "False", "reversed": "False", "length": "21.681923079406168", "lanes": "nan", "service": "nan", "tunnel": "nan" }, "geometry": { "type": "LineString", "coordinates": [ [ 114.3556423, 30.5331908 ], [ 114.3558172, 30.5333146 ] ] } },
{ "type": "Feature", "properties": { "fid": 654.0, "cat": 657, "cat_": 657, "u": "2134380493", "v": "2134380511", "key": "0", "osmid": "203427110", "highway": "service", "name": "nan", "oneway": "False", "reversed": "True", "length": "26.942300049283123", "lanes": "nan", "service": "nan", "tunnel": "nan" }, "geometry": { "type": "LineString", "coordinates": [ [ 114.3556423, 30.5331908 ], [ 114.355361, 30.5331894 ] ] } },
{ "type": "Feature", "properties": { "fid": 655.0, "cat": 658, "cat_": 658, "u": "2134380493", "v": "2134380510", "key": "0", "osmid": "203427111", "highway": "service", "name": "nan", "oneway": "False", "reversed": "False", "length": "17.505693370326817", "lanes": "nan", "service": "nan", "tunnel": "nan" }, "geometry": { "type": "LineString", "coordinates": [ [ 114.3556423, 30.5331908 ], [ 114.355646, 30.5330334 ] ] } },
{ "type": "Feature", "properties": { "fid": 658.0, "cat": 661, "cat_": 661, "u": "2134380500", "v": "12803984167", "key": "0", "osmid": [ 1474085629, 103949733 ], "highway": "residential", "name": "玉兰路", "oneway": "False", "reversed": "True", "length": "120.82901468150487", "lanes": "nan", "service": "nan", "tunnel": "nan" }, "geometry": { "type": "LineString", "coordinates": [ [ 114.3558172, 30.5333146 ], [ 114.3561565, 30.5332225 ], [ 114.3563756, 30.5331491 ], [ 114.3567673, 30.5330246 ], [ 114.3567653, 30.5328065 ] ] } },
{ "type": "Feature", "properties": { "fid": 660.0, "cat": 663, "cat_": 663, "u": "2134380502", "v": "13513425388", "key": "0", "osmid": "1382939856", "highway": "service", "name": "nan", "oneway": "False", "reversed": "False", "length": "50.79140478207315", "lanes": "nan", "service": "nan", "tunnel": "nan" }, "geometry": { "type": "LineString", "coordinates": [ [ 114.3553437, 30.5325779 ], [ 114.3553658, 30.5326271 ], [ 114.355367700000016, 30.5326397 ], [ 114.355366100000012, 30.5327392 ], [ 114.3553638, 30.5330102 ], [ 114.3553636, 30.533031 ] ] } },
{ "type": "Feature", "properties": { "fid": 661.0, "cat": 664, "cat_": 664, "u": "2134380502", "v": "2134380512", "key": "0", "osmid": "1382939858", "highway": "service", "name": "nan", "oneway": "False", "reversed": "False", "length": "64.22941216591778", "lanes": "nan", "service": "nan", "tunnel": "nan" }, "geometry": { "type": "LineString", "coordinates": [ [ 114.3553437, 30.5325779 ], [ 114.3550527, 30.5325787 ], [ 114.3546731, 30.5325759 ] ] } },
{ "type": "Feature", "properties": { "fid": 662.0, "cat": 665, "cat_": 665, "u": "2134380502", "v": "2134380515", "key": "0", "osmid": "1472842325", "highway": "service", "name": "nan", "oneway": "False", "reversed": "False", "length": "29.40056308783592", "lanes": "nan", "service": "nan", "tunnel": "nan" }, "geometry": { "type": "LineString", "coordinates": [ [ 114.3553437, 30.5325779 ], [ 114.355323, 30.5325244 ], [ 114.3553206, 30.5325043 ], [ 114.3553224, 30.5323165 ] ] } },
{ "type": "Feature", "properties": { "fid": 663.0, "cat": 666, "cat_": 666, "u": "2134380509", "v": "12802614649", "key": "0", "osmid": "1037329806", "highway": "service", "name": "nan", "oneway": "False", "reversed": "False", "length": "20.00458252608623", "lanes": "nan", "service": "nan", "tunnel": "nan" }, "geometry": { "type": "LineString", "coordinates": [ [ 114.3560903, 30.532308700000012 ], [ 114.3560919, 30.5321288 ] ] } },
{ "type": "Feature", "properties": { "fid": 665.0, "cat": 668, "cat_": 668, "u": "2134380509", "v": "2134380515", "key": "0", "osmid": "1382939857", "highway": "service", "name": "nan", "oneway": "False", "reversed": "True", "length": "73.55233652070062", "lanes": "nan", "service": "nan", "tunnel": "nan" }, "geometry": { "type": "LineString", "coordinates": [ [ 114.3560903, 30.532308700000012 ], [ 114.3553224, 30.5323165 ] ] } },
{ "type": "Feature", "properties": { "fid": 667.0, "cat": 670, "cat_": 670, "u": "2134380510", "v": "13513425388", "key": "0", "osmid": "1382939855", "highway": "service", "name": "nan", "oneway": "False", "reversed": "False", "length": "27.04856463633999", "lanes": "nan", "service": "nan", "tunnel": "nan" }, "geometry": { "type": "LineString", "coordinates": [ [ 114.355646, 30.5330334 ], [ 114.3553636, 30.533031 ] ] } },
{ "type": "Feature", "properties": { "fid": 668.0, "cat": 671, "cat_": 671, "u": "2134380510", "v": "12803991852", "key": "0", "osmid": [ 1037329806, 203427111 ], "highway": "service", "name": "nan", "oneway": "False", "reversed": "False", "length": "67.13865747163175", "lanes": "nan", "service": "nan", "tunnel": "nan" }, "geometry": { "type": "LineString", "coordinates": [ [ 114.355646, 30.5330334 ], [ 114.3560839, 30.5330355 ], [ 114.3560859, 30.532808899999985 ] ] } },
{ "type": "Feature", "properties": { "fid": 670.0, "cat": 673, "cat_": 673, "u": "2134380512", "v": "2134381638", "key": "0", "osmid": "104372395", "highway": "residential", "name": "物探路", "oneway": "False", "reversed": "False", "length": "16.51256992850028", "lanes": "nan", "service": "nan", "tunnel": "nan" }, "geometry": { "type": "LineString", "coordinates": [ [ 114.3546731, 30.5325759 ], [ 114.354672500000021, 30.5327244 ] ] } },
{ "type": "Feature", "properties": { "fid": 674.0, "cat": 677, "cat_": 677, "u": "2134380515", "v": "13513425379", "key": "0", "osmid": "1472842325", "highway": "service", "name": "nan", "oneway": "False", "reversed": "False", "length": "20.817096782341565", "lanes": "nan", "service": "nan", "tunnel": "nan" }, "geometry": { "type": "LineString", "coordinates": [ [ 114.3553224, 30.5323165 ], [ 114.3553249, 30.5321293 ] ] } },
{ "type": "Feature", "properties": { "fid": 677.0, "cat": 680, "cat_": 680, "u": "2134381636", "v": "13513425406", "key": "0", "osmid": "203427210", "highway": "service", "name": "nan", "oneway": "False", "reversed": "True", "length": "60.878162000457515", "lanes": "nan", "service": "nan", "tunnel": "nan" }, "geometry": { "type": "LineString", "coordinates": [ [ 114.3533941, 30.5327799 ], [ 114.3527585, 30.5327749 ] ] } },
{ "type": "Feature", "properties": { "fid": 683.0, "cat": 686, "cat_": 686, "u": "2134381639", "v": "2134381638", "key": "0", "osmid": "203427214", "highway": "service", "name": "nan", "oneway": "False", "reversed": "False", "length": "68.75454268183637", "lanes": "nan", "service": "nan", "tunnel": "nan" }, "geometry": { "type": "LineString", "coordinates": [ [ 114.3539547, 30.5327326 ], [ 114.354672500000021, 30.5327244 ] ] } },
{ "type": "Feature", "properties": { "fid": 685.0, "cat": 688, "cat_": 688, "u": "2787719812", "v": "12928862608", "key": "0", "osmid": "103949717", "highway": "residential", "name": "求是一路", "oneway": "True", "reversed": "False", "length": "15.433889509166255", "lanes": "2", "service": "nan", "tunnel": "nan" }, "geometry": { "type": "LineString", "coordinates": [ [ 114.3563211, 30.5280086 ], [ 114.356321300000019, 30.5281474 ] ] } },
{ "type": "Feature", "properties": { "fid": 686.0, "cat": 689, "cat_": 689, "u": "2787719812", "v": "12862472447", "key": "0", "osmid": "1485103557", "highway": "service", "name": "nan", "oneway": "False", "reversed": "False", "length": "11.522541942905523", "lanes": "nan", "service": "nan", "tunnel": "nan" }, "geometry": { "type": "LineString", "coordinates": [ [ 114.3563211, 30.5280086 ], [ 114.3564414, 30.5280083 ] ] } },
{ "type": "Feature", "properties": { "fid": 687.0, "cat": 690, "cat_": 690, "u": "2787766107", "v": "13240030338", "key": "0", "osmid": "273990968", "highway": "tertiary", "name": "汉林西路", "oneway": "False", "reversed": "False", "length": "47.73209925221897", "lanes": "nan", "service": "nan", "tunnel": "nan" }, "geometry": { "type": "LineString", "coordinates": [ [ 114.3522526, 30.5348353 ], [ 114.3524279, 30.5349068 ], [ 114.3526214, 30.5349814 ], [ 114.3526929, 30.5350149 ], [ 114.3527022, 30.53502 ] ] } },
{ "type": "Feature", "properties": { "fid": 688.0, "cat": 691, "cat_": 691, "u": "2787766107", "v": "13238420009", "key": "0", "osmid": "1442751123", "highway": "tertiary", "name": "nan", "oneway": "True", "reversed": "False", "length": "11.62942515665862", "lanes": "nan", "service": "nan", "tunnel": "nan" }, "geometry": { "type": "LineString", "coordinates": [ [ 114.3522526, 30.5348353 ], [ 114.3522034, 30.5348294 ], [ 114.352132, 30.5348233 ] ] } },
{ "type": "Feature", "properties": { "fid": 689.0, "cat": 692, "cat_": 692, "u": "3110802182", "v": "13510708578", "key": "0", "osmid": "1443076586", "highway": "residential", "name": "科技路", "oneway": "False", "reversed": "True", "length": "36.98642721022537", "lanes": "nan", "service": "nan", "tunnel": "nan" }, "geometry": { "type": "LineString", "coordinates": [ [ 114.3557339, 30.5359926 ], [ 114.3556555, 30.53566690000001 ] ] } },
{ "type": "Feature", "properties": { "fid": 692.0, "cat": 695, "cat_": 695, "u": "3110802187", "v": "13238420034", "key": "0", "osmid": "273990968", "highway": "tertiary", "name": "汉林西路", "oneway": "False", "reversed": "False", "length": "26.846567256511065", "lanes": "nan", "service": "nan", "tunnel": "nan" }, "geometry": { "type": "LineString", "coordinates": [ [ 114.3534851, 30.5357769 ], [ 114.353511, 30.53584 ], [ 114.353522, 30.5358756 ], [ 114.3535283, 30.5359107 ], [ 114.3535309, 30.5359408 ], [ 114.3535315, 30.5359716 ], [ 114.3535288, 30.5360127 ] ] } },
{ "type": "Feature", "properties": { "fid": 693.0, "cat": 696, "cat_": 696, "u": "3110802187", "v": "13240030338", "key": "0", "osmid": "273990968", "highway": "tertiary", "name": "汉林西路", "oneway": "False", "reversed": "True", "length": "114.25644658794859", "lanes": "nan", "service": "nan", "tunnel": "nan" }, "geometry": { "type": "LineString", "coordinates": [ [ 114.3534851, 30.5357769 ], [ 114.3534625, 30.5357337 ], [ 114.3534525, 30.5357196 ], [ 114.3534329, 30.5356926 ], [ 114.3533832, 30.5356276 ], [ 114.3533318, 30.535559700000011 ], [ 114.353276, 30.5354887 ], [ 114.3532183, 30.5354185 ], [ 114.3531395, 30.535328 ], [ 114.3530805, 30.5352767 ], [ 114.353025, 30.535229299999987 ], [ 114.352966200000012, 30.5351877 ], [ 114.3528912, 30.5351337 ], [ 114.3527977, 30.5350721 ], [ 114.352739, 30.53504 ], [ 114.3527022, 30.53502 ] ] } },
{ "type": "Feature", "properties": { "fid": 694.0, "cat": 697, "cat_": 697, "u": "3110802187", "v": "13240918474", "key": "0", "osmid": "306232291", "highway": "residential", "name": "nan", "oneway": "True", "reversed": "False", "length": "30.423906134898502", "lanes": "nan", "service": "nan", "tunnel": "nan" }, "geometry": { "type": "LineString", "coordinates": [ [ 114.3534851, 30.5357769 ], [ 114.3535611, 30.535808899999985 ], [ 114.3536326, 30.53583 ], [ 114.3537164, 30.5358523 ], [ 114.3537835, 30.5358688 ] ] } },
{ "type": "Feature", "properties": { "fid": 697.0, "cat": 700, "cat_": 700, "u": "3110802193", "v": "3110802182", "key": "0", "osmid": "1444593113", "highway": "residential", "name": "科技路", "oneway": "False", "reversed": "True", "length": "38.91050138141726", "lanes": "nan", "service": "nan", "tunnel": "nan" }, "geometry": { "type": "LineString", "coordinates": [ [ 114.3560589, 30.5361787 ], [ 114.3560288, 30.5361341 ], [ 114.3560105, 30.536112 ], [ 114.3559877, 30.5360892 ], [ 114.3559601, 30.5360696 ], [ 114.3559222, 30.5360494 ], [ 114.3558763, 30.5360334 ], [ 114.3557339, 30.5359926 ] ] } },
{ "type": "Feature", "properties": { "fid": 700.0, "cat": 703, "cat_": 703, "u": "3112677663", "v": "12805594636", "key": "0", "osmid": "1383195545", "highway": "service", "name": "nan", "oneway": "False", "reversed": "False", "length": "27.941747825079688", "lanes": "nan", "service": "nan", "tunnel": "nan" }, "geometry": { "type": "LineString", "coordinates": [ [ 114.354801, 30.5440342 ], [ 114.3547918, 30.544109 ], [ 114.3547778, 30.544223 ], [ 114.3547704, 30.5442841 ] ] } },
{ "type": "Feature", "properties": { "fid": 701.0, "cat": 704, "cat_": 704, "u": "3113066250", "v": "12805594631", "key": "0", "osmid": "128247474", "highway": "residential", "name": "松园中路", "oneway": "False", "reversed": "True", "length": "46.60623215209275", "lanes": "nan", "service": "nan", "tunnel": "nan" }, "geometry": { "type": "LineString", "coordinates": [ [ 114.3542332, 30.5452201 ], [ 114.353749400000012, 30.5451746 ] ] } },
{ "type": "Feature", "properties": { "fid": 704.0, "cat": 707, "cat_": 707, "u": "3113066251", "v": "12805321029", "key": "0", "osmid": "84250286", "highway": "residential", "name": "松园西路", "oneway": "False", "reversed": "True", "length": "28.95281160415699", "lanes": "nan", "service": "nan", "tunnel": "nan" }, "geometry": { "type": "LineString", "coordinates": [ [ 114.3522843, 30.5450368 ], [ 114.3522471, 30.5452952 ] ] } },
{ "type": "Feature", "properties": { "fid": 705.0, "cat": 708, "cat_": 708, "u": "3113066251", "v": "12805315796", "key": "0", "osmid": "128247474", "highway": "residential", "name": "松园中路", "oneway": "False", "reversed": "False", "length": "58.64855294843146", "lanes": "nan", "service": "nan", "tunnel": "nan" }, "geometry": { "type": "LineString", "coordinates": [ [ 114.3522843, 30.5450368 ], [ 114.352893100000017, 30.545094100000011 ] ] } },
{ "type": "Feature", "properties": { "fid": 706.0, "cat": 709, "cat_": 709, "u": "3113066251", "v": "12805321027", "key": "0", "osmid": "1383094457", "highway": "service", "name": "nan", "oneway": "False", "reversed": "True", "length": "75.7837017286606", "lanes": "nan", "service": "nan", "tunnel": "nan" }, "geometry": { "type": "LineString", "coordinates": [ [ 114.3522843, 30.5450368 ], [ 114.351497, 30.5449679 ] ] } },
{ "type": "Feature", "properties": { "fid": 708.0, "cat": 711, "cat_": 711, "u": "3113066293", "v": "12872909120", "key": "0", "osmid": "1383094455", "highway": "service", "name": "nan", "oneway": "False", "reversed": "True", "length": "32.994521571322615", "lanes": "nan", "service": "nan", "tunnel": "nan" }, "geometry": { "type": "LineString", "coordinates": [ [ 114.3514819, 30.5450626 ], [ 114.351139, 30.5450337 ] ] } },
{ "type": "Feature", "properties": { "fid": 709.0, "cat": 712, "cat_": 712, "u": "3113066293", "v": "12805321027", "key": "0", "osmid": "1383094457", "highway": "service", "name": "nan", "oneway": "False", "reversed": "False", "length": "10.628998970618815", "lanes": "nan", "service": "nan", "tunnel": "nan" }, "geometry": { "type": "LineString", "coordinates": [ [ 114.3514819, 30.5450626 ], [ 114.351497, 30.5449679 ] ] } },
{ "type": "Feature", "properties": { "fid": 710.0, "cat": 713, "cat_": 713, "u": "3113066293", "v": "12805321025", "key": "0", "osmid": [ 1383094443, 1476719748 ], "highway": "service", "name": "nan", "oneway": "False", "reversed": "False", "length": "48.44241384338642", "lanes": "nan", "service": "nan", "tunnel": "nan" }, "geometry": { "type": "LineString", "coordinates": [ [ 114.3514819, 30.5450626 ], [ 114.3515369, 30.5451269 ], [ 114.3514979, 30.5454811 ] ] } },
{ "type": "Feature", "properties": { "fid": 711.0, "cat": 714, "cat_": 714, "u": "3113067000", "v": "12877128254", "key": "0", "osmid": "122744428", "highway": "residential", "name": "求是二路", "oneway": "False", "reversed": "False", "length": "25.997438803724318", "lanes": "2", "service": "nan", "tunnel": "nan" }, "geometry": { "type": "LineString", "coordinates": [ [ 114.3550767, 30.5309268 ], [ 114.3550771, 30.5311606 ] ] } },
{ "type": "Feature", "properties": { "fid": 712.0, "cat": 715, "cat_": 715, "u": "3113067000", "v": "12877128243", "key": "0", "osmid": "122744428", "highway": "residential", "name": "求是二路", "oneway": "False", "reversed": "True", "length": "9.273674928768944", "lanes": "2", "service": "nan", "tunnel": "nan" }, "geometry": { "type": "LineString", "coordinates": [ [ 114.3550767, 30.5309268 ], [ 114.3550766, 30.5308434 ] ] } },
{ "type": "Feature", "properties": { "fid": 714.0, "cat": 717, "cat_": 717, "u": "3113067002", "v": "12928862607", "key": "0", "osmid": "273985259", "highway": "service", "name": "nan", "oneway": "False", "reversed": "True", "length": "101.83253023254188", "lanes": "nan", "service": "nan", "tunnel": "nan" }, "geometry": { "type": "LineString", "coordinates": [ [ 114.3573166, 30.5290669 ], [ 114.3573161, 30.5286321 ], [ 114.357316, 30.528606700000012 ], [ 114.3573157, 30.5283768 ], [ 114.3573154, 30.5281511 ] ] } },
{ "type": "Feature", "properties": { "fid": 716.0, "cat": 719, "cat_": 719, "u": "3113067002", "v": "12803991810", "key": "0", "osmid": [ 1480400141, 1480400142 ], "highway": "residential", "name": "回归路", "oneway": "False", "reversed": "True", "length": "76.65227431603134", "lanes": "2", "service": "nan", "tunnel": "nan" }, "geometry": { "type": "LineString", "coordinates": [ [ 114.3573166, 30.5290669 ], [ 114.3573661, 30.5290692 ], [ 114.3573891, 30.5290935 ], [ 114.3574422, 30.5291689 ], [ 114.3574439, 30.5293327 ], [ 114.357444500000014, 30.5295031 ], [ 114.3574453, 30.529696 ] ] } },
{ "type": "Feature", "properties": { "fid": 717.0, "cat": 720, "cat_": 720, "u": "3113067023", "v": "3113067025", "key": "0", "osmid": "306407531", "highway": "service", "name": "nan", "oneway": "False", "reversed": "False", "length": "33.4777441033323", "lanes": "nan", "service": "parking_aisle", "tunnel": "nan" }, "geometry": { "type": "LineString", "coordinates": [ [ 114.3530019, 30.5367225 ], [ 114.352969800000011, 30.5364227 ] ] } },
{ "type": "Feature", "properties": { "fid": 718.0, "cat": 721, "cat_": 721, "u": "3113067023", "v": "3113067129", "key": "0", "osmid": "306407531", "highway": "service", "name": "nan", "oneway": "False", "reversed": "True", "length": "10.146150739970045", "lanes": "nan", "service": "parking_aisle", "tunnel": "nan" }, "geometry": { "type": "LineString", "coordinates": [ [ 114.3530019, 30.5367225 ], [ 114.3531073, 30.5367133 ] ] } },
{ "type": "Feature", "properties": { "fid": 723.0, "cat": 726, "cat_": 726, "u": "3113067129", "v": "12802032840", "key": "0", "osmid": "306407532", "highway": "service", "name": "nan", "oneway": "False", "reversed": "True", "length": "33.47750346194478", "lanes": "nan", "service": "parking_aisle", "tunnel": "nan" }, "geometry": { "type": "LineString", "coordinates": [ [ 114.3531073, 30.5367133 ], [ 114.3530728, 30.5364137 ] ] } },
{ "type": "Feature", "properties": { "fid": 728.0, "cat": 731, "cat_": 731, "u": "3123587154", "v": "13242138392", "key": "0", "osmid": "104372400", "highway": "residential", "name": "星湖二路", "oneway": "False", "reversed": "False", "length": "141.70514731518438", "lanes": "2", "service": "nan", "tunnel": "nan" }, "geometry": { "type": "LineString", "coordinates": [ [ 114.353015, 30.5300662 ], [ 114.3530152, 30.5301755 ], [ 114.3530153, 30.5302814 ], [ 114.3530157, 30.530493899999986 ], [ 114.3530159, 30.5306005 ], [ 114.3530162, 30.530807 ], [ 114.3530163, 30.5308904 ], [ 114.3530263, 30.5313405 ] ] } },
{ "type": "Feature", "properties": { "fid": 731.0, "cat": 734, "cat_": 734, "u": "3123587154", "v": "3123587149", "key": "0", "osmid": [ 307265569, 1441621548, 1382816575 ], "highway": "cycleway", "name": "nan", "oneway": "False", "reversed": [ false, true ], "length": "131.589883180885", "lanes": "nan", "service": "nan", "tunnel": "nan" }, "geometry": { "type": "LineString", "coordinates": [ [ 114.353015, 30.5300662 ], [ 114.3530125, 30.5299574 ], [ 114.3531499, 30.5299324 ], [ 114.3531956, 30.5299229 ], [ 114.35323, 30.5299121 ], [ 114.35326, 30.5298987 ], [ 114.3532707, 30.5298908 ], [ 114.3532865, 30.5298792 ], [ 114.353309, 30.5298575 ], [ 114.353336, 30.529825 ], [ 114.3533328, 30.5294099 ], [ 114.3533328, 30.5291035 ], [ 114.3533328, 30.5290716 ] ] } },
{ "type": "Feature", "properties": { "fid": 732.0, "cat": 735, "cat_": 735, "u": "3123587161", "v": "13227038584", "key": "0", "osmid": [ 307265573, 1441621549 ], "highway": "service", "name": "nan", "oneway": "False", "reversed": "True", "length": "76.49240112204711", "lanes": "nan", "service": "nan", "tunnel": "nan" }, "geometry": { "type": "LineString", "coordinates": [ [ 114.3517069, 30.53019 ], [ 114.3518376, 30.5300348 ], [ 114.3518407, 30.5298855 ], [ 114.3518461, 30.5296269 ], [ 114.3518479, 30.5295387 ] ] } },
{ "type": "Feature", "properties": { "fid": 734.0, "cat": 737, "cat_": 737, "u": "3123587171", "v": "3123587174", "key": "0", "osmid": "307265578", "highway": "service", "name": "nan", "oneway": "False", "reversed": "True", "length": "67.54725203229107", "lanes": "nan", "service": "nan", "tunnel": "nan" }, "geometry": { "type": "LineString", "coordinates": [ [ 114.3532987, 30.5309353 ], [ 114.3536296, 30.5309343 ], [ 114.3538775, 30.5309318 ], [ 114.3540039, 30.5309296 ] ] } },
{ "type": "Feature", "properties": { "fid": 740.0, "cat": 743, "cat_": 743, "u": "3147241023", "v": "13513425344", "key": "0", "osmid": "1473497651", "highway": "residential", "name": "星湖三路", "oneway": "False", "reversed": "False", "length": "39.53096736175491", "lanes": "2", "service": "nan", "tunnel": "nan" }, "geometry": { "type": "LineString", "coordinates": [ [ 114.352295500000011, 30.5290708 ], [ 114.3522924, 30.5294263 ] ] } },
{ "type": "Feature", "properties": { "fid": 742.0, "cat": 745, "cat_": 745, "u": "3147251082", "v": "1199840493", "key": "0", "osmid": "1036845890", "highway": "residential", "name": "nan", "oneway": "True", "reversed": "False", "length": "25.140343677772265", "lanes": "nan", "service": "nan", "tunnel": "nan" }, "geometry": { "type": "LineString", "coordinates": [ [ 114.3521453, 30.5292785 ], [ 114.3520341, 30.5290737 ] ] } },
{ "type": "Feature", "properties": { "fid": 744.0, "cat": 747, "cat_": 747, "u": "3151899811", "v": "13246423611", "key": "0", "osmid": "103751598", "highway": "residential", "name": "梅园一路", "oneway": "False", "reversed": "True", "length": "7.499830982008646", "lanes": "nan", "service": "nan", "tunnel": "nan" }, "geometry": { "type": "LineString", "coordinates": [ [ 114.361822700000019, 30.5395075 ], [ 114.3617448, 30.5395006 ] ] } },
{ "type": "Feature", "properties": { "fid": 745.0, "cat": 748, "cat_": 748, "u": "3151899811", "v": "979935925", "key": "0", "osmid": "103938248", "highway": "tertiary", "name": "人文路", "oneway": "True", "reversed": "False", "length": "37.580349132108786", "lanes": "nan", "service": "nan", "tunnel": "nan" }, "geometry": { "type": "LineString", "coordinates": [ [ 114.361822700000019, 30.5395075 ], [ 114.3618044, 30.5398451 ] ] } },
{ "type": "Feature", "properties": { "fid": 746.0, "cat": 749, "cat_": 749, "u": "3186609967", "v": "13240030330", "key": "0", "osmid": "312772217", "highway": "cycleway", "name": "nan", "oneway": "False", "reversed": "True", "length": "42.985716979198955", "lanes": "nan", "service": "nan", "tunnel": "nan" }, "geometry": { "type": "LineString", "coordinates": [ [ 114.3551079, 30.5338923 ], [ 114.3551008, 30.5339586 ], [ 114.3550857, 30.534016600000012 ], [ 114.3550705, 30.5340634 ], [ 114.3550657, 30.5340894 ], [ 114.3550652, 30.5341094 ], [ 114.3550668, 30.5341288 ], [ 114.3550736, 30.5341485 ], [ 114.355087, 30.534168199999989 ], [ 114.355110900000014, 30.5341935 ], [ 114.3551347, 30.5342165 ], [ 114.3551651, 30.5342459 ] ] } },
{ "type": "Feature", "properties": { "fid": 749.0, "cat": 753, "cat_": 753, "u": "3186609969", "v": "3186609976", "key": "0", "osmid": "1387978149", "highway": "cycleway", "name": "nan", "oneway": "False", "reversed": "False", "length": "38.95758455888559", "lanes": "nan", "service": "nan", "tunnel": "nan" }, "geometry": { "type": "LineString", "coordinates": [ [ 114.3549667, 30.5338576 ], [ 114.3549322, 30.5338606 ], [ 114.3548936, 30.5338718 ], [ 114.354592, 30.53399 ] ] } },
{ "type": "Feature", "properties": { "fid": 750.0, "cat": 754, "cat_": 754, "u": "3186609969", "v": "3186609967", "key": "0", "osmid": "1387978149", "highway": "cycleway", "name": "nan", "oneway": "False", "reversed": "True", "length": "14.211210984926122", "lanes": "nan", "service": "nan", "tunnel": "nan" }, "geometry": { "type": "LineString", "coordinates": [ [ 114.3549667, 30.5338576 ], [ 114.3550365, 30.5338652 ], [ 114.3551079, 30.5338923 ] ] } },
{ "type": "Feature", "properties": { "fid": 752.0, "cat": 756, "cat_": 756, "u": "3186609976", "v": "13240030338", "key": "0", "osmid": [ 312772220, 312772213 ], "highway": "cycleway", "name": "nan", "oneway": "False", "reversed": "False", "length": "224.00666347447847", "lanes": "nan", "service": "nan", "tunnel": "nan" }, "geometry": { "type": "LineString", "coordinates": [ [ 114.354592, 30.53399 ], [ 114.3539622, 30.5342502 ], [ 114.3539947, 30.5342956 ], [ 114.3540095, 30.5343154 ], [ 114.3533698, 30.5346294 ], [ 114.3533583, 30.5346353 ], [ 114.3532986, 30.5346661 ], [ 114.3531668, 30.53473390000001 ], [ 114.3529707, 30.5348345 ], [ 114.3527774, 30.5349343 ], [ 114.3527465, 30.5349687 ], [ 114.3527022, 30.53502 ] ] } },
{ "type": "Feature", "properties": { "fid": 754.0, "cat": 758, "cat_": 758, "u": "3186609986", "v": "13584097508", "key": "0", "osmid": "312772215", "highway": "cycleway", "name": "nan", "oneway": "False", "reversed": "False", "length": "2.176504519620564", "lanes": "nan", "service": "nan", "tunnel": "nan" }, "geometry": { "type": "LineString", "coordinates": [ [ 114.3550313, 30.5342795 ], [ 114.3550473, 30.5342934 ] ] } },
{ "type": "Feature", "properties": { "fid": 755.0, "cat": 760, "cat_": 760, "u": "3186609986", "v": "13240030342", "key": "0", "osmid": "312772215", "highway": "cycleway", "name": "nan", "oneway": "False", "reversed": "True", "length": "211.2941970357757", "lanes": "nan", "service": "nan", "tunnel": "nan" }, "geometry": { "type": "LineString", "coordinates": [ [ 114.3550313, 30.5342795 ], [ 114.3547672, 30.5343869 ], [ 114.3543725, 30.5345516 ], [ 114.3542865, 30.5345937 ], [ 114.3535577, 30.5349506 ], [ 114.3534781, 30.5349904 ], [ 114.353211, 30.5351241 ], [ 114.3530901, 30.5351801 ] ] } },
{ "type": "Feature", "properties": { "fid": 756.0, "cat": 761, "cat_": 761, "u": "3631666382", "v": "12805570399", "key": "0", "osmid": "1480982243", "highway": "service", "name": "nan", "oneway": "False", "reversed": "False", "length": "15.00764578943669", "lanes": "nan", "service": "nan", "tunnel": "nan" }, "geometry": { "type": "LineString", "coordinates": [ [ 114.3510507, 30.5393913 ], [ 114.3508942, 30.5393982 ] ] } },
{ "type": "Feature", "properties": { "fid": 757.0, "cat": 762, "cat_": 762, "u": "3631666382", "v": "3631666386", "key": "0", "osmid": "172747559", "highway": "residential", "name": "nan", "oneway": "True", "reversed": "False", "length": "112.40927056886888", "lanes": "nan", "service": "nan", "tunnel": "nan" }, "geometry": { "type": "LineString", "coordinates": [ [ 114.3510507, 30.5393913 ], [ 114.3510683, 30.53936 ], [ 114.351165100000017, 30.5392202 ], [ 114.3511836, 30.539178 ], [ 114.3512105, 30.5388566 ], [ 114.3512111, 30.538827300000015 ], [ 114.3512047, 30.5387942 ], [ 114.3511922, 30.5387606 ], [ 114.3511498, 30.5387084 ], [ 114.3510747, 30.5386412 ], [ 114.3510449, 30.5386041 ], [ 114.3510242, 30.5385731 ], [ 114.3510106, 30.5385377 ], [ 114.3510011, 30.538497 ], [ 114.3509995, 30.5384658 ] ] } },
{ "type": "Feature", "properties": { "fid": 760.0, "cat": 765, "cat_": 765, "u": "3631666608", "v": "3631666613", "key": "0", "osmid": "358205720", "highway": "residential", "name": "弘毅路", "oneway": "True", "reversed": "False", "length": "56.03794042369714", "lanes": "nan", "service": "nan", "tunnel": "nan" }, "geometry": { "type": "LineString", "coordinates": [ [ 114.3522735, 30.5378828 ], [ 114.3523121, 30.53791 ], [ 114.3523536, 30.5379433 ], [ 114.3524122, 30.5379993 ], [ 114.3524868, 30.5380887 ], [ 114.3525277, 30.5381414 ], [ 114.352555900000013, 30.5381863 ], [ 114.3525801, 30.5382278 ], [ 114.3526117, 30.5382877 ] ] } },
{ "type": "Feature", "properties": { "fid": 761.0, "cat": 766, "cat_": 766, "u": "3631666608", "v": "12803583974", "key": "0", "osmid": "1382918073", "highway": "service", "name": "nan", "oneway": "False", "reversed": "True", "length": "35.107663156058564", "lanes": "nan", "service": "nan", "tunnel": "nan" }, "geometry": { "type": "LineString", "coordinates": [ [ 114.3522735, 30.5378828 ], [ 114.3522577, 30.5377995 ], [ 114.3522209, 30.5376058 ], [ 114.3522144, 30.5375712 ] ] } },
{ "type": "Feature", "properties": { "fid": 762.0, "cat": 767, "cat_": 767, "u": "3631666613", "v": "13583931949", "key": "0", "osmid": "1387979982", "highway": "residential", "name": "弘毅路", "oneway": "False", "reversed": "False", "length": "52.39500758303018", "lanes": "nan", "service": "nan", "tunnel": "nan" }, "geometry": { "type": "LineString", "coordinates": [ [ 114.3526117, 30.5382877 ], [ 114.3531285, 30.5381331 ] ] } },
{ "type": "Feature", "properties": { "fid": 765.0, "cat": 770, "cat_": 770, "u": "3631666615", "v": "3631666613", "key": "0", "osmid": "1144290347", "highway": "residential", "name": "思源路", "oneway": "False", "reversed": "True", "length": "28.926870479820504", "lanes": "nan", "service": "nan", "tunnel": "nan" }, "geometry": { "type": "LineString", "coordinates": [ [ 114.3526546, 30.538544500000011 ], [ 114.3526491, 30.5384815 ], [ 114.3526434, 30.5384188 ], [ 114.35263070000002, 30.5383501 ], [ 114.3526117, 30.5382877 ] ] } },
{ "type": "Feature", "properties": { "fid": 766.0, "cat": 771, "cat_": 771, "u": "3631666615", "v": "12802032875", "key": "0", "osmid": "1387979980", "highway": "service", "name": "nan", "oneway": "False", "reversed": "False", "length": "22.92606977539095", "lanes": "nan", "service": "nan", "tunnel": "nan" }, "geometry": { "type": "LineString", "coordinates": [ [ 114.3526546, 30.538544500000011 ], [ 114.3527511, 30.5385373 ], [ 114.3528547, 30.5386216 ] ] } },
{ "type": "Feature", "properties": { "fid": 767.0, "cat": 772, "cat_": 772, "u": "3631666628", "v": "13583901609", "key": "0", "osmid": "358205722", "highway": "service", "name": "nan", "oneway": "False", "reversed": "True", "length": "32.167364057849156", "lanes": "nan", "service": "nan", "tunnel": "nan" }, "geometry": { "type": "LineString", "coordinates": [ [ 114.352076100000019, 30.5369062 ], [ 114.352014, 30.5366219 ] ] } },
{ "type": "Feature", "properties": { "fid": 768.0, "cat": 773, "cat_": 773, "u": "3631666628", "v": "12803583974", "key": "0", "osmid": [ 1382918073, 358205722 ], "highway": "service", "name": "nan", "oneway": "False", "reversed": "False", "length": "75.12332086921907", "lanes": "nan", "service": "nan", "tunnel": "nan" }, "geometry": { "type": "LineString", "coordinates": [ [ 114.352076100000019, 30.5369062 ], [ 114.3521934, 30.5374607 ], [ 114.3522144, 30.5375712 ] ] } },
{ "type": "Feature", "properties": { "fid": 769.0, "cat": 774, "cat_": 774, "u": "3631666628", "v": "13583811279", "key": "0", "osmid": "1481004651", "highway": "service", "name": "nan", "oneway": "False", "reversed": "True", "length": "26.711054406785173", "lanes": "nan", "service": "nan", "tunnel": "nan" }, "geometry": { "type": "LineString", "coordinates": [ [ 114.352076100000019, 30.5369062 ], [ 114.3521194, 30.5368688 ], [ 114.3522728, 30.5367359 ] ] } },
{ "type": "Feature", "properties": { "fid": 770.0, "cat": 775, "cat_": 775, "u": "3631666640", "v": "1417702609", "key": "0", "osmid": "358205725", "highway": "service", "name": "nan", "oneway": "False", "reversed": "False", "length": "137.93589753804616", "lanes": "nan", "service": "nan", "tunnel": "nan" }, "geometry": { "type": "LineString", "coordinates": [ [ 114.3543705, 30.5377832 ], [ 114.3543844, 30.5378199 ], [ 114.354388400000019, 30.5378388 ], [ 114.3543871, 30.5378553 ], [ 114.3543792, 30.5378893 ], [ 114.3543678, 30.5379373 ], [ 114.3543551, 30.5379897 ], [ 114.354349, 30.5380247 ], [ 114.3543456, 30.5380785 ], [ 114.3543456, 30.5381406 ], [ 114.3543588, 30.5383329 ], [ 114.354395200000013, 30.5385768 ], [ 114.3544034, 30.5386317 ], [ 114.3544163, 30.5386839 ], [ 114.3544367, 30.5387315 ], [ 114.3544492, 30.5387559 ], [ 114.3544661, 30.5387799 ], [ 114.3544892, 30.5388062 ], [ 114.3545366, 30.5388487 ], [ 114.3546092, 30.5389112 ], [ 114.3546457, 30.5389427 ] ] } },
{ "type": "Feature", "properties": { "fid": 772.0, "cat": 777, "cat_": 777, "u": "3631666640", "v": "9158437414", "key": "0", "osmid": "991212147", "highway": "residential", "name": "弘毅路", "oneway": "False", "reversed": "True", "length": "101.9419049041812", "lanes": "nan", "service": "nan", "tunnel": "nan" }, "geometry": { "type": "LineString", "coordinates": [ [ 114.3543705, 30.5377832 ], [ 114.354242500000012, 30.5378149 ], [ 114.3540762, 30.5378561 ], [ 114.3537773, 30.5379369 ], [ 114.3533574, 30.5380636 ] ] } },
{ "type": "Feature", "properties": { "fid": 774.0, "cat": 779, "cat_": 779, "u": "3631666665", "v": "3110802193", "key": "0", "osmid": [ 103642345, 1444593113 ], "highway": "residential", "name": "科技路", "oneway": "False", "reversed": "True", "length": "108.18552895354053", "lanes": "nan", "service": "nan", "tunnel": "nan" }, "geometry": { "type": "LineString", "coordinates": [ [ 114.3563084, 30.5371265 ], [ 114.3562895, 30.537048 ], [ 114.3562262, 30.536786 ], [ 114.3561298, 30.5363863 ], [ 114.3560938, 30.5362552 ], [ 114.3560781, 30.5362192 ], [ 114.3560589, 30.5361787 ] ] } },
{ "type": "Feature", "properties": { "fid": 775.0, "cat": 780, "cat_": 780, "u": "3631666665", "v": "1807154817", "key": "0", "osmid": [ 1443076576, 402874261 ], "highway": "service", "name": "nan", "oneway": "False", "reversed": "False", "length": "263.0441308594235", "lanes": "nan", "service": "nan", "tunnel": "nan" }, "geometry": { "type": "LineString", "coordinates": [ [ 114.3563084, 30.5371265 ], [ 114.3565292, 30.5370866 ], [ 114.3570858, 30.5369804 ], [ 114.3571199, 30.5368856 ], [ 114.3571358, 30.5368413 ], [ 114.357149, 30.5368125 ], [ 114.3571715, 30.5367898 ], [ 114.357205800000017, 30.5367723 ], [ 114.3572715, 30.5367446 ], [ 114.3573922, 30.5367056 ], [ 114.357508800000019, 30.536668 ], [ 114.35754780000002, 30.5366503 ], [ 114.3575802, 30.5366374 ], [ 114.3576152, 30.536617 ], [ 114.3576326, 30.5365872 ], [ 114.357638, 30.5365637 ], [ 114.357655500000021, 30.5364789 ], [ 114.357664, 30.5364561 ], [ 114.3576773, 30.5364358 ], [ 114.3576969, 30.5364165 ], [ 114.3577297, 30.5363939 ], [ 114.3577895, 30.536361 ], [ 114.3578192, 30.5363341 ], [ 114.3578332, 30.5363079 ], [ 114.3578405, 30.5362736 ], [ 114.3578473, 30.536243699999986 ], [ 114.3578549, 30.5361773 ], [ 114.3578537, 30.53614 ], [ 114.3577618, 30.5356421 ] ] } },
{ "type": "Feature", "properties": { "fid": 777.0, "cat": 782, "cat_": 782, "u": "3631666689", "v": "13244645797", "key": "0", "osmid": "103642344", "highway": "residential", "name": "文体路", "oneway": "False", "reversed": "True", "length": "49.238483238749", "lanes": "nan", "service": "nan", "tunnel": "nan" }, "geometry": { "type": "LineString", "coordinates": [ [ 114.3589091, 30.5409777 ], [ 114.3586535, 30.540862199999989 ], [ 114.3584538, 30.540772 ] ] } },
{ "type": "Feature", "properties": { "fid": 778.0, "cat": 783, "cat_": 783, "u": "3631666689", "v": "12844105248", "key": "0", "osmid": [ 358205732, 1443338268 ], "highway": "service", "name": "nan", "oneway": "False", "reversed": [ false, true ], "length": "111.86568352638403", "lanes": "nan", "service": "nan", "tunnel": "nan" }, "geometry": { "type": "LineString", "coordinates": [ [ 114.3589091, 30.5409777 ], [ 114.3589252, 30.5409508 ], [ 114.3589342, 30.5409356 ], [ 114.3589552, 30.5409006 ], [ 114.359049, 30.5407437 ], [ 114.3591172, 30.5406296 ], [ 114.3591861, 30.5405144 ], [ 114.3592039, 30.5404846 ], [ 114.359055500000011, 30.5404197 ], [ 114.3587366, 30.5402802 ] ] } },
{ "type": "Feature", "properties": { "fid": 782.0, "cat": 787, "cat_": 787, "u": "3631666727", "v": "3631666728", "key": "0", "osmid": "358205737", "highway": "service", "name": "nan", "oneway": "False", "reversed": "False", "length": "73.3411086870667", "lanes": "nan", "service": "nan", "tunnel": "nan" }, "geometry": { "type": "LineString", "coordinates": [ [ 114.3662385, 30.5397623 ], [ 114.366296, 30.5397674 ], [ 114.3668004, 30.5398117 ], [ 114.3669082, 30.5399578 ] ] } },
{ "type": "Feature", "properties": { "fid": 786.0, "cat": 791, "cat_": 791, "u": "3631666748", "v": "8512203993", "key": "0", "osmid": "916497805", "highway": "service", "name": "nan", "oneway": "False", "reversed": "True", "length": "50.28594211242231", "lanes": "nan", "service": "nan", "tunnel": "nan" }, "geometry": { "type": "LineString", "coordinates": [ [ 114.3641807, 30.5449625 ], [ 114.363727900000015, 30.5451915 ] ] } },
{ "type": "Feature", "properties": { "fid": 789.0, "cat": 794, "cat_": 794, "u": "3631666748", "v": "12808058172", "key": "0", "osmid": "1477028027", "highway": "service", "name": "nan", "oneway": "False", "reversed": "False", "length": "54.67043805144975", "lanes": "nan", "service": "nan", "tunnel": "nan" }, "geometry": { "type": "LineString", "coordinates": [ [ 114.3641807, 30.5449625 ], [ 114.3642441, 30.5449559 ], [ 114.3647475, 30.5449038 ] ] } },
{ "type": "Feature", "properties": { "fid": 793.0, "cat": 798, "cat_": 798, "u": "3631666750", "v": "3631666749", "key": "0", "osmid": "358205743", "highway": "service", "name": "nan", "oneway": "False", "reversed": "True", "length": "79.72758436986206", "lanes": "nan", "service": "nan", "tunnel": "nan" }, "geometry": { "type": "LineString", "coordinates": [ [ 114.3640294, 30.5446103 ], [ 114.3633066, 30.5449661 ] ] } },
{ "type": "Feature", "properties": { "fid": 795.0, "cat": 800, "cat_": 800, "u": "3631666750", "v": "3631666748", "key": "0", "osmid": "1477028026", "highway": "service", "name": "nan", "oneway": "False", "reversed": "True", "length": "41.75728268123516", "lanes": "nan", "service": "nan", "tunnel": "nan" }, "geometry": { "type": "LineString", "coordinates": [ [ 114.3640294, 30.5446103 ], [ 114.3641807, 30.5449625 ] ] } },
{ "type": "Feature", "properties": { "fid": 796.0, "cat": 801, "cat_": 801, "u": "3631666750", "v": "9591350619", "key": "0", "osmid": "1041862950", "highway": "service", "name": "nan", "oneway": "False", "reversed": "False", "length": "95.5866468570094", "lanes": "nan", "service": "nan", "tunnel": "nan" }, "geometry": { "type": "LineString", "coordinates": [ [ 114.3640294, 30.5446103 ], [ 114.364939100000015, 30.5445168 ], [ 114.3650205, 30.5445084 ] ] } },
{ "type": "Feature", "properties": { "fid": 797.0, "cat": 802, "cat_": 802, "u": "3631666771", "v": "12877128243", "key": "0", "osmid": "122744428", "highway": "residential", "name": "求是二路", "oneway": "False", "reversed": "False", "length": "39.19629626805612", "lanes": "2", "service": "nan", "tunnel": "nan" }, "geometry": { "type": "LineString", "coordinates": [ [ 114.3550761, 30.5304909 ], [ 114.3550766, 30.5308434 ] ] } },
{ "type": "Feature", "properties": { "fid": 799.0, "cat": 804, "cat_": 804, "u": "3631666771", "v": "3631666774", "key": "0", "osmid": "358205751", "highway": "service", "name": "nan", "oneway": "False", "reversed": "False", "length": "98.00922458870168", "lanes": "nan", "service": "nan", "tunnel": "nan" }, "geometry": { "type": "LineString", "coordinates": [ [ 114.3550761, 30.5304909 ], [ 114.355042, 30.5304916 ], [ 114.354743200000016, 30.5304973 ], [ 114.3545043, 30.5303954 ], [ 114.3540806, 30.5303922 ] ] } },
{ "type": "Feature", "properties": { "fid": 800.0, "cat": 805, "cat_": 805, "u": "3631666774", "v": "4060915703", "key": "0", "osmid": "1441621542", "highway": "service", "name": "nan", "oneway": "False", "reversed": "True", "length": "7.330136954505124", "lanes": "nan", "service": "nan", "tunnel": "nan" }, "geometry": { "type": "LineString", "coordinates": [ [ 114.3540806, 30.5303922 ], [ 114.3540041, 30.5303941 ] ] } },
{ "type": "Feature", "properties": { "fid": 804.0, "cat": 809, "cat_": 809, "u": "3631666775", "v": "1615510160", "key": "0", "osmid": "104372380", "highway": "residential", "name": "星湖一路", "oneway": "False", "reversed": "False", "length": "9.227268170677485", "lanes": "2", "service": "nan", "tunnel": "nan" }, "geometry": { "type": "LineString", "coordinates": [ [ 114.3540883, 30.530848 ], [ 114.354092600000016, 30.5309309 ] ] } },
{ "type": "Feature", "properties": { "fid": 805.0, "cat": 810, "cat_": 810, "u": "3631666775", "v": "3631666774", "key": "0", "osmid": "104372380", "highway": "residential", "name": "星湖一路", "oneway": "False", "reversed": "True", "length": "50.68821810716727", "lanes": "2", "service": "nan", "tunnel": "nan" }, "geometry": { "type": "LineString", "coordinates": [ [ 114.3540883, 30.530848 ], [ 114.3540872, 30.5308041 ], [ 114.3540806, 30.5303922 ] ] } },
{ "type": "Feature", "properties": { "fid": 806.0, "cat": 811, "cat_": 811, "u": "3631666775", "v": "12877128243", "key": "0", "osmid": "358205752", "highway": "service", "name": "nan", "oneway": "False", "reversed": "True", "length": "94.66020714875071", "lanes": "nan", "service": "nan", "tunnel": "nan" }, "geometry": { "type": "LineString", "coordinates": [ [ 114.3540883, 30.530848 ], [ 114.3545498, 30.530844 ], [ 114.3550416, 30.5308434 ], [ 114.3550766, 30.5308434 ] ] } },
{ "type": "Feature", "properties": { "fid": 807.0, "cat": 812, "cat_": 812, "u": "3631666776", "v": "1615510160", "key": "0", "osmid": "104372380", "highway": "residential", "name": "星湖一路", "oneway": "False", "reversed": "True", "length": "25.94765307741145", "lanes": "2", "service": "nan", "tunnel": "nan" }, "geometry": { "type": "LineString", "coordinates": [ [ 114.3541052, 30.531164 ], [ 114.354092600000016, 30.5309309 ] ] } },
{ "type": "Feature", "properties": { "fid": 808.0, "cat": 813, "cat_": 813, "u": "3631666776", "v": "12877128254", "key": "0", "osmid": "358205753", "highway": "service", "name": "nan", "oneway": "False", "reversed": "False", "length": "93.0876193865955", "lanes": "nan", "service": "nan", "tunnel": "nan" }, "geometry": { "type": "LineString", "coordinates": [ [ 114.3541052, 30.531164 ], [ 114.3544285, 30.531162900000012 ], [ 114.3545397, 30.5311625 ], [ 114.3550413, 30.5311607 ], [ 114.3550771, 30.5311606 ] ] } },
{ "type": "Feature", "properties": { "fid": 809.0, "cat": 814, "cat_": 814, "u": "3631666776", "v": "1615510170", "key": "0", "osmid": "1443127386", "highway": "residential", "name": "星湖一路", "oneway": "False", "reversed": "False", "length": "18.135931408195567", "lanes": "2", "service": "nan", "tunnel": "nan" }, "geometry": { "type": "LineString", "coordinates": [ [ 114.3541052, 30.531164 ], [ 114.3541052, 30.531202600000011 ], [ 114.3541054, 30.5313271 ] ] } },
{ "type": "Feature", "properties": { "fid": 811.0, "cat": 816, "cat_": 816, "u": "3631666787", "v": "9552099928", "key": "0", "osmid": "358205760", "highway": "service", "name": "nan", "oneway": "False", "reversed": "True", "length": "19.82636337467629", "lanes": "nan", "service": "nan", "tunnel": "nan" }, "geometry": { "type": "LineString", "coordinates": [ [ 114.355713300000019, 30.528254799999988 ], [ 114.3557122, 30.5280765 ] ] } },
{ "type": "Feature", "properties": { "fid": 812.0, "cat": 817, "cat_": 817, "u": "3631666787", "v": "1201323300", "key": "0", "osmid": "104108007", "highway": "residential", "name": "北京路", "oneway": "True", "reversed": "False", "length": "61.32867866757475", "lanes": "nan", "service": "nan", "tunnel": "nan" }, "geometry": { "type": "LineString", "coordinates": [ [ 114.355713300000019, 30.528254799999988 ], [ 114.3555813, 30.5282549 ], [ 114.355073, 30.5282555 ] ] } },
{ "type": "Feature", "properties": { "fid": 813.0, "cat": 818, "cat_": 818, "u": "3631666793", "v": "3631666797", "key": "0", "osmid": "1480400148", "highway": "service", "name": "nan", "oneway": "False", "reversed": "True", "length": "45.54438325501855", "lanes": "nan", "service": "nan", "tunnel": "nan" }, "geometry": { "type": "LineString", "coordinates": [ [ 114.35701610000001, 30.5273079 ], [ 114.3565406, 30.5273084 ] ] } },
{ "type": "Feature", "properties": { "fid": 814.0, "cat": 819, "cat_": 819, "u": "3631666793", "v": "3631666797", "key": "1", "osmid": "1397459389", "highway": "service", "name": "nan", "oneway": "False", "reversed": "False", "length": "67.18857411143257", "lanes": "nan", "service": "nan", "tunnel": "nan" }, "geometry": { "type": "LineString", "coordinates": [ [ 114.35701610000001, 30.5273079 ], [ 114.3569365, 30.5271834 ], [ 114.3565403, 30.5271876 ], [ 114.3565406, 30.5273084 ] ] } },
{ "type": "Feature", "properties": { "fid": 815.0, "cat": 820, "cat_": 820, "u": "3631666793", "v": "12805582028", "key": "0", "osmid": "358205761", "highway": "service", "name": "nan", "oneway": "False", "reversed": "False", "length": "78.5304210740247", "lanes": "nan", "service": "nan", "tunnel": "nan" }, "geometry": { "type": "LineString", "coordinates": [ [ 114.35701610000001, 30.5273079 ], [ 114.3570574, 30.5273876 ], [ 114.35706110000001, 30.527410499999988 ], [ 114.3570616, 30.5274454 ], [ 114.357063, 30.527526 ], [ 114.3570628, 30.5275994 ], [ 114.357061500000015, 30.5276832 ], [ 114.3570597, 30.5279616 ], [ 114.35705830000002, 30.5280063 ] ] } },
{ "type": "Feature", "properties": { "fid": 819.0, "cat": 824, "cat_": 824, "u": "3631666798", "v": "2124841198", "key": "0", "osmid": "203427213", "highway": "service", "name": "nan", "oneway": "False", "reversed": "True", "length": "11.109245592437086", "lanes": "nan", "service": "nan", "tunnel": "nan" }, "geometry": { "type": "LineString", "coordinates": [ [ 114.3536221, 30.5323495 ], [ 114.353576600000011, 30.5324414 ] ] } },
{ "type": "Feature", "properties": { "fid": 820.0, "cat": 825, "cat_": 825, "u": "3631666811", "v": "2134380502", "key": "0", "osmid": "203427107", "highway": "service", "name": "nan", "oneway": "False", "reversed": "False", "length": "71.27760982030475", "lanes": "nan", "service": "nan", "tunnel": "nan" }, "geometry": { "type": "LineString", "coordinates": [ [ 114.3560879, 30.5325803 ], [ 114.3553437, 30.5325779 ] ] } },
{ "type": "Feature", "properties": { "fid": 822.0, "cat": 827, "cat_": 827, "u": "3631666811", "v": "2134380509", "key": "0", "osmid": "1037329806", "highway": "service", "name": "nan", "oneway": "False", "reversed": "False", "length": "30.201459507079523", "lanes": "nan", "service": "nan", "tunnel": "nan" }, "geometry": { "type": "LineString", "coordinates": [ [ 114.3560879, 30.5325803 ], [ 114.3560903, 30.532308700000012 ] ] } },
{ "type": "Feature", "properties": { "fid": 823.0, "cat": 828, "cat_": 828, "u": "3631666811", "v": "12803991852", "key": "0", "osmid": "1037329806", "highway": "service", "name": "nan", "oneway": "False", "reversed": "True", "length": "25.41991788087937", "lanes": "nan", "service": "nan", "tunnel": "nan" }, "geometry": { "type": "LineString", "coordinates": [ [ 114.3560879, 30.5325803 ], [ 114.3560859, 30.532808899999985 ] ] } },
{ "type": "Feature", "properties": { "fid": 824.0, "cat": 829, "cat_": 829, "u": "3631666812", "v": "3631666811", "key": "0", "osmid": "203427107", "highway": "service", "name": "nan", "oneway": "False", "reversed": "False", "length": "65.03284027699044", "lanes": "nan", "service": "nan", "tunnel": "nan" }, "geometry": { "type": "LineString", "coordinates": [ [ 114.3567669, 30.5325823 ], [ 114.3560879, 30.5325803 ] ] } },
{ "type": "Feature", "properties": { "fid": 825.0, "cat": 830, "cat_": 830, "u": "3631666812", "v": "12802547749", "key": "0", "osmid": "1474085629", "highway": "residential", "name": "玉兰路", "oneway": "False", "reversed": "True", "length": "50.4937020534486", "lanes": "nan", "service": "nan", "tunnel": "nan" }, "geometry": { "type": "LineString", "coordinates": [ [ 114.3567669, 30.5325823 ], [ 114.3567665, 30.5321282 ] ] } },
{ "type": "Feature", "properties": { "fid": 826.0, "cat": 831, "cat_": 831, "u": "3631666812", "v": "12803984167", "key": "0", "osmid": "1474085629", "highway": "residential", "name": "玉兰路", "oneway": "False", "reversed": "False", "length": "24.930498544676496", "lanes": "nan", "service": "nan", "tunnel": "nan" }, "geometry": { "type": "LineString", "coordinates": [ [ 114.3567669, 30.5325823 ], [ 114.3567669, 30.5326182 ], [ 114.3567653, 30.5328065 ] ] } },
{ "type": "Feature", "properties": { "fid": 827.0, "cat": 832, "cat_": 832, "u": "3631666814", "v": "12872883488", "key": "0", "osmid": "358205771", "highway": "service", "name": "nan", "oneway": "False", "reversed": "False", "length": "40.44416591571265", "lanes": "nan", "service": "nan", "tunnel": "nan" }, "geometry": { "type": "LineString", "coordinates": [ [ 114.354631500000011, 30.5419522 ], [ 114.3542231, 30.541859599999988 ] ] } },
{ "type": "Feature", "properties": { "fid": 828.0, "cat": 833, "cat_": 833, "u": "3631666815", "v": "4052353063", "key": "0", "osmid": "358205771", "highway": "service", "name": "nan", "oneway": "False", "reversed": "False", "length": "65.4053211673337", "lanes": "nan", "service": "nan", "tunnel": "nan" }, "geometry": { "type": "LineString", "coordinates": [ [ 114.3541668, 30.541842200000012 ], [ 114.353499900000017, 30.5417154 ] ] } },
{ "type": "Feature", "properties": { "fid": 829.0, "cat": 834, "cat_": 834, "u": "3631666815", "v": "12872883488", "key": "0", "osmid": "358205771", "highway": "service", "name": "nan", "oneway": "False", "reversed": "True", "length": "5.728357294251324", "lanes": "nan", "service": "nan", "tunnel": "nan" }, "geometry": { "type": "LineString", "coordinates": [ [ 114.3541668, 30.541842200000012 ], [ 114.3542231, 30.541859599999988 ] ] } },
{ "type": "Feature", "properties": { "fid": 831.0, "cat": 836, "cat_": 836, "u": "3631666836", "v": "3631666850", "key": "0", "osmid": "916497799", "highway": "service", "name": "nan", "oneway": "False", "reversed": "True", "length": "16.568714885413577", "lanes": "nan", "service": "nan", "tunnel": "nan" }, "geometry": { "type": "LineString", "coordinates": [ [ 114.3587963, 30.542365 ], [ 114.3586271, 30.542333899999985 ] ] } },
{ "type": "Feature", "properties": { "fid": 834.0, "cat": 839, "cat_": 839, "u": "3631666850", "v": "1807168531", "key": "0", "osmid": [ 358205777, 358205774, 916497799 ], "highway": [ "residential", "service" ], "name": "樱园西路", "oneway": "False", "reversed": [ false, true ], "length": "437.7423095020513", "lanes": "nan", "service": "nan", "tunnel": "nan" }, "geometry": { "type": "LineString", "coordinates": [ [ 114.3586271, 30.542333899999985 ], [ 114.3583411, 30.5422814 ], [ 114.358235, 30.5422619 ], [ 114.3581323, 30.542243 ], [ 114.357823, 30.5421861 ], [ 114.3577596, 30.542445 ], [ 114.3576955, 30.542478 ], [ 114.3576614, 30.5424888 ], [ 114.3576238, 30.5424964 ], [ 114.3575805, 30.542502399999989 ], [ 114.3575237, 30.5425042 ], [ 114.3574659, 30.5425018 ], [ 114.3574036, 30.5424962 ], [ 114.357355, 30.5424878 ], [ 114.3573126, 30.5424766 ], [ 114.3572638, 30.542457699999989 ], [ 114.3572163, 30.542428 ], [ 114.3571866, 30.5424104 ], [ 114.357165, 30.5423971 ], [ 114.357141, 30.5423848 ], [ 114.3570861, 30.5423645 ], [ 114.3568837, 30.5422998 ], [ 114.3568391, 30.5422871 ], [ 114.3567937, 30.5422797 ], [ 114.3567436, 30.542274100000011 ], [ 114.3562116, 30.5422451 ], [ 114.3561577, 30.5422395 ], [ 114.356104700000017, 30.5422285 ], [ 114.356072, 30.5422198 ], [ 114.3560394, 30.542205700000011 ], [ 114.3559952, 30.5421839 ], [ 114.3559504, 30.5421568 ], [ 114.3558983, 30.5421126 ], [ 114.3558486, 30.5420472 ], [ 114.355829, 30.5420049 ], [ 114.3558217, 30.5419625 ], [ 114.3558244, 30.5419282 ], [ 114.3558394, 30.5418912 ], [ 114.35584750000001, 30.5418681 ], [ 114.3558647, 30.5418396 ], [ 114.3559097, 30.541794 ], [ 114.3559732, 30.5417563 ], [ 114.3562252, 30.541660399999987 ], [ 114.356454, 30.5415904 ], [ 114.3566785, 30.5415315 ], [ 114.3568894, 30.5414791 ] ] } },
{ "type": "Feature", "properties": { "fid": 835.0, "cat": 840, "cat_": 840, "u": "3631666851", "v": "3631666850", "key": "0", "osmid": "358205778", "highway": "service", "name": "nan", "oneway": "False", "reversed": "True", "length": "29.095553170110698", "lanes": "nan", "service": "nan", "tunnel": "nan" }, "geometry": { "type": "LineString", "coordinates": [ [ 114.3585637, 30.5425898 ], [ 114.358605, 30.5424211 ], [ 114.3586271, 30.542333899999985 ] ] } },
{ "type": "Feature", "properties": { "fid": 836.0, "cat": 841, "cat_": 841, "u": "3709156196", "v": "12803583984", "key": "0", "osmid": "1488401743", "highway": "service", "name": "nan", "oneway": "False", "reversed": "False", "length": "18.70912524838166", "lanes": "nan", "service": "nan", "tunnel": "nan" }, "geometry": { "type": "LineString", "coordinates": [ [ 114.3519748, 30.5360569 ], [ 114.3518763, 30.5362022 ] ] } },
{ "type": "Feature", "properties": { "fid": 837.0, "cat": 842, "cat_": 842, "u": "3842095839", "v": "12848166028", "key": "0", "osmid": "380915239", "highway": "residential", "name": "松园北路", "oneway": "False", "reversed": "False", "length": "110.08859989315098", "lanes": "nan", "service": "nan", "tunnel": "nan" }, "geometry": { "type": "LineString", "coordinates": [ [ 114.3582685, 30.5464129 ], [ 114.3594107, 30.546525 ] ] } },
{ "type": "Feature", "properties": { "fid": 838.0, "cat": 843, "cat_": 843, "u": "3842095839", "v": "3842096771", "key": "0", "osmid": "1383195559", "highway": "service", "name": "nan", "oneway": "False", "reversed": "False", "length": "45.760530383165424", "lanes": "nan", "service": "nan", "tunnel": "nan" }, "geometry": { "type": "LineString", "coordinates": [ [ 114.3582685, 30.5464129 ], [ 114.3583301, 30.5460048 ] ] } },
{ "type": "Feature", "properties": { "fid": 840.0, "cat": 845, "cat_": 845, "u": "3842095840", "v": "1379619933", "key": "0", "osmid": "123838952", "highway": "residential", "name": "松园东路", "oneway": "False", "reversed": "False", "length": "50.28216664141481", "lanes": "nan", "service": "nan", "tunnel": "nan" }, "geometry": { "type": "LineString", "coordinates": [ [ 114.3607031, 30.5466519 ], [ 114.3606491, 30.5471017 ] ] } },
{ "type": "Feature", "properties": { "fid": 841.0, "cat": 846, "cat_": 846, "u": "3842095840", "v": "13668225775", "key": "0", "osmid": "123838952", "highway": "residential", "name": "松园东路", "oneway": "False", "reversed": "True", "length": "6.271940806663994", "lanes": "nan", "service": "nan", "tunnel": "nan" }, "geometry": { "type": "LineString", "coordinates": [ [ 114.3607031, 30.5466519 ], [ 114.3607099, 30.5465958 ] ] } },
{ "type": "Feature", "properties": { "fid": 842.0, "cat": 847, "cat_": 847, "u": "3842095840", "v": "12848166031", "key": "0", "osmid": "380915239", "highway": "residential", "name": "松园北路", "oneway": "False", "reversed": "True", "length": "77.80118518510811", "lanes": "nan", "service": "nan", "tunnel": "nan" }, "geometry": { "type": "LineString", "coordinates": [ [ 114.3607031, 30.5466519 ], [ 114.3598959, 30.5465726 ] ] } },
{ "type": "Feature", "properties": { "fid": 843.0, "cat": 848, "cat_": 848, "u": "3842095842", "v": "3842096769", "key": "0", "osmid": [ 380915240, 380915249 ], "highway": "service", "name": "nan", "oneway": "False", "reversed": [ false, true ], "length": "186.6428756822669", "lanes": "nan", "service": "nan", "tunnel": "nan" }, "geometry": { "type": "LineString", "coordinates": [ [ 114.3598113, 30.545929 ], [ 114.3590424, 30.545932199999989 ], [ 114.358333, 30.5458831 ], [ 114.3583562, 30.5454802 ] ] } },
{ "type": "Feature", "properties": { "fid": 844.0, "cat": 849, "cat_": 849, "u": "3842095842", "v": "3842096760", "key": "0", "osmid": [ 1478425336, 380915242 ], "highway": "service", "name": "nan", "oneway": "False", "reversed": "False", "length": "48.24834152266756", "lanes": "nan", "service": "nan", "tunnel": "nan" }, "geometry": { "type": "LineString", "coordinates": [ [ 114.3598113, 30.545929 ], [ 114.3597324, 30.5457848 ], [ 114.3597298, 30.5457722 ], [ 114.3597322, 30.54576 ], [ 114.3597385, 30.5457492 ], [ 114.3597469, 30.545742 ], [ 114.359759600000018, 30.5457366 ], [ 114.3597753, 30.5457347 ], [ 114.3598104, 30.5457342 ], [ 114.3600085, 30.545745 ] ] } },
{ "type": "Feature", "properties": { "fid": 845.0, "cat": 850, "cat_": 850, "u": "3842095842", "v": "3842095844", "key": "0", "osmid": "1478430718", "highway": "service", "name": "nan", "oneway": "False", "reversed": "False", "length": "45.46389711894442", "lanes": "nan", "service": "nan", "tunnel": "nan" }, "geometry": { "type": "LineString", "coordinates": [ [ 114.3598113, 30.545929 ], [ 114.3599065, 30.5461458 ], [ 114.3599146, 30.5461741 ], [ 114.3599184, 30.546193 ], [ 114.3599222, 30.5462318 ], [ 114.3599241, 30.546321599999988 ] ] } },
{ "type": "Feature", "properties": { "fid": 846.0, "cat": 851, "cat_": 851, "u": "3842095844", "v": "12848166031", "key": "0", "osmid": "1387931442", "highway": "service", "name": "nan", "oneway": "False", "reversed": "False", "length": "28.040310537062677", "lanes": "nan", "service": "nan", "tunnel": "nan" }, "geometry": { "type": "LineString", "coordinates": [ [ 114.3599241, 30.546321599999988 ], [ 114.3598959, 30.5465726 ] ] } },
{ "type": "Feature", "properties": { "fid": 847.0, "cat": 852, "cat_": 852, "u": "3842095844", "v": "1379619955", "key": "0", "osmid": "1478430717", "highway": "service", "name": "nan", "oneway": "False", "reversed": "False", "length": "77.98343754938034", "lanes": "nan", "service": "nan", "tunnel": "nan" }, "geometry": { "type": "LineString", "coordinates": [ [ 114.3599241, 30.546321599999988 ], [ 114.3607335, 30.5463987 ] ] } },
{ "type": "Feature", "properties": { "fid": 849.0, "cat": 854, "cat_": 854, "u": "3842095856", "v": "1379619930", "key": "0", "osmid": "380915247", "highway": "residential", "name": "松园中路", "oneway": "False", "reversed": "False", "length": "12.047000615257003", "lanes": "nan", "service": "nan", "tunnel": "nan" }, "geometry": { "type": "LineString", "coordinates": [ [ 114.3607515, 30.545195 ], [ 114.3608766, 30.5452064 ] ] } },
{ "type": "Feature", "properties": { "fid": 853.0, "cat": 858, "cat_": 858, "u": "3842096758", "v": "3842095856", "key": "0", "osmid": "380915247", "highway": "residential", "name": "松园中路", "oneway": "False", "reversed": "False", "length": "85.36729242688895", "lanes": "nan", "service": "nan", "tunnel": "nan" }, "geometry": { "type": "LineString", "coordinates": [ [ 114.359865, 30.5451144 ], [ 114.3601873, 30.5451448 ], [ 114.3607515, 30.545195 ] ] } },
{ "type": "Feature", "properties": { "fid": 855.0, "cat": 860, "cat_": 860, "u": "3842096760", "v": "3842095856", "key": "0", "osmid": "380915242", "highway": "service", "name": "nan", "oneway": "False", "reversed": "False", "length": "135.1952373807128", "lanes": "nan", "service": "nan", "tunnel": "nan" }, "geometry": { "type": "LineString", "coordinates": [ [ 114.3600085, 30.545745 ], [ 114.3607063, 30.5458049 ], [ 114.3607408, 30.5455422 ], [ 114.3607537, 30.5453443 ], [ 114.3607526, 30.545265400000012 ], [ 114.360752, 30.5452221 ], [ 114.3607515, 30.545195 ] ] } },
{ "type": "Feature", "properties": { "fid": 857.0, "cat": 862, "cat_": 862, "u": "3842096760", "v": "3842096758", "key": "0", "osmid": [ 1478425361, 1478425362, 380915243 ], "highway": "service", "name": "nan", "oneway": "False", "reversed": "True", "length": "76.50984122326724", "lanes": "nan", "service": "nan", "tunnel": "yes" }, "geometry": { "type": "LineString", "coordinates": [ [ 114.3600085, 30.545745 ], [ 114.3600138, 30.5456999 ], [ 114.3600454, 30.5454317 ], [ 114.3600483, 30.5453651 ], [ 114.3600486, 30.545339299999988 ], [ 114.36004650000001, 30.5453166 ], [ 114.3600402, 30.5452979 ], [ 114.3600293, 30.5452773 ], [ 114.3599746, 30.5452266 ], [ 114.3598932, 30.545143299999989 ], [ 114.359865, 30.5451144 ] ] } },
{ "type": "Feature", "properties": { "fid": 860.0, "cat": 865, "cat_": 865, "u": "3977329418", "v": "1807209565", "key": "0", "osmid": "169552942", "highway": "residential", "name": "nan", "oneway": "False", "reversed": "False", "length": "74.63534031088034", "lanes": "nan", "service": "nan", "tunnel": "nan" }, "geometry": { "type": "LineString", "coordinates": [ [ 114.352345, 30.5405905 ], [ 114.352924, 30.5406777 ], [ 114.3529743, 30.5406878 ], [ 114.3530939, 30.5407503 ] ] } },
{ "type": "Feature", "properties": { "fid": 861.0, "cat": 866, "cat_": 866, "u": "3977329418", "v": "1807209500", "key": "0", "osmid": "169552942", "highway": "residential", "name": "nan", "oneway": "False", "reversed": "True", "length": "120.7854333486219", "lanes": "nan", "service": "nan", "tunnel": "nan" }, "geometry": { "type": "LineString", "coordinates": [ [ 114.352345, 30.5405905 ], [ 114.3520192, 30.5405417 ], [ 114.3516386, 30.5404848 ], [ 114.3511038, 30.5403979 ] ] } },
{ "type": "Feature", "properties": { "fid": 863.0, "cat": 868, "cat_": 868, "u": "4045224990", "v": "12805686347", "key": "0", "osmid": "402087708", "highway": "service", "name": "nan", "oneway": "False", "reversed": "False", "length": "42.727532402208496", "lanes": "nan", "service": "nan", "tunnel": "nan" }, "geometry": { "type": "LineString", "coordinates": [ [ 114.3623917, 30.542492200000012 ], [ 114.3625935, 30.5425125 ], [ 114.3626514, 30.5424443 ], [ 114.3627021, 30.5423274 ] ] } },
{ "type": "Feature", "properties": { "fid": 867.0, "cat": 872, "cat_": 872, "u": "4052353062", "v": "12823578165", "key": "0", "osmid": "402823352", "highway": "service", "name": "nan", "oneway": "False", "reversed": "True", "length": "93.8920330189468", "lanes": "nan", "service": "nan", "tunnel": "nan" }, "geometry": { "type": "LineString", "coordinates": [ [ 114.3536006, 30.5412903 ], [ 114.3536591, 30.5410541 ], [ 114.3536443, 30.5410288 ], [ 114.3536256, 30.5410045 ], [ 114.3533656, 30.5409608 ], [ 114.3530042, 30.5408995 ] ] } },
{ "type": "Feature", "properties": { "fid": 869.0, "cat": 874, "cat_": 874, "u": "4052353063", "v": "8278622920", "key": "0", "osmid": "1382802167", "highway": "service", "name": "nan", "oneway": "False", "reversed": "False", "length": "34.303256837338985", "lanes": "nan", "service": "nan", "tunnel": "nan" }, "geometry": { "type": "LineString", "coordinates": [ [ 114.353499900000017, 30.5417154 ], [ 114.3534383, 30.5420193 ] ] } },
{ "type": "Feature", "properties": { "fid": 870.0, "cat": 875, "cat_": 875, "u": "4052353063", "v": "4052353062", "key": "0", "osmid": "1382802167", "highway": "service", "name": "nan", "oneway": "False", "reversed": "True", "length": "48.24276993859196", "lanes": "nan", "service": "nan", "tunnel": "nan" }, "geometry": { "type": "LineString", "coordinates": [ [ 114.353499900000017, 30.5417154 ], [ 114.3536006, 30.5412903 ] ] } },
{ "type": "Feature", "properties": { "fid": 871.0, "cat": 876, "cat_": 876, "u": "4052353063", "v": "12802598369", "key": "0", "osmid": "1477870017", "highway": "service", "name": "nan", "oneway": "False", "reversed": "False", "length": "58.42383287837872", "lanes": "nan", "service": "nan", "tunnel": "nan" }, "geometry": { "type": "LineString", "coordinates": [ [ 114.353499900000017, 30.5417154 ], [ 114.3529027, 30.5416081 ] ] } },
{ "type": "Feature", "properties": { "fid": 872.0, "cat": 877, "cat_": 877, "u": "4052778594", "v": "5487754076", "key": "0", "osmid": "103642350", "highway": "residential", "name": "湖滨路", "oneway": "False", "reversed": "False", "length": "21.118545984510078", "lanes": "nan", "service": "nan", "tunnel": "nan" }, "geometry": { "type": "LineString", "coordinates": [ [ 114.3648694, 30.5435307 ], [ 114.364812500000014, 30.5435235 ], [ 114.3647504, 30.5435209 ], [ 114.3646979, 30.5435194 ], [ 114.3646499, 30.5435241 ] ] } },
{ "type": "Feature", "properties": { "fid": 880.0, "cat": 885, "cat_": 885, "u": "4060915703", "v": "3123587174", "key": "0", "osmid": "307265578", "highway": "service", "name": "nan", "oneway": "False", "reversed": "False", "length": "59.54528804345614", "lanes": "nan", "service": "nan", "tunnel": "nan" }, "geometry": { "type": "LineString", "coordinates": [ [ 114.3540041, 30.5303941 ], [ 114.35400460000001, 30.5306756 ], [ 114.3540048, 30.5308061 ], [ 114.3540042, 30.5308917 ], [ 114.3540039, 30.5309296 ] ] } },
{ "type": "Feature", "properties": { "fid": 881.0, "cat": 886, "cat_": 886, "u": "4060915703", "v": "3123587171", "key": "0", "osmid": "307265578", "highway": "service", "name": "nan", "oneway": "False", "reversed": "True", "length": "127.7392051070943", "lanes": "nan", "service": "nan", "tunnel": "nan" }, "geometry": { "type": "LineString", "coordinates": [ [ 114.3540041, 30.5303941 ], [ 114.3537885, 30.5303943 ], [ 114.3532978, 30.5303949 ], [ 114.3532984, 30.5304189 ], [ 114.3532985, 30.5308066 ], [ 114.3532987, 30.5309353 ] ] } },
{ "type": "Feature", "properties": { "fid": 882.0, "cat": 887, "cat_": 887, "u": "4159413654", "v": "1417701738", "key": "0", "osmid": "153751903", "highway": "residential", "name": "松园中路", "oneway": "False", "reversed": "True", "length": "55.850503933869966", "lanes": "nan", "service": "nan", "tunnel": "nan" }, "geometry": { "type": "LineString", "coordinates": [ [ 114.3560136, 30.5450647 ], [ 114.3554345, 30.5450052 ] ] } },
{ "type": "Feature", "properties": { "fid": 884.0, "cat": 889, "cat_": 889, "u": "4159413654", "v": "12847404826", "key": "0", "osmid": "1387843582", "highway": "service", "name": "nan", "oneway": "False", "reversed": "True", "length": "63.80542013586441", "lanes": "nan", "service": "nan", "tunnel": "nan" }, "geometry": { "type": "LineString", "coordinates": [ [ 114.3560136, 30.5450647 ], [ 114.3560089, 30.5451004 ], [ 114.3559926, 30.5452254 ], [ 114.3560816, 30.545234 ], [ 114.3564681, 30.5452715 ] ] } },
{ "type": "Feature", "properties": { "fid": 887.0, "cat": 892, "cat_": 892, "u": "4159413665", "v": "12805594626", "key": "0", "osmid": "128247473", "highway": "residential", "name": "文澜路", "oneway": "False", "reversed": "True", "length": "19.010218605983745", "lanes": "nan", "service": "nan", "tunnel": "nan" }, "geometry": { "type": "LineString", "coordinates": [ [ 114.3551603, 30.5457707 ], [ 114.3551382, 30.5459406 ] ] } },
{ "type": "Feature", "properties": { "fid": 888.0, "cat": 893, "cat_": 893, "u": "4159413665", "v": "4159413663", "key": "0", "osmid": "869368037", "highway": "path", "name": "nan", "oneway": "False", "reversed": "False", "length": "71.4366906855891", "lanes": "nan", "service": "nan", "tunnel": "nan" }, "geometry": { "type": "LineString", "coordinates": [ [ 114.3551603, 30.5457707 ], [ 114.3559022, 30.5458377 ] ] } },
{ "type": "Feature", "properties": { "fid": 889.0, "cat": 894, "cat_": 894, "u": "4159413690", "v": "4159413654", "key": "0", "osmid": "153751903", "highway": "residential", "name": "松园中路", "oneway": "False", "reversed": "True", "length": "163.1488567701714", "lanes": "nan", "service": "nan", "tunnel": "nan" }, "geometry": { "type": "LineString", "coordinates": [ [ 114.3577054, 30.5452374 ], [ 114.3569812, 30.545163 ], [ 114.3569472, 30.545159399999985 ], [ 114.3567308, 30.5451364 ], [ 114.3560136, 30.5450647 ] ] } },
{ "type": "Feature", "properties": { "fid": 892.0, "cat": 897, "cat_": 897, "u": "4159413722", "v": "9552099988", "key": "0", "osmid": "1036845882", "highway": "residential", "name": "nan", "oneway": "False", "reversed": "True", "length": "45.80318706293652", "lanes": "nan", "service": "nan", "tunnel": "nan" }, "geometry": { "type": "LineString", "coordinates": [ [ 114.3571828, 30.546553 ], [ 114.3572119, 30.5462994 ], [ 114.3572124, 30.5462498 ], [ 114.3572073, 30.5462264 ], [ 114.3571951, 30.5462071 ], [ 114.3571808, 30.5461942 ], [ 114.3571456, 30.5461625 ] ] } },
{ "type": "Feature", "properties": { "fid": 893.0, "cat": 898, "cat_": 898, "u": "4159413722", "v": "12862472429", "key": "0", "osmid": "1383094439", "highway": "residential", "name": "松园北路", "oneway": "False", "reversed": "False", "length": "17.69628271985519", "lanes": "nan", "service": "nan", "tunnel": "nan" }, "geometry": { "type": "LineString", "coordinates": [ [ 114.3571828, 30.546553 ], [ 114.3572823, 30.546563599999985 ], [ 114.3573662, 30.5465725 ] ] } },
{ "type": "Feature", "properties": { "fid": 894.0, "cat": 899, "cat_": 899, "u": "4254629150", "v": "1807168533", "key": "0", "osmid": "273990968", "highway": "tertiary", "name": "汉林西路", "oneway": "False", "reversed": "False", "length": "9.412267572069215", "lanes": "nan", "service": "nan", "tunnel": "nan" }, "geometry": { "type": "LineString", "coordinates": [ [ 114.3535194, 30.5360605 ], [ 114.353501, 30.5360833 ], [ 114.353463300000016, 30.53613 ] ] } },
{ "type": "Feature", "properties": { "fid": 895.0, "cat": 900, "cat_": 900, "u": "4254629150", "v": "13238420034", "key": "0", "osmid": "273990968", "highway": "tertiary", "name": "汉林西路", "oneway": "False", "reversed": "True", "length": "5.405627194711246", "lanes": "nan", "service": "nan", "tunnel": "nan" }, "geometry": { "type": "LineString", "coordinates": [ [ 114.3535194, 30.5360605 ], [ 114.3535266, 30.536034599999986 ], [ 114.3535288, 30.5360127 ] ] } },
{ "type": "Feature", "properties": { "fid": 897.0, "cat": 902, "cat_": 902, "u": "4320485415", "v": "12803435201", "key": "0", "osmid": "103948559", "highway": "residential", "name": "桂子路", "oneway": "False", "reversed": "False", "length": "10.055501079313673", "lanes": "nan", "service": "nan", "tunnel": "nan" }, "geometry": { "type": "LineString", "coordinates": [ [ 114.3559975, 30.5433195 ], [ 114.3559926, 30.5432916 ], [ 114.3559842, 30.5432653 ], [ 114.3559674, 30.5432335 ] ] } },
{ "type": "Feature", "properties": { "fid": 900.0, "cat": 905, "cat_": 905, "u": "4320485417", "v": "4320485415", "key": "0", "osmid": "1476726039", "highway": "service", "name": "nan", "oneway": "False", "reversed": "True", "length": "52.709534404381095", "lanes": "nan", "service": "nan", "tunnel": "nan" }, "geometry": { "type": "LineString", "coordinates": [ [ 114.356536300000016, 30.5434163 ], [ 114.3559975, 30.5433195 ] ] } },
{ "type": "Feature", "properties": { "fid": 901.0, "cat": 906, "cat_": 906, "u": "4320485417", "v": "13545187533", "key": "0", "osmid": "1476726039", "highway": "service", "name": "nan", "oneway": "False", "reversed": "False", "length": "75.01800200576315", "lanes": "nan", "service": "nan", "tunnel": "nan" }, "geometry": { "type": "LineString", "coordinates": [ [ 114.356536300000016, 30.5434163 ], [ 114.3569153, 30.5434848 ], [ 114.3573096, 30.5435172 ] ] } },
{ "type": "Feature", "properties": { "fid": 903.0, "cat": 908, "cat_": 908, "u": "4320485420", "v": "4320485417", "key": "0", "osmid": "433204234", "highway": "service", "name": "nan", "oneway": "False", "reversed": "True", "length": "31.336519933579265", "lanes": "nan", "service": "nan", "tunnel": "nan" }, "geometry": { "type": "LineString", "coordinates": [ [ 114.3565235, 30.5436979 ], [ 114.356536300000016, 30.5434163 ] ] } },
{ "type": "Feature", "properties": { "fid": 905.0, "cat": 910, "cat_": 910, "u": "4320485421", "v": "4320485420", "key": "0", "osmid": "433204236", "highway": "service", "name": "nan", "oneway": "False", "reversed": "True", "length": "76.04675796044624", "lanes": "nan", "service": "nan", "tunnel": "nan" }, "geometry": { "type": "LineString", "coordinates": [ [ 114.3573173, 30.5437164 ], [ 114.3565235, 30.5436979 ] ] } },
{ "type": "Feature", "properties": { "fid": 909.0, "cat": 914, "cat_": 914, "u": "4320485423", "v": "4320485422", "key": "0", "osmid": "433204237", "highway": "service", "name": "nan", "oneway": "False", "reversed": "True", "length": "63.728597723141654", "lanes": "nan", "service": "nan", "tunnel": "nan" }, "geometry": { "type": "LineString", "coordinates": [ [ 114.3575832, 30.5436033 ], [ 114.3575576, 30.544176 ] ] } },
{ "type": "Feature", "properties": { "fid": 911.0, "cat": 916, "cat_": 916, "u": "4320485437", "v": "4320485422", "key": "0", "osmid": "84250290", "highway": "residential", "name": "弘毅大道", "oneway": "False", "reversed": "True", "length": "56.84668517392871", "lanes": "nan", "service": "nan", "tunnel": "nan" }, "geometry": { "type": "LineString", "coordinates": [ [ 114.3581503, 30.544204199999985 ], [ 114.3575576, 30.544176 ] ] } },
{ "type": "Feature", "properties": { "fid": 919.0, "cat": 924, "cat_": 924, "u": "5487754094", "v": "13251027328", "key": "0", "osmid": "103642347", "highway": "residential", "name": "樱园北路", "oneway": "False", "reversed": "False", "length": "177.2508936869371", "lanes": "nan", "service": "nan", "tunnel": "nan" }, "geometry": { "type": "LineString", "coordinates": [ [ 114.3591624, 30.543456599999985 ], [ 114.3593503, 30.5433659 ], [ 114.3596135, 30.5432374 ], [ 114.3599115, 30.5431084 ], [ 114.3600848, 30.5430433 ], [ 114.3602689, 30.5429827 ], [ 114.3603722, 30.5429464 ], [ 114.3604927, 30.5429071 ], [ 114.3606163, 30.5428718 ], [ 114.3607388, 30.5428382 ], [ 114.3608504, 30.542818 ] ] } },
{ "type": "Feature", "properties": { "fid": 920.0, "cat": 925, "cat_": 925, "u": "5487754094", "v": "9681727748", "key": "0", "osmid": "103642347", "highway": "residential", "name": "樱园北路", "oneway": "False", "reversed": "True", "length": "116.36592378512857", "lanes": "nan", "service": "nan", "tunnel": "nan" }, "geometry": { "type": "LineString", "coordinates": [ [ 114.3591624, 30.543456599999985 ], [ 114.3590437, 30.5434118 ], [ 114.3589846, 30.5433929 ], [ 114.3589471, 30.5433823 ], [ 114.3588926, 30.5433711 ], [ 114.3588521, 30.5433675 ], [ 114.3588105, 30.5433704 ], [ 114.3587541, 30.5433816 ], [ 114.3587151, 30.5433929 ], [ 114.3586588, 30.5434157 ], [ 114.3586186, 30.543437 ], [ 114.3585924, 30.5434556 ], [ 114.3585648, 30.5434782 ], [ 114.3585404, 30.5435049 ], [ 114.358527, 30.543540599999986 ], [ 114.3585185, 30.5435983 ], [ 114.3585011, 30.5439541 ] ] } },
{ "type": "Feature", "properties": { "fid": 922.0, "cat": 927, "cat_": 927, "u": "6305194064", "v": "3123587149", "key": "0", "osmid": "104372410", "highway": "residential", "name": "星湖南路", "oneway": "False", "reversed": "False", "length": "71.34683568370143", "lanes": "2", "service": "nan", "tunnel": "nan" }, "geometry": { "type": "LineString", "coordinates": [ [ 114.3540777, 30.5290705 ], [ 114.3540187, 30.5290706 ], [ 114.3534154, 30.5290715 ], [ 114.3533328, 30.5290716 ] ] } },
{ "type": "Feature", "properties": { "fid": 925.0, "cat": 930, "cat_": 930, "u": "6901657548", "v": "12805594643", "key": "0", "osmid": "1383195547", "highway": "service", "name": "nan", "oneway": "False", "reversed": "True", "length": "77.2873960459288", "lanes": "nan", "service": "nan", "tunnel": "nan" }, "geometry": { "type": "LineString", "coordinates": [ [ 114.3531649, 30.5427899 ], [ 114.3533176, 30.5428207 ], [ 114.3539581, 30.5429171 ] ] } },
{ "type": "Feature", "properties": { "fid": 926.0, "cat": 931, "cat_": 931, "u": "6901657550", "v": "12805594651", "key": "0", "osmid": "737191891", "highway": "service", "name": "nan", "oneway": "False", "reversed": "True", "length": "17.26025305327045", "lanes": "nan", "service": "nan", "tunnel": "nan" }, "geometry": { "type": "LineString", "coordinates": [ [ 114.3532525, 30.543855 ], [ 114.3532622, 30.5437 ] ] } },
{ "type": "Feature", "properties": { "fid": 928.0, "cat": 933, "cat_": 933, "u": "8101909384", "v": "9552099984", "key": "0", "osmid": "1036845879", "highway": "residential", "name": "nan", "oneway": "False", "reversed": "False", "length": "46.54525946426242", "lanes": "nan", "service": "nan", "tunnel": "nan" }, "geometry": { "type": "LineString", "coordinates": [ [ 114.356127, 30.5464307 ], [ 114.3561547, 30.546218 ], [ 114.356163, 30.5461881 ], [ 114.3561773, 30.5461605 ], [ 114.3562014, 30.546133 ], [ 114.3562292, 30.5461103 ], [ 114.356267, 30.546093 ], [ 114.3563102, 30.5460804 ] ] } },
{ "type": "Feature", "properties": { "fid": 930.0, "cat": 935, "cat_": 935, "u": "8101995023", "v": "12802032875", "key": "0", "osmid": "1387979980", "highway": "service", "name": "nan", "oneway": "False", "reversed": "True", "length": "20.30986507933495", "lanes": "nan", "service": "nan", "tunnel": "nan" }, "geometry": { "type": "LineString", "coordinates": [ [ 114.3530039, 30.5387514 ], [ 114.3528547, 30.5386216 ] ] } },
{ "type": "Feature", "properties": { "fid": 931.0, "cat": 936, "cat_": 936, "u": "8101995051", "v": "3631666386", "key": "0", "osmid": [ 869323048, 1443132409, 869323042 ], "highway": "service", "name": "nan", "oneway": "False", "reversed": "True", "length": "161.82494510744263", "lanes": "nan", "service": "parking_aisle", "tunnel": "nan" }, "geometry": { "type": "LineString", "coordinates": [ [ 114.3526641, 30.5387156 ], [ 114.3526141, 30.5387088 ], [ 114.3524579, 30.538687399999986 ], [ 114.3515874, 30.5385536 ], [ 114.3509995, 30.5384658 ] ] } },
{ "type": "Feature", "properties": { "fid": 932.0, "cat": 937, "cat_": 937, "u": "8101995051", "v": "12941904329", "key": "0", "osmid": "1144290347", "highway": "residential", "name": "思源路", "oneway": "False", "reversed": "False", "length": "76.18111082141972", "lanes": "nan", "service": "nan", "tunnel": "nan" }, "geometry": { "type": "LineString", "coordinates": [ [ 114.3526641, 30.5387156 ], [ 114.3526638, 30.5387931 ], [ 114.35265960000001, 30.5388694 ], [ 114.3526561, 30.5389267 ], [ 114.3526487, 30.5389932 ], [ 114.3526206, 30.5391534 ], [ 114.352594100000019, 30.5392926 ], [ 114.3525746, 30.5393952 ] ] } },
{ "type": "Feature", "properties": { "fid": 933.0, "cat": 938, "cat_": 938, "u": "8101995051", "v": "3631666615", "key": "0", "osmid": "1144290347", "highway": "residential", "name": "思源路", "oneway": "False", "reversed": "True", "length": "19.048148796225895", "lanes": "nan", "service": "nan", "tunnel": "nan" }, "geometry": { "type": "LineString", "coordinates": [ [ 114.3526641, 30.5387156 ], [ 114.35266, 30.5386241 ], [ 114.3526546, 30.538544500000011 ] ] } },
{ "type": "Feature", "properties": { "fid": 934.0, "cat": 939, "cat_": 939, "u": "8278622920", "v": "12872883495", "key": "0", "osmid": "103948542", "highway": "service", "name": "nan", "oneway": "False", "reversed": "False", "length": "2.635828607894176", "lanes": "nan", "service": "nan", "tunnel": "nan" }, "geometry": { "type": "LineString", "coordinates": [ [ 114.3534383, 30.5420193 ], [ 114.3534113, 30.5420147 ] ] } },
{ "type": "Feature", "properties": { "fid": 936.0, "cat": 941, "cat_": 941, "u": "8278622920", "v": "12872883488", "key": "0", "osmid": [ 1477870006, 103948542 ], "highway": "service", "name": "nan", "oneway": "False", "reversed": "True", "length": "97.39119351692601", "lanes": "nan", "service": "nan", "tunnel": "nan" }, "geometry": { "type": "LineString", "coordinates": [ [ 114.3534383, 30.5420193 ], [ 114.3540759, 30.5421279 ], [ 114.3541617, 30.5420831 ], [ 114.3542231, 30.541859599999988 ] ] } },
{ "type": "Feature", "properties": { "fid": 937.0, "cat": 942, "cat_": 942, "u": "8463138833", "v": "1144975841", "key": "0", "osmid": "1383028683", "highway": "residential", "name": "nan", "oneway": "True", "reversed": "False", "length": "5.737732759844761", "lanes": "nan", "service": "nan", "tunnel": "nan" }, "geometry": { "type": "LineString", "coordinates": [ [ 114.3556837, 30.5272989 ], [ 114.3557118, 30.5272992 ], [ 114.3557436, 30.527299499999987 ] ] } },
{ "type": "Feature", "properties": { "fid": 939.0, "cat": 944, "cat_": 944, "u": "8823667895", "v": "12872883495", "key": "0", "osmid": [ 103948542, 1477870007 ], "highway": "service", "name": "nan", "oneway": "False", "reversed": "True", "length": "97.48254689358518", "lanes": "nan", "service": "nan", "tunnel": "nan" }, "geometry": { "type": "LineString", "coordinates": [ [ 114.3526206, 30.5421428 ], [ 114.3526906, 30.5419041 ], [ 114.3534113, 30.5420147 ] ] } },
{ "type": "Feature", "properties": { "fid": 940.0, "cat": 945, "cat_": 945, "u": "8823667896", "v": "12872883495", "key": "0", "osmid": "402823353", "highway": "service", "name": "nan", "oneway": "False", "reversed": "True", "length": "27.82801776522551", "lanes": "nan", "service": "nan", "tunnel": "nan" }, "geometry": { "type": "LineString", "coordinates": [ [ 114.3533493, 30.5422592 ], [ 114.3534113, 30.5420147 ] ] } },
{ "type": "Feature", "properties": { "fid": 941.0, "cat": 946, "cat_": 946, "u": "8823667897", "v": "1663906512", "key": "0", "osmid": "103642351", "highway": "residential", "name": "茶港路", "oneway": "False", "reversed": "False", "length": "14.96513484635444", "lanes": "nan", "service": "nan", "tunnel": "nan" }, "geometry": { "type": "LineString", "coordinates": [ [ 114.3516146, 30.5421136 ], [ 114.3514687, 30.5420654 ] ] } },
{ "type": "Feature", "properties": { "fid": 943.0, "cat": 948, "cat_": 948, "u": "8823667897", "v": "8823667902", "key": "0", "osmid": "953298277", "highway": "service", "name": "nan", "oneway": "False", "reversed": "False", "length": "32.3134104488309", "lanes": "nan", "service": "nan", "tunnel": "nan" }, "geometry": { "type": "LineString", "coordinates": [ [ 114.3516146, 30.5421136 ], [ 114.3516655, 30.541968900000011 ], [ 114.3517125, 30.5418355 ] ] } },
{ "type": "Feature", "properties": { "fid": 944.0, "cat": 949, "cat_": 949, "u": "8823667898", "v": "8823668031", "key": "0", "osmid": "103947036", "highway": "residential", "name": "nan", "oneway": "False", "reversed": "True", "length": "30.423657632869478", "lanes": "nan", "service": "nan", "tunnel": "nan" }, "geometry": { "type": "LineString", "coordinates": [ [ 114.3512368, 30.541646300000011 ], [ 114.3511253, 30.5413901 ] ] } },
{ "type": "Feature", "properties": { "fid": 949.0, "cat": 954, "cat_": 954, "u": "8823667902", "v": "8823667898", "key": "0", "osmid": "953298278", "highway": "service", "name": "nan", "oneway": "False", "reversed": "True", "length": "56.186979832212245", "lanes": "nan", "service": "nan", "tunnel": "nan" }, "geometry": { "type": "LineString", "coordinates": [ [ 114.3517125, 30.5418355 ], [ 114.351689900000011, 30.54179490000001 ], [ 114.3516762, 30.5417593 ], [ 114.3516599, 30.541708 ], [ 114.3515054, 30.5416855 ], [ 114.3512368, 30.541646300000011 ] ] } },
{ "type": "Feature", "properties": { "fid": 950.0, "cat": 955, "cat_": 955, "u": "8823667910", "v": "12862467399", "key": "0", "osmid": "1443133710", "highway": "service", "name": "nan", "oneway": "False", "reversed": "False", "length": "14.241277570389387", "lanes": "nan", "service": "nan", "tunnel": "nan" }, "geometry": { "type": "LineString", "coordinates": [ [ 114.3522814, 30.5415404 ], [ 114.3521345, 30.5415205 ] ] } },
{ "type": "Feature", "properties": { "fid": 951.0, "cat": 956, "cat_": 956, "u": "8823667910", "v": "8823667902", "key": "0", "osmid": "953298278", "highway": "service", "name": "nan", "oneway": "False", "reversed": "True", "length": "84.02095161811144", "lanes": "nan", "service": "nan", "tunnel": "nan" }, "geometry": { "type": "LineString", "coordinates": [ [ 114.3522814, 30.5415404 ], [ 114.352246100000016, 30.5416809 ], [ 114.3522361, 30.5417116 ], [ 114.3522217, 30.5417483 ], [ 114.3522042, 30.5417797 ], [ 114.3521777, 30.5418131 ], [ 114.3521492, 30.541843 ], [ 114.352112700000021, 30.5418725 ], [ 114.352067, 30.5419002 ], [ 114.3520101, 30.5419184 ], [ 114.3519549, 30.5419229 ], [ 114.3519008, 30.5419221 ], [ 114.3518525, 30.5419169 ], [ 114.3518081, 30.5419013 ], [ 114.3517609, 30.541877 ], [ 114.3517125, 30.5418355 ] ] } },
{ "type": "Feature", "properties": { "fid": 955.0, "cat": 960, "cat_": 960, "u": "8823667912", "v": "8823667910", "key": "0", "osmid": "1389536002", "highway": "service", "name": "nan", "oneway": "False", "reversed": "False", "length": "30.983822215824176", "lanes": "nan", "service": "nan", "tunnel": "nan" }, "geometry": { "type": "LineString", "coordinates": [ [ 114.352601, 30.5415837 ], [ 114.352443, 30.5415623 ], [ 114.3522814, 30.5415404 ] ] } },
{ "type": "Feature", "properties": { "fid": 957.0, "cat": 962, "cat_": 962, "u": "8823668017", "v": "3631666382", "key": "0", "osmid": "306232298", "highway": "residential", "name": "nan", "oneway": "False", "reversed": "False", "length": "48.48837266881163", "lanes": "nan", "service": "nan", "tunnel": "nan" }, "geometry": { "type": "LineString", "coordinates": [ [ 114.3509609, 30.5398198 ], [ 114.3509949, 30.539645799999988 ], [ 114.3510299, 30.539452 ], [ 114.3510371, 30.5394221 ], [ 114.3510507, 30.5393913 ] ] } },
{ "type": "Feature", "properties": { "fid": 958.0, "cat": 963, "cat_": 963, "u": "8823668017", "v": "1807209556", "key": "0", "osmid": "306232298", "highway": "residential", "name": "nan", "oneway": "False", "reversed": "True", "length": "60.489320206397366", "lanes": "nan", "service": "nan", "tunnel": "nan" }, "geometry": { "type": "LineString", "coordinates": [ [ 114.3509609, 30.5398198 ], [ 114.3508533, 30.5403042 ], [ 114.3508422, 30.5403541 ] ] } },
{ "type": "Feature", "properties": { "fid": 959.0, "cat": 964, "cat_": 964, "u": "8823668022", "v": "8823668017", "key": "0", "osmid": "953298279", "highway": "service", "name": "nan", "oneway": "False", "reversed": "True", "length": "31.190933508102958", "lanes": "nan", "service": "parking_aisle", "tunnel": "nan" }, "geometry": { "type": "LineString", "coordinates": [ [ 114.3512816, 30.5398687 ], [ 114.3509609, 30.5398198 ] ] } },
{ "type": "Feature", "properties": { "fid": 964.0, "cat": 969, "cat_": 969, "u": "8823668081", "v": "8823668080", "key": "0", "osmid": "953298291", "highway": "service", "name": "nan", "oneway": "False", "reversed": "True", "length": "24.28471657792372", "lanes": "nan", "service": "nan", "tunnel": "nan" }, "geometry": { "type": "LineString", "coordinates": [ [ 114.3685324, 30.5414821 ], [ 114.3682796, 30.541465 ] ] } },
{ "type": "Feature", "properties": { "fid": 967.0, "cat": 972, "cat_": 972, "u": "9003570008", "v": "3113067129", "key": "0", "osmid": "1387979981", "highway": "service", "name": "nan", "oneway": "False", "reversed": "False", "length": "5.2714182174742374", "lanes": "nan", "service": "parking_aisle", "tunnel": "nan" }, "geometry": { "type": "LineString", "coordinates": [ [ 114.3530874, 30.5367575 ], [ 114.3531073, 30.5367133 ] ] } },
{ "type": "Feature", "properties": { "fid": 968.0, "cat": 973, "cat_": 973, "u": "9003570008", "v": "3113067023", "key": "0", "osmid": "1442860059", "highway": "service", "name": "nan", "oneway": "False", "reversed": "False", "length": "9.06636427145741", "lanes": "nan", "service": "nan", "tunnel": "nan" }, "geometry": { "type": "LineString", "coordinates": [ [ 114.3530874, 30.5367575 ], [ 114.3530019, 30.5367225 ] ] } },
{ "type": "Feature", "properties": { "fid": 969.0, "cat": 974, "cat_": 974, "u": "9003570008", "v": "9158437414", "key": "0", "osmid": "991212145", "highway": "service", "name": "nan", "oneway": "False", "reversed": "True", "length": "149.24688249291432", "lanes": "nan", "service": "nan", "tunnel": "nan" }, "geometry": { "type": "LineString", "coordinates": [ [ 114.3530874, 30.5367575 ], [ 114.3531008, 30.5368327 ], [ 114.3531507, 30.5373227 ], [ 114.3531593, 30.537353 ], [ 114.3531722, 30.5373781 ], [ 114.3532543, 30.5374997 ], [ 114.3532878, 30.5375511 ], [ 114.3533574, 30.5380636 ] ] } },
{ "type": "Feature", "properties": { "fid": 970.0, "cat": 975, "cat_": 975, "u": "9155703809", "v": "1615510170", "key": "0", "osmid": "1443127386", "highway": "residential", "name": "星湖一路", "oneway": "False", "reversed": "True", "length": "25.741806209287375", "lanes": "2", "service": "nan", "tunnel": "nan" }, "geometry": { "type": "LineString", "coordinates": [ [ 114.3541063, 30.5315586 ], [ 114.3541054, 30.5313271 ] ] } },
{ "type": "Feature", "properties": { "fid": 972.0, "cat": 977, "cat_": 977, "u": "9155703809", "v": "9552099936", "key": "0", "osmid": "1443127386", "highway": "residential", "name": "星湖一路", "oneway": "False", "reversed": "False", "length": "38.6625422628216", "lanes": "2", "service": "nan", "tunnel": "nan" }, "geometry": { "type": "LineString", "coordinates": [ [ 114.3541063, 30.5315586 ], [ 114.3541061, 30.5317379 ], [ 114.354106, 30.5319063 ] ] } },
{ "type": "Feature", "properties": { "fid": 973.0, "cat": 978, "cat_": 978, "u": "9155703810", "v": "9552099937", "key": "0", "osmid": "122744428", "highway": "residential", "name": "求是二路", "oneway": "False", "reversed": "False", "length": "39.11846224242116", "lanes": "2", "service": "nan", "tunnel": "nan" }, "geometry": { "type": "LineString", "coordinates": [ [ 114.3550777, 30.53155430000001 ], [ 114.3550777, 30.5315817 ], [ 114.3550782, 30.5319061 ] ] } },
{ "type": "Feature", "properties": { "fid": 974.0, "cat": 979, "cat_": 979, "u": "9155703810", "v": "12877128254", "key": "0", "osmid": "122744428", "highway": "residential", "name": "求是二路", "oneway": "False", "reversed": "True", "length": "43.78273763058198", "lanes": "2", "service": "nan", "tunnel": "nan" }, "geometry": { "type": "LineString", "coordinates": [ [ 114.3550777, 30.53155430000001 ], [ 114.3550776, 30.5314868 ], [ 114.3550754, 30.5312307 ], [ 114.3550772, 30.5312006 ], [ 114.3550771, 30.5311606 ] ] } },
{ "type": "Feature", "properties": { "fid": 975.0, "cat": 980, "cat_": 980, "u": "9155703810", "v": "9155703809", "key": "0", "osmid": "990913727", "highway": "service", "name": "nan", "oneway": "False", "reversed": "True", "length": "93.03981206968395", "lanes": "nan", "service": "nan", "tunnel": "nan" }, "geometry": { "type": "LineString", "coordinates": [ [ 114.3550777, 30.53155430000001 ], [ 114.354584500000016, 30.5315565 ], [ 114.3541063, 30.5315586 ] ] } },
{ "type": "Feature", "properties": { "fid": 978.0, "cat": 983, "cat_": 983, "u": "9158437405", "v": "3113067023", "key": "0", "osmid": "1442860059", "highway": "service", "name": "nan", "oneway": "False", "reversed": "True", "length": "14.159747725687705", "lanes": "nan", "service": "nan", "tunnel": "nan" }, "geometry": { "type": "LineString", "coordinates": [ [ 114.352855300000016, 30.5367062 ], [ 114.3529164, 30.5367117 ], [ 114.3530019, 30.5367225 ] ] } },
{ "type": "Feature", "properties": { "fid": 980.0, "cat": 985, "cat_": 985, "u": "9158437406", "v": "9158437405", "key": "0", "osmid": "991212143", "highway": "service", "name": "明诚路", "oneway": "False", "reversed": "True", "length": "46.18232710894401", "lanes": "nan", "service": "nan", "tunnel": "nan" }, "geometry": { "type": "LineString", "coordinates": [ [ 114.3528222, 30.5362919 ], [ 114.3528515, 30.5366219 ], [ 114.352855300000016, 30.5367062 ] ] } },
{ "type": "Feature", "properties": { "fid": 981.0, "cat": 986, "cat_": 986, "u": "9158437406", "v": "13643850712", "key": "0", "osmid": "1488401742", "highway": "service", "name": "nan", "oneway": "False", "reversed": "False", "length": "19.192450249261352", "lanes": "nan", "service": "nan", "tunnel": "nan" }, "geometry": { "type": "LineString", "coordinates": [ [ 114.3528222, 30.5362919 ], [ 114.3528089, 30.5362544 ], [ 114.3527985, 30.5362326 ], [ 114.3527904, 30.5362161 ], [ 114.35278, 30.5361985 ], [ 114.3527326, 30.536139 ] ] } },
{ "type": "Feature", "properties": { "fid": 982.0, "cat": 987, "cat_": 987, "u": "9158437414", "v": "13583931949", "key": "0", "osmid": "1387979982", "highway": "residential", "name": "弘毅路", "oneway": "False", "reversed": "True", "length": "23.24435370141542", "lanes": "nan", "service": "nan", "tunnel": "nan" }, "geometry": { "type": "LineString", "coordinates": [ [ 114.3533574, 30.5380636 ], [ 114.3531285, 30.5381331 ] ] } },
{ "type": "Feature", "properties": { "fid": 986.0, "cat": 991, "cat_": 991, "u": "9158437416", "v": "12808341226", "key": "0", "osmid": "123838955", "highway": "tertiary", "name": "自强大道", "oneway": "True", "reversed": "False", "length": "119.50271963888687", "lanes": "2", "service": "nan", "tunnel": "nan" }, "geometry": { "type": "LineString", "coordinates": [ [ 114.3546421, 30.537716799999988 ], [ 114.3546627, 30.5377877 ], [ 114.3546965, 30.5379053 ], [ 114.3547337, 30.5380202 ], [ 114.3547668, 30.5381242 ], [ 114.3548041, 30.5382223 ], [ 114.3548438, 30.5383136 ], [ 114.3548817, 30.5383945 ], [ 114.3549216, 30.538475499999986 ], [ 114.3549631, 30.5385556 ], [ 114.3550028, 30.5386246 ], [ 114.3550594, 30.5387262 ] ] } },
{ "type": "Feature", "properties": { "fid": 988.0, "cat": 993, "cat_": 993, "u": "9552099936", "v": "13242198738", "key": "0", "osmid": "1443127370", "highway": "service", "name": "nan", "oneway": "False", "reversed": "False", "length": "14.42409344265585", "lanes": "nan", "service": "parking_aisle", "tunnel": "nan" }, "geometry": { "type": "LineString", "coordinates": [ [ 114.354106, 30.5319063 ], [ 114.3542566, 30.5319062 ] ] } },
{ "type": "Feature", "properties": { "fid": 989.0, "cat": 994, "cat_": 994, "u": "9552099936", "v": "2124844327", "key": "0", "osmid": "1443127386", "highway": "residential", "name": "星湖一路", "oneway": "False", "reversed": "False", "length": "25.03002597955794", "lanes": "2", "service": "nan", "tunnel": "nan" }, "geometry": { "type": "LineString", "coordinates": [ [ 114.354106, 30.5319063 ], [ 114.354106, 30.5320008 ], [ 114.3541062, 30.5321314 ] ] } },
{ "type": "Feature", "properties": { "fid": 993.0, "cat": 998, "cat_": 998, "u": "9552099937", "v": "13242198739", "key": "0", "osmid": "1036845875", "highway": "service", "name": "nan", "oneway": "False", "reversed": "True", "length": "70.24338020968433", "lanes": "nan", "service": "nan", "tunnel": "nan" }, "geometry": { "type": "LineString", "coordinates": [ [ 114.3550782, 30.5319061 ], [ 114.3545843, 30.531907 ], [ 114.3544481, 30.531907299999986 ], [ 114.3543448, 30.5319075 ] ] } },
{ "type": "Feature", "properties": { "fid": 997.0, "cat": 1002, "cat_": 1002, "u": "9552099988", "v": "12847404827", "key": "0", "osmid": "1387843583", "highway": "service", "name": "nan", "oneway": "False", "reversed": "False", "length": "27.178266683231374", "lanes": "nan", "service": "nan", "tunnel": "nan" }, "geometry": { "type": "LineString", "coordinates": [ [ 114.3571456, 30.5461625 ], [ 114.3571811, 30.54592 ] ] } },
{ "type": "Feature", "properties": { "fid": 999.0, "cat": 1004, "cat_": 1004, "u": "9552099988", "v": "9552099984", "key": "0", "osmid": [ 1476357071, 1476357072, 1476357073, 1036845880, 1036845881 ], "highway": "residential", "name": "nan", "oneway": "False", "reversed": "True", "length": "80.51999408774817", "lanes": "nan", "service": "nan", "tunnel": "nan" }, "geometry": { "type": "LineString", "coordinates": [ [ 114.3571456, 30.5461625 ], [ 114.3570236, 30.54615050000001 ], [ 114.3568632, 30.5461348 ], [ 114.3565515, 30.5461042 ], [ 114.356385, 30.5460878 ], [ 114.3563102, 30.5460804 ] ] } },
{ "type": "Feature", "properties": { "fid": 1001.0, "cat": 1006, "cat_": 1006, "u": "9552100025", "v": "13513425344", "key": "0", "osmid": "1473497651", "highway": "residential", "name": "星湖三路", "oneway": "False", "reversed": "True", "length": "33.893176385585996", "lanes": "2", "service": "nan", "tunnel": "nan" }, "geometry": { "type": "LineString", "coordinates": [ [ 114.3522898, 30.5297311 ], [ 114.3522924, 30.5294263 ] ] } },
{ "type": "Feature", "properties": { "fid": 1002.0, "cat": 1007, "cat_": 1007, "u": "9552100025", "v": "3147251082", "key": "0", "osmid": "1036845890", "highway": "residential", "name": "nan", "oneway": "True", "reversed": "False", "length": "52.266933533137205", "lanes": "nan", "service": "nan", "tunnel": "nan" }, "geometry": { "type": "LineString", "coordinates": [ [ 114.3522898, 30.5297311 ], [ 114.3522681, 30.5296362 ], [ 114.352228400000016, 30.5294984 ], [ 114.3521929, 30.529394199999988 ], [ 114.3521453, 30.5292785 ] ] } },
{ "type": "Feature", "properties": { "fid": 1003.0, "cat": 1008, "cat_": 1008, "u": "9555905003", "v": "9555905010", "key": "0", "osmid": "1382939865", "highway": "service", "name": "nan", "oneway": "False", "reversed": "True", "length": "14.728866236777568", "lanes": "nan", "service": "nan", "tunnel": "nan" }, "geometry": { "type": "LineString", "coordinates": [ [ 114.3526607, 30.5339202 ], [ 114.3528114, 30.5339466 ] ] } },
{ "type": "Feature", "properties": { "fid": 1004.0, "cat": 1009, "cat_": 1009, "u": "9555905003", "v": "2123261273", "key": "0", "osmid": "1382939867", "highway": "service", "name": "nan", "oneway": "False", "reversed": "True", "length": "25.175157234851508", "lanes": "nan", "service": "nan", "tunnel": "nan" }, "geometry": { "type": "LineString", "coordinates": [ [ 114.3526607, 30.5339202 ], [ 114.3526589, 30.5336938 ] ] } },
{ "type": "Feature", "properties": { "fid": 1005.0, "cat": 1010, "cat_": 1010, "u": "9555905003", "v": "9555905007", "key": "0", "osmid": [ 1387530050, 1382939859 ], "highway": "service", "name": "nan", "oneway": "False", "reversed": "False", "length": "64.707031912697", "lanes": "nan", "service": "nan", "tunnel": "nan" }, "geometry": { "type": "LineString", "coordinates": [ [ 114.3526607, 30.5339202 ], [ 114.3522411, 30.5339263 ], [ 114.352247, 30.5341467 ] ] } },
{ "type": "Feature", "properties": { "fid": 1006.0, "cat": 1011, "cat_": 1011, "u": "9555905007", "v": "9555905009", "key": "0", "osmid": "1037322797", "highway": "service", "name": "nan", "oneway": "False", "reversed": "False", "length": "54.22090347415016", "lanes": "nan", "service": "nan", "tunnel": "nan" }, "geometry": { "type": "LineString", "coordinates": [ [ 114.352247, 30.5341467 ], [ 114.3528131, 30.534142 ] ] } },
{ "type": "Feature", "properties": { "fid": 1007.0, "cat": 1012, "cat_": 1012, "u": "9555905007", "v": "13584038522", "key": "0", "osmid": "1387530050", "highway": "service", "name": "nan", "oneway": "False", "reversed": "False", "length": "22.20056372960467", "lanes": "nan", "service": "nan", "tunnel": "nan" }, "geometry": { "type": "LineString", "coordinates": [ [ 114.352247, 30.5341467 ], [ 114.3522524, 30.5343463 ] ] } },
{ "type": "Feature", "properties": { "fid": 1010.0, "cat": 1015, "cat_": 1015, "u": "9555905009", "v": "12803752270", "key": "0", "osmid": "1037322799", "highway": "service", "name": "nan", "oneway": "False", "reversed": "False", "length": "25.208582291160422", "lanes": "nan", "service": "nan", "tunnel": "nan" }, "geometry": { "type": "LineString", "coordinates": [ [ 114.3528131, 30.534142 ], [ 114.352815, 30.5343687 ] ] } },
{ "type": "Feature", "properties": { "fid": 1013.0, "cat": 1018, "cat_": 1018, "u": "9555905010", "v": "9555910717", "key": "0", "osmid": "1037322800", "highway": "service", "name": "nan", "oneway": "False", "reversed": "False", "length": "45.50646196587669", "lanes": "nan", "service": "nan", "tunnel": "nan" }, "geometry": { "type": "LineString", "coordinates": [ [ 114.3528114, 30.5339466 ], [ 114.3532865, 30.5339415 ] ] } },
{ "type": "Feature", "properties": { "fid": 1015.0, "cat": 1020, "cat_": 1020, "u": "9555905010", "v": "9555905009", "key": "0", "osmid": "1382939866", "highway": "service", "name": "nan", "oneway": "False", "reversed": "True", "length": "21.728129401060677", "lanes": "nan", "service": "nan", "tunnel": "nan" }, "geometry": { "type": "LineString", "coordinates": [ [ 114.3528114, 30.5339466 ], [ 114.3528131, 30.534142 ] ] } },
{ "type": "Feature", "properties": { "fid": 1016.0, "cat": 1021, "cat_": 1021, "u": "9555905011", "v": "9555905009", "key": "0", "osmid": "1382939860", "highway": "service", "name": "nan", "oneway": "False", "reversed": "True", "length": "59.297189261824315", "lanes": "nan", "service": "nan", "tunnel": "nan" }, "geometry": { "type": "LineString", "coordinates": [ [ 114.3534322, 30.5341369 ], [ 114.3528131, 30.534142 ] ] } },
{ "type": "Feature", "properties": { "fid": 1017.0, "cat": 1022, "cat_": 1022, "u": "9555905011", "v": "9555905016", "key": "0", "osmid": "1382939863", "highway": "service", "name": "nan", "oneway": "False", "reversed": "True", "length": "21.908950814395926", "lanes": "nan", "service": "nan", "tunnel": "nan" }, "geometry": { "type": "LineString", "coordinates": [ [ 114.3534322, 30.5341369 ], [ 114.3534281, 30.5339399 ] ] } },
{ "type": "Feature", "properties": { "fid": 1018.0, "cat": 1023, "cat_": 1023, "u": "9555905011", "v": "9555910718", "key": "0", "osmid": [ 1037322802, 1037322803 ], "highway": "service", "name": "nan", "oneway": "False", "reversed": "True", "length": "75.23093950177778", "lanes": "nan", "service": "nan", "tunnel": "nan" }, "geometry": { "type": "LineString", "coordinates": [ [ 114.3534322, 30.5341369 ], [ 114.353984900000015, 30.5341344 ], [ 114.3539832, 30.5339339 ] ] } },
{ "type": "Feature", "properties": { "fid": 1021.0, "cat": 1026, "cat_": 1026, "u": "9555905014", "v": "13238420004", "key": "0", "osmid": "104372389", "highway": "residential", "name": "求是大道", "oneway": "False", "reversed": "False", "length": "31.16877923059318", "lanes": "nan", "service": "nan", "tunnel": "nan" }, "geometry": { "type": "LineString", "coordinates": [ [ 114.3521239, 30.534406799999989 ], [ 114.3521133, 30.5345021 ], [ 114.3521063, 30.5346141 ], [ 114.3521076, 30.5346865 ] ] } },
{ "type": "Feature", "properties": { "fid": 1022.0, "cat": 1027, "cat_": 1027, "u": "9555905014", "v": "9555905011", "key": "0", "osmid": [ 1037322798, 1382939863 ], "highway": "service", "name": "nan", "oneway": "False", "reversed": "True", "length": "149.98691654990895", "lanes": "nan", "service": "nan", "tunnel": "nan" }, "geometry": { "type": "LineString", "coordinates": [ [ 114.3521239, 30.534406799999989 ], [ 114.3522531, 30.5344054 ], [ 114.3528153, 30.5343991 ], [ 114.3528477, 30.5343988 ], [ 114.353396600000011, 30.534387500000012 ], [ 114.3534322, 30.5341369 ] ] } },
{ "type": "Feature", "properties": { "fid": 1023.0, "cat": 1028, "cat_": 1028, "u": "9555905016", "v": "9555910718", "key": "0", "osmid": "1037322800", "highway": "service", "name": "nan", "oneway": "False", "reversed": "False", "length": "53.16915625465785", "lanes": "nan", "service": "nan", "tunnel": "nan" }, "geometry": { "type": "LineString", "coordinates": [ [ 114.3534281, 30.5339399 ], [ 114.3539832, 30.5339339 ] ] } },
{ "type": "Feature", "properties": { "fid": 1026.0, "cat": 1031, "cat_": 1031, "u": "9555910717", "v": "9555905016", "key": "0", "osmid": "1037322800", "highway": "service", "name": "nan", "oneway": "False", "reversed": "False", "length": "13.562974697486833", "lanes": "nan", "service": "nan", "tunnel": "nan" }, "geometry": { "type": "LineString", "coordinates": [ [ 114.3532865, 30.5339415 ], [ 114.3534281, 30.5339399 ] ] } },
{ "type": "Feature", "properties": { "fid": 1038.0, "cat": 1043, "cat_": 1043, "u": "9591350636", "v": "9591350619", "key": "0", "osmid": "103940155", "highway": "residential", "name": "凌波路", "oneway": "False", "reversed": "False", "length": "42.72476799388005", "lanes": "nan", "service": "nan", "tunnel": "nan" }, "geometry": { "type": "LineString", "coordinates": [ [ 114.3649945, 30.5441249 ], [ 114.3650044, 30.5442154 ], [ 114.365018, 30.5444502 ], [ 114.3650205, 30.5445084 ] ] } },
{ "type": "Feature", "properties": { "fid": 1042.0, "cat": 1047, "cat_": 1047, "u": "11780148695", "v": "13394364554", "key": "0", "osmid": "1268336180", "highway": "service", "name": "nan", "oneway": "False", "reversed": "False", "length": "3.6040269720475715", "lanes": "nan", "service": "nan", "tunnel": "nan" }, "geometry": { "type": "LineString", "coordinates": [ [ 114.369204, 30.5376762 ], [ 114.3691724, 30.5376586 ] ] } },
{ "type": "Feature", "properties": { "fid": 1043.0, "cat": 1048, "cat_": 1048, "u": "11780148695", "v": "13394364521", "key": "0", "osmid": "103641066", "highway": "residential", "name": "环山北路", "oneway": "False", "reversed": "False", "length": "415.98325171872335", "lanes": "nan", "service": "nan", "tunnel": "nan" }, "geometry": { "type": "LineString", "coordinates": [ [ 114.369204, 30.5376762 ], [ 114.3690924, 30.5377763 ], [ 114.3689571, 30.5378695 ], [ 114.3688108, 30.5379495 ], [ 114.3686305, 30.5380263 ], [ 114.3684761, 30.538078 ], [ 114.3683818, 30.5381049 ], [ 114.3682537, 30.5381376 ], [ 114.36810650000001, 30.5381621 ], [ 114.3679087, 30.538187 ], [ 114.367679, 30.5382167 ], [ 114.3674769, 30.5382398 ], [ 114.3672569, 30.538261 ], [ 114.3670362, 30.53827020000001 ], [ 114.366868, 30.5382772 ], [ 114.3666888, 30.538276 ], [ 114.3665006, 30.538263300000011 ], [ 114.3660553, 30.5381779 ], [ 114.36572270000002, 30.5381167 ], [ 114.3654457, 30.5380772 ], [ 114.3652776, 30.5380652 ], [ 114.365052, 30.5380692 ] ] } },
{ "type": "Feature", "properties": { "fid": 1044.0, "cat": 1049, "cat_": 1049, "u": "11780148695", "v": "13269453257", "key": "0", "osmid": "103641066", "highway": "residential", "name": "环山北路", "oneway": "False", "reversed": "True", "length": "20.46360031675819", "lanes": "nan", "service": "nan", "tunnel": "nan" }, "geometry": { "type": "LineString", "coordinates": [ [ 114.369204, 30.5376762 ], [ 114.3692584, 30.5376161 ], [ 114.3692737, 30.5375961 ], [ 114.3692869, 30.5375714 ], [ 114.3692895, 30.5375533 ], [ 114.369289, 30.5375366 ], [ 114.3692834, 30.5375154 ] ] } },
{ "type": "Feature", "properties": { "fid": 1046.0, "cat": 1051, "cat_": 1051, "u": "12801831117", "v": "12801831117", "key": "1", "osmid": "1382717933", "highway": "service", "name": "nan", "oneway": "False", "reversed": "True", "length": "133.272195919429", "lanes": "nan", "service": "parking_aisle", "tunnel": "nan" }, "geometry": { "type": "LineString", "coordinates": [ [ 114.3645797, 30.5431892 ], [ 114.3646062, 30.5431789 ], [ 114.3646203, 30.5430721 ], [ 114.3645809, 30.5430342 ], [ 114.3641546, 30.5429612 ], [ 114.364094, 30.5429736 ], [ 114.3640652, 30.5430927 ], [ 114.3641159, 30.5431287 ], [ 114.3645423, 30.5432016 ], [ 114.3645797, 30.5431892 ] ] } },
{ "type": "Feature", "properties": { "fid": 1049.0, "cat": 1054, "cat_": 1054, "u": "12802019550", "v": "12848272121", "key": "0", "osmid": "103642348", "highway": "residential", "name": "珞东一路", "oneway": "False", "reversed": "False", "length": "37.694811575129", "lanes": "nan", "service": "nan", "tunnel": "nan" }, "geometry": { "type": "LineString", "coordinates": [ [ 114.3663241, 30.5350869 ], [ 114.3664144, 30.5351873 ], [ 114.3664977, 30.5352744 ], [ 114.3665761, 30.535347 ] ] } },
{ "type": "Feature", "properties": { "fid": 1052.0, "cat": 1057, "cat_": 1057, "u": "12802019553", "v": "12848272121", "key": "0", "osmid": "103642348", "highway": "residential", "name": "珞东一路", "oneway": "False", "reversed": "True", "length": "40.31593650833344", "lanes": "nan", "service": "nan", "tunnel": "nan" }, "geometry": { "type": "LineString", "coordinates": [ [ 114.366915, 30.5355615 ], [ 114.366841, 30.5355217 ], [ 114.3667401, 30.5354588 ], [ 114.3665761, 30.535347 ] ] } },
{ "type": "Feature", "properties": { "fid": 1053.0, "cat": 1058, "cat_": 1058, "u": "12802019553", "v": "13394398306", "key": "0", "osmid": "1460728038", "highway": "path", "name": "nan", "oneway": "False", "reversed": "False", "length": "82.63429675383867", "lanes": "nan", "service": "nan", "tunnel": "nan" }, "geometry": { "type": "LineString", "coordinates": [ [ 114.366915, 30.5355615 ], [ 114.3668336, 30.5357664 ], [ 114.3667437, 30.5360205 ], [ 114.366678, 30.5361799 ], [ 114.3666433, 30.5362667 ] ] } },
{ "type": "Feature", "properties": { "fid": 1055.0, "cat": 1060, "cat_": 1060, "u": "12802019557", "v": "12802019553", "key": "0", "osmid": "103642348", "highway": "residential", "name": "珞东一路", "oneway": "False", "reversed": "True", "length": "68.15301723036463", "lanes": "nan", "service": "nan", "tunnel": "nan" }, "geometry": { "type": "LineString", "coordinates": [ [ 114.3675537, 30.5358259 ], [ 114.3675262, 30.5358022 ], [ 114.3674958, 30.5357857 ], [ 114.3674542, 30.5357675 ], [ 114.3673493, 30.5357322 ], [ 114.367129, 30.5356499 ], [ 114.3670086, 30.5355987 ], [ 114.366915, 30.5355615 ] ] } },
{ "type": "Feature", "properties": { "fid": 1057.0, "cat": 1062, "cat_": 1062, "u": "12802019563", "v": "12802019557", "key": "0", "osmid": "103939870", "highway": "service", "name": "珞东三路", "oneway": "False", "reversed": "False", "length": "200.88586034524755", "lanes": "nan", "service": "nan", "tunnel": "nan" }, "geometry": { "type": "LineString", "coordinates": [ [ 114.3694221, 30.5366432 ], [ 114.3691286, 30.5364872 ], [ 114.3688282, 30.5363477 ], [ 114.3685487, 30.5362242 ], [ 114.3681615, 30.5360678 ], [ 114.3675537, 30.5358259 ] ] } },
{ "type": "Feature", "properties": { "fid": 1059.0, "cat": 1064, "cat_": 1064, "u": "12802019563", "v": "12847386065", "key": "0", "osmid": "1387843565", "highway": "service", "name": "nan", "oneway": "False", "reversed": "False", "length": "119.68518207568059", "lanes": "nan", "service": "nan", "tunnel": "nan" }, "geometry": { "type": "LineString", "coordinates": [ [ 114.3694221, 30.5366432 ], [ 114.3696899, 30.5365546 ], [ 114.369784, 30.5365406 ], [ 114.3698797, 30.536535099999988 ], [ 114.3699878, 30.5365403 ], [ 114.3700844, 30.5365506 ], [ 114.3702141, 30.5365763 ], [ 114.3703048, 30.536602 ], [ 114.3703614, 30.5366298 ], [ 114.3705913, 30.5367551 ] ] } },
{ "type": "Feature", "properties": { "fid": 1061.0, "cat": 1066, "cat_": 1066, "u": "12802019565", "v": "13394364502", "key": "0", "osmid": "103639119", "highway": "residential", "name": "珞东二路", "oneway": "False", "reversed": "True", "length": "85.93765559309533", "lanes": "nan", "service": "nan", "tunnel": "nan" }, "geometry": { "type": "LineString", "coordinates": [ [ 114.3699178, 30.5368084 ], [ 114.36998, 30.5367971 ], [ 114.3700396, 30.5367933 ], [ 114.3701008, 30.5367967 ], [ 114.3701692, 30.5368083 ], [ 114.3702471, 30.5368356 ], [ 114.3703072, 30.5368675 ], [ 114.3703585, 30.5368993 ], [ 114.3704136, 30.53694290000001 ], [ 114.3704705, 30.5370049 ], [ 114.370509200000015, 30.5370732 ], [ 114.3705302, 30.537111599999985 ], [ 114.3705715, 30.5372095 ] ] } },
{ "type": "Feature", "properties": { "fid": 1062.0, "cat": 1067, "cat_": 1067, "u": "12802019565", "v": "12802019563", "key": "0", "osmid": "103939870", "highway": "service", "name": "珞东三路", "oneway": "False", "reversed": "False", "length": "51.90819224483707", "lanes": "nan", "service": "nan", "tunnel": "nan" }, "geometry": { "type": "LineString", "coordinates": [ [ 114.3699178, 30.5368084 ], [ 114.3697618, 30.5367885 ], [ 114.3696896, 30.5367752 ], [ 114.3696268, 30.5367579 ], [ 114.3695728, 30.5367332 ], [ 114.3694221, 30.5366432 ] ] } },
{ "type": "Feature", "properties": { "fid": 1064.0, "cat": 1069, "cat_": 1069, "u": "12802019598", "v": "12802032507", "key": "0", "osmid": "1478695372", "highway": "service", "name": "nan", "oneway": "False", "reversed": "True", "length": "24.09877024612745", "lanes": "nan", "service": "nan", "tunnel": "nan" }, "geometry": { "type": "LineString", "coordinates": [ [ 114.369824, 30.5393533 ], [ 114.3696473, 30.539199 ] ] } },
{ "type": "Feature", "properties": { "fid": 1065.0, "cat": 1070, "cat_": 1070, "u": "12802019598", "v": "12888527017", "key": "0", "osmid": "1382740424", "highway": "service", "name": "nan", "oneway": "False", "reversed": "False", "length": "103.44698391130251", "lanes": "nan", "service": "nan", "tunnel": "nan" }, "geometry": { "type": "LineString", "coordinates": [ [ 114.369824, 30.5393533 ], [ 114.369375, 30.5397284 ], [ 114.369358, 30.53973860000001 ], [ 114.369322, 30.5397432 ], [ 114.3692797, 30.5397398 ], [ 114.3689865, 30.5397116 ], [ 114.368976, 30.5397625 ] ] } },
{ "type": "Feature", "properties": { "fid": 1066.0, "cat": 1071, "cat_": 1071, "u": "12802032501", "v": "12802019598", "key": "0", "osmid": "1382740424", "highway": "service", "name": "nan", "oneway": "False", "reversed": "False", "length": "47.98246062365843", "lanes": "nan", "service": "nan", "tunnel": "nan" }, "geometry": { "type": "LineString", "coordinates": [ [ 114.3701971, 30.5390653 ], [ 114.369824, 30.5393533 ] ] } },
{ "type": "Feature", "properties": { "fid": 1072.0, "cat": 1077, "cat_": 1077, "u": "12802032505", "v": "12888527017", "key": "0", "osmid": "1392319211", "highway": "service", "name": "nan", "oneway": "False", "reversed": "True", "length": "46.953137050913256", "lanes": "nan", "service": "nan", "tunnel": "nan" }, "geometry": { "type": "LineString", "coordinates": [ [ 114.3684871, 30.5397317 ], [ 114.368762, 30.5397456 ], [ 114.368976, 30.5397625 ] ] } },
{ "type": "Feature", "properties": { "fid": 1074.0, "cat": 1079, "cat_": 1079, "u": "12802032507", "v": "12889055279", "key": "0", "osmid": "1392378084", "highway": "service", "name": "nan", "oneway": "False", "reversed": "False", "length": "35.538131173413824", "lanes": "nan", "service": "nan", "tunnel": "nan" }, "geometry": { "type": "LineString", "coordinates": [ [ 114.3696473, 30.539199 ], [ 114.3696854, 30.5391635 ], [ 114.3696177, 30.5390919 ], [ 114.3697679, 30.5389683 ] ] } },
{ "type": "Feature", "properties": { "fid": 1075.0, "cat": 1080, "cat_": 1080, "u": "12802032507", "v": "12889055295", "key": "0", "osmid": "1478695372", "highway": "service", "name": "nan", "oneway": "False", "reversed": "True", "length": "10.869711694238266", "lanes": "nan", "service": "nan", "tunnel": "nan" }, "geometry": { "type": "LineString", "coordinates": [ [ 114.3696473, 30.539199 ], [ 114.3696031, 30.539226 ], [ 114.3695827, 30.5392312 ], [ 114.3695447, 30.5392326 ] ] } },
{ "type": "Feature", "properties": { "fid": 1078.0, "cat": 1083, "cat_": 1083, "u": "12802032509", "v": "12848608569", "key": "0", "osmid": [ 1383475025, 488587938 ], "highway": "tertiary", "name": [ "扬波路", "枫园路" ], "oneway": "False", "reversed": "True", "length": "66.63812321059947", "lanes": "nan", "service": "nan", "tunnel": "nan" }, "geometry": { "type": "LineString", "coordinates": [ [ 114.367677300000011, 30.5391023 ], [ 114.3674066, 30.5390933 ], [ 114.3670785, 30.5390959 ], [ 114.3669819, 30.5390906 ] ] } },
{ "type": "Feature", "properties": { "fid": 1081.0, "cat": 1086, "cat_": 1086, "u": "12802032513", "v": "12802032509", "key": "0", "osmid": "488587938", "highway": "tertiary", "name": "扬波路", "oneway": "False", "reversed": "True", "length": "83.38069275212364", "lanes": "nan", "service": "nan", "tunnel": "nan" }, "geometry": { "type": "LineString", "coordinates": [ [ 114.368547, 30.5391369 ], [ 114.3681908, 30.539121599999987 ], [ 114.367677300000011, 30.5391023 ] ] } },
{ "type": "Feature", "properties": { "fid": 1083.0, "cat": 1088, "cat_": 1088, "u": "12802032517", "v": "13545143094", "key": "0", "osmid": "103642340", "highway": "tertiary", "name": "枫园路", "oneway": "False", "reversed": "True", "length": "84.83936136082674", "lanes": "nan", "service": "nan", "tunnel": "nan" }, "geometry": { "type": "LineString", "coordinates": [ [ 114.3656908, 30.5391538 ], [ 114.3656243, 30.5391829 ], [ 114.3655296, 30.539211 ], [ 114.3654436, 30.5392313 ], [ 114.3653669, 30.5392449 ], [ 114.3653031, 30.5392526 ], [ 114.3652773, 30.5392536 ], [ 114.3652335, 30.5392553 ], [ 114.3651523, 30.5392543 ], [ 114.3650621, 30.5392495 ], [ 114.3648615, 30.5392332 ], [ 114.3648255, 30.5392282 ] ] } },
{ "type": "Feature", "properties": { "fid": 1084.0, "cat": 1089, "cat_": 1089, "u": "12802032517", "v": "13545143093", "key": "0", "osmid": "1382740428", "highway": "service", "name": "nan", "oneway": "False", "reversed": "False", "length": "116.52649321959355", "lanes": "nan", "service": "nan", "tunnel": "nan" }, "geometry": { "type": "LineString", "coordinates": [ [ 114.3656908, 30.5391538 ], [ 114.3656716, 30.539392 ], [ 114.36565520000002, 30.5394721 ], [ 114.3656306, 30.539511 ], [ 114.3656036, 30.5395325 ], [ 114.3655646, 30.5395608 ], [ 114.3655138, 30.5395853 ], [ 114.3654727, 30.5395985 ], [ 114.3654154, 30.5396134 ], [ 114.3653467, 30.5396225 ], [ 114.3652728, 30.539626 ], [ 114.3651937, 30.539627500000012 ], [ 114.3651198, 30.5396196 ], [ 114.3650758, 30.5396051 ], [ 114.36503, 30.5395829 ], [ 114.3649231, 30.5394958 ] ] } },
{ "type": "Feature", "properties": { "fid": 1085.0, "cat": 1090, "cat_": 1090, "u": "12802032521", "v": "12848608570", "key": "0", "osmid": "103642349", "highway": "residential", "name": "侧船山路", "oneway": "False", "reversed": "False", "length": "12.52467702127195", "lanes": "nan", "service": "nan", "tunnel": "nan" }, "geometry": { "type": "LineString", "coordinates": [ [ 114.366884, 30.5390792 ], [ 114.3669295, 30.5391848 ] ] } },
{ "type": "Feature", "properties": { "fid": 1086.0, "cat": 1091, "cat_": 1091, "u": "12802032521", "v": "12848608569", "key": "0", "osmid": "1383475025", "highway": "tertiary", "name": "枫园路", "oneway": "False", "reversed": "False", "length": "9.461226033025643", "lanes": "nan", "service": "nan", "tunnel": "nan" }, "geometry": { "type": "LineString", "coordinates": [ [ 114.366884, 30.5390792 ], [ 114.3669819, 30.5390906 ] ] } },
{ "type": "Feature", "properties": { "fid": 1087.0, "cat": 1092, "cat_": 1092, "u": "12802032521", "v": "12802032517", "key": "0", "osmid": "103642340", "highway": "tertiary", "name": "枫园路", "oneway": "False", "reversed": "True", "length": "122.32248141707045", "lanes": "nan", "service": "nan", "tunnel": "nan" }, "geometry": { "type": "LineString", "coordinates": [ [ 114.366884, 30.5390792 ], [ 114.3667504, 30.5390513 ], [ 114.3667216, 30.539046 ], [ 114.3662507, 30.53896 ], [ 114.3661761, 30.5389487 ], [ 114.3661295, 30.5389495 ], [ 114.3660751, 30.5389561 ], [ 114.3660224, 30.5389669 ], [ 114.3659703, 30.5389861 ], [ 114.3659274, 30.539008 ], [ 114.3657773, 30.5390983 ], [ 114.3656908, 30.5391538 ] ] } },
{ "type": "Feature", "properties": { "fid": 1088.0, "cat": 1093, "cat_": 1093, "u": "12802032531", "v": "13545143094", "key": "0", "osmid": "103642340", "highway": "tertiary", "name": "枫园路", "oneway": "False", "reversed": "False", "length": "69.04441804756443", "lanes": "nan", "service": "nan", "tunnel": "nan" }, "geometry": { "type": "LineString", "coordinates": [ [ 114.3641171, 30.5391134 ], [ 114.3646095, 30.5391982 ], [ 114.3648255, 30.5392282 ] ] } },
{ "type": "Feature", "properties": { "fid": 1090.0, "cat": 1095, "cat_": 1095, "u": "12802032531", "v": "13511031957", "key": "0", "osmid": "1382900355", "highway": "service", "name": "nan", "oneway": "False", "reversed": "False", "length": "65.04543912112725", "lanes": "nan", "service": "nan", "tunnel": "nan" }, "geometry": { "type": "LineString", "coordinates": [ [ 114.3641171, 30.5391134 ], [ 114.364059, 30.5394078 ], [ 114.3637314, 30.539359 ] ] } },
{ "type": "Feature", "properties": { "fid": 1091.0, "cat": 1096, "cat_": 1096, "u": "12802032596", "v": "13246423618", "key": "0", "osmid": "1443545629", "highway": "residential", "name": "环山北路", "oneway": "False", "reversed": "True", "length": "14.16457830114397", "lanes": "nan", "service": "nan", "tunnel": "nan" }, "geometry": { "type": "LineString", "coordinates": [ [ 114.361825, 30.5388847 ], [ 114.3618196, 30.539012 ] ] } },
{ "type": "Feature", "properties": { "fid": 1094.0, "cat": 1099, "cat_": 1099, "u": "12802032679", "v": "13394364502", "key": "0", "osmid": "103639119", "highway": "residential", "name": "珞东二路", "oneway": "False", "reversed": "False", "length": "218.88714257853536", "lanes": "nan", "service": "nan", "tunnel": "nan" }, "geometry": { "type": "LineString", "coordinates": [ [ 114.369431, 30.5386033 ], [ 114.3693769, 30.5385024 ], [ 114.3693654, 30.5384669 ], [ 114.3693576, 30.5384372 ], [ 114.369356, 30.538414199999988 ], [ 114.3693574, 30.5383815 ], [ 114.3693613, 30.5383542 ], [ 114.3693661, 30.5383401 ], [ 114.3693765, 30.5383204 ], [ 114.3694122, 30.5382929 ], [ 114.3695062, 30.53824 ], [ 114.3696292, 30.5381783 ], [ 114.3699189, 30.5380385 ], [ 114.3701295, 30.537939 ], [ 114.370245600000018, 30.5378764 ], [ 114.3703511, 30.5378061 ], [ 114.370451, 30.5377298 ], [ 114.37053250000001, 30.5376548 ], [ 114.3705733, 30.5376045 ], [ 114.3705908, 30.5375733 ], [ 114.3706023, 30.5375438 ], [ 114.3706129, 30.5375088 ], [ 114.3706171, 30.5374773 ], [ 114.3706146, 30.5374204 ], [ 114.3706081, 30.537367 ], [ 114.3705848, 30.5372515 ], [ 114.3705715, 30.5372095 ] ] } },
{ "type": "Feature", "properties": { "fid": 1095.0, "cat": 1100, "cat_": 1100, "u": "12802032679", "v": "13621574884", "key": "0", "osmid": "488587938", "highway": "tertiary", "name": "扬波路", "oneway": "False", "reversed": "False", "length": "62.3925456874952", "lanes": "nan", "service": "nan", "tunnel": "nan" }, "geometry": { "type": "LineString", "coordinates": [ [ 114.369431, 30.5386033 ], [ 114.3695802, 30.5385387 ], [ 114.3700252, 30.5383737 ] ] } },
{ "type": "Feature", "properties": { "fid": 1099.0, "cat": 1104, "cat_": 1104, "u": "12802032875", "v": "13613500635", "key": "0", "osmid": [ 1382740456, 1383195546 ], "highway": "service", "name": "nan", "oneway": "False", "reversed": [ false, true ], "length": "117.2648501286247", "lanes": "nan", "service": "nan", "tunnel": "nan" }, "geometry": { "type": "LineString", "coordinates": [ [ 114.3528547, 30.5386216 ], [ 114.3528912, 30.5389141 ], [ 114.3529084, 30.539023 ], [ 114.3529234, 30.5390711 ], [ 114.3529368, 30.5391072 ], [ 114.3529522, 30.5391481 ], [ 114.3529722, 30.5391848 ], [ 114.3529916, 30.539215 ], [ 114.3530264, 30.5392496 ], [ 114.3530664, 30.539279 ], [ 114.3531175, 30.5393055 ], [ 114.3531546, 30.5393199 ], [ 114.3532025, 30.5393317 ], [ 114.3532652, 30.5393387 ], [ 114.3533117, 30.5393382 ], [ 114.3533518, 30.5393336 ], [ 114.3533887, 30.5393247 ], [ 114.3534205, 30.5393141 ], [ 114.3534537, 30.5392984 ] ] } },
{ "type": "Feature", "properties": { "fid": 1101.0, "cat": 1106, "cat_": 1106, "u": "12802547735", "v": "12803984189", "key": "0", "osmid": "104372392", "highway": "residential", "name": "回归路", "oneway": "False", "reversed": "False", "length": "90.07936187551334", "lanes": "2", "service": "nan", "tunnel": "nan" }, "geometry": { "type": "LineString", "coordinates": [ [ 114.3575487, 30.531798099999985 ], [ 114.3575508, 30.530988 ] ] } },
{ "type": "Feature", "properties": { "fid": 1102.0, "cat": 1107, "cat_": 1107, "u": "12802547735", "v": "12802547736", "key": "0", "osmid": "1383475026", "highway": "residential", "name": "求是大道", "oneway": "False", "reversed": "True", "length": "29.93595275607965", "lanes": "nan", "service": "nan", "tunnel": "nan" }, "geometry": { "type": "LineString", "coordinates": [ [ 114.3575487, 30.531798099999985 ], [ 114.3575414, 30.5318151 ], [ 114.3575323, 30.531829 ], [ 114.3575177, 30.5318446 ], [ 114.3574999, 30.5318582 ], [ 114.357297, 30.5319438 ] ] } },
{ "type": "Feature", "properties": { "fid": 1103.0, "cat": 1108, "cat_": 1108, "u": "12802547736", "v": "12802547749", "key": "0", "osmid": "1383475026", "highway": "residential", "name": "求是大道", "oneway": "False", "reversed": "True", "length": "54.791185526566736", "lanes": "nan", "service": "nan", "tunnel": "nan" }, "geometry": { "type": "LineString", "coordinates": [ [ 114.357297, 30.5319438 ], [ 114.3567665, 30.5321282 ] ] } },
{ "type": "Feature", "properties": { "fid": 1108.0, "cat": 1113, "cat_": 1113, "u": "12802547749", "v": "12802614651", "key": "0", "osmid": "1480400130", "highway": "residential", "name": "求是大道", "oneway": "False", "reversed": "True", "length": "42.065388221147565", "lanes": "nan", "service": "nan", "tunnel": "nan" }, "geometry": { "type": "LineString", "coordinates": [ [ 114.3567665, 30.5321282 ], [ 114.3563273, 30.5321285 ] ] } },
{ "type": "Feature", "properties": { "fid": 1109.0, "cat": 1114, "cat_": 1114, "u": "12802547760", "v": "12802598320", "key": "0", "osmid": "527572904", "highway": "residential", "name": "珞珈山路", "oneway": "False", "reversed": "False", "length": "50.495389637320336", "lanes": "nan", "service": "nan", "tunnel": "nan" }, "geometry": { "type": "LineString", "coordinates": [ [ 114.3602184, 30.5345741 ], [ 114.3606728, 30.5343438 ] ] } },
{ "type": "Feature", "properties": { "fid": 1112.0, "cat": 1117, "cat_": 1117, "u": "12802547761", "v": "12802547760", "key": "0", "osmid": "527572904", "highway": "residential", "name": "珞珈山路", "oneway": "False", "reversed": "False", "length": "9.514137253653487", "lanes": "nan", "service": "nan", "tunnel": "nan" }, "geometry": { "type": "LineString", "coordinates": [ [ 114.3601314, 30.5346154 ], [ 114.3602184, 30.5345741 ] ] } },
{ "type": "Feature", "properties": { "fid": 1113.0, "cat": 1118, "cat_": 1118, "u": "12802547761", "v": "12802598335", "key": "0", "osmid": "527572904", "highway": "residential", "name": "珞珈山路", "oneway": "False", "reversed": "True", "length": "35.65566029096113", "lanes": "nan", "service": "nan", "tunnel": "nan" }, "geometry": { "type": "LineString", "coordinates": [ [ 114.3601314, 30.5346154 ], [ 114.3598148, 30.5347841 ] ] } },
{ "type": "Feature", "properties": { "fid": 1119.0, "cat": 1125, "cat_": 1125, "u": "12802547782", "v": "12802547781", "key": "0", "osmid": "27619462", "highway": "residential", "name": "珞南四路", "oneway": "False", "reversed": "False", "length": "31.578578103876797", "lanes": "nan", "service": "nan", "tunnel": "nan" }, "geometry": { "type": "LineString", "coordinates": [ [ 114.3599659, 30.5331113 ], [ 114.3598373, 30.5328498 ] ] } },
{ "type": "Feature", "properties": { "fid": 1122.0, "cat": 1128, "cat_": 1128, "u": "12802547783", "v": "12802547782", "key": "0", "osmid": "27619462", "highway": "residential", "name": "珞南四路", "oneway": "False", "reversed": "False", "length": "25.970466719013064", "lanes": "nan", "service": "nan", "tunnel": "nan" }, "geometry": { "type": "LineString", "coordinates": [ [ 114.3600761, 30.5333247 ], [ 114.3599659, 30.5331113 ] ] } },
{ "type": "Feature", "properties": { "fid": 1124.0, "cat": 1130, "cat_": 1130, "u": "12802547783", "v": "12802598321", "key": "0", "osmid": [ 1479939756, 27619462 ], "highway": "residential", "name": "珞南四路", "oneway": "False", "reversed": "True", "length": "66.39723754236329", "lanes": "nan", "service": "nan", "tunnel": "nan" }, "geometry": { "type": "LineString", "coordinates": [ [ 114.3600761, 30.5333247 ], [ 114.3601977, 30.533567600000012 ], [ 114.3603685, 30.5338659 ] ] } },
{ "type": "Feature", "properties": { "fid": 1130.0, "cat": 1136, "cat_": 1136, "u": "12802547791", "v": "12802547786", "key": "0", "osmid": "527572904", "highway": "residential", "name": "珞珈山路", "oneway": "False", "reversed": "False", "length": "202.87927381299335", "lanes": "nan", "service": "nan", "tunnel": "nan" }, "geometry": { "type": "LineString", "coordinates": [ [ 114.3639857, 30.5345446 ], [ 114.3641571, 30.5345661 ], [ 114.3648068, 30.5346331 ], [ 114.3654293, 30.5347049 ], [ 114.3656295, 30.5347262 ], [ 114.365909, 30.5347433 ], [ 114.366089200000019, 30.5347556 ] ] } },
{ "type": "Feature", "properties": { "fid": 1132.0, "cat": 1138, "cat_": 1138, "u": "12802547795", "v": "12802547791", "key": "0", "osmid": "527572904", "highway": "residential", "name": "珞珈山路", "oneway": "False", "reversed": "False", "length": "47.55551399968713", "lanes": "nan", "service": "nan", "tunnel": "nan" }, "geometry": { "type": "LineString", "coordinates": [ [ 114.3634946, 30.5344815 ], [ 114.3639857, 30.5345446 ] ] } },
{ "type": "Feature", "properties": { "fid": 1134.0, "cat": 1140, "cat_": 1140, "u": "12802547797", "v": "12802547795", "key": "0", "osmid": "527572904", "highway": "residential", "name": "珞珈山路", "oneway": "False", "reversed": "False", "length": "7.054667332393075", "lanes": "nan", "service": "nan", "tunnel": "nan" }, "geometry": { "type": "LineString", "coordinates": [ [ 114.3634215, 30.53447370000001 ], [ 114.3634946, 30.5344815 ] ] } },
{ "type": "Feature", "properties": { "fid": 1135.0, "cat": 1141, "cat_": 1141, "u": "12802547797", "v": "12803424258", "key": "0", "osmid": "1387978160", "highway": "service", "name": "珞北四路", "oneway": "False", "reversed": "True", "length": "27.67092079964938", "lanes": "nan", "service": "nan", "tunnel": "nan" }, "geometry": { "type": "LineString", "coordinates": [ [ 114.3634215, 30.53447370000001 ], [ 114.3633854, 30.5347206 ] ] } },
{ "type": "Feature", "properties": { "fid": 1138.0, "cat": 1144, "cat_": 1144, "u": "12802598301", "v": "12802547797", "key": "0", "osmid": "527572904", "highway": "residential", "name": "珞珈山路", "oneway": "False", "reversed": "False", "length": "61.96055252241979", "lanes": "nan", "service": "nan", "tunnel": "nan" }, "geometry": { "type": "LineString", "coordinates": [ [ 114.362792, 30.534347 ], [ 114.3629858, 30.5343949 ], [ 114.3632177, 30.5344413 ], [ 114.3634215, 30.53447370000001 ] ] } },
{ "type": "Feature", "properties": { "fid": 1141.0, "cat": 1147, "cat_": 1147, "u": "12802598303", "v": "12802598301", "key": "0", "osmid": "527572904", "highway": "residential", "name": "珞珈山路", "oneway": "False", "reversed": "False", "length": "66.80689952756033", "lanes": "nan", "service": "nan", "tunnel": "nan" }, "geometry": { "type": "LineString", "coordinates": [ [ 114.3621316, 30.5341537 ], [ 114.362743, 30.5343346 ], [ 114.362792, 30.534347 ] ] } },
{ "type": "Feature", "properties": { "fid": 1144.0, "cat": 1150, "cat_": 1150, "u": "12802598311", "v": "12802598303", "key": "0", "osmid": "527572904", "highway": "residential", "name": "珞珈山路", "oneway": "False", "reversed": "False", "length": "67.23106072367337", "lanes": "nan", "service": "nan", "tunnel": "nan" }, "geometry": { "type": "LineString", "coordinates": [ [ 114.3614416, 30.5340925 ], [ 114.361575, 30.5340764 ], [ 114.361668, 30.5340752 ], [ 114.3617549, 30.5340786 ], [ 114.3618292, 30.5340875 ], [ 114.3619036, 30.5340993 ], [ 114.3619988, 30.534121 ], [ 114.3621316, 30.5341537 ] ] } },
{ "type": "Feature", "properties": { "fid": 1148.0, "cat": 1154, "cat_": 1154, "u": "12802598320", "v": "12802598311", "key": "0", "osmid": "527572904", "highway": "residential", "name": "珞珈山路", "oneway": "False", "reversed": "False", "length": "78.90499138964663", "lanes": "nan", "service": "nan", "tunnel": "nan" }, "geometry": { "type": "LineString", "coordinates": [ [ 114.3606728, 30.5343438 ], [ 114.3608789, 30.5342601 ], [ 114.3611589, 30.5341657 ], [ 114.361295, 30.53412680000001 ], [ 114.3614416, 30.5340925 ] ] } },
{ "type": "Feature", "properties": { "fid": 1149.0, "cat": 1155, "cat_": 1155, "u": "12802598321", "v": "12802598320", "key": "0", "osmid": "1479939756", "highway": "residential", "name": "珞南四路", "oneway": "False", "reversed": "True", "length": "60.607517731446734", "lanes": "nan", "service": "nan", "tunnel": "nan" }, "geometry": { "type": "LineString", "coordinates": [ [ 114.3603685, 30.5338659 ], [ 114.3606728, 30.5343438 ] ] } },
{ "type": "Feature", "properties": { "fid": 1151.0, "cat": 1157, "cat_": 1157, "u": "12802598321", "v": "12875262033", "key": "0", "osmid": "1479939758", "highway": "service", "name": "nan", "oneway": "False", "reversed": "False", "length": "32.05717455739497", "lanes": "nan", "service": "nan", "tunnel": "nan" }, "geometry": { "type": "LineString", "coordinates": [ [ 114.3603685, 30.5338659 ], [ 114.360460800000013, 30.5338166 ], [ 114.3606799, 30.5337685 ] ] } },
{ "type": "Feature", "properties": { "fid": 1155.0, "cat": 1161, "cat_": 1161, "u": "12802598329", "v": "12802598335", "key": "0", "osmid": "103747561", "highway": "service", "name": "珞南三路", "oneway": "False", "reversed": "False", "length": "35.173405835622006", "lanes": "nan", "service": "nan", "tunnel": "nan" }, "geometry": { "type": "LineString", "coordinates": [ [ 114.3596323, 30.5345096 ], [ 114.3598148, 30.5347841 ] ] } },
{ "type": "Feature", "properties": { "fid": 1158.0, "cat": 1164, "cat_": 1164, "u": "12802598330", "v": "12802598335", "key": "0", "osmid": "527572904", "highway": "residential", "name": "珞珈山路", "oneway": "False", "reversed": "False", "length": "32.500276642434656", "lanes": "nan", "service": "nan", "tunnel": "nan" }, "geometry": { "type": "LineString", "coordinates": [ [ 114.3595381, 30.5349533 ], [ 114.3598148, 30.5347841 ] ] } },
{ "type": "Feature", "properties": { "fid": 1160.0, "cat": 1166, "cat_": 1166, "u": "12802598330", "v": "12802598340", "key": "0", "osmid": "1480172613", "highway": "residential", "name": "珞珈山路", "oneway": "False", "reversed": "True", "length": "34.69482310457943", "lanes": "nan", "service": "nan", "tunnel": "nan" }, "geometry": { "type": "LineString", "coordinates": [ [ 114.3595381, 30.5349533 ], [ 114.3593028, 30.5350721 ], [ 114.359226, 30.5351117 ] ] } },
{ "type": "Feature", "properties": { "fid": 1161.0, "cat": 1167, "cat_": 1167, "u": "12802598331", "v": "13238436681", "key": "0", "osmid": "103642343", "highway": "residential", "name": "珞南一路", "oneway": "False", "reversed": "False", "length": "31.98203847910231", "lanes": "nan", "service": "nan", "tunnel": "nan" }, "geometry": { "type": "LineString", "coordinates": [ [ 114.3581568, 30.5357289 ], [ 114.3580866, 30.5356989 ], [ 114.3578577, 30.535601 ] ] } },
{ "type": "Feature", "properties": { "fid": 1163.0, "cat": 1169, "cat_": 1169, "u": "12802598331", "v": "13394364550", "key": "0", "osmid": "1480172613", "highway": "residential", "name": "珞珈山路", "oneway": "False", "reversed": "True", "length": "100.34136815411605", "lanes": "nan", "service": "nan", "tunnel": "nan" }, "geometry": { "type": "LineString", "coordinates": [ [ 114.3581568, 30.5357289 ], [ 114.3581411, 30.535776 ], [ 114.3581299, 30.5358242 ], [ 114.3581117, 30.5359692 ], [ 114.3580599, 30.5364753 ], [ 114.3580468, 30.5366252 ] ] } },
{ "type": "Feature", "properties": { "fid": 1165.0, "cat": 1171, "cat_": 1171, "u": "12802598332", "v": "12802598330", "key": "0", "osmid": [ 1037329807, 1443273801, 1387978159 ], "highway": "service", "name": "珞北一路", "oneway": "False", "reversed": "False", "length": "184.78418282238218", "lanes": "nan", "service": "nan", "tunnel": "nan" }, "geometry": { "type": "LineString", "coordinates": [ [ 114.3585668, 30.5353827 ], [ 114.3587933, 30.535528 ], [ 114.3590816, 30.535707 ], [ 114.3591286, 30.535687 ], [ 114.3596048, 30.5354839 ], [ 114.3596577, 30.5354556 ], [ 114.3596894, 30.5354273 ], [ 114.3597109, 30.535395899999987 ], [ 114.3597233, 30.5353653 ], [ 114.3597263, 30.5353391 ], [ 114.3597252, 30.5353129 ], [ 114.359711, 30.5352635 ], [ 114.3596879, 30.535211 ], [ 114.3595381, 30.5349533 ] ] } },
{ "type": "Feature", "properties": { "fid": 1166.0, "cat": 1172, "cat_": 1172, "u": "12802598332", "v": "12802598340", "key": "0", "osmid": "1480172613", "highway": "residential", "name": "珞珈山路", "oneway": "False", "reversed": "False", "length": "69.97055475830366", "lanes": "nan", "service": "nan", "tunnel": "nan" }, "geometry": { "type": "LineString", "coordinates": [ [ 114.3585668, 30.5353827 ], [ 114.3586886, 30.5353297 ], [ 114.3588376, 30.5352685 ], [ 114.358981200000017, 30.535214399999987 ], [ 114.359092100000012, 30.5351691 ], [ 114.359226, 30.5351117 ] ] } },
{ "type": "Feature", "properties": { "fid": 1167.0, "cat": 1173, "cat_": 1173, "u": "12802598332", "v": "12802598331", "key": "0", "osmid": "1480172613", "highway": "residential", "name": "珞珈山路", "oneway": "False", "reversed": "True", "length": "56.20223077762433", "lanes": "nan", "service": "nan", "tunnel": "nan" }, "geometry": { "type": "LineString", "coordinates": [ [ 114.3585668, 30.5353827 ], [ 114.3585243, 30.5354029 ], [ 114.3584646, 30.5354344 ], [ 114.3584008, 30.5354755 ], [ 114.3583409, 30.5355173 ], [ 114.3583002, 30.535549 ], [ 114.3582643, 30.535579 ], [ 114.3582367, 30.5356048 ], [ 114.3582131, 30.5356307 ], [ 114.3581885, 30.535663599999989 ], [ 114.358171, 30.5356965 ], [ 114.3581568, 30.5357289 ] ] } },
{ "type": "Feature", "properties": { "fid": 1175.0, "cat": 1181, "cat_": 1181, "u": "12802598355", "v": "13238436681", "key": "0", "osmid": "103642343", "highway": "residential", "name": "珞南一路", "oneway": "False", "reversed": "True", "length": "21.982903903007177", "lanes": "nan", "service": "nan", "tunnel": "nan" }, "geometry": { "type": "LineString", "coordinates": [ [ 114.3576883, 30.535469 ], [ 114.3577281, 30.535507799999987 ], [ 114.3577663, 30.5355408 ], [ 114.3578127, 30.5355755 ], [ 114.3578577, 30.535601 ] ] } },
{ "type": "Feature", "properties": { "fid": 1182.0, "cat": 1188, "cat_": 1188, "u": "12802598364", "v": "12802598363", "key": "0", "osmid": "1382802157", "highway": "service", "name": "nan", "oneway": "False", "reversed": "False", "length": "56.102107278425045", "lanes": "nan", "service": "nan", "tunnel": "nan" }, "geometry": { "type": "LineString", "coordinates": [ [ 114.3577048, 30.5340974 ], [ 114.3571578, 30.5342779 ] ] } },
{ "type": "Feature", "properties": { "fid": 1186.0, "cat": 1192, "cat_": 1192, "u": "12802598370", "v": "13510725028", "key": "0", "osmid": "1382802168", "highway": "service", "name": "nan", "oneway": "False", "reversed": "False", "length": "50.748715198584435", "lanes": "nan", "service": "nan", "tunnel": "nan" }, "geometry": { "type": "LineString", "coordinates": [ [ 114.354261, 30.5409944 ], [ 114.3538554, 30.5409411 ], [ 114.3538658, 30.5408877 ], [ 114.3538752, 30.5408395 ] ] } },
{ "type": "Feature", "properties": { "fid": 1190.0, "cat": 1196, "cat_": 1196, "u": "12802614649", "v": "13513425379", "key": "0", "osmid": "104372402", "highway": "residential", "name": "求是大道", "oneway": "False", "reversed": "True", "length": "73.4611835290447", "lanes": "nan", "service": "nan", "tunnel": "nan" }, "geometry": { "type": "LineString", "coordinates": [ [ 114.3560919, 30.5321288 ], [ 114.3556857, 30.5321291 ], [ 114.3553249, 30.5321293 ] ] } },
{ "type": "Feature", "properties": { "fid": 1192.0, "cat": 1198, "cat_": 1198, "u": "12802614651", "v": "12802614649", "key": "0", "osmid": "104372402", "highway": "residential", "name": "求是大道", "oneway": "False", "reversed": "True", "length": "22.545995720054613", "lanes": "nan", "service": "nan", "tunnel": "nan" }, "geometry": { "type": "LineString", "coordinates": [ [ 114.3563273, 30.5321285 ], [ 114.3562091, 30.5321286 ], [ 114.3560919, 30.5321288 ] ] } },
{ "type": "Feature", "properties": { "fid": 1196.0, "cat": 1202, "cat_": 1202, "u": "12803391572", "v": "12823522533", "key": "0", "osmid": "1382895760", "highway": "service", "name": "nan", "oneway": "False", "reversed": "False", "length": "117.3501194808355", "lanes": "nan", "service": "nan", "tunnel": "nan" }, "geometry": { "type": "LineString", "coordinates": [ [ 114.3520654, 30.5432153 ], [ 114.3525086, 30.5432318 ], [ 114.3532896, 30.5432616 ] ] } },
{ "type": "Feature", "properties": { "fid": 1197.0, "cat": 1203, "cat_": 1203, "u": "12803401524", "v": "12808976310", "key": "0", "osmid": "1382895771", "highway": "service", "name": "nan", "oneway": "False", "reversed": "True", "length": "3.591676327007874", "lanes": "nan", "service": "nan", "tunnel": "nan" }, "geometry": { "type": "LineString", "coordinates": [ [ 114.351769, 30.5318129 ], [ 114.3518065, 30.531813 ] ] } },
{ "type": "Feature", "properties": { "fid": 1198.0, "cat": 1204, "cat_": 1204, "u": "12803401524", "v": "12808976309", "key": "0", "osmid": "1383484209", "highway": "service", "name": "nan", "oneway": "False", "reversed": "False", "length": "32.929324347797596", "lanes": "nan", "service": "nan", "tunnel": "nan" }, "geometry": { "type": "LineString", "coordinates": [ [ 114.351769, 30.5318129 ], [ 114.3514252, 30.5318106 ] ] } },
{ "type": "Feature", "properties": { "fid": 1199.0, "cat": 1205, "cat_": 1205, "u": "12803401524", "v": "12808976311", "key": "0", "osmid": [ 1383484208, 1383484211 ], "highway": "service", "name": "nan", "oneway": "False", "reversed": "False", "length": "57.307933916838564", "lanes": "nan", "service": "nan", "tunnel": "nan" }, "geometry": { "type": "LineString", "coordinates": [ [ 114.351769, 30.5318129 ], [ 114.3517745, 30.5315303 ], [ 114.3515043, 30.5315287 ] ] } },
{ "type": "Feature", "properties": { "fid": 1201.0, "cat": 1207, "cat_": 1207, "u": "12803401525", "v": "12808976310", "key": "0", "osmid": "1382895771", "highway": "service", "name": "nan", "oneway": "False", "reversed": "False", "length": "49.72792950146507", "lanes": "nan", "service": "nan", "tunnel": "nan" }, "geometry": { "type": "LineString", "coordinates": [ [ 114.3523257, 30.5318117 ], [ 114.3519866, 30.5318126 ], [ 114.3518065, 30.531813 ] ] } },
{ "type": "Feature", "properties": { "fid": 1202.0, "cat": 1208, "cat_": 1208, "u": "12803401525", "v": "12808976316", "key": "0", "osmid": [ 1473497652, 309396502 ], "highway": "residential", "name": "星湖三路", "oneway": "False", "reversed": "True", "length": "142.96634193646915", "lanes": "2", "service": "nan", "tunnel": "nan" }, "geometry": { "type": "LineString", "coordinates": [ [ 114.3523257, 30.5318117 ], [ 114.3523229, 30.5317966 ], [ 114.3522724, 30.5315113 ], [ 114.3522756, 30.5311915 ], [ 114.3522762, 30.5311355 ], [ 114.3522786, 30.530893 ], [ 114.3522789, 30.530866 ], [ 114.3522815, 30.5306017 ], [ 114.3522823, 30.5305295 ] ] } },
{ "type": "Feature", "properties": { "fid": 1203.0, "cat": 1209, "cat_": 1209, "u": "12803424231", "v": "13269415981", "key": "0", "osmid": "1460410151", "highway": "path", "name": "nan", "oneway": "False", "reversed": "True", "length": "63.67775671539763", "lanes": "nan", "service": "nan", "tunnel": "nan" }, "geometry": { "type": "LineString", "coordinates": [ [ 114.3625146, 30.5352459 ], [ 114.3624908, 30.5358182 ] ] } },
{ "type": "Feature", "properties": { "fid": 1207.0, "cat": 1213, "cat_": 1213, "u": "12803424246", "v": "12803424245", "key": "0", "osmid": "1382900363", "highway": "service", "name": "nan", "oneway": "False", "reversed": "False", "length": "54.93482705563571", "lanes": "nan", "service": "nan", "tunnel": "nan" }, "geometry": { "type": "LineString", "coordinates": [ [ 114.363583, 30.533932599999989 ], [ 114.364154, 30.5339794 ] ] } },
{ "type": "Feature", "properties": { "fid": 1214.0, "cat": 1220, "cat_": 1220, "u": "12803424261", "v": "12803424260", "key": "0", "osmid": "1382900367", "highway": "service", "name": "nan", "oneway": "False", "reversed": "True", "length": "50.44269232783392", "lanes": "nan", "service": "nan", "tunnel": "nan" }, "geometry": { "type": "LineString", "coordinates": [ [ 114.3637026, 30.5329642 ], [ 114.3642254, 30.5329093 ] ] } },
{ "type": "Feature", "properties": { "fid": 1216.0, "cat": 1222, "cat_": 1222, "u": "12803435201", "v": "12848622703", "key": "0", "osmid": "1387978165", "highway": "service", "name": "nan", "oneway": "False", "reversed": "False", "length": "124.78195085286825", "lanes": "nan", "service": "nan", "tunnel": "nan" }, "geometry": { "type": "LineString", "coordinates": [ [ 114.3559674, 30.5432335 ], [ 114.3546787, 30.5430678 ] ] } },
{ "type": "Feature", "properties": { "fid": 1220.0, "cat": 1226, "cat_": 1226, "u": "12803435207", "v": "13255218349", "key": "0", "osmid": "103948547", "highway": "residential", "name": "桂园路", "oneway": "False", "reversed": "True", "length": "68.98335737444012", "lanes": "nan", "service": "nan", "tunnel": "nan" }, "geometry": { "type": "LineString", "coordinates": [ [ 114.355931, 30.5411076 ], [ 114.3559699, 30.5410872 ], [ 114.3560352, 30.5410515 ], [ 114.3560942, 30.5410169 ], [ 114.3561556, 30.5409801 ], [ 114.3562077, 30.5409475 ], [ 114.356285, 30.5408997 ], [ 114.35635790000002, 30.5408549 ], [ 114.3564137, 30.5408151 ], [ 114.3564546, 30.5407824 ], [ 114.3564926, 30.5407446 ], [ 114.3564994, 30.5407323 ] ] } },
{ "type": "Feature", "properties": { "fid": 1223.0, "cat": 1229, "cat_": 1229, "u": "12803583974", "v": "13583901618", "key": "0", "osmid": "1382918071", "highway": "service", "name": "nan", "oneway": "False", "reversed": "False", "length": "227.1939296577171", "lanes": "nan", "service": "nan", "tunnel": "nan" }, "geometry": { "type": "LineString", "coordinates": [ [ 114.3522144, 30.5375712 ], [ 114.351812, 30.5376377 ], [ 114.3514802, 30.5376011 ], [ 114.3514339, 30.5375881 ], [ 114.3514019, 30.5375621 ], [ 114.3513794, 30.5375373 ], [ 114.3513703, 30.5375125 ], [ 114.351364, 30.5374853 ], [ 114.351363, 30.5374034 ], [ 114.3513498, 30.5371689 ], [ 114.3513409, 30.537074 ], [ 114.3513133, 30.5369389 ], [ 114.3512767, 30.5368014 ], [ 114.351156, 30.5364995 ], [ 114.3511515, 30.5364739 ], [ 114.3511505, 30.536456 ], [ 114.3511527, 30.5364331 ], [ 114.3511553, 30.5364154 ], [ 114.3511614, 30.5363955 ], [ 114.3511731, 30.5363749 ], [ 114.3511839, 30.5363609 ], [ 114.351201, 30.5363461 ], [ 114.3512431, 30.5363236 ], [ 114.3512629, 30.5363148 ] ] } },
{ "type": "Feature", "properties": { "fid": 1227.0, "cat": 1233, "cat_": 1233, "u": "12803583984", "v": "13583901609", "key": "0", "osmid": "358205722", "highway": "service", "name": "nan", "oneway": "False", "reversed": "False", "length": "50.19770089942607", "lanes": "nan", "service": "nan", "tunnel": "nan" }, "geometry": { "type": "LineString", "coordinates": [ [ 114.3518763, 30.5362022 ], [ 114.3519285, 30.536230400000012 ], [ 114.352014, 30.5366219 ] ] } },
{ "type": "Feature", "properties": { "fid": 1228.0, "cat": 1234, "cat_": 1234, "u": "12803583984", "v": "13583901618", "key": "0", "osmid": [ 358205722, 1382918071 ], "highway": "service", "name": "nan", "oneway": "False", "reversed": "True", "length": "60.41194022515832", "lanes": "nan", "service": "nan", "tunnel": "nan" }, "geometry": { "type": "LineString", "coordinates": [ [ 114.3518763, 30.5362022 ], [ 114.3513398, 30.5362804 ], [ 114.3512629, 30.5363148 ] ] } },
{ "type": "Feature", "properties": { "fid": 1229.0, "cat": 1235, "cat_": 1235, "u": "12803752233", "v": "13513425388", "key": "0", "osmid": "1382939856", "highway": "service", "name": "nan", "oneway": "False", "reversed": "True", "length": "2.6367328433439887", "lanes": "nan", "service": "nan", "tunnel": "nan" }, "geometry": { "type": "LineString", "coordinates": [ [ 114.3553627, 30.5330547 ], [ 114.3553636, 30.533031 ] ] } },
{ "type": "Feature", "properties": { "fid": 1233.0, "cat": 1239, "cat_": 1239, "u": "12803752242", "v": "12825006679", "key": "0", "osmid": [ 1383484210, 1382939839 ], "highway": "service", "name": "nan", "oneway": "False", "reversed": "False", "length": "59.27481370955612", "lanes": "nan", "service": "nan", "tunnel": "nan" }, "geometry": { "type": "LineString", "coordinates": [ [ 114.3523352, 30.5321037 ], [ 114.3518004, 30.532108 ], [ 114.3518012, 30.5320356 ] ] } },
{ "type": "Feature", "properties": { "fid": 1234.0, "cat": 1240, "cat_": 1240, "u": "12803752243", "v": "12844105253", "key": "0", "osmid": "104372389", "highway": "residential", "name": "求是大道", "oneway": "False", "reversed": "False", "length": "20.94057557163307", "lanes": "nan", "service": "nan", "tunnel": "nan" }, "geometry": { "type": "LineString", "coordinates": [ [ 114.352291500000021, 30.5327264 ], [ 114.3521876, 30.5328921 ] ] } },
{ "type": "Feature", "properties": { "fid": 1236.0, "cat": 1242, "cat_": 1242, "u": "12803752243", "v": "13239990033", "key": "0", "osmid": "1382939841", "highway": "service", "name": "nan", "oneway": "False", "reversed": "True", "length": "4.435352257766153", "lanes": "nan", "service": "nan", "tunnel": "nan" }, "geometry": { "type": "LineString", "coordinates": [ [ 114.352291500000021, 30.5327264 ], [ 114.3522452, 30.5327256 ] ] } },
{ "type": "Feature", "properties": { "fid": 1237.0, "cat": 1243, "cat_": 1243, "u": "12803752244", "v": "13239990033", "key": "0", "osmid": "1382939841", "highway": "service", "name": "nan", "oneway": "False", "reversed": "False", "length": "48.817781928330874", "lanes": "nan", "service": "nan", "tunnel": "nan" }, "geometry": { "type": "LineString", "coordinates": [ [ 114.3517355, 30.5327274 ], [ 114.3522452, 30.5327256 ] ] } },
{ "type": "Feature", "properties": { "fid": 1238.0, "cat": 1244, "cat_": 1244, "u": "12803752245", "v": "13239990031", "key": "0", "osmid": "1382939842", "highway": "service", "name": "nan", "oneway": "False", "reversed": "False", "length": "73.50285055324262", "lanes": "nan", "service": "nan", "tunnel": "nan" }, "geometry": { "type": "LineString", "coordinates": [ [ 114.3513315, 30.5329611 ], [ 114.3520989, 30.5329542 ] ] } },
{ "type": "Feature", "properties": { "fid": 1239.0, "cat": 1245, "cat_": 1245, "u": "12803752246", "v": "13239990027", "key": "0", "osmid": "1382939843", "highway": "service", "name": "nan", "oneway": "False", "reversed": "True", "length": "59.557093245498955", "lanes": "nan", "service": "nan", "tunnel": "nan" }, "geometry": { "type": "LineString", "coordinates": [ [ 114.3513357, 30.5332027 ], [ 114.3519574, 30.5331915 ] ] } },
{ "type": "Feature", "properties": { "fid": 1240.0, "cat": 1246, "cat_": 1246, "u": "12803752253", "v": "12844105257", "key": "0", "osmid": "1387514496", "highway": "service", "name": "nan", "oneway": "False", "reversed": "False", "length": "48.8328133729346", "lanes": "nan", "service": "nan", "tunnel": "nan" }, "geometry": { "type": "LineString", "coordinates": [ [ 114.352940100000012, 30.532182 ], [ 114.353419, 30.5323327 ] ] } },
{ "type": "Feature", "properties": { "fid": 1241.0, "cat": 1247, "cat_": 1247, "u": "12803752253", "v": "12844105261", "key": "0", "osmid": "1387514496", "highway": "service", "name": "nan", "oneway": "False", "reversed": "True", "length": "7.3239600032802095", "lanes": "nan", "service": "nan", "tunnel": "nan" }, "geometry": { "type": "LineString", "coordinates": [ [ 114.352940100000012, 30.532182 ], [ 114.3528645, 30.5321919 ] ] } },
{ "type": "Feature", "properties": { "fid": 1244.0, "cat": 1250, "cat_": 1250, "u": "12803984167", "v": "12803991852", "key": "0", "osmid": "1382968044", "highway": "service", "name": "nan", "oneway": "False", "reversed": "True", "length": "65.07116634041712", "lanes": "nan", "service": "nan", "tunnel": "nan" }, "geometry": { "type": "LineString", "coordinates": [ [ 114.3567653, 30.5328065 ], [ 114.3560859, 30.532808899999985 ] ] } },
{ "type": "Feature", "properties": { "fid": 1249.0, "cat": 1255, "cat_": 1255, "u": "12803984196", "v": "13505885309", "key": "0", "osmid": [ 104372392, 1480400141 ], "highway": "residential", "name": "回归路", "oneway": "False", "reversed": "False", "length": "22.42639408164186", "lanes": "2", "service": "nan", "tunnel": "nan" }, "geometry": { "type": "LineString", "coordinates": [ [ 114.3574571, 30.5302061 ], [ 114.3574534, 30.5301661 ], [ 114.3574468, 30.5301036 ], [ 114.3574465, 30.5300048 ] ] } },
{ "type": "Feature", "properties": { "fid": 1250.0, "cat": 1256, "cat_": 1256, "u": "12803984196", "v": "12803984189", "key": "0", "osmid": "104372392", "highway": "residential", "name": "回归路", "oneway": "False", "reversed": "True", "length": "87.63377749680163", "lanes": "2", "service": "nan", "tunnel": "nan" }, "geometry": { "type": "LineString", "coordinates": [ [ 114.3574571, 30.5302061 ], [ 114.3575009, 30.5304467 ], [ 114.3575342, 30.5305989 ], [ 114.3575397, 30.5306365 ], [ 114.3575451, 30.530681 ], [ 114.3575508, 30.5309246 ], [ 114.3575508, 30.530988 ] ] } },
{ "type": "Feature", "properties": { "fid": 1251.0, "cat": 1257, "cat_": 1257, "u": "12803991810", "v": "12928862566", "key": "0", "osmid": "1397459408", "highway": "service", "name": "nan", "oneway": "False", "reversed": "False", "length": "9.83657772107939", "lanes": "nan", "service": "nan", "tunnel": "nan" }, "geometry": { "type": "LineString", "coordinates": [ [ 114.3574453, 30.529696 ], [ 114.3573426, 30.5296961 ] ] } },
{ "type": "Feature", "properties": { "fid": 1252.0, "cat": 1258, "cat_": 1258, "u": "12803991810", "v": "13505885309", "key": "0", "osmid": "1480400141", "highway": "residential", "name": "回归路", "oneway": "False", "reversed": "True", "length": "34.33723421334953", "lanes": "2", "service": "nan", "tunnel": "nan" }, "geometry": { "type": "LineString", "coordinates": [ [ 114.3574453, 30.529696 ], [ 114.3574465, 30.5300048 ] ] } },
{ "type": "Feature", "properties": { "fid": 1260.0, "cat": 1266, "cat_": 1266, "u": "12803991855", "v": "12803991853", "key": "0", "osmid": "1382968049", "highway": "service", "name": "nan", "oneway": "False", "reversed": "False", "length": "58.64550521063316", "lanes": "nan", "service": "nan", "tunnel": "nan" }, "geometry": { "type": "LineString", "coordinates": [ [ 114.3563246, 30.530374399999985 ], [ 114.356425, 30.5303743 ], [ 114.3569369, 30.5303739 ] ] } },
{ "type": "Feature", "properties": { "fid": 1261.0, "cat": 1267, "cat_": 1267, "u": "12804525253", "v": "1842395417", "key": "0", "osmid": "103939869", "highway": "residential", "name": "学府东路", "oneway": "True", "reversed": "False", "length": "64.56564503149777", "lanes": "nan", "service": "nan", "tunnel": "nan" }, "geometry": { "type": "LineString", "coordinates": [ [ 114.3547425, 30.5352269 ], [ 114.3542278, 30.5356019 ] ] } },
{ "type": "Feature", "properties": { "fid": 1262.0, "cat": 1268, "cat_": 1268, "u": "12804525253", "v": "13240918473", "key": "0", "osmid": "1383028675", "highway": "service", "name": "nan", "oneway": "False", "reversed": "True", "length": "3.915276124349301", "lanes": "nan", "service": "nan", "tunnel": "nan" }, "geometry": { "type": "LineString", "coordinates": [ [ 114.3547425, 30.5352269 ], [ 114.3547229, 30.535196 ] ] } },
{ "type": "Feature", "properties": { "fid": 1263.0, "cat": 1269, "cat_": 1269, "u": "12804525254", "v": "13584097522", "key": "0", "osmid": "1476723184", "highway": "service", "name": "nan", "oneway": "False", "reversed": "False", "length": "64.96849533485576", "lanes": "nan", "service": "nan", "tunnel": "nan" }, "geometry": { "type": "LineString", "coordinates": [ [ 114.3544158, 30.5347073 ], [ 114.355012, 30.5344286 ] ] } },
{ "type": "Feature", "properties": { "fid": 1264.0, "cat": 1270, "cat_": 1270, "u": "12804525254", "v": "13240918473", "key": "0", "osmid": "1383028675", "highway": "service", "name": "nan", "oneway": "False", "reversed": "False", "length": "61.790259678784246", "lanes": "nan", "service": "nan", "tunnel": "nan" }, "geometry": { "type": "LineString", "coordinates": [ [ 114.3544158, 30.5347073 ], [ 114.3547084, 30.5351731 ], [ 114.3547229, 30.535196 ] ] } },
{ "type": "Feature", "properties": { "fid": 1265.0, "cat": 1271, "cat_": 1271, "u": "12804525254", "v": "13240030341", "key": "0", "osmid": [ 1383028675, 1383028676 ], "highway": "service", "name": "nan", "oneway": "False", "reversed": "True", "length": "104.31337067430655", "lanes": "nan", "service": "nan", "tunnel": "nan" }, "geometry": { "type": "LineString", "coordinates": [ [ 114.3544158, 30.5347073 ], [ 114.354395200000013, 30.5346888 ], [ 114.3543781, 30.5346755 ], [ 114.354354, 30.534666 ], [ 114.3543238, 30.5346633 ], [ 114.3542954, 30.5346652 ], [ 114.3542634, 30.5346708 ], [ 114.3534647, 30.5350612 ] ] } },
{ "type": "Feature", "properties": { "fid": 1269.0, "cat": 1275, "cat_": 1275, "u": "12805315794", "v": "12805315791", "key": "0", "osmid": "1383094441", "highway": "service", "name": "nan", "oneway": "False", "reversed": "False", "length": "111.917281027454", "lanes": "nan", "service": "nan", "tunnel": "nan" }, "geometry": { "type": "LineString", "coordinates": [ [ 114.3536424, 30.5451645 ], [ 114.3536749, 30.5453634 ], [ 114.3536929, 30.5455381 ], [ 114.3537064, 30.5456925 ], [ 114.3537158, 30.5457646 ], [ 114.3537346, 30.5458633 ], [ 114.3537662, 30.5459986 ], [ 114.3538039, 30.5461602 ] ] } },
{ "type": "Feature", "properties": { "fid": 1275.0, "cat": 1282, "cat_": 1282, "u": "12805315800", "v": "12805315799", "key": "0", "osmid": "1383094444", "highway": "service", "name": "nan", "oneway": "False", "reversed": "True", "length": "23.53573861102555", "lanes": "nan", "service": "nan", "tunnel": "nan" }, "geometry": { "type": "LineString", "coordinates": [ [ 114.3516296, 30.546065 ], [ 114.351875, 30.546076599999989 ] ] } },
{ "type": "Feature", "properties": { "fid": 1278.0, "cat": 1286, "cat_": 1286, "u": "12805321001", "v": "12805315800", "key": "0", "osmid": "1383094447", "highway": "service", "name": "nan", "oneway": "False", "reversed": "False", "length": "26.58674206953899", "lanes": "nan", "service": "nan", "tunnel": "nan" }, "geometry": { "type": "LineString", "coordinates": [ [ 114.3516562, 30.545827 ], [ 114.3516296, 30.546065 ] ] } },
{ "type": "Feature", "properties": { "fid": 1280.0, "cat": 1288, "cat_": 1288, "u": "12805321002", "v": "12805321001", "key": "0", "osmid": "1383094446", "highway": "service", "name": "nan", "oneway": "False", "reversed": "False", "length": "49.093194939621256", "lanes": "nan", "service": "nan", "tunnel": "nan" }, "geometry": { "type": "LineString", "coordinates": [ [ 114.352168, 30.5458524 ], [ 114.3516562, 30.545827 ] ] } },
{ "type": "Feature", "properties": { "fid": 1282.0, "cat": 1290, "cat_": 1290, "u": "12805321004", "v": "12805321029", "key": "0", "osmid": "84250286", "highway": "residential", "name": "松园西路", "oneway": "False", "reversed": "False", "length": "45.42106407675147", "lanes": "nan", "service": "nan", "tunnel": "nan" }, "geometry": { "type": "LineString", "coordinates": [ [ 114.3521836, 30.5457 ], [ 114.3522401, 30.5453439 ], [ 114.3522471, 30.5452952 ] ] } },
{ "type": "Feature", "properties": { "fid": 1283.0, "cat": 1291, "cat_": 1291, "u": "12805321004", "v": "12805321002", "key": "0", "osmid": "84250286", "highway": "residential", "name": "松园西路", "oneway": "False", "reversed": "True", "length": "17.013608239135692", "lanes": "nan", "service": "nan", "tunnel": "nan" }, "geometry": { "type": "LineString", "coordinates": [ [ 114.3521836, 30.5457 ], [ 114.352176600000021, 30.5457563 ], [ 114.352168, 30.5458524 ] ] } },
{ "type": "Feature", "properties": { "fid": 1284.0, "cat": 1292, "cat_": 1292, "u": "12805321004", "v": "12805321001", "key": "0", "osmid": [ 1383094445, 1383094447 ], "highway": "service", "name": "nan", "oneway": "False", "reversed": "False", "length": "67.92482645991956", "lanes": "nan", "service": "nan", "tunnel": "nan" }, "geometry": { "type": "LineString", "coordinates": [ [ 114.3521836, 30.5457 ], [ 114.3516749, 30.5456571 ], [ 114.3516562, 30.545827 ] ] } },
{ "type": "Feature", "properties": { "fid": 1286.0, "cat": 1294, "cat_": 1294, "u": "12805321009", "v": "12805321027", "key": "0", "osmid": "1476719756", "highway": "service", "name": "nan", "oneway": "False", "reversed": "False", "length": "33.28991301182683", "lanes": "nan", "service": "nan", "tunnel": "nan" }, "geometry": { "type": "LineString", "coordinates": [ [ 114.3515327, 30.5446701 ], [ 114.351497, 30.5449679 ] ] } },
{ "type": "Feature", "properties": { "fid": 1287.0, "cat": 1295, "cat_": 1295, "u": "12805321009", "v": "12872909108", "key": "0", "osmid": [ 1390672161, 1476719756 ], "highway": "service", "name": "nan", "oneway": "False", "reversed": "True", "length": "73.93911417447276", "lanes": "nan", "service": "nan", "tunnel": "nan" }, "geometry": { "type": "LineString", "coordinates": [ [ 114.3515327, 30.5446701 ], [ 114.3515648, 30.5443333 ], [ 114.351604, 30.5442768 ], [ 114.3516185, 30.5440159 ] ] } },
{ "type": "Feature", "properties": { "fid": 1288.0, "cat": 1296, "cat_": 1296, "u": "12805321010", "v": "12805321009", "key": "0", "osmid": "1383094449", "highway": "service", "name": "nan", "oneway": "False", "reversed": "False", "length": "51.552094670953174", "lanes": "nan", "service": "nan", "tunnel": "nan" }, "geometry": { "type": "LineString", "coordinates": [ [ 114.3509969, 30.5446253 ], [ 114.3515327, 30.5446701 ] ] } },
{ "type": "Feature", "properties": { "fid": 1289.0, "cat": 1297, "cat_": 1297, "u": "12805321010", "v": "12872909109", "key": "0", "osmid": "1383094449", "highway": "service", "name": "nan", "oneway": "False", "reversed": "True", "length": "37.8130114421376", "lanes": "nan", "service": "nan", "tunnel": "nan" }, "geometry": { "type": "LineString", "coordinates": [ [ 114.3509969, 30.5446253 ], [ 114.3506039, 30.5445924 ] ] } },
{ "type": "Feature", "properties": { "fid": 1290.0, "cat": 1298, "cat_": 1298, "u": "12805321010", "v": "12872909112", "key": "0", "osmid": "1383094454", "highway": "service", "name": "nan", "oneway": "False", "reversed": "False", "length": "27.76108519264216", "lanes": "nan", "service": "nan", "tunnel": "nan" }, "geometry": { "type": "LineString", "coordinates": [ [ 114.3509969, 30.5446253 ], [ 114.350967800000021, 30.5448737 ] ] } },
{ "type": "Feature", "properties": { "fid": 1293.0, "cat": 1301, "cat_": 1301, "u": "12805321012", "v": "12805321011", "key": "0", "osmid": "1383094450", "highway": "service", "name": "nan", "oneway": "False", "reversed": "False", "length": "13.720417063081658", "lanes": "nan", "service": "nan", "tunnel": "nan" }, "geometry": { "type": "LineString", "coordinates": [ [ 114.3518403, 30.5452616 ], [ 114.3518263, 30.5453844 ] ] } },
{ "type": "Feature", "properties": { "fid": 1294.0, "cat": 1302, "cat_": 1302, "u": "12805321012", "v": "12805321028", "key": "0", "osmid": "1383094460", "highway": "service", "name": "nan", "oneway": "False", "reversed": "False", "length": "18.79779116672353", "lanes": "nan", "service": "nan", "tunnel": "nan" }, "geometry": { "type": "LineString", "coordinates": [ [ 114.3518403, 30.5452616 ], [ 114.351644900000011, 30.5452455 ] ] } },
{ "type": "Feature", "properties": { "fid": 1295.0, "cat": 1303, "cat_": 1303, "u": "12805321012", "v": "12805321029", "key": "0", "osmid": "1383094460", "highway": "service", "name": "nan", "oneway": "False", "reversed": "True", "length": "39.135663896938915", "lanes": "nan", "service": "nan", "tunnel": "nan" }, "geometry": { "type": "LineString", "coordinates": [ [ 114.3518403, 30.5452616 ], [ 114.3522471, 30.5452952 ] ] } },
{ "type": "Feature", "properties": { "fid": 1297.0, "cat": 1305, "cat_": 1305, "u": "12805321016", "v": "12805321015", "key": "0", "osmid": "1383094452", "highway": "service", "name": "nan", "oneway": "False", "reversed": "False", "length": "40.819831713495525", "lanes": "nan", "service": "nan", "tunnel": "nan" }, "geometry": { "type": "LineString", "coordinates": [ [ 114.3509024, 30.5454309 ], [ 114.3504784, 30.5453932 ] ] } },
{ "type": "Feature", "properties": { "fid": 1300.0, "cat": 1308, "cat_": 1308, "u": "12805321023", "v": "12805321016", "key": "0", "osmid": "1383094454", "highway": "service", "name": "nan", "oneway": "False", "reversed": "False", "length": "45.95677844962603", "lanes": "nan", "service": "nan", "tunnel": "nan" }, "geometry": { "type": "LineString", "coordinates": [ [ 114.3509507, 30.5450197 ], [ 114.3509024, 30.5454309 ] ] } },
{ "type": "Feature", "properties": { "fid": 1301.0, "cat": 1309, "cat_": 1309, "u": "12805321023", "v": "12872909112", "key": "0", "osmid": "1383094454", "highway": "service", "name": "nan", "oneway": "False", "reversed": "True", "length": "16.31686444279942", "lanes": "nan", "service": "nan", "tunnel": "nan" }, "geometry": { "type": "LineString", "coordinates": [ [ 114.3509507, 30.5450197 ], [ 114.350967800000021, 30.5448737 ] ] } },
{ "type": "Feature", "properties": { "fid": 1302.0, "cat": 1310, "cat_": 1310, "u": "12805321023", "v": "12872909120", "key": "0", "osmid": "1383094455", "highway": "service", "name": "nan", "oneway": "False", "reversed": "False", "length": "18.099535124077015", "lanes": "nan", "service": "nan", "tunnel": "nan" }, "geometry": { "type": "LineString", "coordinates": [ [ 114.3509507, 30.5450197 ], [ 114.351139, 30.5450337 ] ] } },
{ "type": "Feature", "properties": { "fid": 1303.0, "cat": 1311, "cat_": 1311, "u": "12805321024", "v": "12805321016", "key": "0", "osmid": "1383094456", "highway": "service", "name": "nan", "oneway": "False", "reversed": "False", "length": "18.1093221889123", "lanes": "nan", "service": "nan", "tunnel": "nan" }, "geometry": { "type": "LineString", "coordinates": [ [ 114.3510906, 30.5454468 ], [ 114.3509024, 30.5454309 ] ] } },
{ "type": "Feature", "properties": { "fid": 1305.0, "cat": 1313, "cat_": 1313, "u": "12805321024", "v": "12872909120", "key": "0", "osmid": "1390672164", "highway": "service", "name": "nan", "oneway": "False", "reversed": "False", "length": "46.16794157581155", "lanes": "nan", "service": "nan", "tunnel": "nan" }, "geometry": { "type": "LineString", "coordinates": [ [ 114.3510906, 30.5454468 ], [ 114.351139, 30.5450337 ] ] } },
{ "type": "Feature", "properties": { "fid": 1306.0, "cat": 1314, "cat_": 1314, "u": "12805321025", "v": "12805315797", "key": "0", "osmid": "1383094443", "highway": "service", "name": "nan", "oneway": "False", "reversed": "False", "length": "17.982605586953195", "lanes": "nan", "service": "nan", "tunnel": "nan" }, "geometry": { "type": "LineString", "coordinates": [ [ 114.3514979, 30.5454811 ], [ 114.351479, 30.545642 ] ] } },
{ "type": "Feature", "properties": { "fid": 1307.0, "cat": 1315, "cat_": 1315, "u": "12805321025", "v": "12805321024", "key": "0", "osmid": "1383094456", "highway": "service", "name": "nan", "oneway": "False", "reversed": "False", "length": "39.1907517863411", "lanes": "nan", "service": "nan", "tunnel": "nan" }, "geometry": { "type": "LineString", "coordinates": [ [ 114.3514979, 30.5454811 ], [ 114.3510906, 30.5454468 ] ] } },
{ "type": "Feature", "properties": { "fid": 1319.0, "cat": 1327, "cat_": 1327, "u": "12805570364", "v": "12802032509", "key": "0", "osmid": "1383195516", "highway": "service", "name": "nan", "oneway": "False", "reversed": "True", "length": "26.762989924723968", "lanes": "nan", "service": "nan", "tunnel": "nan" }, "geometry": { "type": "LineString", "coordinates": [ [ 114.3676615, 30.5393426 ], [ 114.367677300000011, 30.5391023 ] ] } },
{ "type": "Feature", "properties": { "fid": 1321.0, "cat": 1329, "cat_": 1329, "u": "12805570366", "v": "12805570365", "key": "0", "osmid": "1383195517", "highway": "service", "name": "nan", "oneway": "False", "reversed": "False", "length": "54.3815928349746", "lanes": "nan", "service": "nan", "tunnel": "nan" }, "geometry": { "type": "LineString", "coordinates": [ [ 114.3670012, 30.5393815 ], [ 114.3675673, 30.5394197 ] ] } },
{ "type": "Feature", "properties": { "fid": 1322.0, "cat": 1330, "cat_": 1330, "u": "12805570366", "v": "12802032504", "key": "0", "osmid": "103642349", "highway": "residential", "name": "侧船山路", "oneway": "False", "reversed": "False", "length": "26.12106757585022", "lanes": "nan", "service": "nan", "tunnel": "nan" }, "geometry": { "type": "LineString", "coordinates": [ [ 114.3670012, 30.5393815 ], [ 114.3670015, 30.5394104 ], [ 114.3669864, 30.539616 ] ] } },
{ "type": "Feature", "properties": { "fid": 1323.0, "cat": 1331, "cat_": 1331, "u": "12805570366", "v": "12848608570", "key": "0", "osmid": "103642349", "highway": "residential", "name": "侧船山路", "oneway": "False", "reversed": "True", "length": "23.051961731172305", "lanes": "nan", "service": "nan", "tunnel": "nan" }, "geometry": { "type": "LineString", "coordinates": [ [ 114.3670012, 30.5393815 ], [ 114.3669966, 30.5393485 ], [ 114.3669864, 30.5393087 ], [ 114.3669763, 30.5392817 ], [ 114.3669295, 30.5391848 ] ] } },
{ "type": "Feature", "properties": { "fid": 1324.0, "cat": 1332, "cat_": 1332, "u": "12805570367", "v": "12802032504", "key": "0", "osmid": "1382740425", "highway": "service", "name": "nan", "oneway": "False", "reversed": "True", "length": "57.257812013283036", "lanes": "nan", "service": "nan", "tunnel": "nan" }, "geometry": { "type": "LineString", "coordinates": [ [ 114.3675815, 30.5396655 ], [ 114.3669864, 30.539616 ] ] } },
{ "type": "Feature", "properties": { "fid": 1325.0, "cat": 1333, "cat_": 1333, "u": "12805570367", "v": "12802032505", "key": "0", "osmid": "1382740425", "highway": "service", "name": "nan", "oneway": "False", "reversed": "False", "length": "87.046825957889", "lanes": "nan", "service": "nan", "tunnel": "nan" }, "geometry": { "type": "LineString", "coordinates": [ [ 114.3675815, 30.5396655 ], [ 114.3677499, 30.5396804 ], [ 114.3682511, 30.5397179 ], [ 114.3684484, 30.5397295 ], [ 114.3684871, 30.5397317 ] ] } },
{ "type": "Feature", "properties": { "fid": 1326.0, "cat": 1335, "cat_": 1335, "u": "12805570368", "v": "12805570369", "key": "0", "osmid": "1383195519", "highway": "service", "name": "nan", "oneway": "False", "reversed": "True", "length": "39.95424529945608", "lanes": "nan", "service": "nan", "tunnel": "nan" }, "geometry": { "type": "LineString", "coordinates": [ [ 114.3496744, 30.5412495 ], [ 114.3500615, 30.5411155 ] ] } },
{ "type": "Feature", "properties": { "fid": 1328.0, "cat": 1337, "cat_": 1337, "u": "12805570368", "v": "12805570384", "key": "0", "osmid": "1383195522", "highway": "service", "name": "nan", "oneway": "False", "reversed": "True", "length": "85.58893693671165", "lanes": "nan", "service": "nan", "tunnel": "nan" }, "geometry": { "type": "LineString", "coordinates": [ [ 114.3496744, 30.5412495 ], [ 114.3495569, 30.5412211 ], [ 114.349518700000019, 30.5411165 ], [ 114.3496044, 30.5409823 ], [ 114.3497287, 30.5408054 ], [ 114.3498443, 30.5406377 ] ] } },
{ "type": "Feature", "properties": { "fid": 1332.0, "cat": 1341, "cat_": 1341, "u": "12805570369", "v": "12805570384", "key": "0", "osmid": "1383195523", "highway": "service", "name": "nan", "oneway": "False", "reversed": "True", "length": "57.05586092648404", "lanes": "nan", "service": "nan", "tunnel": "nan" }, "geometry": { "type": "LineString", "coordinates": [ [ 114.3500615, 30.5411155 ], [ 114.3498443, 30.5406377 ] ] } },
{ "type": "Feature", "properties": { "fid": 1333.0, "cat": 1342, "cat_": 1342, "u": "12805570370", "v": "12805570369", "key": "0", "osmid": "1383195519", "highway": "service", "name": "nan", "oneway": "False", "reversed": "False", "length": "67.6473293051859", "lanes": "nan", "service": "nan", "tunnel": "nan" }, "geometry": { "type": "LineString", "coordinates": [ [ 114.3507175, 30.5408899 ], [ 114.3500615, 30.5411155 ] ] } },
{ "type": "Feature", "properties": { "fid": 1334.0, "cat": 1343, "cat_": 1343, "u": "12805570370", "v": "12805570396", "key": "0", "osmid": "1383195528", "highway": "service", "name": "nan", "oneway": "False", "reversed": "False", "length": "21.81643707146722", "lanes": "nan", "service": "nan", "tunnel": "nan" }, "geometry": { "type": "LineString", "coordinates": [ [ 114.3507175, 30.5408899 ], [ 114.3506378, 30.5407061 ] ] } },
{ "type": "Feature", "properties": { "fid": 1335.0, "cat": 1344, "cat_": 1344, "u": "12805570370", "v": "12805570373", "key": "0", "osmid": "1383195528", "highway": "service", "name": "nan", "oneway": "False", "reversed": "True", "length": "31.63608574127571", "lanes": "nan", "service": "nan", "tunnel": "nan" }, "geometry": { "type": "LineString", "coordinates": [ [ 114.3507175, 30.5408899 ], [ 114.3508418, 30.5411535 ] ] } },
{ "type": "Feature", "properties": { "fid": 1339.0, "cat": 1348, "cat_": 1348, "u": "12805570372", "v": "12805570371", "key": "0", "osmid": "1383195520", "highway": "service", "name": "nan", "oneway": "False", "reversed": "False", "length": "45.13477645313312", "lanes": "nan", "service": "nan", "tunnel": "nan" }, "geometry": { "type": "LineString", "coordinates": [ [ 114.3501779, 30.5413716 ], [ 114.3497402, 30.5415221 ] ] } },
{ "type": "Feature", "properties": { "fid": 1341.0, "cat": 1350, "cat_": 1350, "u": "12805570372", "v": "12805570375", "key": "0", "osmid": "1383195523", "highway": "service", "name": "nan", "oneway": "False", "reversed": "False", "length": "30.605362053734858", "lanes": "nan", "service": "nan", "tunnel": "nan" }, "geometry": { "type": "LineString", "coordinates": [ [ 114.3501779, 30.5413716 ], [ 114.3502944, 30.5416279 ] ] } },
{ "type": "Feature", "properties": { "fid": 1342.0, "cat": 1351, "cat_": 1351, "u": "12805570372", "v": "12805570369", "key": "0", "osmid": "1383195523", "highway": "service", "name": "nan", "oneway": "False", "reversed": "True", "length": "30.581172956139472", "lanes": "nan", "service": "nan", "tunnel": "nan" }, "geometry": { "type": "LineString", "coordinates": [ [ 114.3501779, 30.5413716 ], [ 114.3500615, 30.5411155 ] ] } },
{ "type": "Feature", "properties": { "fid": 1343.0, "cat": 1352, "cat_": 1352, "u": "12805570373", "v": "12805570372", "key": "0", "osmid": "1383195520", "highway": "service", "name": "nan", "oneway": "False", "reversed": "False", "length": "68.04872049162667", "lanes": "nan", "service": "nan", "tunnel": "nan" }, "geometry": { "type": "LineString", "coordinates": [ [ 114.3508418, 30.5411535 ], [ 114.3501779, 30.5413716 ] ] } },
{ "type": "Feature", "properties": { "fid": 1347.0, "cat": 1356, "cat_": 1356, "u": "12805570374", "v": "12805570373", "key": "0", "osmid": "1383195528", "highway": "service", "name": "nan", "oneway": "False", "reversed": "False", "length": "30.614078206180473", "lanes": "nan", "service": "nan", "tunnel": "nan" }, "geometry": { "type": "LineString", "coordinates": [ [ 114.3509606, 30.5414091 ], [ 114.3508418, 30.5411535 ] ] } },
{ "type": "Feature", "properties": { "fid": 1348.0, "cat": 1357, "cat_": 1357, "u": "12805570374", "v": "12805570386", "key": "0", "osmid": "1383195528", "highway": "service", "name": "nan", "oneway": "False", "reversed": "True", "length": "64.19685136185653", "lanes": "nan", "service": "nan", "tunnel": "nan" }, "geometry": { "type": "LineString", "coordinates": [ [ 114.3509606, 30.5414091 ], [ 114.3510646, 30.5416567 ], [ 114.3510816, 30.5417206 ], [ 114.3510914, 30.5417966 ], [ 114.3510934, 30.5419686 ] ] } },
{ "type": "Feature", "properties": { "fid": 1349.0, "cat": 1358, "cat_": 1358, "u": "12805570375", "v": "12805570374", "key": "0", "osmid": "1383195521", "highway": "service", "name": "nan", "oneway": "False", "reversed": "False", "length": "68.28210747135088", "lanes": "nan", "service": "nan", "tunnel": "nan" }, "geometry": { "type": "LineString", "coordinates": [ [ 114.3502944, 30.5416279 ], [ 114.3509606, 30.5414091 ] ] } },
{ "type": "Feature", "properties": { "fid": 1352.0, "cat": 1361, "cat_": 1361, "u": "12805570376", "v": "13246350954", "key": "0", "osmid": "103642351", "highway": "residential", "name": "茶港路", "oneway": "False", "reversed": "False", "length": "70.0891793907746", "lanes": "nan", "service": "nan", "tunnel": "nan" }, "geometry": { "type": "LineString", "coordinates": [ [ 114.3498153, 30.5418158 ], [ 114.3496996, 30.5417753 ], [ 114.349604, 30.5417512 ], [ 114.3495131, 30.5417292 ], [ 114.3491105, 30.5416501 ] ] } },
{ "type": "Feature", "properties": { "fid": 1355.0, "cat": 1364, "cat_": 1364, "u": "12805570383", "v": "12805570387", "key": "0", "osmid": "103642351", "highway": "residential", "name": "茶港路", "oneway": "False", "reversed": "True", "length": "57.91488029178974", "lanes": "nan", "service": "nan", "tunnel": "nan" }, "geometry": { "type": "LineString", "coordinates": [ [ 114.3504519, 30.54197430000001 ], [ 114.351056600000021, 30.541968 ] ] } },
{ "type": "Feature", "properties": { "fid": 1356.0, "cat": 1365, "cat_": 1365, "u": "12805570383", "v": "12805570375", "key": "0", "osmid": "1383195523", "highway": "service", "name": "nan", "oneway": "False", "reversed": "True", "length": "41.36597663583031", "lanes": "nan", "service": "nan", "tunnel": "nan" }, "geometry": { "type": "LineString", "coordinates": [ [ 114.3504519, 30.54197430000001 ], [ 114.3502944, 30.5416279 ] ] } },
{ "type": "Feature", "properties": { "fid": 1357.0, "cat": 1366, "cat_": 1366, "u": "12805570383", "v": "12805570376", "key": "0", "osmid": "103642351", "highway": "residential", "name": "茶港路", "oneway": "False", "reversed": "False", "length": "64.22662782953593", "lanes": "nan", "service": "nan", "tunnel": "nan" }, "geometry": { "type": "LineString", "coordinates": [ [ 114.3504519, 30.54197430000001 ], [ 114.3503575, 30.5419712 ], [ 114.3502712, 30.5419652 ], [ 114.3502077, 30.5419543 ], [ 114.3501412, 30.5419378 ], [ 114.3500745, 30.5419182 ], [ 114.3500129, 30.5418945 ], [ 114.3498153, 30.5418158 ] ] } },
{ "type": "Feature", "properties": { "fid": 1358.0, "cat": 1367, "cat_": 1367, "u": "12805570384", "v": "12805570393", "key": "0", "osmid": "1383195522", "highway": "service", "name": "nan", "oneway": "False", "reversed": "True", "length": "9.487857508143026", "lanes": "nan", "service": "nan", "tunnel": "nan" }, "geometry": { "type": "LineString", "coordinates": [ [ 114.3498443, 30.5406377 ], [ 114.3498954, 30.5405646 ] ] } },
{ "type": "Feature", "properties": { "fid": 1365.0, "cat": 1374, "cat_": 1374, "u": "12805570387", "v": "12805570386", "key": "0", "osmid": "103642351", "highway": "residential", "name": "茶港路", "oneway": "False", "reversed": "True", "length": "3.5248777508511915", "lanes": "nan", "service": "nan", "tunnel": "nan" }, "geometry": { "type": "LineString", "coordinates": [ [ 114.351056600000021, 30.541968 ], [ 114.3510934, 30.5419686 ] ] } },
{ "type": "Feature", "properties": { "fid": 1368.0, "cat": 1377, "cat_": 1377, "u": "12805570389", "v": "12805570400", "key": "0", "osmid": "1383195530", "highway": "service", "name": "nan", "oneway": "False", "reversed": "False", "length": "29.96503320030982", "lanes": "nan", "service": "nan", "tunnel": "nan" }, "geometry": { "type": "LineString", "coordinates": [ [ 114.350476, 30.5398522 ], [ 114.3504411, 30.54012 ] ] } },
{ "type": "Feature", "properties": { "fid": 1370.0, "cat": 1379, "cat_": 1379, "u": "12805570389", "v": "12805570397", "key": "0", "osmid": "1383195525", "highway": "service", "name": "nan", "oneway": "False", "reversed": "False", "length": "60.53786947593162", "lanes": "nan", "service": "nan", "tunnel": "nan" }, "geometry": { "type": "LineString", "coordinates": [ [ 114.350476, 30.5398522 ], [ 114.3501502, 30.5397964 ], [ 114.350059, 30.5400425 ] ] } },
{ "type": "Feature", "properties": { "fid": 1371.0, "cat": 1380, "cat_": 1380, "u": "12805570390", "v": "12805570389", "key": "0", "osmid": "1383195525", "highway": "service", "name": "nan", "oneway": "False", "reversed": "False", "length": "32.00475009401645", "lanes": "nan", "service": "nan", "tunnel": "nan" }, "geometry": { "type": "LineString", "coordinates": [ [ 114.3508046, 30.5399046 ], [ 114.350476, 30.5398522 ] ] } },
{ "type": "Feature", "properties": { "fid": 1372.0, "cat": 1381, "cat_": 1381, "u": "12805570390", "v": "12805570392", "key": "0", "osmid": "1383195528", "highway": "service", "name": "nan", "oneway": "False", "reversed": "False", "length": "27.22563831878862", "lanes": "nan", "service": "nan", "tunnel": "nan" }, "geometry": { "type": "LineString", "coordinates": [ [ 114.3508046, 30.5399046 ], [ 114.3508493, 30.5396628 ] ] } },
{ "type": "Feature", "properties": { "fid": 1373.0, "cat": 1382, "cat_": 1382, "u": "12805570390", "v": "12805570398", "key": "0", "osmid": "1383195528", "highway": "service", "name": "nan", "oneway": "False", "reversed": "True", "length": "31.153489886734945", "lanes": "nan", "service": "nan", "tunnel": "nan" }, "geometry": { "type": "LineString", "coordinates": [ [ 114.3508046, 30.5399046 ], [ 114.3507543, 30.5401814 ] ] } },
{ "type": "Feature", "properties": { "fid": 1374.0, "cat": 1383, "cat_": 1383, "u": "12805570391", "v": "12805570392", "key": "0", "osmid": "1383195526", "highway": "service", "name": "nan", "oneway": "False", "reversed": "True", "length": "33.24403693713387", "lanes": "nan", "service": "nan", "tunnel": "nan" }, "geometry": { "type": "LineString", "coordinates": [ [ 114.3505078, 30.5396092 ], [ 114.3508493, 30.5396628 ] ] } },
{ "type": "Feature", "properties": { "fid": 1375.0, "cat": 1384, "cat_": 1384, "u": "12805570391", "v": "12805570389", "key": "0", "osmid": "1383195530", "highway": "service", "name": "nan", "oneway": "False", "reversed": "False", "length": "27.191492148393262", "lanes": "nan", "service": "nan", "tunnel": "nan" }, "geometry": { "type": "LineString", "coordinates": [ [ 114.3505078, 30.5396092 ], [ 114.350476, 30.5398522 ] ] } },
{ "type": "Feature", "properties": { "fid": 1376.0, "cat": 1385, "cat_": 1385, "u": "12805570391", "v": "12805594601", "key": "0", "osmid": "1383195530", "highway": "service", "name": "nan", "oneway": "False", "reversed": "True", "length": "28.08565047760826", "lanes": "nan", "service": "nan", "tunnel": "nan" }, "geometry": { "type": "LineString", "coordinates": [ [ 114.3505078, 30.5396092 ], [ 114.3505395, 30.5393581 ] ] } },
{ "type": "Feature", "properties": { "fid": 1378.0, "cat": 1387, "cat_": 1387, "u": "12805570392", "v": "12805570399", "key": "0", "osmid": "1383195528", "highway": "service", "name": "nan", "oneway": "False", "reversed": "False", "length": "29.73478762034213", "lanes": "nan", "service": "nan", "tunnel": "nan" }, "geometry": { "type": "LineString", "coordinates": [ [ 114.3508493, 30.5396628 ], [ 114.3508942, 30.5393982 ] ] } },
{ "type": "Feature", "properties": { "fid": 1383.0, "cat": 1392, "cat_": 1392, "u": "12805570394", "v": "12805570393", "key": "0", "osmid": "1383195525", "highway": "service", "name": "nan", "oneway": "False", "reversed": "False", "length": "30.428567713140662", "lanes": "nan", "service": "nan", "tunnel": "nan" }, "geometry": { "type": "LineString", "coordinates": [ [ 114.3499719, 30.540299 ], [ 114.3498954, 30.5405646 ] ] } },
{ "type": "Feature", "properties": { "fid": 1384.0, "cat": 1393, "cat_": 1393, "u": "12805570394", "v": "12805570397", "key": "0", "osmid": "1383195525", "highway": "service", "name": "nan", "oneway": "False", "reversed": "True", "length": "29.716307975212672", "lanes": "nan", "service": "nan", "tunnel": "nan" }, "geometry": { "type": "LineString", "coordinates": [ [ 114.3499719, 30.540299 ], [ 114.350059, 30.5400425 ] ] } },
{ "type": "Feature", "properties": { "fid": 1386.0, "cat": 1395, "cat_": 1395, "u": "12805570395", "v": "12805570394", "key": "0", "osmid": "1383195527", "highway": "service", "name": "nan", "oneway": "False", "reversed": "False", "length": "70.54340761450261", "lanes": "nan", "service": "nan", "tunnel": "nan" }, "geometry": { "type": "LineString", "coordinates": [ [ 114.3506875, 30.5404494 ], [ 114.3499719, 30.540299 ] ] } },
{ "type": "Feature", "properties": { "fid": 1387.0, "cat": 1396, "cat_": 1396, "u": "12805570395", "v": "12805570398", "key": "0", "osmid": "1383195528", "highway": "service", "name": "nan", "oneway": "False", "reversed": "False", "length": "30.479227856271862", "lanes": "nan", "service": "nan", "tunnel": "nan" }, "geometry": { "type": "LineString", "coordinates": [ [ 114.3506875, 30.5404494 ], [ 114.3507543, 30.5401814 ] ] } },
{ "type": "Feature", "properties": { "fid": 1389.0, "cat": 1398, "cat_": 1398, "u": "12805570396", "v": "12805570393", "key": "0", "osmid": "1383195524", "highway": "service", "name": "nan", "oneway": "False", "reversed": "False", "length": "72.8189772378986", "lanes": "nan", "service": "nan", "tunnel": "nan" }, "geometry": { "type": "LineString", "coordinates": [ [ 114.3506378, 30.5407061 ], [ 114.3498954, 30.5405646 ] ] } },
{ "type": "Feature", "properties": { "fid": 1390.0, "cat": 1399, "cat_": 1399, "u": "12805570396", "v": "12805570395", "key": "0", "osmid": "1383195528", "highway": "service", "name": "nan", "oneway": "False", "reversed": "False", "length": "28.937901765752354", "lanes": "nan", "service": "nan", "tunnel": "nan" }, "geometry": { "type": "LineString", "coordinates": [ [ 114.3506378, 30.5407061 ], [ 114.3506875, 30.5404494 ] ] } },
{ "type": "Feature", "properties": { "fid": 1399.0, "cat": 1408, "cat_": 1408, "u": "12805570399", "v": "12805594601", "key": "0", "osmid": "1480982243", "highway": "service", "name": "nan", "oneway": "False", "reversed": "False", "length": "34.261054067203375", "lanes": "nan", "service": "nan", "tunnel": "nan" }, "geometry": { "type": "LineString", "coordinates": [ [ 114.3508942, 30.5393982 ], [ 114.3505395, 30.5393581 ] ] } },
{ "type": "Feature", "properties": { "fid": 1401.0, "cat": 1410, "cat_": 1410, "u": "12805570400", "v": "12805570397", "key": "0", "osmid": "1383195529", "highway": "service", "name": "nan", "oneway": "False", "reversed": "False", "length": "37.59451237777808", "lanes": "nan", "service": "nan", "tunnel": "nan" }, "geometry": { "type": "LineString", "coordinates": [ [ 114.3504411, 30.54012 ], [ 114.350059, 30.5400425 ] ] } },
{ "type": "Feature", "properties": { "fid": 1402.0, "cat": 1411, "cat_": 1411, "u": "12805570400", "v": "12805570398", "key": "0", "osmid": "1383195529", "highway": "service", "name": "nan", "oneway": "False", "reversed": "True", "length": "30.7621656958045", "lanes": "nan", "service": "nan", "tunnel": "nan" }, "geometry": { "type": "LineString", "coordinates": [ [ 114.3504411, 30.54012 ], [ 114.3507543, 30.5401814 ] ] } },
{ "type": "Feature", "properties": { "fid": 1404.0, "cat": 1413, "cat_": 1413, "u": "12805582028", "v": "12862472447", "key": "0", "osmid": "1485103557", "highway": "service", "name": "nan", "oneway": "False", "reversed": "True", "length": "59.087919924124456", "lanes": "nan", "service": "nan", "tunnel": "nan" }, "geometry": { "type": "LineString", "coordinates": [ [ 114.35705830000002, 30.5280063 ], [ 114.3564414, 30.5280083 ] ] } },
{ "type": "Feature", "properties": { "fid": 1406.0, "cat": 1415, "cat_": 1415, "u": "12805582028", "v": "12928862607", "key": "0", "osmid": [ 273985259, 1485103557 ], "highway": "service", "name": "nan", "oneway": "False", "reversed": "False", "length": "40.79481228631249", "lanes": "nan", "service": "nan", "tunnel": "nan" }, "geometry": { "type": "LineString", "coordinates": [ [ 114.35705830000002, 30.5280063 ], [ 114.3573153, 30.5280056 ], [ 114.3573154, 30.5281511 ] ] } },
{ "type": "Feature", "properties": { "fid": 1414.0, "cat": 1423, "cat_": 1423, "u": "12805594625", "v": "12805594623", "key": "0", "osmid": "1383195538", "highway": "service", "name": "nan", "oneway": "False", "reversed": "False", "length": "20.549228580550658", "lanes": "nan", "service": "nan", "tunnel": "nan" }, "geometry": { "type": "LineString", "coordinates": [ [ 114.3542553, 30.5458626 ], [ 114.354254, 30.5460474 ] ] } },
{ "type": "Feature", "properties": { "fid": 1419.0, "cat": 1428, "cat_": 1428, "u": "12805594626", "v": "12805594625", "key": "0", "osmid": "1383195539", "highway": "service", "name": "nan", "oneway": "False", "reversed": "False", "length": "84.9934464908194", "lanes": "nan", "service": "nan", "tunnel": "nan" }, "geometry": { "type": "LineString", "coordinates": [ [ 114.3551382, 30.5459406 ], [ 114.3550512, 30.5459329 ], [ 114.3542553, 30.5458626 ] ] } },
{ "type": "Feature", "properties": { "fid": 1420.0, "cat": 1429, "cat_": 1429, "u": "12805594628", "v": "12805594606", "key": "0", "osmid": "1383195541", "highway": "service", "name": "nan", "oneway": "False", "reversed": "False", "length": "25.021580825884286", "lanes": "nan", "service": "nan", "tunnel": "nan" }, "geometry": { "type": "LineString", "coordinates": [ [ 114.3537911, 30.5448644 ], [ 114.353816, 30.5446404 ] ] } },
{ "type": "Feature", "properties": { "fid": 1421.0, "cat": 1430, "cat_": 1430, "u": "12805594628", "v": "12805594631", "key": "0", "osmid": "1383195541", "highway": "service", "name": "nan", "oneway": "False", "reversed": "True", "length": "34.723111681793675", "lanes": "nan", "service": "nan", "tunnel": "nan" }, "geometry": { "type": "LineString", "coordinates": [ [ 114.3537911, 30.5448644 ], [ 114.353749400000012, 30.5451746 ] ] } },
{ "type": "Feature", "properties": { "fid": 1422.0, "cat": 1431, "cat_": 1431, "u": "12805594628", "v": "12805594630", "key": "0", "osmid": "1383195540", "highway": "service", "name": "nan", "oneway": "False", "reversed": "True", "length": "77.66297590727991", "lanes": "nan", "service": "nan", "tunnel": "nan" }, "geometry": { "type": "LineString", "coordinates": [ [ 114.3537911, 30.5448644 ], [ 114.3533104, 30.544892 ], [ 114.353271, 30.5448955 ], [ 114.3532445, 30.5449049 ], [ 114.3532286, 30.5449225 ], [ 114.35322, 30.5449444 ], [ 114.3532002, 30.5451229 ] ] } },
{ "type": "Feature", "properties": { "fid": 1423.0, "cat": 1432, "cat_": 1432, "u": "12805594630", "v": "12805315794", "key": "0", "osmid": "128247474", "highway": "residential", "name": "松园中路", "oneway": "False", "reversed": "False", "length": "42.59892374074523", "lanes": "nan", "service": "nan", "tunnel": "nan" }, "geometry": { "type": "LineString", "coordinates": [ [ 114.3532002, 30.5451229 ], [ 114.3536424, 30.5451645 ] ] } },
{ "type": "Feature", "properties": { "fid": 1424.0, "cat": 1433, "cat_": 1433, "u": "12805594630", "v": "12805315796", "key": "0", "osmid": "128247474", "highway": "residential", "name": "松园中路", "oneway": "False", "reversed": "True", "length": "29.58311157445466", "lanes": "nan", "service": "nan", "tunnel": "nan" }, "geometry": { "type": "LineString", "coordinates": [ [ 114.3532002, 30.5451229 ], [ 114.352893100000017, 30.545094100000011 ] ] } },
{ "type": "Feature", "properties": { "fid": 1427.0, "cat": 1436, "cat_": 1436, "u": "12805594631", "v": "12805315794", "key": "0", "osmid": "128247474", "highway": "residential", "name": "松园中路", "oneway": "False", "reversed": "True", "length": "10.308153100947312", "lanes": "nan", "service": "nan", "tunnel": "nan" }, "geometry": { "type": "LineString", "coordinates": [ [ 114.353749400000012, 30.5451746 ], [ 114.3536424, 30.5451645 ] ] } },
{ "type": "Feature", "properties": { "fid": 1432.0, "cat": 1441, "cat_": 1441, "u": "12805594643", "v": "12872883492", "key": "0", "osmid": "1390672155", "highway": "path", "name": "nan", "oneway": "False", "reversed": "False", "length": "24.02444205274189", "lanes": "nan", "service": "nan", "tunnel": "nan" }, "geometry": { "type": "LineString", "coordinates": [ [ 114.3539581, 30.5429171 ], [ 114.3540066, 30.5429266 ], [ 114.3540119, 30.5429012 ], [ 114.3541829, 30.5429076 ] ] } },
{ "type": "Feature", "properties": { "fid": 1435.0, "cat": 1444, "cat_": 1444, "u": "12805594645", "v": "12805594643", "key": "0", "osmid": "1477337894", "highway": "service", "name": "nan", "oneway": "False", "reversed": "False", "length": "19.832014932602068", "lanes": "nan", "service": "nan", "tunnel": "nan" }, "geometry": { "type": "LineString", "coordinates": [ [ 114.3539418, 30.5430949 ], [ 114.3539581, 30.5429171 ] ] } },
{ "type": "Feature", "properties": { "fid": 1436.0, "cat": 1445, "cat_": 1445, "u": "12805594645", "v": "12823522533", "key": "0", "osmid": [ 1476726025, 1383195550 ], "highway": "service", "name": "nan", "oneway": "False", "reversed": "False", "length": "82.66172263767773", "lanes": "nan", "service": "nan", "tunnel": "nan" }, "geometry": { "type": "LineString", "coordinates": [ [ 114.3539418, 30.5430949 ], [ 114.3533016, 30.5430704 ], [ 114.3532896, 30.5432616 ] ] } },
{ "type": "Feature", "properties": { "fid": 1437.0, "cat": 1446, "cat_": 1446, "u": "12805594646", "v": "12805594647", "key": "0", "osmid": "1383195552", "highway": "service", "name": "nan", "oneway": "False", "reversed": "True", "length": "39.86291646190294", "lanes": "nan", "service": "nan", "tunnel": "nan" }, "geometry": { "type": "LineString", "coordinates": [ [ 114.3538738, 30.5433679 ], [ 114.3538444, 30.5437255 ] ] } },
{ "type": "Feature", "properties": { "fid": 1439.0, "cat": 1448, "cat_": 1448, "u": "12805594646", "v": "12805594655", "key": "0", "osmid": "1477337893", "highway": "service", "name": "nan", "oneway": "False", "reversed": "True", "length": "56.497928581261", "lanes": "nan", "service": "nan", "tunnel": "nan" }, "geometry": { "type": "LineString", "coordinates": [ [ 114.3538738, 30.5433679 ], [ 114.35328490000002, 30.5433375 ] ] } },
{ "type": "Feature", "properties": { "fid": 1444.0, "cat": 1453, "cat_": 1453, "u": "12805594648", "v": "12805594647", "key": "0", "osmid": "1383195552", "highway": "service", "name": "nan", "oneway": "False", "reversed": "False", "length": "18.70527920982999", "lanes": "nan", "service": "nan", "tunnel": "nan" }, "geometry": { "type": "LineString", "coordinates": [ [ 114.3538306, 30.5438933 ], [ 114.3538444, 30.5437255 ] ] } },
{ "type": "Feature", "properties": { "fid": 1447.0, "cat": 1456, "cat_": 1456, "u": "12805594650", "v": "12805594647", "key": "0", "osmid": "1383195553", "highway": "service", "name": "nan", "oneway": "False", "reversed": "True", "length": "72.35012057521345", "lanes": "nan", "service": "nan", "tunnel": "nan" }, "geometry": { "type": "LineString", "coordinates": [ [ 114.3545989, 30.5437588 ], [ 114.3538444, 30.5437255 ] ] } },
{ "type": "Feature", "properties": { "fid": 1450.0, "cat": 1459, "cat_": 1459, "u": "12805594651", "v": "12805594647", "key": "0", "osmid": "1383195553", "highway": "service", "name": "nan", "oneway": "False", "reversed": "False", "length": "55.82692730120667", "lanes": "nan", "service": "nan", "tunnel": "nan" }, "geometry": { "type": "LineString", "coordinates": [ [ 114.3532622, 30.5437 ], [ 114.3538444, 30.5437255 ] ] } },
{ "type": "Feature", "properties": { "fid": 1453.0, "cat": 1462, "cat_": 1462, "u": "12805594654", "v": "12805594650", "key": "0", "osmid": "103948527", "highway": "service", "name": "nan", "oneway": "False", "reversed": "True", "length": "39.24308760428303", "lanes": "nan", "service": "nan", "tunnel": "nan" }, "geometry": { "type": "LineString", "coordinates": [ [ 114.3546232, 30.5434065 ], [ 114.3545989, 30.5437588 ] ] } },
{ "type": "Feature", "properties": { "fid": 1455.0, "cat": 1464, "cat_": 1464, "u": "12805594655", "v": "12805594651", "key": "0", "osmid": "737191891", "highway": "service", "name": "nan", "oneway": "False", "reversed": "False", "length": "40.3667960021088", "lanes": "nan", "service": "nan", "tunnel": "nan" }, "geometry": { "type": "LineString", "coordinates": [ [ 114.35328490000002, 30.5433375 ], [ 114.3532622, 30.5437 ] ] } },
{ "type": "Feature", "properties": { "fid": 1456.0, "cat": 1465, "cat_": 1465, "u": "12805594655", "v": "12823522533", "key": "0", "osmid": "737191891", "highway": "service", "name": "nan", "oneway": "False", "reversed": "True", "length": "8.45170060005421", "lanes": "nan", "service": "nan", "tunnel": "nan" }, "geometry": { "type": "LineString", "coordinates": [ [ 114.35328490000002, 30.5433375 ], [ 114.3532896, 30.5432616 ] ] } },
{ "type": "Feature", "properties": { "fid": 1459.0, "cat": 1468, "cat_": 1468, "u": "12805594657", "v": "12803391572", "key": "0", "osmid": "103938359", "highway": "residential", "name": "茶港路", "oneway": "False", "reversed": "False", "length": "29.72817297738174", "lanes": "nan", "service": "nan", "tunnel": "nan" }, "geometry": { "type": "LineString", "coordinates": [ [ 114.3519923, 30.5429557 ], [ 114.3520137, 30.5430543 ], [ 114.3520654, 30.5432153 ] ] } },
{ "type": "Feature", "properties": { "fid": 1465.0, "cat": 1474, "cat_": 1474, "u": "12805594661", "v": "12872909105", "key": "0", "osmid": [ 153741408, 1480979198 ], "highway": "service", "name": "nan", "oneway": "False", "reversed": "False", "length": "48.95032757365697", "lanes": "nan", "service": "nan", "tunnel": "nan" }, "geometry": { "type": "LineString", "coordinates": [ [ 114.3507561, 30.543248800000011 ], [ 114.350909500000014, 30.5433137 ], [ 114.3512488, 30.543292 ] ] } },
{ "type": "Feature", "properties": { "fid": 1466.0, "cat": 1475, "cat_": 1475, "u": "12805668771", "v": "13244712010", "key": "0", "osmid": "103642352", "highway": "tertiary", "name": "学府路", "oneway": "False", "reversed": "False", "length": "43.74918107629577", "lanes": "nan", "service": "nan", "tunnel": "nan" }, "geometry": { "type": "LineString", "coordinates": [ [ 114.3595372, 30.5396456 ], [ 114.3592218, 30.5394497 ], [ 114.3591646, 30.5394181 ] ] } },
{ "type": "Feature", "properties": { "fid": 1469.0, "cat": 1478, "cat_": 1478, "u": "12805668772", "v": "12805668773", "key": "0", "osmid": "1383202189", "highway": "service", "name": "nan", "oneway": "False", "reversed": "True", "length": "58.069893035838476", "lanes": "nan", "service": "nan", "tunnel": "nan" }, "geometry": { "type": "LineString", "coordinates": [ [ 114.358186300000014, 30.5389214 ], [ 114.3584792, 30.538991 ], [ 114.3587709, 30.53906 ] ] } },
{ "type": "Feature", "properties": { "fid": 1470.0, "cat": 1479, "cat_": 1479, "u": "12805668773", "v": "13266196565", "key": "0", "osmid": "103938360", "highway": "residential", "name": "梅园路", "oneway": "False", "reversed": "True", "length": "5.156115371236744", "lanes": "nan", "service": "nan", "tunnel": "nan" }, "geometry": { "type": "LineString", "coordinates": [ [ 114.3587709, 30.53906 ], [ 114.3588154, 30.5390339 ] ] } },
{ "type": "Feature", "properties": { "fid": 1471.0, "cat": 1480, "cat_": 1480, "u": "12805668773", "v": "13266196559", "key": "0", "osmid": "103938360", "highway": "residential", "name": "梅园路", "oneway": "False", "reversed": "False", "length": "60.78615764611186", "lanes": "nan", "service": "nan", "tunnel": "nan" }, "geometry": { "type": "LineString", "coordinates": [ [ 114.3587709, 30.53906 ], [ 114.3587153, 30.539244 ], [ 114.3587082, 30.539256 ], [ 114.3586954, 30.5392643 ], [ 114.358679800000019, 30.539268 ], [ 114.3584101, 30.539245 ], [ 114.3584112, 30.5393269 ] ] } },
{ "type": "Feature", "properties": { "fid": 1474.0, "cat": 1483, "cat_": 1483, "u": "12805668776", "v": "13266196510", "key": "0", "osmid": "1383202188", "highway": "service", "name": "nan", "oneway": "False", "reversed": "False", "length": "54.57279878053039", "lanes": "nan", "service": "nan", "tunnel": "nan" }, "geometry": { "type": "LineString", "coordinates": [ [ 114.3582834, 30.5385727 ], [ 114.3584196, 30.5386055 ], [ 114.358832100000015, 30.5387051 ] ] } },
{ "type": "Feature", "properties": { "fid": 1475.0, "cat": 1485, "cat_": 1485, "u": "12805668777", "v": "13266196512", "key": "0", "osmid": "103639121", "highway": "residential", "name": "珞珈山路", "oneway": "False", "reversed": "False", "length": "24.162289605060238", "lanes": "nan", "service": "nan", "tunnel": "nan" }, "geometry": { "type": "LineString", "coordinates": [ [ 114.3581537, 30.538588 ], [ 114.3582437, 30.538385 ] ] } },
{ "type": "Feature", "properties": { "fid": 1476.0, "cat": 1486, "cat_": 1486, "u": "12805668777", "v": "12805668776", "key": "0", "osmid": "1445901367", "highway": "service", "name": "nan", "oneway": "False", "reversed": "False", "length": "12.537451472690199", "lanes": "nan", "service": "nan", "tunnel": "nan" }, "geometry": { "type": "LineString", "coordinates": [ [ 114.3581537, 30.538588 ], [ 114.3582834, 30.5385727 ] ] } },
{ "type": "Feature", "properties": { "fid": 1478.0, "cat": 1488, "cat_": 1488, "u": "12805673938", "v": "12805673940", "key": "0", "osmid": "123838954", "highway": "tertiary", "name": "自强大道", "oneway": "True", "reversed": "False", "length": "108.12667232221123", "lanes": "2", "service": "nan", "tunnel": "nan" }, "geometry": { "type": "LineString", "coordinates": [ [ 114.3552979, 30.5391353 ], [ 114.355322700000016, 30.5391618 ], [ 114.355355, 30.5391933 ], [ 114.3554093, 30.539236 ], [ 114.3554627, 30.5392735 ], [ 114.3555231, 30.539309 ], [ 114.3555912, 30.5393411 ], [ 114.3556615, 30.5393706 ], [ 114.355745, 30.5394027 ], [ 114.3558216, 30.5394275 ], [ 114.355886500000011, 30.539447899999985 ], [ 114.355969, 30.5394717 ], [ 114.3562081, 30.5395368 ], [ 114.3562937, 30.5395584 ] ] } },
{ "type": "Feature", "properties": { "fid": 1480.0, "cat": 1490, "cat_": 1490, "u": "12805673940", "v": "12805673950", "key": "0", "osmid": "123838954", "highway": "tertiary", "name": "自强大道", "oneway": "True", "reversed": "False", "length": "57.2688263242568", "lanes": "2", "service": "nan", "tunnel": "nan" }, "geometry": { "type": "LineString", "coordinates": [ [ 114.3562937, 30.5395584 ], [ 114.3563664, 30.5395791 ], [ 114.3564328, 30.5396007 ], [ 114.3564563, 30.5396109 ], [ 114.3564774, 30.5396231 ], [ 114.3565091, 30.5396436 ], [ 114.3566882, 30.539759899999989 ], [ 114.3567691, 30.5398126 ], [ 114.3567957, 30.5398299 ] ] } },
{ "type": "Feature", "properties": { "fid": 1481.0, "cat": 1491, "cat_": 1491, "u": "12805673940", "v": "12805673938", "key": "0", "osmid": "306407535", "highway": "service", "name": "nan", "oneway": "False", "reversed": "True", "length": "130.7991778636828", "lanes": "nan", "service": "nan", "tunnel": "nan" }, "geometry": { "type": "LineString", "coordinates": [ [ 114.3562937, 30.5395584 ], [ 114.3563114, 30.5395219 ], [ 114.3563453, 30.5394521 ], [ 114.3560152, 30.539179 ], [ 114.3559314, 30.539100199999989 ], [ 114.3558984, 30.5390858 ], [ 114.3558642, 30.5390781 ], [ 114.3557864, 30.5390731 ], [ 114.3556737, 30.5390695 ], [ 114.3555892, 30.5390712 ], [ 114.3555191, 30.539077 ], [ 114.355454100000017, 30.5390877 ], [ 114.3553991, 30.5391018 ], [ 114.3553409, 30.5391186 ], [ 114.3552979, 30.5391353 ] ] } },
{ "type": "Feature", "properties": { "fid": 1483.0, "cat": 1493, "cat_": 1493, "u": "12805673948", "v": "12807986095", "key": "0", "osmid": "1383438573", "highway": "tertiary", "name": "自强大道", "oneway": "False", "reversed": "True", "length": "8.716818930042201", "lanes": "nan", "service": "nan", "tunnel": "nan" }, "geometry": { "type": "LineString", "coordinates": [ [ 114.3570005, 30.5398187 ], [ 114.3569096, 30.5398227 ] ] } },
{ "type": "Feature", "properties": { "fid": 1485.0, "cat": 1495, "cat_": 1495, "u": "12805673950", "v": "979937331", "key": "0", "osmid": "1442751128", "highway": "tertiary", "name": "nan", "oneway": "True", "reversed": "False", "length": "4.54969090976553", "lanes": "nan", "service": "nan", "tunnel": "nan" }, "geometry": { "type": "LineString", "coordinates": [ [ 114.3567957, 30.5398299 ], [ 114.3567673, 30.5398627 ] ] } },
{ "type": "Feature", "properties": { "fid": 1486.0, "cat": 1496, "cat_": 1496, "u": "12805673950", "v": "12807986095", "key": "0", "osmid": "1383438573", "highway": "tertiary", "name": "自强大道", "oneway": "False", "reversed": "False", "length": "11.49656151053197", "lanes": "nan", "service": "nan", "tunnel": "nan" }, "geometry": { "type": "LineString", "coordinates": [ [ 114.3567957, 30.5398299 ], [ 114.3568064, 30.5398189 ], [ 114.3568597, 30.5398227 ], [ 114.3569096, 30.5398227 ] ] } },
{ "type": "Feature", "properties": { "fid": 1487.0, "cat": 1497, "cat_": 1497, "u": "12805686346", "v": "12805686347", "key": "0", "osmid": "1383206011", "highway": "service", "name": "nan", "oneway": "False", "reversed": "True", "length": "29.352752478662843", "lanes": "nan", "service": "nan", "tunnel": "nan" }, "geometry": { "type": "LineString", "coordinates": [ [ 114.3630086, 30.5423281 ], [ 114.3627021, 30.5423274 ] ] } },
{ "type": "Feature", "properties": { "fid": 1492.0, "cat": 1502, "cat_": 1502, "u": "12805686351", "v": "12805686348", "key": "0", "osmid": "1383206012", "highway": "service", "name": "nan", "oneway": "False", "reversed": "False", "length": "97.84859140973546", "lanes": "nan", "service": "nan", "tunnel": "nan" }, "geometry": { "type": "LineString", "coordinates": [ [ 114.3634877, 30.5418265 ], [ 114.364501, 30.5419393 ] ] } },
{ "type": "Feature", "properties": { "fid": 1499.0, "cat": 1509, "cat_": 1509, "u": "12805877876", "v": "12805877878", "key": "0", "osmid": "1383232713", "highway": "service", "name": "nan", "oneway": "False", "reversed": "False", "length": "17.403923530447322", "lanes": "nan", "service": "nan", "tunnel": "nan" }, "geometry": { "type": "LineString", "coordinates": [ [ 114.3613347, 30.5454843 ], [ 114.361154, 30.5454676 ] ] } },
{ "type": "Feature", "properties": { "fid": 1501.0, "cat": 1511, "cat_": 1511, "u": "12805877877", "v": "12805877876", "key": "0", "osmid": "1383232711", "highway": "service", "name": "nan", "oneway": "False", "reversed": "False", "length": "27.025040742311948", "lanes": "nan", "service": "nan", "tunnel": "nan" }, "geometry": { "type": "LineString", "coordinates": [ [ 114.3613608, 30.5452423 ], [ 114.3613347, 30.5454843 ] ] } },
{ "type": "Feature", "properties": { "fid": 1503.0, "cat": 1513, "cat_": 1513, "u": "12805877877", "v": "12805917112", "key": "0", "osmid": "1477028039", "highway": "residential", "name": "松园中路", "oneway": "False", "reversed": "False", "length": "43.57045066838256", "lanes": "nan", "service": "nan", "tunnel": "nan" }, "geometry": { "type": "LineString", "coordinates": [ [ 114.3613608, 30.5452423 ], [ 114.3615736, 30.545258 ], [ 114.3618141, 30.5452759 ] ] } },
{ "type": "Feature", "properties": { "fid": 1508.0, "cat": 1518, "cat_": 1518, "u": "12807986095", "v": "12877094202", "key": "0", "osmid": [ 103642345, 1443076611 ], "highway": "residential", "name": "科技路", "oneway": "False", "reversed": "True", "length": "148.50737958719108", "lanes": "nan", "service": "nan", "tunnel": "nan" }, "geometry": { "type": "LineString", "coordinates": [ [ 114.3569096, 30.5398227 ], [ 114.3569187, 30.5397811 ], [ 114.3569248, 30.5397478 ], [ 114.3569309, 30.5397199 ], [ 114.356789, 30.5391097 ], [ 114.3567461, 30.5389428 ], [ 114.3567074, 30.5387814 ], [ 114.3566957, 30.5387326 ], [ 114.3566432, 30.538514 ] ] } },
{ "type": "Feature", "properties": { "fid": 1510.0, "cat": 1520, "cat_": 1520, "u": "12808058132", "v": "13545143093", "key": "0", "osmid": "1383419856", "highway": "service", "name": "nan", "oneway": "False", "reversed": "True", "length": "174.53968367640383", "lanes": "nan", "service": "nan", "tunnel": "nan" }, "geometry": { "type": "LineString", "coordinates": [ [ 114.3659247, 30.5395283 ], [ 114.366009, 30.5395455 ], [ 114.3660079, 30.5396144 ], [ 114.366006, 30.5397397 ], [ 114.3660038, 30.5397871 ], [ 114.365996800000019, 30.5398187 ], [ 114.3659857, 30.5398432 ], [ 114.3659706, 30.53986429999998 ], [ 114.3659483, 30.5398888 ], [ 114.3659231, 30.5399082 ], [ 114.3658909, 30.5399241 ], [ 114.3658434, 30.5399383 ], [ 114.3657859, 30.5399458 ], [ 114.3656733, 30.5399445 ], [ 114.3654254, 30.5399281 ], [ 114.3652921, 30.5399084 ], [ 114.3652165, 30.5398886 ], [ 114.3651538, 30.5398616 ], [ 114.3651023, 30.5398287 ], [ 114.3650594, 30.5397931 ], [ 114.365023, 30.5397493 ], [ 114.3649924, 30.5396872 ], [ 114.36495, 30.539583 ], [ 114.3649231, 30.5394958 ] ] } },
{ "type": "Feature", "properties": { "fid": 1512.0, "cat": 1522, "cat_": 1522, "u": "12808058157", "v": "13394364521", "key": "0", "osmid": "103641066", "highway": "residential", "name": "环山北路", "oneway": "False", "reversed": "True", "length": "123.17152849279235", "lanes": "nan", "service": "nan", "tunnel": "nan" }, "geometry": { "type": "LineString", "coordinates": [ [ 114.3638104, 30.5383478 ], [ 114.3639348, 30.5383224 ], [ 114.3640409, 30.5382911 ], [ 114.3647657, 30.5381039 ], [ 114.3648685, 30.5380863 ], [ 114.3649749, 30.5380749 ], [ 114.365052, 30.5380692 ] ] } },
{ "type": "Feature", "properties": { "fid": 1514.0, "cat": 1524, "cat_": 1524, "u": "12808058168", "v": "9591350636", "key": "0", "osmid": "1383419862", "highway": "service", "name": "nan", "oneway": "False", "reversed": "True", "length": "42.303543558704796", "lanes": "nan", "service": "nan", "tunnel": "nan" }, "geometry": { "type": "LineString", "coordinates": [ [ 114.365436200000019, 30.5441301 ], [ 114.3649945, 30.5441249 ] ] } },
{ "type": "Feature", "properties": { "fid": 1515.0, "cat": 1525, "cat_": 1525, "u": "12808058170", "v": "9591350619", "key": "0", "osmid": "1041862950", "highway": "service", "name": "nan", "oneway": "False", "reversed": "True", "length": "48.28237020329829", "lanes": "nan", "service": "nan", "tunnel": "nan" }, "geometry": { "type": "LineString", "coordinates": [ [ 114.365524600000015, 30.544500899999985 ], [ 114.3650205, 30.5445084 ] ] } },
{ "type": "Feature", "properties": { "fid": 1518.0, "cat": 1528, "cat_": 1528, "u": "12808058186", "v": "12808058188", "key": "0", "osmid": "309850914", "highway": "residential", "name": "人文路", "oneway": "False", "reversed": "True", "length": "34.425807100721705", "lanes": "nan", "service": "nan", "tunnel": "nan" }, "geometry": { "type": "LineString", "coordinates": [ [ 114.361693300000013, 30.5416008 ], [ 114.3617309, 30.5412929 ] ] } },
{ "type": "Feature", "properties": { "fid": 1519.0, "cat": 1529, "cat_": 1529, "u": "12808058186", "v": "12808058187", "key": "0", "osmid": "1383419864", "highway": "service", "name": "nan", "oneway": "False", "reversed": "False", "length": "56.537851343784084", "lanes": "nan", "service": "nan", "tunnel": "nan" }, "geometry": { "type": "LineString", "coordinates": [ [ 114.361693300000013, 30.5416008 ], [ 114.3619257, 30.5416233 ], [ 114.3619657, 30.5413182 ] ] } },
{ "type": "Feature", "properties": { "fid": 1525.0, "cat": 1535, "cat_": 1535, "u": "12808058188", "v": "12808058187", "key": "0", "osmid": "1383419865", "highway": "service", "name": "nan", "oneway": "False", "reversed": "False", "length": "22.66167364684223", "lanes": "nan", "service": "nan", "tunnel": "nan" }, "geometry": { "type": "LineString", "coordinates": [ [ 114.3617309, 30.5412929 ], [ 114.3619657, 30.5413182 ] ] } },
{ "type": "Feature", "properties": { "fid": 1526.0, "cat": 1536, "cat_": 1536, "u": "12808058190", "v": "12808058188", "key": "0", "osmid": "309850914", "highway": "residential", "name": "人文路", "oneway": "False", "reversed": "False", "length": "33.05158852292712", "lanes": "nan", "service": "nan", "tunnel": "nan" }, "geometry": { "type": "LineString", "coordinates": [ [ 114.3617671, 30.5409973 ], [ 114.3617309, 30.5412929 ] ] } },
{ "type": "Feature", "properties": { "fid": 1528.0, "cat": 1538, "cat_": 1538, "u": "12808058190", "v": "12808058187", "key": "0", "osmid": "1383419864", "highway": "service", "name": "nan", "oneway": "False", "reversed": "True", "length": "56.24337732836899", "lanes": "nan", "service": "nan", "tunnel": "nan" }, "geometry": { "type": "LineString", "coordinates": [ [ 114.3617671, 30.5409973 ], [ 114.3620048, 30.54102030000001 ], [ 114.3619657, 30.5413182 ] ] } },
{ "type": "Feature", "properties": { "fid": 1531.0, "cat": 1541, "cat_": 1541, "u": "12808341226", "v": "12805673938", "key": "0", "osmid": "1445855809", "highway": "tertiary", "name": "自强大道", "oneway": "True", "reversed": "False", "length": "59.48248824860313", "lanes": "2", "service": "nan", "tunnel": "nan" }, "geometry": { "type": "LineString", "coordinates": [ [ 114.3550594, 30.5387262 ], [ 114.3550938, 30.5387535 ], [ 114.355128600000015, 30.5387643 ], [ 114.3551815, 30.5387802 ], [ 114.3552116, 30.538792099999988 ], [ 114.3552357, 30.5388043 ], [ 114.3552537, 30.5388177 ], [ 114.3552735, 30.5388449 ], [ 114.3552855, 30.5388692 ], [ 114.3552935, 30.538896 ], [ 114.3552942, 30.5389237 ], [ 114.355285, 30.538956 ], [ 114.3552727, 30.5389825 ], [ 114.3552616, 30.5390089 ], [ 114.3552518, 30.5390407 ], [ 114.3552547, 30.5390708 ], [ 114.3552711, 30.5390993 ], [ 114.3552979, 30.5391353 ] ] } },
{ "type": "Feature", "properties": { "fid": 1532.0, "cat": 1542, "cat_": 1542, "u": "12808341227", "v": "12808341226", "key": "0", "osmid": "1383475023", "highway": "residential", "name": "桂园一路", "oneway": "False", "reversed": "False", "length": "11.081110370566597", "lanes": "nan", "service": "nan", "tunnel": "nan" }, "geometry": { "type": "LineString", "coordinates": [ [ 114.3549564, 30.5387716 ], [ 114.3550594, 30.5387262 ] ] } },
{ "type": "Feature", "properties": { "fid": 1534.0, "cat": 1544, "cat_": 1544, "u": "12808341227", "v": "1197850795", "key": "0", "osmid": "1383203263", "highway": "tertiary", "name": "自强大道", "oneway": "True", "reversed": "False", "length": "122.07289289745842", "lanes": "2", "service": "nan", "tunnel": "nan" }, "geometry": { "type": "LineString", "coordinates": [ [ 114.3549564, 30.5387716 ], [ 114.354896700000012, 30.5386693 ], [ 114.3548531, 30.538596 ], [ 114.354805900000017, 30.5385163 ], [ 114.354760500000012, 30.5384335 ], [ 114.3547208, 30.538349799999988 ], [ 114.3546792, 30.5382551 ], [ 114.3546416, 30.5381549 ], [ 114.354609400000015, 30.5380485 ], [ 114.3545742, 30.5379338 ], [ 114.3545383, 30.5378159 ], [ 114.3545169, 30.5377458 ] ] } },
{ "type": "Feature", "properties": { "fid": 1535.0, "cat": 1545, "cat_": 1545, "u": "12808913073", "v": "13239990032", "key": "0", "osmid": "1383484768", "highway": "service", "name": "nan", "oneway": "False", "reversed": "False", "length": "2.844597207861978", "lanes": "nan", "service": "nan", "tunnel": "nan" }, "geometry": { "type": "LineString", "coordinates": [ [ 114.3520915, 30.5339553 ], [ 114.3520626, 30.5339612 ] ] } },
{ "type": "Feature", "properties": { "fid": 1539.0, "cat": 1549, "cat_": 1549, "u": "12808913077", "v": "13239990021", "key": "0", "osmid": "1383484769", "highway": "path", "name": "nan", "oneway": "False", "reversed": "True", "length": "42.54573941568944", "lanes": "nan", "service": "nan", "tunnel": "nan" }, "geometry": { "type": "LineString", "coordinates": [ [ 114.3516502, 30.5343683 ], [ 114.352055600000014, 30.53436 ], [ 114.3520943, 30.5343592 ] ] } },
{ "type": "Feature", "properties": { "fid": 1542.0, "cat": 1552, "cat_": 1552, "u": "12808913083", "v": "12808913073", "key": "0", "osmid": "104372389", "highway": "residential", "name": "求是大道", "oneway": "False", "reversed": "False", "length": "21.991546648492047", "lanes": "nan", "service": "nan", "tunnel": "nan" }, "geometry": { "type": "LineString", "coordinates": [ [ 114.3520138, 30.5337693 ], [ 114.3520604, 30.5338716 ], [ 114.3520915, 30.5339553 ] ] } },
{ "type": "Feature", "properties": { "fid": 1546.0, "cat": 1556, "cat_": 1556, "u": "12808976310", "v": "12825006679", "key": "0", "osmid": "1383484210", "highway": "service", "name": "nan", "oneway": "False", "reversed": "True", "length": "24.757230292965914", "lanes": "nan", "service": "nan", "tunnel": "nan" }, "geometry": { "type": "LineString", "coordinates": [ [ 114.3518065, 30.531813 ], [ 114.3518012, 30.5320356 ] ] } },
{ "type": "Feature", "properties": { "fid": 1551.0, "cat": 1561, "cat_": 1561, "u": "12808976316", "v": "12808976319", "key": "0", "osmid": "1383484217", "highway": "service", "name": "nan", "oneway": "False", "reversed": "False", "length": "43.568600375565296", "lanes": "nan", "service": "nan", "tunnel": "nan" }, "geometry": { "type": "LineString", "coordinates": [ [ 114.3522823, 30.5305295 ], [ 114.352206700000011, 30.5305292 ], [ 114.3520516, 30.5305284 ], [ 114.3520528, 30.5303353 ] ] } },
{ "type": "Feature", "properties": { "fid": 1554.0, "cat": 1564, "cat_": 1564, "u": "12809012183", "v": "12844105248", "key": "0", "osmid": "1383486671", "highway": "service", "name": "nan", "oneway": "False", "reversed": "False", "length": "67.04880130465096", "lanes": "nan", "service": "nan", "tunnel": "nan" }, "geometry": { "type": "LineString", "coordinates": [ [ 114.3584385, 30.5397348 ], [ 114.3586175, 30.5400455 ], [ 114.3587366, 30.5402802 ] ] } },
{ "type": "Feature", "properties": { "fid": 1558.0, "cat": 1568, "cat_": 1568, "u": "12809012186", "v": "12809012183", "key": "0", "osmid": "1445901382", "highway": "service", "name": "nan", "oneway": "False", "reversed": "False", "length": "45.34975844721997", "lanes": "nan", "service": "nan", "tunnel": "nan" }, "geometry": { "type": "LineString", "coordinates": [ [ 114.3584521, 30.5393272 ], [ 114.3584409, 30.5397171 ], [ 114.3584385, 30.5397348 ] ] } },
{ "type": "Feature", "properties": { "fid": 1570.0, "cat": 1580, "cat_": 1580, "u": "12825006680", "v": "12825006679", "key": "0", "osmid": "1385234054", "highway": "service", "name": "nan", "oneway": "False", "reversed": "True", "length": "22.949558297787146", "lanes": "nan", "service": "nan", "tunnel": "nan" }, "geometry": { "type": "LineString", "coordinates": [ [ 114.3515616, 30.5320378 ], [ 114.3518012, 30.5320356 ] ] } },
{ "type": "Feature", "properties": { "fid": 1598.0, "cat": 1608, "cat_": 1608, "u": "12848137592", "v": "12848137593", "key": "0", "osmid": "1387929427", "highway": "path", "name": "nan", "oneway": "False", "reversed": "True", "length": "28.802620172091114", "lanes": "nan", "service": "nan", "tunnel": "nan" }, "geometry": { "type": "LineString", "coordinates": [ [ 114.3635645, 30.5319929 ], [ 114.363636, 30.5322445 ] ] } },
{ "type": "Feature", "properties": { "fid": 1605.0, "cat": 1615, "cat_": 1615, "u": "12848137594", "v": "12848137593", "key": "0", "osmid": "1387929427", "highway": "path", "name": "nan", "oneway": "False", "reversed": "False", "length": "28.254582140066965", "lanes": "nan", "service": "nan", "tunnel": "nan" }, "geometry": { "type": "LineString", "coordinates": [ [ 114.3637062, 30.5324913 ], [ 114.363636, 30.5322445 ] ] } },
{ "type": "Feature", "properties": { "fid": 1609.0, "cat": 1619, "cat_": 1619, "u": "12848137595", "v": "12848137594", "key": "0", "osmid": "1387929427", "highway": "path", "name": "nan", "oneway": "False", "reversed": "False", "length": "26.809440858171747", "lanes": "nan", "service": "nan", "tunnel": "nan" }, "geometry": { "type": "LineString", "coordinates": [ [ 114.3637727, 30.5327255 ], [ 114.3637062, 30.5324913 ] ] } },
{ "type": "Feature", "properties": { "fid": 1610.0, "cat": 1620, "cat_": 1620, "u": "12848166028", "v": "12848166031", "key": "0", "osmid": "380915239", "highway": "residential", "name": "松园北路", "oneway": "False", "reversed": "False", "length": "46.764722335867795", "lanes": "nan", "service": "nan", "tunnel": "nan" }, "geometry": { "type": "LineString", "coordinates": [ [ 114.3594107, 30.546525 ], [ 114.3598959, 30.5465726 ] ] } },
{ "type": "Feature", "properties": { "fid": 1614.0, "cat": 1624, "cat_": 1624, "u": "12848166029", "v": "12848166028", "key": "0", "osmid": [ 1387931440, 1387931442 ], "highway": "service", "name": "nan", "oneway": "False", "reversed": [ false, true ], "length": "136.99399561737982", "lanes": "nan", "service": "nan", "tunnel": "nan" }, "geometry": { "type": "LineString", "coordinates": [ [ 114.3598445, 30.5470298 ], [ 114.3598253, 30.547201 ], [ 114.359336, 30.5471582 ], [ 114.3594107, 30.546525 ] ] } },
{ "type": "Feature", "properties": { "fid": 1615.0, "cat": 1625, "cat_": 1625, "u": "12848166029", "v": "12848166031", "key": "0", "osmid": "1387931442", "highway": "service", "name": "nan", "oneway": "False", "reversed": "True", "length": "51.07612341342761", "lanes": "nan", "service": "nan", "tunnel": "nan" }, "geometry": { "type": "LineString", "coordinates": [ [ 114.3598445, 30.5470298 ], [ 114.3598582, 30.5469084 ], [ 114.3598959, 30.5465726 ] ] } },
{ "type": "Feature", "properties": { "fid": 1622.0, "cat": 1632, "cat_": 1632, "u": "12848272121", "v": "12848272120", "key": "0", "osmid": "1387939866", "highway": "service", "name": "nan", "oneway": "False", "reversed": "False", "length": "161.70411478447724", "lanes": "nan", "service": "nan", "tunnel": "nan" }, "geometry": { "type": "LineString", "coordinates": [ [ 114.3665761, 30.535347 ], [ 114.3681063, 30.5359616 ] ] } },
{ "type": "Feature", "properties": { "fid": 1628.0, "cat": 1638, "cat_": 1638, "u": "12848307720", "v": "12848307719", "key": "0", "osmid": "1387943361", "highway": "path", "name": "nan", "oneway": "False", "reversed": "False", "length": "14.758520835447081", "lanes": "nan", "service": "nan", "tunnel": "nan" }, "geometry": { "type": "LineString", "coordinates": [ [ 114.3628854, 30.5349624 ], [ 114.3628746, 30.5350948 ] ] } },
{ "type": "Feature", "properties": { "fid": 1629.0, "cat": 1639, "cat_": 1639, "u": "12848319597", "v": "12848319598", "key": "0", "osmid": "1387978164", "highway": "path", "name": "nan", "oneway": "False", "reversed": "True", "length": "30.582718355610236", "lanes": "nan", "service": "nan", "tunnel": "nan" }, "geometry": { "type": "LineString", "coordinates": [ [ 114.370928, 30.5377231 ], [ 114.3708307, 30.5378004 ], [ 114.3706933, 30.5379096 ] ] } },
{ "type": "Feature", "properties": { "fid": 1630.0, "cat": 1640, "cat_": 1640, "u": "12848319598", "v": "12848622702", "key": "0", "osmid": "1387946063", "highway": "service", "name": "nan", "oneway": "False", "reversed": "False", "length": "1.5425596034642626", "lanes": "nan", "service": "nan", "tunnel": "nan" }, "geometry": { "type": "LineString", "coordinates": [ [ 114.3706933, 30.5379096 ], [ 114.3706819, 30.5378998 ] ] } },
{ "type": "Feature", "properties": { "fid": 1631.0, "cat": 1641, "cat_": 1641, "u": "12848319598", "v": "12848319599", "key": "0", "osmid": "1387946063", "highway": "service", "name": "nan", "oneway": "False", "reversed": "True", "length": "7.598179513004769", "lanes": "nan", "service": "nan", "tunnel": "nan" }, "geometry": { "type": "LineString", "coordinates": [ [ 114.3706933, 30.5379096 ], [ 114.3707343, 30.5379681 ] ] } },
{ "type": "Feature", "properties": { "fid": 1635.0, "cat": 1645, "cat_": 1645, "u": "12848319599", "v": "13621574884", "key": "0", "osmid": "488587938", "highway": "tertiary", "name": "扬波路", "oneway": "False", "reversed": "True", "length": "81.79020374618057", "lanes": "nan", "service": "nan", "tunnel": "nan" }, "geometry": { "type": "LineString", "coordinates": [ [ 114.3707343, 30.5379681 ], [ 114.3705264, 30.538109 ], [ 114.3702474, 30.5382733 ], [ 114.3701267, 30.538336 ], [ 114.3700252, 30.5383737 ] ] } },
{ "type": "Feature", "properties": { "fid": 1641.0, "cat": 1651, "cat_": 1651, "u": "12848608570", "v": "12848608569", "key": "0", "osmid": "1387978156", "highway": "residential", "name": "nan", "oneway": "False", "reversed": "False", "length": "11.614678807790266", "lanes": "nan", "service": "nan", "tunnel": "nan" }, "geometry": { "type": "LineString", "coordinates": [ [ 114.3669295, 30.5391848 ], [ 114.3669819, 30.5390906 ] ] } },
{ "type": "Feature", "properties": { "fid": 1650.0, "cat": 1660, "cat_": 1660, "u": "12862472429", "v": "12862472428", "key": "0", "osmid": "1389536009", "highway": "service", "name": "nan", "oneway": "False", "reversed": "False", "length": "21.910658214990434", "lanes": "nan", "service": "nan", "tunnel": "nan" }, "geometry": { "type": "LineString", "coordinates": [ [ 114.3573662, 30.5465725 ], [ 114.3573919, 30.546376699999989 ] ] } },
{ "type": "Feature", "properties": { "fid": 1651.0, "cat": 1661, "cat_": 1661, "u": "12862472429", "v": "13668225749", "key": "0", "osmid": "1383094439", "highway": "residential", "name": "松园北路", "oneway": "False", "reversed": "False", "length": "39.6153930312429", "lanes": "nan", "service": "nan", "tunnel": "nan" }, "geometry": { "type": "LineString", "coordinates": [ [ 114.3573662, 30.5465725 ], [ 114.3575907, 30.5465959 ], [ 114.357776800000011, 30.5466159 ] ] } },
{ "type": "Feature", "properties": { "fid": 1653.0, "cat": 1663, "cat_": 1663, "u": "12862472444", "v": "2787719812", "key": "0", "osmid": "103949717", "highway": "residential", "name": "求是一路", "oneway": "True", "reversed": "False", "length": "13.054306343297561", "lanes": "2", "service": "nan", "tunnel": "nan" }, "geometry": { "type": "LineString", "coordinates": [ [ 114.356321, 30.5278912 ], [ 114.3563211, 30.5280086 ] ] } },
{ "type": "Feature", "properties": { "fid": 1657.0, "cat": 1667, "cat_": 1667, "u": "12862472447", "v": "12862472444", "key": "0", "osmid": "1389536015", "highway": "service", "name": "nan", "oneway": "False", "reversed": "False", "length": "24.52904264014891", "lanes": "nan", "service": "nan", "tunnel": "nan" }, "geometry": { "type": "LineString", "coordinates": [ [ 114.3564414, 30.5280083 ], [ 114.3564395, 30.5278898 ], [ 114.356321, 30.5278912 ] ] } },
{ "type": "Feature", "properties": { "fid": 1668.0, "cat": 1678, "cat_": 1678, "u": "12872909105", "v": "12872909104", "key": "0", "osmid": "1390672160", "highway": "service", "name": "nan", "oneway": "False", "reversed": "False", "length": "30.32135431445259", "lanes": "nan", "service": "nan", "tunnel": "nan" }, "geometry": { "type": "LineString", "coordinates": [ [ 114.3512488, 30.543292 ], [ 114.3512633, 30.5430196 ] ] } },
{ "type": "Feature", "properties": { "fid": 1677.0, "cat": 1687, "cat_": 1687, "u": "12872909112", "v": "12872909111", "key": "0", "osmid": "1390672163", "highway": "service", "name": "nan", "oneway": "False", "reversed": "False", "length": "44.994263347228845", "lanes": "nan", "service": "nan", "tunnel": "nan" }, "geometry": { "type": "LineString", "coordinates": [ [ 114.350967800000021, 30.5448737 ], [ 114.3505004, 30.5448325 ] ] } },
{ "type": "Feature", "properties": { "fid": 1683.0, "cat": 1693, "cat_": 1693, "u": "12875262033", "v": "12875262031", "key": "0", "osmid": "1390945402", "highway": "service", "name": "nan", "oneway": "False", "reversed": "False", "length": "28.603606451443028", "lanes": "nan", "service": "parking_aisle", "tunnel": "nan" }, "geometry": { "type": "LineString", "coordinates": [ [ 114.3606799, 30.5337685 ], [ 114.360656100000014, 30.5336674 ], [ 114.3604808, 30.5336981 ] ] } },
{ "type": "Feature", "properties": { "fid": 1685.0, "cat": 1695, "cat_": 1695, "u": "12875262050", "v": "12802547781", "key": "0", "osmid": "1484820225", "highway": "residential", "name": "珞南四路", "oneway": "True", "reversed": "False", "length": "8.563966197463618", "lanes": "nan", "service": "nan", "tunnel": "nan" }, "geometry": { "type": "LineString", "coordinates": [ [ 114.359826, 30.5327734 ], [ 114.3598373, 30.5328498 ] ] } },
{ "type": "Feature", "properties": { "fid": 1689.0, "cat": 1699, "cat_": 1699, "u": "12877094202", "v": "12877094201", "key": "0", "osmid": "1391142376", "highway": "service", "name": "nan", "oneway": "False", "reversed": "False", "length": "49.292979965695025", "lanes": "nan", "service": "nan", "tunnel": "nan" }, "geometry": { "type": "LineString", "coordinates": [ [ 114.3566432, 30.538514 ], [ 114.3566178, 30.5385188 ], [ 114.3563664, 30.5385668 ], [ 114.356141300000019, 30.5386122 ] ] } },
{ "type": "Feature", "properties": { "fid": 1700.0, "cat": 1710, "cat_": 1710, "u": "12888527016", "v": "12888527013", "key": "0", "osmid": [ 1392319209, 1392319210 ], "highway": "service", "name": "nan", "oneway": "False", "reversed": [ false, true ], "length": "18.332309016727194", "lanes": "nan", "service": "nan", "tunnel": "nan" }, "geometry": { "type": "LineString", "coordinates": [ [ 114.3693791, 30.539810599999988 ], [ 114.3694391, 30.5397465 ], [ 114.3694996, 30.539682499999987 ] ] } },
{ "type": "Feature", "properties": { "fid": 1701.0, "cat": 1711, "cat_": 1711, "u": "12888527017", "v": "12888527016", "key": "0", "osmid": "1392319212", "highway": "service", "name": "nan", "oneway": "False", "reversed": "False", "length": "38.973512554140655", "lanes": "nan", "service": "nan", "tunnel": "nan" }, "geometry": { "type": "LineString", "coordinates": [ [ 114.368976, 30.5397625 ], [ 114.3693791, 30.539810599999988 ] ] } },
{ "type": "Feature", "properties": { "fid": 1709.0, "cat": 1720, "cat_": 1720, "u": "12889030490", "v": "12889030489", "key": "0", "osmid": "1392378065", "highway": "service", "name": "nan", "oneway": "False", "reversed": "False", "length": "17.65254481261959", "lanes": "nan", "service": "nan", "tunnel": "nan" }, "geometry": { "type": "LineString", "coordinates": [ [ 114.3680404, 30.5394455 ], [ 114.3680368, 30.5394795 ], [ 114.3680237, 30.5396036 ] ] } },
{ "type": "Feature", "properties": { "fid": 1710.0, "cat": 1721, "cat_": 1721, "u": "12889055207", "v": "12889055212", "key": "0", "osmid": "1392378069", "highway": "service", "name": "nan", "oneway": "False", "reversed": "True", "length": "207.11257478177663", "lanes": "nan", "service": "nan", "tunnel": "nan" }, "geometry": { "type": "LineString", "coordinates": [ [ 114.36799760000001, 30.5424193 ], [ 114.3674246, 30.5424256 ], [ 114.3672462, 30.542411 ], [ 114.3671029, 30.5423784 ], [ 114.3669389, 30.5423164 ], [ 114.3668029, 30.5422464 ], [ 114.3667434, 30.5421928 ], [ 114.3667048, 30.5421385 ], [ 114.3666662, 30.5420681 ], [ 114.3664576, 30.5415159 ] ] } },
{ "type": "Feature", "properties": { "fid": 1720.0, "cat": 1731, "cat_": 1731, "u": "12889055299", "v": "12889055295", "key": "0", "osmid": [ 1392378088, 1478695370, 1478695371 ], "highway": "service", "name": "nan", "oneway": "False", "reversed": "False", "length": "99.88747750328703", "lanes": "nan", "service": "nan", "tunnel": "nan" }, "geometry": { "type": "LineString", "coordinates": [ [ 114.3689421, 30.5391452 ], [ 114.3689383, 30.5391907 ], [ 114.368923, 30.5393506 ], [ 114.3689245, 30.539371200000012 ], [ 114.3689286, 30.5393876 ], [ 114.3689355, 30.5393999 ], [ 114.3689464, 30.539410599999989 ], [ 114.3689598, 30.5394199 ], [ 114.3689857, 30.5394271 ], [ 114.3691004, 30.5394357 ], [ 114.3693064, 30.5394477 ], [ 114.3693285, 30.5394459 ], [ 114.3693429, 30.539441 ], [ 114.3693574, 30.5394314 ], [ 114.3695444, 30.5392632 ], [ 114.3695447, 30.5392326 ] ] } },
{ "type": "Feature", "properties": { "fid": 1722.0, "cat": 1733, "cat_": 1733, "u": "12928605989", "v": "1199840554", "key": "0", "osmid": "1398876978", "highway": "residential", "name": "求是一路", "oneway": "True", "reversed": "False", "length": "9.997523920368062", "lanes": "nan", "service": "nan", "tunnel": "nan" }, "geometry": { "type": "LineString", "coordinates": [ [ 114.3562382, 30.5275015 ], [ 114.3563205, 30.5275568 ] ] } },
{ "type": "Feature", "properties": { "fid": 1723.0, "cat": 1734, "cat_": 1734, "u": "12928605989", "v": "12928605986", "key": "0", "osmid": "1397459380", "highway": "path", "name": "nan", "oneway": "False", "reversed": "False", "length": "41.93329047497015", "lanes": "nan", "service": "nan", "tunnel": "nan" }, "geometry": { "type": "LineString", "coordinates": [ [ 114.3562382, 30.5275015 ], [ 114.3561822, 30.527567 ], [ 114.3561475, 30.5276077 ], [ 114.3559181, 30.5274624 ] ] } },
{ "type": "Feature", "properties": { "fid": 1725.0, "cat": 1736, "cat_": 1736, "u": "12928605998", "v": "8463138833", "key": "0", "osmid": "673284745", "highway": "residential", "name": "求是二路", "oneway": "True", "reversed": "False", "length": "51.64384219786569", "lanes": "nan", "service": "nan", "tunnel": "nan" }, "geometry": { "type": "LineString", "coordinates": [ [ 114.3552038, 30.5275081 ], [ 114.3555647, 30.527336 ], [ 114.3556165, 30.5273174 ], [ 114.3556837, 30.5272989 ] ] } },
{ "type": "Feature", "properties": { "fid": 1726.0, "cat": 1737, "cat_": 1737, "u": "12928605998", "v": "12928605995", "key": "0", "osmid": "1397459382", "highway": "path", "name": "nan", "oneway": "False", "reversed": "False", "length": "43.816240063224214", "lanes": "nan", "service": "nan", "tunnel": "nan" }, "geometry": { "type": "LineString", "coordinates": [ [ 114.3552038, 30.5275081 ], [ 114.355246, 30.5275751 ], [ 114.3552779, 30.5276184 ], [ 114.3555402, 30.527477 ] ] } },
{ "type": "Feature", "properties": { "fid": 1735.0, "cat": 1746, "cat_": 1746, "u": "12928862565", "v": "12928862563", "key": "0", "osmid": "1471868925", "highway": "service", "name": "nan", "oneway": "False", "reversed": "True", "length": "10.277125229116491", "lanes": "nan", "service": "parking_aisle", "tunnel": "nan" }, "geometry": { "type": "LineString", "coordinates": [ [ 114.3573398, 30.5300048 ], [ 114.3572325, 30.5300048 ] ] } },
{ "type": "Feature", "properties": { "fid": 1737.0, "cat": 1748, "cat_": 1748, "u": "12928862566", "v": "12928862564", "key": "0", "osmid": "1397459408", "highway": "service", "name": "nan", "oneway": "False", "reversed": "False", "length": "10.277181934272559", "lanes": "nan", "service": "nan", "tunnel": "nan" }, "geometry": { "type": "LineString", "coordinates": [ [ 114.3573426, 30.5296961 ], [ 114.3572353, 30.5296963 ] ] } },
{ "type": "Feature", "properties": { "fid": 1742.0, "cat": 1753, "cat_": 1753, "u": "12928862576", "v": "12928862575", "key": "0", "osmid": "1397459411", "highway": "service", "name": "nan", "oneway": "False", "reversed": "False", "length": "55.76366824571219", "lanes": "nan", "service": "nan", "tunnel": "nan" }, "geometry": { "type": "LineString", "coordinates": [ [ 114.3563218, 30.528425699999989 ], [ 114.3563515, 30.528425699999989 ], [ 114.3567364, 30.5284254 ], [ 114.356904, 30.5284253 ] ] } },
{ "type": "Feature", "properties": { "fid": 1746.0, "cat": 1757, "cat_": 1757, "u": "12928862608", "v": "1201323459", "key": "0", "osmid": "103949717", "highway": "residential", "name": "求是一路", "oneway": "True", "reversed": "False", "length": "11.864530898376481", "lanes": "2", "service": "nan", "tunnel": "nan" }, "geometry": { "type": "LineString", "coordinates": [ [ 114.356321300000019, 30.5281474 ], [ 114.3563215, 30.528254100000012 ] ] } },
{ "type": "Feature", "properties": { "fid": 1747.0, "cat": 1758, "cat_": 1758, "u": "12928862608", "v": "12928862607", "key": "0", "osmid": "1397459428", "highway": "service", "name": "nan", "oneway": "False", "reversed": "False", "length": "95.21698825305197", "lanes": "nan", "service": "nan", "tunnel": "nan" }, "geometry": { "type": "LineString", "coordinates": [ [ 114.356321300000019, 30.5281474 ], [ 114.3563731, 30.5281475 ], [ 114.357269, 30.528151 ], [ 114.3573154, 30.5281511 ] ] } },
{ "type": "Feature", "properties": { "fid": 1750.0, "cat": 1761, "cat_": 1761, "u": "12941904329", "v": "13613500622", "key": "0", "osmid": "1408203763", "highway": "residential", "name": "nan", "oneway": "False", "reversed": "False", "length": "55.304865671380796", "lanes": "nan", "service": "nan", "tunnel": "nan" }, "geometry": { "type": "LineString", "coordinates": [ [ 114.3525746, 30.5393952 ], [ 114.3526597, 30.5394077 ], [ 114.3531438, 30.5394791 ] ] } },
{ "type": "Feature", "properties": { "fid": 1755.0, "cat": 1766, "cat_": 1766, "u": "13227038589", "v": "13227038583", "key": "0", "osmid": [ 1441555675, 1441555676 ], "highway": "service", "name": "nan", "oneway": "False", "reversed": [ false, true ], "length": "43.76868525317004", "lanes": "nan", "service": "nan", "tunnel": "nan" }, "geometry": { "type": "LineString", "coordinates": [ [ 114.351212100000012, 30.5295289 ], [ 114.3511577, 30.5295281 ], [ 114.3511561, 30.5296042 ], [ 114.3511505, 30.5298748 ] ] } },
{ "type": "Feature", "properties": { "fid": 1756.0, "cat": 1767, "cat_": 1767, "u": "13227038589", "v": "13227038584", "key": "0", "osmid": "1441555675", "highway": "service", "name": "nan", "oneway": "False", "reversed": "True", "length": "60.90656277279055", "lanes": "nan", "service": "nan", "tunnel": "nan" }, "geometry": { "type": "LineString", "coordinates": [ [ 114.351212100000012, 30.5295289 ], [ 114.3518001, 30.529538 ], [ 114.3518479, 30.5295387 ] ] } },
{ "type": "Feature", "properties": { "fid": 1757.0, "cat": 1768, "cat_": 1768, "u": "13227038589", "v": "13227038590", "key": "0", "osmid": "1441555678", "highway": "service", "name": "nan", "oneway": "False", "reversed": "False", "length": "29.43789125507428", "lanes": "nan", "service": "nan", "tunnel": "nan" }, "geometry": { "type": "LineString", "coordinates": [ [ 114.351212100000012, 30.5295289 ], [ 114.3512159, 30.529348 ], [ 114.3512175, 30.5292642 ] ] } },
{ "type": "Feature", "properties": { "fid": 1766.0, "cat": 1777, "cat_": 1777, "u": "13227095102", "v": "13227095101", "key": "0", "osmid": "1441555687", "highway": "service", "name": "nan", "oneway": "False", "reversed": "False", "length": "51.268487275704466", "lanes": "nan", "service": "nan", "tunnel": "nan" }, "geometry": { "type": "LineString", "coordinates": [ [ 114.3494121, 30.5295492 ], [ 114.3497198, 30.529554499999989 ], [ 114.3499071, 30.529556 ], [ 114.3499472, 30.5295585 ] ] } },
{ "type": "Feature", "properties": { "fid": 1770.0, "cat": 1781, "cat_": 1781, "u": "13238361093", "v": "13238420004", "key": "0", "osmid": "1442753305", "highway": "tertiary", "name": "nan", "oneway": "True", "reversed": "False", "length": "15.517100124401146", "lanes": "nan", "service": "nan", "tunnel": "nan" }, "geometry": { "type": "LineString", "coordinates": [ [ 114.3520453, 30.5347924 ], [ 114.3520387, 30.5347755 ], [ 114.3520353, 30.5347555 ], [ 114.3520387, 30.53473540000001 ], [ 114.35204880000002, 30.534717 ], [ 114.3520646, 30.534702 ], [ 114.3520848, 30.5346915 ], [ 114.3521076, 30.5346865 ] ] } },
{ "type": "Feature", "properties": { "fid": 1772.0, "cat": 1783, "cat_": 1783, "u": "13238420004", "v": "13238420006", "key": "0", "osmid": "1442751121", "highway": "tertiary", "name": "nan", "oneway": "True", "reversed": "False", "length": "15.500676202913773", "lanes": "nan", "service": "nan", "tunnel": "nan" }, "geometry": { "type": "LineString", "coordinates": [ [ 114.3521076, 30.5346865 ], [ 114.3521315, 30.5346875 ], [ 114.352154, 30.5346945 ], [ 114.3521731, 30.5347069 ], [ 114.3521872, 30.5347236 ], [ 114.3521945, 30.5347415 ], [ 114.352196, 30.5347605 ], [ 114.3521914, 30.534779 ] ] } },
{ "type": "Feature", "properties": { "fid": 1773.0, "cat": 1784, "cat_": 1784, "u": "13238420006", "v": "2787766107", "key": "0", "osmid": "1442751122", "highway": "tertiary", "name": "nan", "oneway": "True", "reversed": "False", "length": "8.585491293772858", "lanes": "nan", "service": "nan", "tunnel": "nan" }, "geometry": { "type": "LineString", "coordinates": [ [ 114.3521914, 30.534779 ], [ 114.3522092, 30.5347978 ], [ 114.352226800000011, 30.5348134 ], [ 114.3522526, 30.5348353 ] ] } },
{ "type": "Feature", "properties": { "fid": 1774.0, "cat": 1785, "cat_": 1785, "u": "13238420006", "v": "13238420009", "key": "0", "osmid": "1442753306", "highway": "tertiary", "name": "nan", "oneway": "True", "reversed": "False", "length": "7.824350899503644", "lanes": "nan", "service": "nan", "tunnel": "nan" }, "geometry": { "type": "LineString", "coordinates": [ [ 114.3521914, 30.534779 ], [ 114.3521779, 30.5347994 ], [ 114.352157300000016, 30.5348148 ], [ 114.352132, 30.5348233 ] ] } },
{ "type": "Feature", "properties": { "fid": 1775.0, "cat": 1786, "cat_": 1786, "u": "13238420009", "v": "13238420010", "key": "0", "osmid": [ 1442753305, 1442753306 ], "highway": "tertiary", "name": "nan", "oneway": "True", "reversed": "False", "length": "6.550260963073148", "lanes": "nan", "service": "nan", "tunnel": "nan" }, "geometry": { "type": "LineString", "coordinates": [ [ 114.352132, 30.5348233 ], [ 114.352118, 30.5348257 ], [ 114.3520917, 30.5348216 ], [ 114.3520778, 30.534817 ], [ 114.3520675, 30.5348109 ] ] } },
{ "type": "Feature", "properties": { "fid": 1776.0, "cat": 1787, "cat_": 1787, "u": "13238420010", "v": "13238361093", "key": "0", "osmid": "1442753305", "highway": "tertiary", "name": "nan", "oneway": "True", "reversed": "False", "length": "2.987232703153145", "lanes": "nan", "service": "nan", "tunnel": "nan" }, "geometry": { "type": "LineString", "coordinates": [ [ 114.3520675, 30.5348109 ], [ 114.3520542, 30.5348024 ], [ 114.3520453, 30.5347924 ] ] } },
{ "type": "Feature", "properties": { "fid": 1779.0, "cat": 1790, "cat_": 1790, "u": "13238420034", "v": "13240918474", "key": "0", "osmid": [ 1443021862, 1443021863 ], "highway": "residential", "name": "学府东路", "oneway": "True", "reversed": "False", "length": "29.656928692863488", "lanes": "nan", "service": "nan", "tunnel": "nan" }, "geometry": { "type": "LineString", "coordinates": [ [ 114.3535288, 30.5360127 ], [ 114.3535723, 30.5360031 ], [ 114.3536154, 30.5359895 ], [ 114.3537835, 30.5358688 ] ] } },
{ "type": "Feature", "properties": { "fid": 1793.0, "cat": 1804, "cat_": 1804, "u": "13239990030", "v": "12808913084", "key": "0", "osmid": "1383484771", "highway": "service", "name": "nan", "oneway": "False", "reversed": "False", "length": "38.694996948810605", "lanes": "nan", "service": "nan", "tunnel": "nan" }, "geometry": { "type": "LineString", "coordinates": [ [ 114.351986900000014, 30.5337695 ], [ 114.3515829, 30.5337727 ] ] } },
{ "type": "Feature", "properties": { "fid": 1794.0, "cat": 1805, "cat_": 1805, "u": "13239990030", "v": "12808913083", "key": "0", "osmid": "1383484771", "highway": "service", "name": "nan", "oneway": "False", "reversed": "True", "length": "2.5764608975972103", "lanes": "nan", "service": "nan", "tunnel": "nan" }, "geometry": { "type": "LineString", "coordinates": [ [ 114.351986900000014, 30.5337695 ], [ 114.3520138, 30.5337693 ] ] } },
{ "type": "Feature", "properties": { "fid": 1795.0, "cat": 1806, "cat_": 1806, "u": "13239990030", "v": "13239990027", "key": "0", "osmid": "1442929824", "highway": "cycleway", "name": "nan", "oneway": "False", "reversed": "False", "length": "67.0322130365782", "lanes": "nan", "service": "nan", "tunnel": "nan" }, "geometry": { "type": "LineString", "coordinates": [ [ 114.351986900000014, 30.5337695 ], [ 114.3519115, 30.5336067 ], [ 114.351887, 30.533538 ], [ 114.3518781, 30.533468 ], [ 114.351893, 30.5333853 ], [ 114.3519574, 30.5331915 ] ] } },
{ "type": "Feature", "properties": { "fid": 1800.0, "cat": 1811, "cat_": 1811, "u": "13239990031", "v": "13239990027", "key": "0", "osmid": "1442929824", "highway": "cycleway", "name": "nan", "oneway": "False", "reversed": "True", "length": "29.705588318561908", "lanes": "nan", "service": "nan", "tunnel": "nan" }, "geometry": { "type": "LineString", "coordinates": [ [ 114.3520989, 30.5329542 ], [ 114.3520134, 30.5330821 ], [ 114.3519574, 30.5331915 ] ] } },
{ "type": "Feature", "properties": { "fid": 1802.0, "cat": 1813, "cat_": 1813, "u": "13239990032", "v": "12808913075", "key": "0", "osmid": "1383484768", "highway": "service", "name": "nan", "oneway": "False", "reversed": "False", "length": "43.204788684110596", "lanes": "nan", "service": "nan", "tunnel": "nan" }, "geometry": { "type": "LineString", "coordinates": [ [ 114.3520626, 30.5339612 ], [ 114.3518613, 30.5340024 ], [ 114.3516171, 30.5340026 ] ] } },
{ "type": "Feature", "properties": { "fid": 1803.0, "cat": 1814, "cat_": 1814, "u": "13239990032", "v": "13239990030", "key": "0", "osmid": "1442929824", "highway": "cycleway", "name": "nan", "oneway": "False", "reversed": "False", "length": "22.528620311817427", "lanes": "nan", "service": "nan", "tunnel": "nan" }, "geometry": { "type": "LineString", "coordinates": [ [ 114.3520626, 30.5339612 ], [ 114.3520326, 30.5338745 ], [ 114.351986900000014, 30.5337695 ] ] } },
{ "type": "Feature", "properties": { "fid": 1804.0, "cat": 1815, "cat_": 1815, "u": "13239990032", "v": "13239990021", "key": "0", "osmid": "1442929824", "highway": "cycleway", "name": "nan", "oneway": "False", "reversed": "True", "length": "44.81006365262045", "lanes": "nan", "service": "nan", "tunnel": "nan" }, "geometry": { "type": "LineString", "coordinates": [ [ 114.3520626, 30.5339612 ], [ 114.352093, 30.5340489 ], [ 114.3521051, 30.5341113 ], [ 114.3521064, 30.534169 ], [ 114.3520943, 30.5343592 ] ] } },
{ "type": "Feature", "properties": { "fid": 1807.0, "cat": 1818, "cat_": 1818, "u": "13239990033", "v": "13239990031", "key": "0", "osmid": "1442929824", "highway": "cycleway", "name": "nan", "oneway": "False", "reversed": "True", "length": "29.02541637085736", "lanes": "nan", "service": "nan", "tunnel": "nan" }, "geometry": { "type": "LineString", "coordinates": [ [ 114.3522452, 30.5327256 ], [ 114.3520989, 30.5329542 ] ] } },
{ "type": "Feature", "properties": { "fid": 1810.0, "cat": 1821, "cat_": 1821, "u": "13240030330", "v": "13584097508", "key": "0", "osmid": "312772215", "highway": "cycleway", "name": "nan", "oneway": "False", "reversed": "True", "length": "12.457434081168664", "lanes": "nan", "service": "nan", "tunnel": "nan" }, "geometry": { "type": "LineString", "coordinates": [ [ 114.3551651, 30.5342459 ], [ 114.3550905, 30.534276 ], [ 114.3550473, 30.5342934 ] ] } },
{ "type": "Feature", "properties": { "fid": 1818.0, "cat": 1829, "cat_": 1829, "u": "13240918470", "v": "13584097522", "key": "0", "osmid": "306232292", "highway": "service", "name": "nan", "oneway": "False", "reversed": "False", "length": "48.61187591590564", "lanes": "nan", "service": "nan", "tunnel": "nan" }, "geometry": { "type": "LineString", "coordinates": [ [ 114.3552434, 30.5348177 ], [ 114.355122, 30.5346136 ], [ 114.355012, 30.5344286 ] ] } },
{ "type": "Feature", "properties": { "fid": 1820.0, "cat": 1831, "cat_": 1831, "u": "13240918473", "v": "13240918470", "key": "0", "osmid": "1443021862", "highway": "residential", "name": "学府东路", "oneway": "True", "reversed": "False", "length": "65.2269416730476", "lanes": "nan", "service": "nan", "tunnel": "nan" }, "geometry": { "type": "LineString", "coordinates": [ [ 114.3547229, 30.535196 ], [ 114.3552434, 30.5348177 ] ] } },
{ "type": "Feature", "properties": { "fid": 1822.0, "cat": 1833, "cat_": 1833, "u": "13240918474", "v": "13240918473", "key": "0", "osmid": "1443021862", "highway": "residential", "name": "学府东路", "oneway": "True", "reversed": "False", "length": "117.01050491734186", "lanes": "nan", "service": "nan", "tunnel": "nan" }, "geometry": { "type": "LineString", "coordinates": [ [ 114.3537835, 30.5358688 ], [ 114.353886, 30.5357952 ], [ 114.3541476, 30.5356074 ], [ 114.3547229, 30.535196 ] ] } },
{ "type": "Feature", "properties": { "fid": 1823.0, "cat": 1834, "cat_": 1834, "u": "13241415881", "v": "13242166672", "key": "0", "osmid": "1443076577", "highway": "service", "name": "nan", "oneway": "False", "reversed": "False", "length": "82.1681544783048", "lanes": "nan", "service": "nan", "tunnel": "nan" }, "geometry": { "type": "LineString", "coordinates": [ [ 114.3568866, 30.5385177 ], [ 114.3577233, 30.5383542 ] ] } },
{ "type": "Feature", "properties": { "fid": 1827.0, "cat": 1838, "cat_": 1838, "u": "13242138394", "v": "13242138392", "key": "0", "osmid": "1443127360", "highway": "service", "name": "nan", "oneway": "False", "reversed": "True", "length": "5.967635051899764", "lanes": "nan", "service": "parking_aisle", "tunnel": "nan" }, "geometry": { "type": "LineString", "coordinates": [ [ 114.3530886, 30.531341299999987 ], [ 114.3530263, 30.5313405 ] ] } },
{ "type": "Feature", "properties": { "fid": 1831.0, "cat": 1842, "cat_": 1842, "u": "13242166673", "v": "13242166672", "key": "0", "osmid": "1443132407", "highway": "service", "name": "nan", "oneway": "False", "reversed": "True", "length": "31.67633088245758", "lanes": "nan", "service": "parking_aisle", "tunnel": "nan" }, "geometry": { "type": "LineString", "coordinates": [ [ 114.3576532, 30.5380758 ], [ 114.3577233, 30.5383542 ] ] } },
{ "type": "Feature", "properties": { "fid": 1834.0, "cat": 1845, "cat_": 1845, "u": "13243738565", "v": "13271252055", "key": "0", "osmid": "1446392079", "highway": "service", "name": "nan", "oneway": "False", "reversed": "False", "length": "7.478122044928029", "lanes": "nan", "service": "nan", "tunnel": "nan" }, "geometry": { "type": "LineString", "coordinates": [ [ 114.3586162, 30.537065 ], [ 114.3586503, 30.5370045 ] ] } },
{ "type": "Feature", "properties": { "fid": 1835.0, "cat": 1846, "cat_": 1846, "u": "13243738565", "v": "13239968036", "key": "0", "osmid": "103751589", "highway": "residential", "name": "梅园二路", "oneway": "False", "reversed": "False", "length": "31.268861574245644", "lanes": "nan", "service": "nan", "tunnel": "nan" }, "geometry": { "type": "LineString", "coordinates": [ [ 114.3586162, 30.537065 ], [ 114.3585491, 30.5370409 ], [ 114.358487, 30.5370209 ], [ 114.358388, 30.5369892 ], [ 114.358309700000021, 30.5369686 ] ] } },
{ "type": "Feature", "properties": { "fid": 1836.0, "cat": 1847, "cat_": 1847, "u": "13243738565", "v": "13269383986", "key": "0", "osmid": "103751589", "highway": "residential", "name": "梅园二路", "oneway": "False", "reversed": "True", "length": "271.57456701385485", "lanes": "nan", "service": "nan", "tunnel": "nan" }, "geometry": { "type": "LineString", "coordinates": [ [ 114.3586162, 30.537065 ], [ 114.3586889, 30.5370998 ], [ 114.3587555, 30.5371375 ], [ 114.35883010000002, 30.5371823 ], [ 114.3588926, 30.5372221 ], [ 114.3589481, 30.5372618 ], [ 114.3590091, 30.5373081 ], [ 114.3590367, 30.5373305 ], [ 114.3590601, 30.5373528 ], [ 114.3590805, 30.5373762 ], [ 114.3591026, 30.5374108 ], [ 114.3592446, 30.537657 ], [ 114.3594956, 30.5380923 ], [ 114.3595838, 30.5382452 ], [ 114.3595977, 30.5382679 ], [ 114.3596162, 30.5382945 ], [ 114.3596349, 30.538314799999984 ], [ 114.359655, 30.53833 ], [ 114.3596982, 30.538353 ], [ 114.360367600000018, 30.5386435 ], [ 114.3605423, 30.5387148 ] ] } },
{ "type": "Feature", "properties": { "fid": 1839.0, "cat": 1850, "cat_": 1850, "u": "13244645797", "v": "12844105248", "key": "0", "osmid": "1387514493", "highway": "service", "name": "nan", "oneway": "False", "reversed": "True", "length": "61.028998113368424", "lanes": "nan", "service": "nan", "tunnel": "nan" }, "geometry": { "type": "LineString", "coordinates": [ [ 114.3584538, 30.540772 ], [ 114.3584796, 30.5407311 ], [ 114.3587366, 30.5402802 ] ] } },
{ "type": "Feature", "properties": { "fid": 1840.0, "cat": 1851, "cat_": 1851, "u": "13244712010", "v": "13269409052", "key": "0", "osmid": "1446180390", "highway": "service", "name": "nan", "oneway": "False", "reversed": "False", "length": "10.964297601037229", "lanes": "nan", "service": "nan", "tunnel": "nan" }, "geometry": { "type": "LineString", "coordinates": [ [ 114.3591646, 30.5394181 ], [ 114.3591931, 30.5393226 ] ] } },
{ "type": "Feature", "properties": { "fid": 1841.0, "cat": 1852, "cat_": 1852, "u": "13244712010", "v": "12809012186", "key": "0", "osmid": "103642352", "highway": "tertiary", "name": "学府路", "oneway": "False", "reversed": "False", "length": "69.48403534511533", "lanes": "nan", "service": "nan", "tunnel": "nan" }, "geometry": { "type": "LineString", "coordinates": [ [ 114.3591646, 30.5394181 ], [ 114.3590954, 30.5393935 ], [ 114.359032, 30.5393759 ], [ 114.3589704, 30.5393627 ], [ 114.35889640000002, 30.5393522 ], [ 114.3587524, 30.5393381 ], [ 114.3586217, 30.5393303 ], [ 114.3584521, 30.5393272 ] ] } },
{ "type": "Feature", "properties": { "fid": 1845.0, "cat": 1856, "cat_": 1856, "u": "13246350996", "v": "13246423611", "key": "0", "osmid": "1443545627", "highway": "tertiary", "name": "nan", "oneway": "True", "reversed": "False", "length": "67.06438161711293", "lanes": "nan", "service": "nan", "tunnel": "nan" }, "geometry": { "type": "LineString", "coordinates": [ [ 114.3617003, 30.5401025 ], [ 114.361706, 30.5400311 ], [ 114.3617209, 30.5398422 ], [ 114.3617448, 30.5395006 ] ] } },
{ "type": "Feature", "properties": { "fid": 1846.0, "cat": 1857, "cat_": 1857, "u": "13246350996", "v": "1196701946", "key": "0", "osmid": "1443545628", "highway": "tertiary", "name": "nan", "oneway": "True", "reversed": "False", "length": "9.64620112113752", "lanes": "nan", "service": "nan", "tunnel": "nan" }, "geometry": { "type": "LineString", "coordinates": [ [ 114.3617003, 30.5401025 ], [ 114.3617224, 30.5400921 ], [ 114.3617472, 30.5400884 ], [ 114.3617721, 30.5400917 ], [ 114.3617945, 30.5401016 ] ] } },
{ "type": "Feature", "properties": { "fid": 1848.0, "cat": 1859, "cat_": 1859, "u": "13246423601", "v": "1199738793", "key": "0", "osmid": "1443545625", "highway": "tertiary", "name": "nan", "oneway": "True", "reversed": "False", "length": "18.130156209146964", "lanes": "nan", "service": "nan", "tunnel": "nan" }, "geometry": { "type": "LineString", "coordinates": [ [ 114.3617946, 30.5402093 ], [ 114.3617705, 30.5402198 ], [ 114.3617436, 30.5402225 ], [ 114.3617173, 30.5402172 ], [ 114.3616947, 30.5402044 ], [ 114.3616785, 30.5401858 ], [ 114.3616706, 30.5401635 ], [ 114.3616721, 30.5401402 ] ] } },
{ "type": "Feature", "properties": { "fid": 1849.0, "cat": 1860, "cat_": 1860, "u": "13246423608", "v": "1196701946", "key": "0", "osmid": "103938248", "highway": "tertiary", "name": "人文路", "oneway": "True", "reversed": "False", "length": "1.7816970900893514", "lanes": "nan", "service": "nan", "tunnel": "nan" }, "geometry": { "type": "LineString", "coordinates": [ [ 114.3617955, 30.5400856 ], [ 114.3617945, 30.5401016 ] ] } },
{ "type": "Feature", "properties": { "fid": 1851.0, "cat": 1862, "cat_": 1862, "u": "13246423610", "v": "13246423618", "key": "0", "osmid": "1443545630", "highway": "tertiary", "name": "梅园二路", "oneway": "False", "reversed": "True", "length": "3.604830747786276", "lanes": "nan", "service": "nan", "tunnel": "nan" }, "geometry": { "type": "LineString", "coordinates": [ [ 114.361782, 30.5390105 ], [ 114.3618196, 30.539012 ] ] } },
{ "type": "Feature", "properties": { "fid": 1852.0, "cat": 1863, "cat_": 1863, "u": "13246423610", "v": "13269383986", "key": "0", "osmid": "103751589", "highway": "residential", "name": "梅园二路", "oneway": "False", "reversed": "False", "length": "123.94673621856724", "lanes": "nan", "service": "nan", "tunnel": "nan" }, "geometry": { "type": "LineString", "coordinates": [ [ 114.361782, 30.5390105 ], [ 114.3616611, 30.5389505 ], [ 114.361545, 30.5389085 ], [ 114.3614484, 30.5388843 ], [ 114.3613386, 30.5388655 ], [ 114.361045, 30.5388212 ], [ 114.3607039, 30.5387563 ], [ 114.3606069, 30.538734699999988 ], [ 114.3605423, 30.5387148 ] ] } },
{ "type": "Feature", "properties": { "fid": 1855.0, "cat": 1866, "cat_": 1866, "u": "13246423611", "v": "13246423610", "key": "0", "osmid": "1443545627", "highway": "tertiary", "name": "nan", "oneway": "True", "reversed": "False", "length": "54.613066370394264", "lanes": "nan", "service": "nan", "tunnel": "nan" }, "geometry": { "type": "LineString", "coordinates": [ [ 114.3617448, 30.5395006 ], [ 114.3617545, 30.5393711 ], [ 114.361771, 30.539157500000012 ], [ 114.361782, 30.5390105 ] ] } },
{ "type": "Feature", "properties": { "fid": 1864.0, "cat": 1875, "cat_": 1875, "u": "13246423702", "v": "13246423697", "key": "0", "osmid": "1037157572", "highway": "path", "name": "nan", "oneway": "False", "reversed": "False", "length": "62.43301368864252", "lanes": "nan", "service": "nan", "tunnel": "nan" }, "geometry": { "type": "LineString", "coordinates": [ [ 114.3548012, 30.5445183 ], [ 114.35482, 30.544545800000012 ], [ 114.3548388, 30.5445735 ], [ 114.3548692, 30.5446034 ], [ 114.3548926, 30.5446223 ], [ 114.3549202, 30.5446467 ], [ 114.3549774, 30.5446914 ], [ 114.3550319, 30.5447409 ], [ 114.3550725, 30.5447882 ], [ 114.355114, 30.5448554 ], [ 114.3551324, 30.5448888 ], [ 114.3551375, 30.5449205 ], [ 114.3551336, 30.5449778 ] ] } },
{ "type": "Feature", "properties": { "fid": 1865.0, "cat": 1876, "cat_": 1876, "u": "13246989600", "v": "12844105246", "key": "0", "osmid": "1387514492", "highway": "service", "name": "nan", "oneway": "False", "reversed": "True", "length": "3.5080916114788216", "lanes": "nan", "service": "nan", "tunnel": "nan" }, "geometry": { "type": "LineString", "coordinates": [ [ 114.3599901, 30.541432 ], [ 114.3600267, 30.541433299999987 ] ] } },
{ "type": "Feature", "properties": { "fid": 1870.0, "cat": 1881, "cat_": 1881, "u": "13247000101", "v": "13246989600", "key": "0", "osmid": "1443605722", "highway": "service", "name": "nan", "oneway": "False", "reversed": "True", "length": "85.29519971437328", "lanes": "nan", "service": "nan", "tunnel": "nan" }, "geometry": { "type": "LineString", "coordinates": [ [ 114.3600027, 30.5407193 ], [ 114.3600429, 30.5407306 ], [ 114.35995, 30.5412931 ], [ 114.3599516, 30.5413043 ], [ 114.3599564, 30.5413129 ], [ 114.359964100000013, 30.5413207 ], [ 114.3599754, 30.5413263 ], [ 114.35999630000002, 30.5413304 ], [ 114.3599901, 30.541432 ] ] } },
{ "type": "Feature", "properties": { "fid": 1871.0, "cat": 1882, "cat_": 1882, "u": "13251027324", "v": "13251027328", "key": "0", "osmid": "1444076099", "highway": "service", "name": "nan", "oneway": "False", "reversed": "False", "length": "97.13317037899226", "lanes": "nan", "service": "nan", "tunnel": "nan" }, "geometry": { "type": "LineString", "coordinates": [ [ 114.359883, 30.5426899 ], [ 114.3602039, 30.542726799999986 ], [ 114.3602225, 30.5427276 ], [ 114.360244200000011, 30.5427258 ], [ 114.3603168, 30.5426974 ], [ 114.3603401, 30.5426935 ], [ 114.3603665, 30.5426924 ], [ 114.3605077, 30.5427092 ], [ 114.3607094, 30.5427325 ], [ 114.3607249, 30.542735399999987 ], [ 114.3607396, 30.5427417 ], [ 114.3608504, 30.542818 ] ] } },
{ "type": "Feature", "properties": { "fid": 1878.0, "cat": 1889, "cat_": 1889, "u": "13251028689", "v": "13251028688", "key": "0", "osmid": "1444077822", "highway": "service", "name": "nan", "oneway": "False", "reversed": "True", "length": "8.377595723894274", "lanes": "nan", "service": "nan", "tunnel": "nan" }, "geometry": { "type": "LineString", "coordinates": [ [ 114.3500646, 30.5292465 ], [ 114.3500617, 30.5293218 ] ] } },
{ "type": "Feature", "properties": { "fid": 1879.0, "cat": 1890, "cat_": 1890, "u": "13251028696", "v": "13227095101", "key": "0", "osmid": "103949735", "highway": "service", "name": "nan", "oneway": "False", "reversed": "False", "length": "23.904183502242475", "lanes": "nan", "service": "nan", "tunnel": "nan" }, "geometry": { "type": "LineString", "coordinates": [ [ 114.3499406, 30.5297734 ], [ 114.3499472, 30.5295585 ] ] } },
{ "type": "Feature", "properties": { "fid": 1882.0, "cat": 1893, "cat_": 1893, "u": "13251028697", "v": "13251028696", "key": "0", "osmid": "1444077827", "highway": "service", "name": "nan", "oneway": "False", "reversed": "False", "length": "8.860979321283995", "lanes": "nan", "service": "nan", "tunnel": "nan" }, "geometry": { "type": "LineString", "coordinates": [ [ 114.350033100000019, 30.5297748 ], [ 114.3499406, 30.5297734 ] ] } },
{ "type": "Feature", "properties": { "fid": 1886.0, "cat": 1897, "cat_": 1897, "u": "13255218367", "v": "13255218349", "key": "0", "osmid": "1444623473", "highway": "service", "name": "nan", "oneway": "False", "reversed": "True", "length": "38.737347914319166", "lanes": "nan", "service": "nan", "tunnel": "nan" }, "geometry": { "type": "LineString", "coordinates": [ [ 114.3569003, 30.5407786 ], [ 114.3565346, 30.5407363 ], [ 114.3565124, 30.5407338 ], [ 114.3564994, 30.5407323 ] ] } },
{ "type": "Feature", "properties": { "fid": 1892.0, "cat": 1903, "cat_": 1903, "u": "13266196513", "v": "13266196512", "key": "0", "osmid": "1445901372", "highway": "service", "name": "nan", "oneway": "False", "reversed": "True", "length": "14.417036934302661", "lanes": "nan", "service": "nan", "tunnel": "nan" }, "geometry": { "type": "LineString", "coordinates": [ [ 114.3581642, 30.5382749 ], [ 114.3581993, 30.5383234 ], [ 114.3582099, 30.5383381 ], [ 114.3582437, 30.538385 ] ] } },
{ "type": "Feature", "properties": { "fid": 1893.0, "cat": 1905, "cat_": 1905, "u": "13266196559", "v": "12809012186", "key": "0", "osmid": "103642352", "highway": "tertiary", "name": "学府路", "oneway": "False", "reversed": "True", "length": "3.9171418857263243", "lanes": "nan", "service": "nan", "tunnel": "nan" }, "geometry": { "type": "LineString", "coordinates": [ [ 114.3584112, 30.5393269 ], [ 114.3584521, 30.5393272 ] ] } },
{ "type": "Feature", "properties": { "fid": 1900.0, "cat": 1912, "cat_": 1912, "u": "13266196567", "v": "12809012183", "key": "0", "osmid": "1383486671", "highway": "service", "name": "nan", "oneway": "False", "reversed": "False", "length": "49.676626295533715", "lanes": "nan", "service": "nan", "tunnel": "nan" }, "geometry": { "type": "LineString", "coordinates": [ [ 114.3581986, 30.5393387 ], [ 114.3584385, 30.5397348 ] ] } },
{ "type": "Feature", "properties": { "fid": 1901.0, "cat": 1913, "cat_": 1913, "u": "13266196567", "v": "13266196559", "key": "0", "osmid": "103642352", "highway": "tertiary", "name": "学府路", "oneway": "False", "reversed": "True", "length": "20.40491465973992", "lanes": "nan", "service": "nan", "tunnel": "nan" }, "geometry": { "type": "LineString", "coordinates": [ [ 114.3581986, 30.5393387 ], [ 114.3582757, 30.5393332 ], [ 114.3584112, 30.5393269 ] ] } },
{ "type": "Feature", "properties": { "fid": 1902.0, "cat": 1914, "cat_": 1914, "u": "13266196569", "v": "13266196565", "key": "0", "osmid": "1445901383", "highway": "service", "name": "nan", "oneway": "False", "reversed": "True", "length": "45.682666374039876", "lanes": "nan", "service": "nan", "tunnel": "nan" }, "geometry": { "type": "LineString", "coordinates": [ [ 114.3592894, 30.5390739 ], [ 114.3592158, 30.5390612 ], [ 114.3591461, 30.5390525 ], [ 114.3591222, 30.5390504 ], [ 114.3590844, 30.5390471 ], [ 114.3590123, 30.5390419 ], [ 114.3589228, 30.539037 ], [ 114.3588154, 30.5390339 ] ] } },
{ "type": "Feature", "properties": { "fid": 1905.0, "cat": 1917, "cat_": 1917, "u": "13269383986", "v": "13271266570", "key": "0", "osmid": "1446392975", "highway": "service", "name": "nan", "oneway": "False", "reversed": "False", "length": "109.90032024932499", "lanes": "nan", "service": "nan", "tunnel": "nan" }, "geometry": { "type": "LineString", "coordinates": [ [ 114.3605423, 30.5387148 ], [ 114.3606006, 30.5385977 ], [ 114.3597195, 30.5381911 ] ] } },
{ "type": "Feature", "properties": { "fid": 1910.0, "cat": 1922, "cat_": 1922, "u": "13269415989", "v": "13394364558", "key": "0", "osmid": [ 1387843568, 103938245 ], "highway": "service", "name": [ "环山北路", "环山南路" ], "oneway": "False", "reversed": "False", "length": "120.47399240275351", "lanes": "nan", "service": "nan", "tunnel": "nan" }, "geometry": { "type": "LineString", "coordinates": [ [ 114.3587678, 30.5365262 ], [ 114.358769, 30.5364911 ], [ 114.3587817, 30.5364511 ], [ 114.358797, 30.5364215 ], [ 114.3588346, 30.5363659 ], [ 114.3588801, 30.5363099 ], [ 114.3589818, 30.5362442 ], [ 114.3590735, 30.5362007 ], [ 114.3591945, 30.5361696 ], [ 114.3592841, 30.5361516 ], [ 114.3593918, 30.536122100000011 ], [ 114.359522, 30.5360709 ], [ 114.3595995, 30.5360446 ], [ 114.3596594, 30.5360289 ], [ 114.3597839, 30.5360178 ] ] } },
{ "type": "Feature", "properties": { "fid": 1912.0, "cat": 1924, "cat_": 1924, "u": "13269415989", "v": "13394364555", "key": "0", "osmid": "1460405218", "highway": "path", "name": "nan", "oneway": "False", "reversed": "False", "length": "136.77371532079593", "lanes": "nan", "service": "nan", "tunnel": "nan" }, "geometry": { "type": "LineString", "coordinates": [ [ 114.3587678, 30.5365262 ], [ 114.3591705, 30.536609599999984 ], [ 114.3601636, 30.5367857 ] ] } },
{ "type": "Feature", "properties": { "fid": 1913.0, "cat": 1925, "cat_": 1925, "u": "13269415989", "v": "13394364550", "key": "0", "osmid": "1460405218", "highway": "path", "name": "nan", "oneway": "False", "reversed": "True", "length": "70.22016038304145", "lanes": "nan", "service": "nan", "tunnel": "nan" }, "geometry": { "type": "LineString", "coordinates": [ [ 114.3587678, 30.5365262 ], [ 114.3584812, 30.5365426 ], [ 114.3582746, 30.5365957 ], [ 114.3580468, 30.5366252 ] ] } },
{ "type": "Feature", "properties": { "fid": 1914.0, "cat": 1926, "cat_": 1926, "u": "13269453234", "v": "13269415981", "key": "0", "osmid": "103938245", "highway": "service", "name": "环山南路", "oneway": "False", "reversed": "False", "length": "47.40738599395806", "lanes": "nan", "service": "nan", "tunnel": "nan" }, "geometry": { "type": "LineString", "coordinates": [ [ 114.362018400000011, 30.535942 ], [ 114.362103600000012, 30.5359313 ], [ 114.3622192, 30.5358997 ], [ 114.3623939, 30.5358471 ], [ 114.3624908, 30.5358182 ] ] } },
{ "type": "Feature", "properties": { "fid": 1916.0, "cat": 1928, "cat_": 1928, "u": "13269453234", "v": "13394364543", "key": "0", "osmid": "1460405215", "highway": "path", "name": "nan", "oneway": "False", "reversed": "False", "length": "118.53807110682351", "lanes": "nan", "service": "nan", "tunnel": "nan" }, "geometry": { "type": "LineString", "coordinates": [ [ 114.362018400000011, 30.535942 ], [ 114.362058200000021, 30.5361043 ], [ 114.3620659, 30.5361741 ], [ 114.362060600000021, 30.5362427 ], [ 114.3620446, 30.5363599 ], [ 114.362036500000016, 30.5364225 ], [ 114.362015, 30.5366373 ], [ 114.36197540000002, 30.5370004 ] ] } },
{ "type": "Feature", "properties": { "fid": 1919.0, "cat": 1931, "cat_": 1931, "u": "13269453257", "v": "13394364502", "key": "0", "osmid": "1460405207", "highway": "path", "name": "nan", "oneway": "False", "reversed": "False", "length": "128.8319438839601", "lanes": "nan", "service": "nan", "tunnel": "nan" }, "geometry": { "type": "LineString", "coordinates": [ [ 114.3692834, 30.5375154 ], [ 114.3695399, 30.5375058 ], [ 114.3699047, 30.5373812 ], [ 114.3702158, 30.5373049 ], [ 114.3705715, 30.5372095 ] ] } },
{ "type": "Feature", "properties": { "fid": 1929.0, "cat": 1941, "cat_": 1941, "u": "13394364528", "v": "13394364534", "key": "0", "osmid": "1460405218", "highway": "path", "name": "nan", "oneway": "False", "reversed": "True", "length": "11.991698831803287", "lanes": "nan", "service": "nan", "tunnel": "nan" }, "geometry": { "type": "LineString", "coordinates": [ [ 114.3651951, 30.5370532 ], [ 114.3650714, 30.5370365 ] ] } },
{ "type": "Feature", "properties": { "fid": 1930.0, "cat": 1942, "cat_": 1942, "u": "13394364528", "v": "13394364521", "key": "0", "osmid": "1460405211", "highway": "path", "name": "nan", "oneway": "False", "reversed": "False", "length": "114.06056732004322", "lanes": "nan", "service": "nan", "tunnel": "nan" }, "geometry": { "type": "LineString", "coordinates": [ [ 114.3651951, 30.5370532 ], [ 114.3651331, 30.5372957 ], [ 114.3650982, 30.5374909 ], [ 114.365074100000015, 30.5376907 ], [ 114.3650566, 30.5379021 ], [ 114.365052, 30.5380692 ] ] } },
{ "type": "Feature", "properties": { "fid": 1931.0, "cat": 1943, "cat_": 1943, "u": "13394364528", "v": "13394364554", "key": "0", "osmid": "1460405218", "highway": "path", "name": "nan", "oneway": "False", "reversed": "False", "length": "389.35242363374635", "lanes": "nan", "service": "nan", "tunnel": "nan" }, "geometry": { "type": "LineString", "coordinates": [ [ 114.3651951, 30.5370532 ], [ 114.3654174, 30.5370832 ], [ 114.3660182, 30.5371802 ], [ 114.3665627, 30.5372911 ], [ 114.3667182, 30.5372761 ], [ 114.3668678, 30.5373298 ], [ 114.367158100000012, 30.5374297 ], [ 114.3677697, 30.5375498 ], [ 114.3685019, 30.5376006 ], [ 114.3689284, 30.5376122 ], [ 114.3691724, 30.5376586 ] ] } },
{ "type": "Feature", "properties": { "fid": 1932.0, "cat": 1944, "cat_": 1944, "u": "13394364529", "v": "13394366396", "key": "0", "osmid": "1460405212", "highway": "path", "name": "nan", "oneway": "False", "reversed": "False", "length": "35.61478860793785", "lanes": "nan", "service": "nan", "tunnel": "nan" }, "geometry": { "type": "LineString", "coordinates": [ [ 114.3653343, 30.5359712 ], [ 114.3654738, 30.5356743 ] ] } },
{ "type": "Feature", "properties": { "fid": 1934.0, "cat": 1946, "cat_": 1946, "u": "13394364529", "v": "13394366399", "key": "0", "osmid": "103938245", "highway": "service", "name": "环山南路", "oneway": "False", "reversed": "True", "length": "76.90807482071182", "lanes": "nan", "service": "nan", "tunnel": "nan" }, "geometry": { "type": "LineString", "coordinates": [ [ 114.3653343, 30.5359712 ], [ 114.3652414, 30.5359672 ], [ 114.3650365, 30.5359635 ], [ 114.3648783, 30.5359624 ], [ 114.364750200000017, 30.535956699999989 ], [ 114.3645733, 30.5359379 ], [ 114.364533200000011, 30.5359341 ] ] } },
{ "type": "Feature", "properties": { "fid": 1935.0, "cat": 1947, "cat_": 1947, "u": "13394364529", "v": "13394364533", "key": "0", "osmid": "1460405212", "highway": "path", "name": "nan", "oneway": "False", "reversed": "True", "length": "153.36317376736793", "lanes": "nan", "service": "nan", "tunnel": "nan" }, "geometry": { "type": "LineString", "coordinates": [ [ 114.3653343, 30.5359712 ], [ 114.365312800000012, 30.536173 ], [ 114.3653264, 30.5362253 ], [ 114.3649336, 30.536422 ], [ 114.3646918, 30.5365934 ], [ 114.3644437, 30.5367551 ], [ 114.364398, 30.536945 ] ] } },
{ "type": "Feature", "properties": { "fid": 1941.0, "cat": 1953, "cat_": 1953, "u": "13394364534", "v": "13394364533", "key": "0", "osmid": "1460405218", "highway": "path", "name": "nan", "oneway": "False", "reversed": "True", "length": "65.29083182353709", "lanes": "nan", "service": "nan", "tunnel": "nan" }, "geometry": { "type": "LineString", "coordinates": [ [ 114.3650714, 30.5370365 ], [ 114.3648005, 30.537 ], [ 114.364398, 30.536945 ] ] } },
{ "type": "Feature", "properties": { "fid": 1943.0, "cat": 1955, "cat_": 1955, "u": "13394364539", "v": "13394364533", "key": "0", "osmid": "1460405218", "highway": "path", "name": "nan", "oneway": "False", "reversed": "False", "length": "116.51802075778816", "lanes": "nan", "service": "nan", "tunnel": "nan" }, "geometry": { "type": "LineString", "coordinates": [ [ 114.3631857, 30.5369921 ], [ 114.3638027, 30.5369446 ], [ 114.3639993, 30.5369324 ], [ 114.3641423, 30.5369263 ], [ 114.3642691, 30.5369307 ], [ 114.364398, 30.536945 ] ] } },
{ "type": "Feature", "properties": { "fid": 1946.0, "cat": 1958, "cat_": 1958, "u": "13394364543", "v": "13394364539", "key": "0", "osmid": "1460405218", "highway": "path", "name": "nan", "oneway": "False", "reversed": "False", "length": "116.71452919689371", "lanes": "nan", "service": "nan", "tunnel": "nan" }, "geometry": { "type": "LineString", "coordinates": [ [ 114.36197540000002, 30.5370004 ], [ 114.3622143, 30.5370315 ], [ 114.3623518, 30.5370408 ], [ 114.362506, 30.5370525 ], [ 114.3626744, 30.5370501 ], [ 114.362811, 30.5370385 ], [ 114.3630188, 30.5370164 ], [ 114.3631857, 30.5369921 ] ] } },
{ "type": "Feature", "properties": { "fid": 1948.0, "cat": 1960, "cat_": 1960, "u": "13394364546", "v": "13394364549", "key": "0", "osmid": "1460405216", "highway": "path", "name": "nan", "oneway": "False", "reversed": "True", "length": "108.57022280917957", "lanes": "nan", "service": "nan", "tunnel": "nan" }, "geometry": { "type": "LineString", "coordinates": [ [ 114.3607267, 30.5368624 ], [ 114.3606994, 30.5366858 ], [ 114.3606189, 30.5362007 ], [ 114.3605947, 30.5358932 ] ] } },
{ "type": "Feature", "properties": { "fid": 1949.0, "cat": 1961, "cat_": 1961, "u": "13394364546", "v": "13394364543", "key": "0", "osmid": "1460405218", "highway": "path", "name": "nan", "oneway": "False", "reversed": "False", "length": "120.58309547399023", "lanes": "nan", "service": "nan", "tunnel": "nan" }, "geometry": { "type": "LineString", "coordinates": [ [ 114.3607267, 30.5368624 ], [ 114.3613297, 30.5369215 ], [ 114.36197540000002, 30.5370004 ] ] } },
{ "type": "Feature", "properties": { "fid": 1950.0, "cat": 1962, "cat_": 1962, "u": "13394364546", "v": "13394364555", "key": "0", "osmid": "1460405218", "highway": "path", "name": "nan", "oneway": "False", "reversed": "True", "length": "54.65520344904334", "lanes": "nan", "service": "nan", "tunnel": "nan" }, "geometry": { "type": "LineString", "coordinates": [ [ 114.3607267, 30.5368624 ], [ 114.3604338, 30.536833699999988 ], [ 114.3601636, 30.5367857 ] ] } },
{ "type": "Feature", "properties": { "fid": 1958.0, "cat": 1970, "cat_": 1970, "u": "13394364554", "v": "13397418452", "key": "0", "osmid": "1268336180", "highway": "service", "name": "nan", "oneway": "False", "reversed": "False", "length": "294.4477097420805", "lanes": "nan", "service": "nan", "tunnel": "nan" }, "geometry": { "type": "LineString", "coordinates": [ [ 114.3691724, 30.5376586 ], [ 114.368588, 30.537427 ], [ 114.3681564, 30.5372639 ], [ 114.367738, 30.5370699 ], [ 114.3671854, 30.536885 ], [ 114.366938, 30.5368225 ], [ 114.3663316, 30.5366631 ] ] } },
{ "type": "Feature", "properties": { "fid": 1963.0, "cat": 1975, "cat_": 1975, "u": "13394364558", "v": "13394364549", "key": "0", "osmid": "103938245", "highway": "service", "name": "环山南路", "oneway": "False", "reversed": "False", "length": "79.29251770461096", "lanes": "nan", "service": "nan", "tunnel": "nan" }, "geometry": { "type": "LineString", "coordinates": [ [ 114.3597839, 30.5360178 ], [ 114.3599069, 30.5360138 ], [ 114.3601029, 30.5359995 ], [ 114.3603159, 30.5359647 ], [ 114.3604959, 30.5359254 ], [ 114.3605947, 30.5358932 ] ] } },
{ "type": "Feature", "properties": { "fid": 1965.0, "cat": 1977, "cat_": 1977, "u": "13394364558", "v": "13394364555", "key": "0", "osmid": "1460405217", "highway": "path", "name": "nan", "oneway": "False", "reversed": "False", "length": "93.91539336722212", "lanes": "nan", "service": "nan", "tunnel": "nan" }, "geometry": { "type": "LineString", "coordinates": [ [ 114.3597839, 30.5360178 ], [ 114.3599886, 30.5362931 ], [ 114.360128, 30.5366015 ], [ 114.3601636, 30.5367857 ] ] } },
{ "type": "Feature", "properties": { "fid": 1972.0, "cat": 1984, "cat_": 1984, "u": "13394366399", "v": "13394366394", "key": "0", "osmid": "1460410152", "highway": "path", "name": "nan", "oneway": "False", "reversed": "False", "length": "88.3237676221973", "lanes": "nan", "service": "nan", "tunnel": "nan" }, "geometry": { "type": "LineString", "coordinates": [ [ 114.364533200000011, 30.5359341 ], [ 114.3646364, 30.5358144 ], [ 114.3646882, 30.5357177 ], [ 114.3647182, 30.5356063 ], [ 114.3647238, 30.5355509 ], [ 114.3647354, 30.5354401 ], [ 114.3647348, 30.5353398 ], [ 114.3647188, 30.5351832 ] ] } },
{ "type": "Feature", "properties": { "fid": 1974.0, "cat": 1986, "cat_": 1986, "u": "13394398306", "v": "12847386070", "key": "0", "osmid": "103938245", "highway": "service", "name": "环山南路", "oneway": "False", "reversed": "False", "length": "276.3542757668815", "lanes": "nan", "service": "nan", "tunnel": "nan" }, "geometry": { "type": "LineString", "coordinates": [ [ 114.3666433, 30.5362667 ], [ 114.3667855, 30.5363089 ], [ 114.3671361, 30.5364235 ], [ 114.367313, 30.5364876 ], [ 114.36752220000001, 30.5365831 ], [ 114.3676859, 30.5366579 ], [ 114.3678274, 30.5367285 ], [ 114.3678667, 30.5367438 ], [ 114.3679866, 30.5367906 ], [ 114.3681723, 30.5368563 ], [ 114.3683343, 30.5369036 ], [ 114.3683574, 30.5369139 ], [ 114.3684858, 30.5369714 ], [ 114.3686008, 30.5370428 ], [ 114.3686983, 30.5371097 ], [ 114.3688289, 30.5372034 ], [ 114.3690096, 30.5373019 ], [ 114.3691971, 30.5373926 ] ] } },
{ "type": "Feature", "properties": { "fid": 1978.0, "cat": 1990, "cat_": 1990, "u": "13505858592", "v": "13505858594", "key": "0", "osmid": "1471868919", "highway": "service", "name": "nan", "oneway": "False", "reversed": "False", "length": "20.439663951265658", "lanes": "nan", "service": "parking_aisle", "tunnel": "nan" }, "geometry": { "type": "LineString", "coordinates": [ [ 114.3570211, 30.5297854 ], [ 114.3572345, 30.5297844 ] ] } },
{ "type": "Feature", "properties": { "fid": 1979.0, "cat": 1991, "cat_": 1991, "u": "13505858592", "v": "12928862563", "key": "0", "osmid": [ 1443528363, 1471868925 ], "highway": "service", "name": "nan", "oneway": "False", "reversed": "False", "length": "44.48959563793022", "lanes": "nan", "service": "parking_aisle", "tunnel": "nan" }, "geometry": { "type": "LineString", "coordinates": [ [ 114.3570211, 30.5297854 ], [ 114.3570226, 30.5300047 ], [ 114.3572325, 30.5300048 ] ] } },
{ "type": "Feature", "properties": { "fid": 1980.0, "cat": 1992, "cat_": 1992, "u": "13505858592", "v": "12928862564", "key": "0", "osmid": [ 1397459408, 1443528363 ], "highway": "service", "name": "nan", "oneway": "False", "reversed": "True", "length": "30.361462330189063", "lanes": "nan", "service": "parking_aisle", "tunnel": "nan" }, "geometry": { "type": "LineString", "coordinates": [ [ 114.3570211, 30.5297854 ], [ 114.3570214, 30.5296966 ], [ 114.3572353, 30.5296963 ] ] } },
{ "type": "Feature", "properties": { "fid": 1981.0, "cat": 1993, "cat_": 1993, "u": "13505858593", "v": "12928862566", "key": "0", "osmid": "1397459407", "highway": "service", "name": "nan", "oneway": "False", "reversed": "False", "length": "9.763229034616241", "lanes": "nan", "service": "parking_aisle", "tunnel": "nan" }, "geometry": { "type": "LineString", "coordinates": [ [ 114.3573418, 30.5297839 ], [ 114.3573426, 30.5296961 ] ] } },
{ "type": "Feature", "properties": { "fid": 1982.0, "cat": 1994, "cat_": 1994, "u": "13505858593", "v": "12928862565", "key": "0", "osmid": "1397459407", "highway": "service", "name": "nan", "oneway": "False", "reversed": "True", "length": "24.563740936551916", "lanes": "nan", "service": "parking_aisle", "tunnel": "nan" }, "geometry": { "type": "LineString", "coordinates": [ [ 114.3573418, 30.5297839 ], [ 114.3573398, 30.5300048 ] ] } },
{ "type": "Feature", "properties": { "fid": 1983.0, "cat": 1995, "cat_": 1995, "u": "13505858593", "v": "13505858594", "key": "0", "osmid": "1471868919", "highway": "service", "name": "nan", "oneway": "False", "reversed": "True", "length": "10.27729895421635", "lanes": "nan", "service": "parking_aisle", "tunnel": "nan" }, "geometry": { "type": "LineString", "coordinates": [ [ 114.3573418, 30.5297839 ], [ 114.3572345, 30.5297844 ] ] } },
{ "type": "Feature", "properties": { "fid": 1986.0, "cat": 1998, "cat_": 1998, "u": "13505858594", "v": "12928862563", "key": "0", "osmid": "1471868924", "highway": "service", "name": "nan", "oneway": "False", "reversed": "False", "length": "24.50814508964597", "lanes": "nan", "service": "parking_aisle", "tunnel": "nan" }, "geometry": { "type": "LineString", "coordinates": [ [ 114.3572345, 30.5297844 ], [ 114.3572325, 30.5300048 ] ] } },
{ "type": "Feature", "properties": { "fid": 1987.0, "cat": 1999, "cat_": 1999, "u": "13505858594", "v": "12928862564", "key": "0", "osmid": "1471868924", "highway": "service", "name": "nan", "oneway": "False", "reversed": "True", "length": "9.796586535152429", "lanes": "nan", "service": "parking_aisle", "tunnel": "nan" }, "geometry": { "type": "LineString", "coordinates": [ [ 114.3572345, 30.5297844 ], [ 114.3572353, 30.5296963 ] ] } },
{ "type": "Feature", "properties": { "fid": 1988.0, "cat": 2000, "cat_": 2000, "u": "13505885309", "v": "12928862565", "key": "0", "osmid": "1471868925", "highway": "service", "name": "nan", "oneway": "False", "reversed": "True", "length": "10.219657611253956", "lanes": "nan", "service": "parking_aisle", "tunnel": "nan" }, "geometry": { "type": "LineString", "coordinates": [ [ 114.3574465, 30.5300048 ], [ 114.3573398, 30.5300048 ] ] } },
{ "type": "Feature", "properties": { "fid": 1995.0, "cat": 2007, "cat_": 2007, "u": "13510708593", "v": "13510708578", "key": "0", "osmid": "1472505841", "highway": "service", "name": "nan", "oneway": "False", "reversed": "True", "length": "32.28009044161465", "lanes": "nan", "service": "nan", "tunnel": "nan" }, "geometry": { "type": "LineString", "coordinates": [ [ 114.3559861, 30.5356104 ], [ 114.3556555, 30.53566690000001 ] ] } },
{ "type": "Feature", "properties": { "fid": 1997.0, "cat": 2009, "cat_": 2009, "u": "13510708593", "v": "13510708582", "key": "0", "osmid": [ 1472505841, 1472505842 ], "highway": "service", "name": "nan", "oneway": "False", "reversed": [ false, true ], "length": "29.312843201305697", "lanes": "nan", "service": "nan", "tunnel": "nan" }, "geometry": { "type": "LineString", "coordinates": [ [ 114.3559861, 30.5356104 ], [ 114.356062100000017, 30.5355966 ], [ 114.3561057, 30.5357897 ] ] } },
{ "type": "Feature", "properties": { "fid": 1998.0, "cat": 2010, "cat_": 2010, "u": "13510708594", "v": "13510708593", "key": "0", "osmid": "1472505843", "highway": "service", "name": "nan", "oneway": "False", "reversed": "True", "length": "41.20085608277209", "lanes": "nan", "service": "nan", "tunnel": "nan" }, "geometry": { "type": "LineString", "coordinates": [ [ 114.3558987, 30.5352476 ], [ 114.3559861, 30.5356104 ] ] } },
{ "type": "Feature", "properties": { "fid": 2004.0, "cat": 2016, "cat_": 2016, "u": "13513425345", "v": "13513425344", "key": "0", "osmid": "1472842318", "highway": "service", "name": "nan", "oneway": "False", "reversed": "True", "length": "28.284871358663587", "lanes": "nan", "service": "nan", "tunnel": "nan" }, "geometry": { "type": "LineString", "coordinates": [ [ 114.3525877, 30.5294241 ], [ 114.3522924, 30.5294263 ] ] } },
{ "type": "Feature", "properties": { "fid": 2016.0, "cat": 2028, "cat_": 2028, "u": "13523586138", "v": "13239990027", "key": "0", "osmid": "1382939843", "highway": "service", "name": "nan", "oneway": "False", "reversed": "False", "length": "4.27684077367921", "lanes": "nan", "service": "nan", "tunnel": "nan" }, "geometry": { "type": "LineString", "coordinates": [ [ 114.352002, 30.5331896 ], [ 114.3519574, 30.5331915 ] ] } },
{ "type": "Feature", "properties": { "fid": 2020.0, "cat": 2032, "cat_": 2032, "u": "13545141143", "v": "13545141142", "key": "0", "osmid": "1476719759", "highway": "service", "name": "nan", "oneway": "False", "reversed": "True", "length": "54.06301646113264", "lanes": "nan", "service": "nan", "tunnel": "nan" }, "geometry": { "type": "LineString", "coordinates": [ [ 114.3523715, 30.5442997 ], [ 114.3519465, 30.5442706 ], [ 114.3518087, 30.5442616 ] ] } },
{ "type": "Feature", "properties": { "fid": 2024.0, "cat": 2036, "cat_": 2036, "u": "13545143094", "v": "13545143093", "key": "0", "osmid": "1383419856", "highway": "service", "name": "nan", "oneway": "False", "reversed": "False", "length": "31.189379421072317", "lanes": "nan", "service": "nan", "tunnel": "nan" }, "geometry": { "type": "LineString", "coordinates": [ [ 114.3648255, 30.5392282 ], [ 114.3649231, 30.5394958 ] ] } },
{ "type": "Feature", "properties": { "fid": 2028.0, "cat": 2040, "cat_": 2040, "u": "13545289881", "v": "13545293369", "key": "0", "osmid": "1477330458", "highway": "residential", "name": "侧船山路", "oneway": "False", "reversed": "False", "length": "46.35134583036876", "lanes": "nan", "service": "nan", "tunnel": "nan" }, "geometry": { "type": "LineString", "coordinates": [ [ 114.3655858, 30.5427985 ], [ 114.3653871, 30.5431786 ] ] } },
{ "type": "Feature", "properties": { "fid": 2029.0, "cat": 2041, "cat_": 2041, "u": "13545289881", "v": "13545289884", "key": "0", "osmid": "1476740524", "highway": "service", "name": "nan", "oneway": "False", "reversed": "True", "length": "38.626146585978134", "lanes": "nan", "service": "nan", "tunnel": "nan" }, "geometry": { "type": "LineString", "coordinates": [ [ 114.3655858, 30.5427985 ], [ 114.3654798, 30.542757 ], [ 114.365421700000013, 30.5427399 ], [ 114.3653727, 30.5427336 ], [ 114.3651968, 30.5427298 ] ] } },
{ "type": "Feature", "properties": { "fid": 2031.0, "cat": 2043, "cat_": 2043, "u": "13545289884", "v": "13545289884", "key": "0", "osmid": "1476740524", "highway": "service", "name": "nan", "oneway": "False", "reversed": "False", "length": "70.66545371645152", "lanes": "nan", "service": "nan", "tunnel": "nan" }, "geometry": { "type": "LineString", "coordinates": [ [ 114.3651968, 30.5427298 ], [ 114.3651931, 30.5428242 ], [ 114.3649354, 30.5428196 ], [ 114.364936, 30.5427892 ], [ 114.3649372, 30.5427242 ], [ 114.3651968, 30.5427298 ] ] } },
{ "type": "Feature", "properties": { "fid": 2038.0, "cat": 2050, "cat_": 2050, "u": "13545293368", "v": "13545293367", "key": "0", "osmid": "1476740546", "highway": "service", "name": "nan", "oneway": "False", "reversed": "True", "length": "45.48469276751156", "lanes": "nan", "service": "nan", "tunnel": "nan" }, "geometry": { "type": "LineString", "coordinates": [ [ 114.3653678, 30.5432188 ], [ 114.3649452, 30.5432069 ], [ 114.3648931, 30.5432054 ] ] } },
{ "type": "Feature", "properties": { "fid": 2039.0, "cat": 2051, "cat_": 2051, "u": "13545293369", "v": "13545293368", "key": "0", "osmid": "1477330458", "highway": "residential", "name": "侧船山路", "oneway": "False", "reversed": "False", "length": "4.837091757149251", "lanes": "nan", "service": "nan", "tunnel": "nan" }, "geometry": { "type": "LineString", "coordinates": [ [ 114.3653871, 30.5431786 ], [ 114.3653678, 30.5432188 ] ] } },
{ "type": "Feature", "properties": { "fid": 2042.0, "cat": 2054, "cat_": 2054, "u": "13545293372", "v": "13545293369", "key": "0", "osmid": "1476740547", "highway": "service", "name": "nan", "oneway": "False", "reversed": "True", "length": "82.47451510364255", "lanes": "nan", "service": "nan", "tunnel": "nan" }, "geometry": { "type": "LineString", "coordinates": [ [ 114.366091200000014, 30.5434122 ], [ 114.3658404, 30.5433367 ], [ 114.3658403, 30.5432159 ], [ 114.3653871, 30.5431786 ] ] } },
{ "type": "Feature", "properties": { "fid": 2046.0, "cat": 2058, "cat_": 2058, "u": "13545293384", "v": "13545293383", "key": "0", "osmid": "1476740551", "highway": "service", "name": "nan", "oneway": "False", "reversed": "True", "length": "86.30698090551226", "lanes": "nan", "service": "nan", "tunnel": "nan" }, "geometry": { "type": "LineString", "coordinates": [ [ 114.3648054, 30.5442147 ], [ 114.363994, 30.544301899999986 ], [ 114.3639111, 30.5443108 ] ] } },
{ "type": "Feature", "properties": { "fid": 2048.0, "cat": 2060, "cat_": 2060, "u": "13545293386", "v": "12808058166", "key": "0", "osmid": "1383419861", "highway": "service", "name": "nan", "oneway": "False", "reversed": "False", "length": "53.71930969295155", "lanes": "nan", "service": "nan", "tunnel": "nan" }, "geometry": { "type": "LineString", "coordinates": [ [ 114.3649922, 30.5438906 ], [ 114.365553, 30.5439016 ] ] } },
{ "type": "Feature", "properties": { "fid": 2049.0, "cat": 2061, "cat_": 2061, "u": "13545293386", "v": "1196701912", "key": "0", "osmid": "103940155", "highway": "residential", "name": "凌波路", "oneway": "False", "reversed": "True", "length": "35.44568884051513", "lanes": "nan", "service": "nan", "tunnel": "nan" }, "geometry": { "type": "LineString", "coordinates": [ [ 114.3649922, 30.5438906 ], [ 114.3650137, 30.5438444 ], [ 114.3650462, 30.5437865 ], [ 114.3650848, 30.5437198 ], [ 114.3651269, 30.5436604 ], [ 114.3651652, 30.5436096 ] ] } },
{ "type": "Feature", "properties": { "fid": 2050.0, "cat": 2062, "cat_": 2062, "u": "13545293398", "v": "13246423664", "key": "0", "osmid": "1476740552", "highway": "service", "name": "nan", "oneway": "False", "reversed": "False", "length": "17.17697840089008", "lanes": "nan", "service": "nan", "tunnel": "nan" }, "geometry": { "type": "LineString", "coordinates": [ [ 114.366261600000016, 30.543824 ], [ 114.3662916, 30.5436717 ] ] } },
{ "type": "Feature", "properties": { "fid": 2052.0, "cat": 2064, "cat_": 2064, "u": "13547452057", "v": "1199818975", "key": "0", "osmid": "103947043", "highway": "service", "name": "nan", "oneway": "False", "reversed": "False", "length": "7.246909716658736", "lanes": "nan", "service": "nan", "tunnel": "nan" }, "geometry": { "type": "LineString", "coordinates": [ [ 114.364393, 30.545251 ], [ 114.3643181, 30.5452603 ] ] } },
{ "type": "Feature", "properties": { "fid": 2053.0, "cat": 2065, "cat_": 2065, "u": "13547452057", "v": "13547452056", "key": "0", "osmid": "1477028021", "highway": "service", "name": "nan", "oneway": "False", "reversed": "True", "length": "13.410328672950905", "lanes": "nan", "service": "nan", "tunnel": "nan" }, "geometry": { "type": "LineString", "coordinates": [ [ 114.364393, 30.545251 ], [ 114.3644265, 30.5453681 ] ] } },
{ "type": "Feature", "properties": { "fid": 2054.0, "cat": 2066, "cat_": 2066, "u": "13547452057", "v": "1196701873", "key": "0", "osmid": "103947043", "highway": "service", "name": "nan", "oneway": "False", "reversed": "True", "length": "63.744450380256694", "lanes": "nan", "service": "nan", "tunnel": "nan" }, "geometry": { "type": "LineString", "coordinates": [ [ 114.364393, 30.545251 ], [ 114.3649654, 30.5451908 ], [ 114.3650537, 30.5451813 ] ] } },
{ "type": "Feature", "properties": { "fid": 2055.0, "cat": 2067, "cat_": 2067, "u": "13547452107", "v": "13545293383", "key": "0", "osmid": "1477028026", "highway": "service", "name": "nan", "oneway": "False", "reversed": "False", "length": "10.652185803782372", "lanes": "nan", "service": "nan", "tunnel": "nan" }, "geometry": { "type": "LineString", "coordinates": [ [ 114.363946900000016, 30.5444015 ], [ 114.3639111, 30.5443108 ] ] } },
{ "type": "Feature", "properties": { "fid": 2056.0, "cat": 2068, "cat_": 2068, "u": "13547452107", "v": "3631666750", "key": "0", "osmid": "1477028026", "highway": "service", "name": "nan", "oneway": "False", "reversed": "True", "length": "24.52495905944232", "lanes": "nan", "service": "nan", "tunnel": "nan" }, "geometry": { "type": "LineString", "coordinates": [ [ 114.363946900000016, 30.5444015 ], [ 114.3640294, 30.5446103 ] ] } },
{ "type": "Feature", "properties": { "fid": 2057.0, "cat": 2069, "cat_": 2069, "u": "13547452107", "v": "3631666749", "key": "0", "osmid": [ 1477028025, 1477028035 ], "highway": "service", "name": "nan", "oneway": "False", "reversed": [ false, true ], "length": "110.79549979140408", "lanes": "nan", "service": "nan", "tunnel": "nan" }, "geometry": { "type": "LineString", "coordinates": [ [ 114.363946900000016, 30.5444015 ], [ 114.3638411, 30.5444252 ], [ 114.3637679, 30.5444454 ], [ 114.3637191, 30.5444655 ], [ 114.3636108, 30.5445238 ], [ 114.363300700000011, 30.5446999 ], [ 114.3633441, 30.5447631 ], [ 114.3632157, 30.5448303 ], [ 114.3632694, 30.5449104 ], [ 114.3633066, 30.5449661 ] ] } },
{ "type": "Feature", "properties": { "fid": 2058.0, "cat": 2070, "cat_": 2070, "u": "13547452115", "v": "13550822519", "key": "0", "osmid": "1385082706", "highway": "service", "name": "nan", "oneway": "False", "reversed": "False", "length": "111.39174078995421", "lanes": "nan", "service": "nan", "tunnel": "nan" }, "geometry": { "type": "LineString", "coordinates": [ [ 114.3610023, 30.5473129 ], [ 114.3617718, 30.5469 ], [ 114.3617964, 30.5468809 ], [ 114.3618092, 30.5468628 ], [ 114.361821500000019, 30.546827 ], [ 114.3618267, 30.5467971 ], [ 114.3618272, 30.5467723 ], [ 114.3618196, 30.5466937 ] ] } },
{ "type": "Feature", "properties": { "fid": 2059.0, "cat": 2071, "cat_": 2071, "u": "13547452115", "v": "12823522537", "key": "0", "osmid": "1385082706", "highway": "service", "name": "nan", "oneway": "False", "reversed": "True", "length": "44.53289118109579", "lanes": "nan", "service": "nan", "tunnel": "nan" }, "geometry": { "type": "LineString", "coordinates": [ [ 114.3610023, 30.5473129 ], [ 114.3607262, 30.547468099999989 ], [ 114.36064570000002, 30.5474951 ], [ 114.3606001, 30.5475104 ] ] } },
{ "type": "Feature", "properties": { "fid": 2061.0, "cat": 2073, "cat_": 2073, "u": "13547452116", "v": "13668225775", "key": "0", "osmid": "1383232712", "highway": "service", "name": "nan", "oneway": "False", "reversed": "True", "length": "36.000783750156195", "lanes": "nan", "service": "nan", "tunnel": "nan" }, "geometry": { "type": "LineString", "coordinates": [ [ 114.3610834, 30.5466326 ], [ 114.3607099, 30.5465958 ] ] } },
{ "type": "Feature", "properties": { "fid": 2062.0, "cat": 2074, "cat_": 2074, "u": "13547452116", "v": "12805877876", "key": "0", "osmid": [ 1383232712, 1383232713 ], "highway": "service", "name": "nan", "oneway": "False", "reversed": "False", "length": "214.32741879543596", "lanes": "nan", "service": "nan", "tunnel": "nan" }, "geometry": { "type": "LineString", "coordinates": [ [ 114.3610834, 30.5466326 ], [ 114.361178, 30.5466419 ], [ 114.3615738, 30.5466809 ], [ 114.3616903, 30.5457655 ], [ 114.3617209, 30.5455199 ], [ 114.3613347, 30.5454843 ] ] } },
{ "type": "Feature", "properties": { "fid": 2063.0, "cat": 2075, "cat_": 2075, "u": "13547452116", "v": "13547452115", "key": "0", "osmid": [ 1477028037, 1491381676, 1491381677, 1491381678, 1491381679 ], "highway": "service", "name": "nan", "oneway": "False", "reversed": "True", "length": "76.04364712620321", "lanes": "nan", "service": "nan", "tunnel": "nan" }, "geometry": { "type": "LineString", "coordinates": [ [ 114.3610834, 30.5466326 ], [ 114.3610657, 30.5467817 ], [ 114.3610445, 30.5469593 ], [ 114.3610339, 30.5470478 ], [ 114.3610197, 30.547167 ], [ 114.3610023, 30.5473129 ] ] } },
{ "type": "Feature", "properties": { "fid": 2064.0, "cat": 2076, "cat_": 2076, "u": "13550810244", "v": "4052778638", "key": "0", "osmid": [ 1477028041, 358205779 ], "highway": "service", "name": "nan", "oneway": "False", "reversed": "True", "length": "137.09141441619977", "lanes": "nan", "service": "nan", "tunnel": "nan" }, "geometry": { "type": "LineString", "coordinates": [ [ 114.3595774, 30.5435936 ], [ 114.3599638, 30.5435215 ], [ 114.3601555, 30.5435022 ], [ 114.3602459, 30.5434965 ], [ 114.3603462, 30.5434997 ], [ 114.3609953, 30.5435539 ] ] } },
{ "type": "Feature", "properties": { "fid": 2065.0, "cat": 2077, "cat_": 2077, "u": "13550810244", "v": "5487754094", "key": "0", "osmid": "1477325030", "highway": "service", "name": "nan", "oneway": "False", "reversed": "False", "length": "43.30033175404956", "lanes": "nan", "service": "nan", "tunnel": "nan" }, "geometry": { "type": "LineString", "coordinates": [ [ 114.3595774, 30.5435936 ], [ 114.359506, 30.5435896 ], [ 114.3594509, 30.5435816 ], [ 114.3593983, 30.5435697 ], [ 114.3593499, 30.5435505 ], [ 114.3592974, 30.5435278 ], [ 114.359185, 30.5434685 ], [ 114.3591624, 30.543456599999985 ] ] } },
{ "type": "Feature", "properties": { "fid": 2068.0, "cat": 2080, "cat_": 2080, "u": "13550810247", "v": "13550810245", "key": "0", "osmid": "1477325031", "highway": "service", "name": "nan", "oneway": "False", "reversed": "False", "length": "25.29210916161075", "lanes": "nan", "service": "nan", "tunnel": "nan" }, "geometry": { "type": "LineString", "coordinates": [ [ 114.3601424, 30.5436209 ], [ 114.3604062, 30.5436318 ] ] } },
{ "type": "Feature", "properties": { "fid": 2070.0, "cat": 2082, "cat_": 2082, "u": "13550810247", "v": "13550810244", "key": "0", "osmid": "1477325031", "highway": "service", "name": "nan", "oneway": "False", "reversed": "True", "length": "54.1928530629", "lanes": "nan", "service": "nan", "tunnel": "nan" }, "geometry": { "type": "LineString", "coordinates": [ [ 114.3601424, 30.5436209 ], [ 114.3599892, 30.5436136 ], [ 114.3595774, 30.5435936 ] ] } },
{ "type": "Feature", "properties": { "fid": 2071.0, "cat": 2083, "cat_": 2083, "u": "13550810248", "v": "13550810247", "key": "0", "osmid": "1477325032", "highway": "service", "name": "nan", "oneway": "False", "reversed": "False", "length": "38.472493965278034", "lanes": "nan", "service": "nan", "tunnel": "nan" }, "geometry": { "type": "LineString", "coordinates": [ [ 114.3600983, 30.5439648 ], [ 114.3601424, 30.5436209 ] ] } },
{ "type": "Feature", "properties": { "fid": 2072.0, "cat": 2084, "cat_": 2084, "u": "13550810248", "v": "1379619930", "key": "0", "osmid": [ 1053516204, 1477028038 ], "highway": "residential", "name": [ "松园南路", "松园东路" ], "oneway": "False", "reversed": "False", "length": "213.528353728825", "lanes": "nan", "service": "nan", "tunnel": "nan" }, "geometry": { "type": "LineString", "coordinates": [ [ 114.3600983, 30.5439648 ], [ 114.3605613, 30.5440159 ], [ 114.360656100000014, 30.5440262 ], [ 114.3609272, 30.5440558 ], [ 114.360951, 30.5440678 ], [ 114.3609709, 30.5440815 ], [ 114.360998100000018, 30.544105 ], [ 114.3610271, 30.544133 ], [ 114.3610374, 30.5441627 ], [ 114.3610376, 30.5442047 ], [ 114.3609049, 30.5450237 ], [ 114.3608766, 30.5452064 ] ] } },
{ "type": "Feature", "properties": { "fid": 2073.0, "cat": 2085, "cat_": 2085, "u": "13550810248", "v": "9681727748", "key": "0", "osmid": [ 1477325033, 1053516204 ], "highway": "residential", "name": "松园南路", "oneway": "False", "reversed": "True", "length": "157.54645752597315", "lanes": "nan", "service": "nan", "tunnel": "nan" }, "geometry": { "type": "LineString", "coordinates": [ [ 114.3600983, 30.5439648 ], [ 114.3600318, 30.5439582 ], [ 114.3598828, 30.5439419 ], [ 114.3596817, 30.54392 ], [ 114.3591284, 30.5438596 ], [ 114.3588355, 30.5438277 ], [ 114.3588033, 30.543827099999987 ], [ 114.3587758, 30.5438296 ], [ 114.3587459, 30.5438366 ], [ 114.3587184, 30.5438448 ], [ 114.3586623, 30.5438667 ], [ 114.3586145, 30.5438891 ], [ 114.3585519, 30.5439217 ], [ 114.3585011, 30.5439541 ] ] } },
{ "type": "Feature", "properties": { "fid": 2075.0, "cat": 2087, "cat_": 2087, "u": "13550831465", "v": "4052778638", "key": "0", "osmid": "1477325035", "highway": "service", "name": "nan", "oneway": "False", "reversed": "True", "length": "49.4906044037339", "lanes": "nan", "service": "nan", "tunnel": "nan" }, "geometry": { "type": "LineString", "coordinates": [ [ 114.361228, 30.5432996 ], [ 114.3610335, 30.5432795 ], [ 114.3609953, 30.5435539 ] ] } },
{ "type": "Feature", "properties": { "fid": 2077.0, "cat": 2089, "cat_": 2089, "u": "13550831478", "v": "5487754076", "key": "0", "osmid": "1382717934", "highway": "service", "name": "nan", "oneway": "False", "reversed": "True", "length": "10.405422255894655", "lanes": "nan", "service": "nan", "tunnel": "nan" }, "geometry": { "type": "LineString", "coordinates": [ [ 114.3646432, 30.5434307 ], [ 114.3646499, 30.5435241 ] ] } },
{ "type": "Feature", "properties": { "fid": 2078.0, "cat": 2090, "cat_": 2090, "u": "13550831478", "v": "12801831117", "key": "0", "osmid": "1382717934", "highway": "service", "name": "nan", "oneway": "False", "reversed": "False", "length": "27.80119772425741", "lanes": "nan", "service": "nan", "tunnel": "nan" }, "geometry": { "type": "LineString", "coordinates": [ [ 114.3646432, 30.5434307 ], [ 114.3646355, 30.5433239 ], [ 114.3645797, 30.5431892 ] ] } },
{ "type": "Feature", "properties": { "fid": 2079.0, "cat": 2091, "cat_": 2091, "u": "13550831478", "v": "13550831476", "key": "0", "osmid": "1477326469", "highway": "service", "name": "nan", "oneway": "False", "reversed": "True", "length": "44.101845018116016", "lanes": "nan", "service": "parking_aisle", "tunnel": "nan" }, "geometry": { "type": "LineString", "coordinates": [ [ 114.3646432, 30.5434307 ], [ 114.3645554, 30.5434418 ], [ 114.364491, 30.5434569 ], [ 114.3642014, 30.5435394 ] ] } },
{ "type": "Feature", "properties": { "fid": 2080.0, "cat": 2092, "cat_": 2092, "u": "13550876494", "v": "12889055212", "key": "0", "osmid": "103642349", "highway": "residential", "name": "侧船山路", "oneway": "False", "reversed": "True", "length": "34.595848916487995", "lanes": "nan", "service": "nan", "tunnel": "nan" }, "geometry": { "type": "LineString", "coordinates": [ [ 114.3661078, 30.5415936 ], [ 114.3664576, 30.5415159 ] ] } },
{ "type": "Feature", "properties": { "fid": 2081.0, "cat": 2093, "cat_": 2093, "u": "13550876494", "v": "1196701951", "key": "0", "osmid": [ 1477330458, 103642349 ], "highway": "residential", "name": "侧船山路", "oneway": "False", "reversed": "False", "length": "85.69410906391538", "lanes": "nan", "service": "nan", "tunnel": "nan" }, "geometry": { "type": "LineString", "coordinates": [ [ 114.3661078, 30.5415936 ], [ 114.366041800000019, 30.5416083 ], [ 114.365891, 30.5421104 ], [ 114.3658207, 30.542294 ] ] } },
{ "type": "Feature", "properties": { "fid": 2082.0, "cat": 2094, "cat_": 2094, "u": "13550876494", "v": "3631666699", "key": "0", "osmid": [ 1477330459, 358205734 ], "highway": "service", "name": "nan", "oneway": "False", "reversed": "True", "length": "143.47890215874443", "lanes": "nan", "service": "nan", "tunnel": "nan" }, "geometry": { "type": "LineString", "coordinates": [ [ 114.3661078, 30.5415936 ], [ 114.366069, 30.541422 ], [ 114.3655319, 30.5413759 ], [ 114.3647802, 30.5413112 ] ] } },
{ "type": "Feature", "properties": { "fid": 2083.0, "cat": 2095, "cat_": 2095, "u": "13550957414", "v": "12805594656", "key": "0", "osmid": "1383195555", "highway": "service", "name": "nan", "oneway": "False", "reversed": "False", "length": "21.541849842380735", "lanes": "nan", "service": "nan", "tunnel": "nan" }, "geometry": { "type": "LineString", "coordinates": [ [ 114.3517428, 30.5429335 ], [ 114.3515205, 30.5429039 ] ] } },
{ "type": "Feature", "properties": { "fid": 2084.0, "cat": 2096, "cat_": 2096, "u": "13550957414", "v": "12805594657", "key": "0", "osmid": "1383195555", "highway": "service", "name": "nan", "oneway": "False", "reversed": "True", "length": "24.068580259096624", "lanes": "nan", "service": "nan", "tunnel": "nan" }, "geometry": { "type": "LineString", "coordinates": [ [ 114.3517428, 30.5429335 ], [ 114.351894900000019, 30.5429537 ], [ 114.3519923, 30.5429557 ] ] } },
{ "type": "Feature", "properties": { "fid": 2086.0, "cat": 2098, "cat_": 2098, "u": "13550957417", "v": "12805594661", "key": "0", "osmid": "1383195557", "highway": "residential", "name": "nan", "oneway": "False", "reversed": "False", "length": "117.72679722017355", "lanes": "nan", "service": "nan", "tunnel": "nan" }, "geometry": { "type": "LineString", "coordinates": [ [ 114.351322200000013, 30.542309 ], [ 114.3507561, 30.543248800000011 ] ] } },
{ "type": "Feature", "properties": { "fid": 2087.0, "cat": 2099, "cat_": 2099, "u": "13550957417", "v": "1663906512", "key": "0", "osmid": "1383195557", "highway": "residential", "name": "nan", "oneway": "False", "reversed": "True", "length": "30.504929942057984", "lanes": "nan", "service": "nan", "tunnel": "nan" }, "geometry": { "type": "LineString", "coordinates": [ [ 114.351322200000013, 30.542309 ], [ 114.3514687, 30.5420654 ] ] } },
{ "type": "Feature", "properties": { "fid": 2088.0, "cat": 2100, "cat_": 2100, "u": "13550957417", "v": "13550957414", "key": "0", "osmid": "1477337888", "highway": "service", "name": "nan", "oneway": "False", "reversed": "True", "length": "101.95526487899153", "lanes": "nan", "service": "nan", "tunnel": "nan" }, "geometry": { "type": "LineString", "coordinates": [ [ 114.351322200000013, 30.542309 ], [ 114.3515661, 30.5424069 ], [ 114.3518341, 30.5425145 ], [ 114.3518443, 30.542532 ], [ 114.3517428, 30.5429335 ] ] } },
{ "type": "Feature", "properties": { "fid": 2089.0, "cat": 2101, "cat_": 2101, "u": "13550957428", "v": "12805594654", "key": "0", "osmid": "1383195554", "highway": "service", "name": "nan", "oneway": "False", "reversed": "False", "length": "67.79886978616555", "lanes": "nan", "service": "nan", "tunnel": "nan" }, "geometry": { "type": "LineString", "coordinates": [ [ 114.3539165, 30.5433701 ], [ 114.3546232, 30.5434065 ] ] } },
{ "type": "Feature", "properties": { "fid": 2090.0, "cat": 2102, "cat_": 2102, "u": "13550957428", "v": "12805594646", "key": "0", "osmid": "1383195554", "highway": "service", "name": "nan", "oneway": "False", "reversed": "True", "length": "4.0965266267542875", "lanes": "nan", "service": "nan", "tunnel": "nan" }, "geometry": { "type": "LineString", "coordinates": [ [ 114.3539165, 30.5433701 ], [ 114.3538738, 30.5433679 ] ] } },
{ "type": "Feature", "properties": { "fid": 2091.0, "cat": 2103, "cat_": 2103, "u": "13550957428", "v": "12805594645", "key": "0", "osmid": "1477337892", "highway": "service", "name": "nan", "oneway": "False", "reversed": "False", "length": "30.696655728254587", "lanes": "nan", "service": "nan", "tunnel": "nan" }, "geometry": { "type": "LineString", "coordinates": [ [ 114.3539165, 30.5433701 ], [ 114.3539418, 30.5430949 ] ] } },
{ "type": "Feature", "properties": { "fid": 2092.0, "cat": 2104, "cat_": 2104, "u": "13550983522", "v": "12805594606", "key": "0", "osmid": "1383195534", "highway": "service", "name": "nan", "oneway": "False", "reversed": "True", "length": "48.593071771830814", "lanes": "nan", "service": "nan", "tunnel": "nan" }, "geometry": { "type": "LineString", "coordinates": [ [ 114.3533371, 30.544566899999989 ], [ 114.3537667, 30.5445971 ], [ 114.3537859, 30.5446012 ], [ 114.353797, 30.5446084 ], [ 114.3538066, 30.5446174 ], [ 114.3538138, 30.5446306 ], [ 114.353816, 30.5446404 ] ] } },
{ "type": "Feature", "properties": { "fid": 2093.0, "cat": 2105, "cat_": 2105, "u": "13555966703", "v": "13555966706", "key": "0", "osmid": "1387843581", "highway": "residential", "name": "nan", "oneway": "False", "reversed": "True", "length": "46.96925563348246", "lanes": "nan", "service": "nan", "tunnel": "nan" }, "geometry": { "type": "LineString", "coordinates": [ [ 114.356053, 30.5469713 ], [ 114.3560856, 30.5467378 ], [ 114.3561104, 30.5465518 ] ] } },
{ "type": "Feature", "properties": { "fid": 2094.0, "cat": 2106, "cat_": 2106, "u": "13555966703", "v": "13555966737", "key": "0", "osmid": [ 1477804290, 1477804300 ], "highway": "service", "name": "nan", "oneway": "False", "reversed": [ false, true ], "length": "59.219044581355824", "lanes": "nan", "service": "nan", "tunnel": "nan" }, "geometry": { "type": "LineString", "coordinates": [ [ 114.356053, 30.5469713 ], [ 114.355926, 30.5469593 ], [ 114.355975300000011, 30.5465389 ] ] } },
{ "type": "Feature", "properties": { "fid": 2095.0, "cat": 2107, "cat_": 2107, "u": "13555966706", "v": "13555966737", "key": "0", "osmid": "1477804291", "highway": "service", "name": "nan", "oneway": "False", "reversed": "True", "length": "13.016863282914722", "lanes": "nan", "service": "nan", "tunnel": "nan" }, "geometry": { "type": "LineString", "coordinates": [ [ 114.3561104, 30.5465518 ], [ 114.355975300000011, 30.5465389 ] ] } },
{ "type": "Feature", "properties": { "fid": 2097.0, "cat": 2109, "cat_": 2109, "u": "13555966706", "v": "8101909384", "key": "0", "osmid": "1387843581", "highway": "residential", "name": "nan", "oneway": "False", "reversed": "True", "length": "13.55923238185237", "lanes": "nan", "service": "nan", "tunnel": "nan" }, "geometry": { "type": "LineString", "coordinates": [ [ 114.3561104, 30.5465518 ], [ 114.3561199, 30.5464825 ], [ 114.356127, 30.5464307 ] ] } },
{ "type": "Feature", "properties": { "fid": 2098.0, "cat": 2110, "cat_": 2110, "u": "13555966708", "v": "1664012967", "key": "0", "osmid": "128247473", "highway": "residential", "name": "文澜路", "oneway": "False", "reversed": "False", "length": "101.55541466015856", "lanes": "nan", "service": "nan", "tunnel": "nan" }, "geometry": { "type": "LineString", "coordinates": [ [ 114.3549786, 30.547236699999985 ], [ 114.355088400000014, 30.5463283 ] ] } },
{ "type": "Feature", "properties": { "fid": 2099.0, "cat": 2111, "cat_": 2111, "u": "13555966708", "v": "13555966828", "key": "0", "osmid": "128247473", "highway": "residential", "name": "文澜路", "oneway": "False", "reversed": "True", "length": "24.621587299504746", "lanes": "nan", "service": "nan", "tunnel": "nan" }, "geometry": { "type": "LineString", "coordinates": [ [ 114.3549786, 30.547236699999985 ], [ 114.3549564, 30.5474573 ] ] } },
{ "type": "Feature", "properties": { "fid": 2104.0, "cat": 2116, "cat_": 2116, "u": "13555966746", "v": "13555966737", "key": "0", "osmid": "1477804291", "highway": "service", "name": "nan", "oneway": "False", "reversed": "False", "length": "6.58994871605142", "lanes": "nan", "service": "nan", "tunnel": "nan" }, "geometry": { "type": "LineString", "coordinates": [ [ 114.3559069, 30.5465324 ], [ 114.355975300000011, 30.5465389 ] ] } },
{ "type": "Feature", "properties": { "fid": 2107.0, "cat": 2119, "cat_": 2119, "u": "13555966747", "v": "8101909384", "key": "0", "osmid": "1383094440", "highway": "residential", "name": "松园北路", "oneway": "False", "reversed": "False", "length": "19.81787888562194", "lanes": "nan", "service": "nan", "tunnel": "nan" }, "geometry": { "type": "LineString", "coordinates": [ [ 114.3559214, 30.5464104 ], [ 114.356127, 30.5464307 ] ] } },
{ "type": "Feature", "properties": { "fid": 2108.0, "cat": 2120, "cat_": 2120, "u": "13555966747", "v": "13555966772", "key": "0", "osmid": "1383094440", "highway": "residential", "name": "松园北路", "oneway": "False", "reversed": "True", "length": "45.13918993691501", "lanes": "nan", "service": "nan", "tunnel": "nan" }, "geometry": { "type": "LineString", "coordinates": [ [ 114.3559214, 30.5464104 ], [ 114.3554531, 30.5463642 ] ] } },
{ "type": "Feature", "properties": { "fid": 2109.0, "cat": 2121, "cat_": 2121, "u": "13555966747", "v": "13555966746", "key": "0", "osmid": "1477804303", "highway": "service", "name": "nan", "oneway": "False", "reversed": "True", "length": "13.636680275298698", "lanes": "nan", "service": "nan", "tunnel": "nan" }, "geometry": { "type": "LineString", "coordinates": [ [ 114.3559214, 30.5464104 ], [ 114.3559069, 30.5465324 ] ] } },
{ "type": "Feature", "properties": { "fid": 2110.0, "cat": 2122, "cat_": 2122, "u": "13555966750", "v": "13555966746", "key": "0", "osmid": "1477804291", "highway": "service", "name": "nan", "oneway": "False", "reversed": "False", "length": "132.92348989879432", "lanes": "nan", "service": "nan", "tunnel": "nan" }, "geometry": { "type": "LineString", "coordinates": [ [ 114.355109, 30.5470265 ], [ 114.3551815, 30.5464631 ], [ 114.3557676, 30.5465191 ], [ 114.3559069, 30.5465324 ] ] } },
{ "type": "Feature", "properties": { "fid": 2111.0, "cat": 2123, "cat_": 2123, "u": "13555966750", "v": "13555966708", "key": "0", "osmid": "1477804291", "highway": "service", "name": "nan", "oneway": "False", "reversed": "True", "length": "34.450451463419554", "lanes": "nan", "service": "nan", "tunnel": "nan" }, "geometry": { "type": "LineString", "coordinates": [ [ 114.355109, 30.5470265 ], [ 114.3550807, 30.5472465 ], [ 114.3549786, 30.547236699999985 ] ] } },
{ "type": "Feature", "properties": { "fid": 2113.0, "cat": 2125, "cat_": 2125, "u": "13555966753", "v": "13555966750", "key": "0", "osmid": "1477804305", "highway": "service", "name": "nan", "oneway": "False", "reversed": "True", "length": "99.95036088890919", "lanes": "nan", "service": "nan", "tunnel": "nan" }, "geometry": { "type": "LineString", "coordinates": [ [ 114.3554075, 30.5467355 ], [ 114.3556138, 30.5467542 ], [ 114.3555754, 30.5470688 ], [ 114.355109, 30.5470265 ] ] } },
{ "type": "Feature", "properties": { "fid": 2115.0, "cat": 2127, "cat_": 2127, "u": "13555966772", "v": "1664012967", "key": "0", "osmid": "1383094440", "highway": "residential", "name": "松园北路", "oneway": "False", "reversed": "True", "length": "35.15225190933574", "lanes": "nan", "service": "nan", "tunnel": "nan" }, "geometry": { "type": "LineString", "coordinates": [ [ 114.3554531, 30.5463642 ], [ 114.355088400000014, 30.5463283 ] ] } },
{ "type": "Feature", "properties": { "fid": 2117.0, "cat": 2129, "cat_": 2129, "u": "13555966774", "v": "13555966772", "key": "0", "osmid": "1477804312", "highway": "service", "name": "nan", "oneway": "False", "reversed": "True", "length": "40.577400066664445", "lanes": "nan", "service": "parking_aisle", "tunnel": "nan" }, "geometry": { "type": "LineString", "coordinates": [ [ 114.355801700000015, 30.5463237 ], [ 114.3554643, 30.5462922 ], [ 114.3554531, 30.5463642 ] ] } },
{ "type": "Feature", "properties": { "fid": 2118.0, "cat": 2130, "cat_": 2130, "u": "13555966777", "v": "13566460665", "key": "0", "osmid": "1477804314", "highway": "service", "name": "nan", "oneway": "False", "reversed": "True", "length": "10.638897032201488", "lanes": "nan", "service": "nan", "tunnel": "nan" }, "geometry": { "type": "LineString", "coordinates": [ [ 114.3563491, 30.5457999 ], [ 114.3563359, 30.5458949 ] ] } },
{ "type": "Feature", "properties": { "fid": 2119.0, "cat": 2131, "cat_": 2131, "u": "13555966822", "v": "4159413690", "key": "0", "osmid": "1477804336", "highway": "service", "name": "nan", "oneway": "False", "reversed": "False", "length": "47.90905317702985", "lanes": "nan", "service": "nan", "tunnel": "nan" }, "geometry": { "type": "LineString", "coordinates": [ [ 114.3576481, 30.5456654 ], [ 114.35766, 30.5455642 ], [ 114.3576799, 30.5454213 ], [ 114.3576988, 30.5452791 ], [ 114.3577054, 30.5452374 ] ] } },
{ "type": "Feature", "properties": { "fid": 2121.0, "cat": 2133, "cat_": 2133, "u": "13556582690", "v": "1199831232", "key": "0", "osmid": "103948547", "highway": "residential", "name": "桂园路", "oneway": "False", "reversed": "False", "length": "27.6593706528748", "lanes": "nan", "service": "nan", "tunnel": "nan" }, "geometry": { "type": "LineString", "coordinates": [ [ 114.3545667, 30.5414475 ], [ 114.3542828, 30.5414018 ] ] } },
{ "type": "Feature", "properties": { "fid": 2123.0, "cat": 2135, "cat_": 2135, "u": "13556582690", "v": "13556582694", "key": "0", "osmid": "1477870023", "highway": "service", "name": "nan", "oneway": "False", "reversed": "False", "length": "31.377506566073535", "lanes": "nan", "service": "nan", "tunnel": "nan" }, "geometry": { "type": "LineString", "coordinates": [ [ 114.3545667, 30.5414475 ], [ 114.3545292, 30.5416461 ], [ 114.354622, 30.5416591 ] ] } },
{ "type": "Feature", "properties": { "fid": 2124.0, "cat": 2136, "cat_": 2136, "u": "13556582693", "v": "13556582690", "key": "0", "osmid": "103948547", "highway": "residential", "name": "桂园路", "oneway": "False", "reversed": "False", "length": "17.239200056203195", "lanes": "nan", "service": "nan", "tunnel": "nan" }, "geometry": { "type": "LineString", "coordinates": [ [ 114.354744, 30.541474300000012 ], [ 114.3545667, 30.5414475 ] ] } },
{ "type": "Feature", "properties": { "fid": 2125.0, "cat": 2137, "cat_": 2137, "u": "13556582693", "v": "12803435207", "key": "0", "osmid": "103948547", "highway": "residential", "name": "桂园路", "oneway": "False", "reversed": "True", "length": "126.18838019366649", "lanes": "nan", "service": "nan", "tunnel": "nan" }, "geometry": { "type": "LineString", "coordinates": [ [ 114.354744, 30.541474300000012 ], [ 114.3550091, 30.5415131 ], [ 114.355065, 30.5415151 ], [ 114.3551054, 30.5415126 ], [ 114.3551385, 30.5415058 ], [ 114.3551662, 30.5414968 ], [ 114.3552283, 30.5414707 ], [ 114.3556633, 30.5412519 ], [ 114.355931, 30.5411076 ] ] } },
{ "type": "Feature", "properties": { "fid": 2126.0, "cat": 2138, "cat_": 2138, "u": "13556582693", "v": "13556582694", "key": "0", "osmid": "1477870023", "highway": "service", "name": "nan", "oneway": "False", "reversed": "True", "length": "30.388521558583474", "lanes": "nan", "service": "nan", "tunnel": "nan" }, "geometry": { "type": "LineString", "coordinates": [ [ 114.354744, 30.541474300000012 ], [ 114.3547068, 30.541671 ], [ 114.354622, 30.5416591 ] ] } },
{ "type": "Feature", "properties": { "fid": 2127.0, "cat": 2139, "cat_": 2139, "u": "13556582694", "v": "13556582695", "key": "0", "osmid": "1477870024", "highway": "service", "name": "nan", "oneway": "False", "reversed": "False", "length": "6.789631948478394", "lanes": "nan", "service": "nan", "tunnel": "nan" }, "geometry": { "type": "LineString", "coordinates": [ [ 114.354622, 30.5416591 ], [ 114.3546116, 30.5417195 ] ] } },
{ "type": "Feature", "properties": { "fid": 2131.0, "cat": 2143, "cat_": 2143, "u": "13556596321", "v": "13556596325", "key": "0", "osmid": "1144290347", "highway": "residential", "name": "思源路", "oneway": "False", "reversed": "False", "length": "60.86804575789196", "lanes": "nan", "service": "nan", "tunnel": "nan" }, "geometry": { "type": "LineString", "coordinates": [ [ 114.3524918, 30.539808 ], [ 114.3524762, 30.5398898 ], [ 114.3524411, 30.5400708 ], [ 114.3523898, 30.5403483 ] ] } },
{ "type": "Feature", "properties": { "fid": 2132.0, "cat": 2144, "cat_": 2144, "u": "13556596321", "v": "12941904329", "key": "0", "osmid": "1144290347", "highway": "residential", "name": "思源路", "oneway": "False", "reversed": "True", "length": "46.58125258684652", "lanes": "nan", "service": "nan", "tunnel": "nan" }, "geometry": { "type": "LineString", "coordinates": [ [ 114.3524918, 30.539808 ], [ 114.3525575, 30.5394803 ], [ 114.3525746, 30.5393952 ] ] } },
{ "type": "Feature", "properties": { "fid": 2133.0, "cat": 2145, "cat_": 2145, "u": "13556596321", "v": "13556596326", "key": "0", "osmid": [ 1477870028, 1484792020, 1484792021 ], "highway": "service", "name": "nan", "oneway": "False", "reversed": "False", "length": "74.93999427732906", "lanes": "nan", "service": "nan", "tunnel": "yes" }, "geometry": { "type": "LineString", "coordinates": [ [ 114.3524918, 30.539808 ], [ 114.3525402, 30.5398147 ], [ 114.3526677, 30.5398323 ], [ 114.3531533, 30.5398994 ], [ 114.3532641, 30.539916399999985 ] ] } },
{ "type": "Feature", "properties": { "fid": 2134.0, "cat": 2146, "cat_": 2146, "u": "13556596322", "v": "13556596326", "key": "0", "osmid": "1484792021", "highway": "service", "name": "nan", "oneway": "False", "reversed": "True", "length": "33.71534464391226", "lanes": "nan", "service": "nan", "tunnel": "nan" }, "geometry": { "type": "LineString", "coordinates": [ [ 114.353612, 30.5399628 ], [ 114.3532641, 30.539916399999985 ] ] } },
{ "type": "Feature", "properties": { "fid": 2135.0, "cat": 2147, "cat_": 2147, "u": "13556596322", "v": "979935998", "key": "0", "osmid": "84246296", "highway": "residential", "name": "桂园一路", "oneway": "False", "reversed": "False", "length": "50.9964020076075", "lanes": "nan", "service": "nan", "tunnel": "nan" }, "geometry": { "type": "LineString", "coordinates": [ [ 114.353612, 30.5399628 ], [ 114.3536812, 30.539863499999985 ], [ 114.3537935, 30.5397296 ], [ 114.3538898, 30.5396324 ], [ 114.3539274, 30.5395945 ] ] } },
{ "type": "Feature", "properties": { "fid": 2137.0, "cat": 2149, "cat_": 2149, "u": "13556596323", "v": "1807209565", "key": "0", "osmid": "84246296", "highway": "residential", "name": "桂园一路", "oneway": "False", "reversed": "True", "length": "29.03621922116738", "lanes": "nan", "service": "nan", "tunnel": "nan" }, "geometry": { "type": "LineString", "coordinates": [ [ 114.3532417, 30.5405223 ], [ 114.3530939, 30.5407503 ] ] } },
{ "type": "Feature", "properties": { "fid": 2138.0, "cat": 2150, "cat_": 2150, "u": "13556596323", "v": "13556596322", "key": "0", "osmid": "84246296", "highway": "residential", "name": "桂园一路", "oneway": "False", "reversed": "False", "length": "71.61145977136519", "lanes": "nan", "service": "nan", "tunnel": "nan" }, "geometry": { "type": "LineString", "coordinates": [ [ 114.3532417, 30.5405223 ], [ 114.3535593, 30.5400417 ], [ 114.353612, 30.5399628 ] ] } },
{ "type": "Feature", "properties": { "fid": 2140.0, "cat": 2152, "cat_": 2152, "u": "13556596324", "v": "13556596326", "key": "0", "osmid": "1477870030", "highway": "service", "name": "nan", "oneway": "False", "reversed": "False", "length": "60.727915853743056", "lanes": "nan", "service": "nan", "tunnel": "nan" }, "geometry": { "type": "LineString", "coordinates": [ [ 114.3531598, 30.5404551 ], [ 114.3532641, 30.539916399999985 ] ] } },
{ "type": "Feature", "properties": { "fid": 2141.0, "cat": 2153, "cat_": 2153, "u": "13556596324", "v": "13556596323", "key": "0", "osmid": "1484792017", "highway": "service", "name": "nan", "oneway": "False", "reversed": "True", "length": "10.833080988522493", "lanes": "nan", "service": "nan", "tunnel": "nan" }, "geometry": { "type": "LineString", "coordinates": [ [ 114.3531598, 30.5404551 ], [ 114.3532106, 30.5404968 ], [ 114.3532417, 30.5405223 ] ] } },
{ "type": "Feature", "properties": { "fid": 2142.0, "cat": 2154, "cat_": 2154, "u": "13556596324", "v": "13556596325", "key": "0", "osmid": [ 1484792018, 1484792019, 1477870029 ], "highway": "service", "name": "nan", "oneway": "False", "reversed": "False", "length": "74.69237974311451", "lanes": "nan", "service": "nan", "tunnel": "yes" }, "geometry": { "type": "LineString", "coordinates": [ [ 114.3531598, 30.5404551 ], [ 114.3530483, 30.5404399 ], [ 114.3525626, 30.5403723 ], [ 114.3524373, 30.5403549 ], [ 114.3523898, 30.5403483 ] ] } },
{ "type": "Feature", "properties": { "fid": 2143.0, "cat": 2155, "cat_": 2155, "u": "13556596325", "v": "3977329418", "key": "0", "osmid": "1144290347", "highway": "residential", "name": "思源路", "oneway": "False", "reversed": "False", "length": "27.271113885129807", "lanes": "nan", "service": "nan", "tunnel": "nan" }, "geometry": { "type": "LineString", "coordinates": [ [ 114.3523898, 30.5403483 ], [ 114.352353, 30.5405461 ], [ 114.352345, 30.5405905 ] ] } },
{ "type": "Feature", "properties": { "fid": 2149.0, "cat": 2161, "cat_": 2161, "u": "13556596328", "v": "979935998", "key": "0", "osmid": "1408203763", "highway": "residential", "name": "nan", "oneway": "False", "reversed": "False", "length": "4.1281938840972145", "lanes": "nan", "service": "nan", "tunnel": "nan" }, "geometry": { "type": "LineString", "coordinates": [ [ 114.3538849, 30.5395883 ], [ 114.3539274, 30.5395945 ] ] } },
{ "type": "Feature", "properties": { "fid": 2150.0, "cat": 2162, "cat_": 2162, "u": "13556596328", "v": "13613500635", "key": "0", "osmid": "1383195546", "highway": "service", "name": "nan", "oneway": "False", "reversed": "False", "length": "81.71624997081328", "lanes": "nan", "service": "nan", "tunnel": "nan" }, "geometry": { "type": "LineString", "coordinates": [ [ 114.3538849, 30.5395883 ], [ 114.3538809, 30.5395561 ], [ 114.3538372, 30.5392106 ], [ 114.3535276, 30.5392396 ], [ 114.3534941, 30.5392666 ], [ 114.3534787, 30.5392806 ], [ 114.3534537, 30.5392984 ] ] } },
{ "type": "Feature", "properties": { "fid": 2151.0, "cat": 2163, "cat_": 2163, "u": "13556596328", "v": "13613500622", "key": "0", "osmid": "1408203763", "highway": "residential", "name": "nan", "oneway": "False", "reversed": "True", "length": "72.006305745703", "lanes": "nan", "service": "nan", "tunnel": "nan" }, "geometry": { "type": "LineString", "coordinates": [ [ 114.3538849, 30.5395883 ], [ 114.3535118, 30.5395333 ], [ 114.3531438, 30.5394791 ] ] } },
{ "type": "Feature", "properties": { "fid": 2154.0, "cat": 2166, "cat_": 2166, "u": "13563512967", "v": "13563512964", "key": "0", "osmid": "1478484784", "highway": "service", "name": "nan", "oneway": "False", "reversed": "True", "length": "25.520679912705685", "lanes": "nan", "service": "nan", "tunnel": "nan" }, "geometry": { "type": "LineString", "coordinates": [ [ 114.3581534, 30.544110899999989 ], [ 114.3584197, 30.5441196 ] ] } },
{ "type": "Feature", "properties": { "fid": 2155.0, "cat": 2167, "cat_": 2167, "u": "13563512967", "v": "4320485437", "key": "0", "osmid": "1478484785", "highway": "service", "name": "nan", "oneway": "False", "reversed": "True", "length": "10.378748040516633", "lanes": "nan", "service": "nan", "tunnel": "nan" }, "geometry": { "type": "LineString", "coordinates": [ [ 114.3581534, 30.544110899999989 ], [ 114.3581503, 30.544204199999985 ] ] } },
{ "type": "Feature", "properties": { "fid": 2156.0, "cat": 2168, "cat_": 2168, "u": "13563512967", "v": "13563512966", "key": "0", "osmid": "1478484784", "highway": "service", "name": "nan", "oneway": "False", "reversed": "False", "length": "66.40095847171357", "lanes": "nan", "service": "nan", "tunnel": "nan" }, "geometry": { "type": "LineString", "coordinates": [ [ 114.3581534, 30.544110899999989 ], [ 114.3577226, 30.5440967 ], [ 114.3577326, 30.543871 ] ] } },
{ "type": "Feature", "properties": { "fid": 2157.0, "cat": 2169, "cat_": 2169, "u": "13565039611", "v": "12805686351", "key": "0", "osmid": "1478666161", "highway": "service", "name": "nan", "oneway": "False", "reversed": "False", "length": "42.56989379150479", "lanes": "nan", "service": "nan", "tunnel": "nan" }, "geometry": { "type": "LineString", "coordinates": [ [ 114.3635552, 30.5414481 ], [ 114.3634877, 30.5418265 ] ] } },
{ "type": "Feature", "properties": { "fid": 2158.0, "cat": 2170, "cat_": 2170, "u": "13565368133", "v": "1196689558", "key": "0", "osmid": "1387843571", "highway": "service", "name": "nan", "oneway": "False", "reversed": "True", "length": "14.002521107755848", "lanes": "nan", "service": "nan", "tunnel": "nan" }, "geometry": { "type": "LineString", "coordinates": [ [ 114.3621429, 30.5385908 ], [ 114.3621049, 30.5387124 ] ] } },
{ "type": "Feature", "properties": { "fid": 2159.0, "cat": 2171, "cat_": 2171, "u": "13565368133", "v": "13565368141", "key": "0", "osmid": "1478678704", "highway": "service", "name": "nan", "oneway": "False", "reversed": "False", "length": "12.487701441193767", "lanes": "nan", "service": "parking_aisle", "tunnel": "nan" }, "geometry": { "type": "LineString", "coordinates": [ [ 114.3621429, 30.5385908 ], [ 114.3622722, 30.5385763 ] ] } },
{ "type": "Feature", "properties": { "fid": 2160.0, "cat": 2172, "cat_": 2172, "u": "13565368133", "v": "12847386081", "key": "0", "osmid": "1387843571", "highway": "service", "name": "nan", "oneway": "False", "reversed": "False", "length": "59.64787882833022", "lanes": "nan", "service": "nan", "tunnel": "nan" }, "geometry": { "type": "LineString", "coordinates": [ [ 114.3621429, 30.5385908 ], [ 114.3621891, 30.5384425 ], [ 114.3622006, 30.5383813 ], [ 114.3622132, 30.5380606 ] ] } },
{ "type": "Feature", "properties": { "fid": 2161.0, "cat": 2173, "cat_": 2173, "u": "13565368138", "v": "1196689558", "key": "0", "osmid": "103641066", "highway": "residential", "name": "环山北路", "oneway": "False", "reversed": "False", "length": "97.65194003085742", "lanes": "nan", "service": "nan", "tunnel": "nan" }, "geometry": { "type": "LineString", "coordinates": [ [ 114.3630758, 30.5384943 ], [ 114.3629811, 30.5385467 ], [ 114.3629301, 30.5385751 ], [ 114.3628787, 30.5385972 ], [ 114.3628224, 30.5386132 ], [ 114.3627501, 30.5386238 ], [ 114.3622626, 30.5386712 ], [ 114.3622208, 30.5386764 ], [ 114.3621644, 30.5386904 ], [ 114.3621049, 30.5387124 ] ] } },
{ "type": "Feature", "properties": { "fid": 2162.0, "cat": 2174, "cat_": 2174, "u": "13565368138", "v": "12808058157", "key": "0", "osmid": "103641066", "highway": "residential", "name": "环山北路", "oneway": "False", "reversed": "True", "length": "74.1306207859527", "lanes": "nan", "service": "nan", "tunnel": "nan" }, "geometry": { "type": "LineString", "coordinates": [ [ 114.3630758, 30.5384943 ], [ 114.3632314, 30.5384081 ], [ 114.3633026, 30.5383785 ], [ 114.3633444, 30.5383693 ], [ 114.3633933, 30.538366199999988 ], [ 114.3635051, 30.538357 ], [ 114.3638104, 30.5383478 ] ] } },
{ "type": "Feature", "properties": { "fid": 2165.0, "cat": 2177, "cat_": 2177, "u": "13565368141", "v": "13565368138", "key": "0", "osmid": "1478678704", "highway": "service", "name": "nan", "oneway": "False", "reversed": "False", "length": "81.82423430613954", "lanes": "nan", "service": "parking_aisle", "tunnel": "nan" }, "geometry": { "type": "LineString", "coordinates": [ [ 114.3622722, 30.5385763 ], [ 114.3625349, 30.5385467 ], [ 114.3626263, 30.5385365 ], [ 114.3627015, 30.5385242 ], [ 114.362774700000017, 30.5385106 ], [ 114.3628516, 30.538489 ], [ 114.3629694, 30.538442 ], [ 114.363026, 30.538442 ], [ 114.3630758, 30.5384943 ] ] } },
{ "type": "Feature", "properties": { "fid": 2167.0, "cat": 2179, "cat_": 2179, "u": "13565368143", "v": "13565368141", "key": "0", "osmid": "1478678705", "highway": "service", "name": "nan", "oneway": "False", "reversed": "True", "length": "23.151117041801463", "lanes": "nan", "service": "parking_aisle", "tunnel": "nan" }, "geometry": { "type": "LineString", "coordinates": [ [ 114.3623253, 30.5383765 ], [ 114.3623235, 30.5384428 ], [ 114.3623164, 30.5384878 ], [ 114.362300500000018, 30.5385259 ], [ 114.3622722, 30.5385763 ] ] } },
{ "type": "Feature", "properties": { "fid": 2171.0, "cat": 2183, "cat_": 2183, "u": "13565492695", "v": "1358787358", "key": "0", "osmid": "488587938", "highway": "tertiary", "name": "扬波路", "oneway": "False", "reversed": "False", "length": "15.174232260337716", "lanes": "nan", "service": "nan", "tunnel": "nan" }, "geometry": { "type": "LineString", "coordinates": [ [ 114.3710543, 30.537711199999986 ], [ 114.3711507, 30.5376029 ] ] } },
{ "type": "Feature", "properties": { "fid": 2172.0, "cat": 2184, "cat_": 2184, "u": "13565492695", "v": "12848319599", "key": "0", "osmid": "488587938", "highway": "tertiary", "name": "扬波路", "oneway": "False", "reversed": "True", "length": "42.016731500068985", "lanes": "nan", "service": "nan", "tunnel": "nan" }, "geometry": { "type": "LineString", "coordinates": [ [ 114.3710543, 30.537711199999986 ], [ 114.371006, 30.53776 ], [ 114.370979, 30.5377888 ], [ 114.3709467, 30.5378131 ], [ 114.3708898, 30.5378533 ], [ 114.3707343, 30.5379681 ] ] } },
{ "type": "Feature", "properties": { "fid": 2173.0, "cat": 2185, "cat_": 2185, "u": "13565492695", "v": "13565492691", "key": "0", "osmid": "1478695359", "highway": "service", "name": "nan", "oneway": "False", "reversed": "True", "length": "120.84997666979797", "lanes": "nan", "service": "nan", "tunnel": "nan" }, "geometry": { "type": "LineString", "coordinates": [ [ 114.3710543, 30.537711199999986 ], [ 114.3710759, 30.5377334 ], [ 114.3710251, 30.5377946 ], [ 114.3709824, 30.5378577 ], [ 114.3704762, 30.538656 ] ] } },
{ "type": "Feature", "properties": { "fid": 2174.0, "cat": 2186, "cat_": 2186, "u": "13565492696", "v": "13565492691", "key": "0", "osmid": "1478695359", "highway": "service", "name": "nan", "oneway": "False", "reversed": "False", "length": "20.370873486486136", "lanes": "nan", "service": "nan", "tunnel": "nan" }, "geometry": { "type": "LineString", "coordinates": [ [ 114.3703238, 30.5387838 ], [ 114.3704762, 30.538656 ] ] } },
{ "type": "Feature", "properties": { "fid": 2175.0, "cat": 2187, "cat_": 2187, "u": "13565526908", "v": "13565492691", "key": "0", "osmid": "1478695360", "highway": "service", "name": "nan", "oneway": "False", "reversed": "False", "length": "53.158083694669486", "lanes": "nan", "service": "nan", "tunnel": "nan" }, "geometry": { "type": "LineString", "coordinates": [ [ 114.3702227, 30.5387595 ], [ 114.3701577, 30.5386789 ], [ 114.3701495, 30.5386597 ], [ 114.3701455, 30.538638699999989 ], [ 114.3701482, 30.5386263 ], [ 114.3701556, 30.5386194 ], [ 114.3701902, 30.5386054 ], [ 114.3703487, 30.5385669 ], [ 114.3704762, 30.538656 ] ] } },
{ "type": "Feature", "properties": { "fid": 2176.0, "cat": 2188, "cat_": 2188, "u": "13565527016", "v": "3631666728", "key": "0", "osmid": "103642349", "highway": "residential", "name": "侧船山路", "oneway": "False", "reversed": "False", "length": "5.277263158297766", "lanes": "nan", "service": "nan", "tunnel": "nan" }, "geometry": { "type": "LineString", "coordinates": [ [ 114.366925, 30.5399126 ], [ 114.3669082, 30.5399578 ] ] } },
{ "type": "Feature", "properties": { "fid": 2177.0, "cat": 2189, "cat_": 2189, "u": "13565527016", "v": "12802032504", "key": "0", "osmid": "103642349", "highway": "residential", "name": "侧船山路", "oneway": "False", "reversed": "True", "length": "33.66339823992459", "lanes": "nan", "service": "nan", "tunnel": "nan" }, "geometry": { "type": "LineString", "coordinates": [ [ 114.366925, 30.5399126 ], [ 114.3669516, 30.5398511 ], [ 114.3669631, 30.5397868 ], [ 114.3669738, 30.5397296 ], [ 114.3669864, 30.539616 ] ] } },
{ "type": "Feature", "properties": { "fid": 2178.0, "cat": 2190, "cat_": 2190, "u": "13565527016", "v": "13565527046", "key": "0", "osmid": [ 1478695380, 1478695381 ], "highway": "service", "name": "nan", "oneway": "False", "reversed": "True", "length": "56.61659188988148", "lanes": "nan", "service": "nan", "tunnel": "nan" }, "geometry": { "type": "LineString", "coordinates": [ [ 114.366925, 30.5399126 ], [ 114.3670206, 30.5399273 ], [ 114.3670269, 30.5400619 ], [ 114.367364, 30.5400786 ] ] } },
{ "type": "Feature", "properties": { "fid": 2179.0, "cat": 2191, "cat_": 2191, "u": "13565527017", "v": "13565527046", "key": "0", "osmid": "1478695381", "highway": "service", "name": "nan", "oneway": "False", "reversed": "False", "length": "66.4394559227447", "lanes": "nan", "service": "nan", "tunnel": "nan" }, "geometry": { "type": "LineString", "coordinates": [ [ 114.3680566, 30.5401129 ], [ 114.367825600000018, 30.5401015 ], [ 114.367364, 30.5400786 ] ] } },
{ "type": "Feature", "properties": { "fid": 2180.0, "cat": 2192, "cat_": 2192, "u": "13565527030", "v": "12888527015", "key": "0", "osmid": "1392319212", "highway": "service", "name": "nan", "oneway": "False", "reversed": "False", "length": "5.193656941900024", "lanes": "nan", "service": "nan", "tunnel": "nan" }, "geometry": { "type": "LineString", "coordinates": [ [ 114.369573700000018, 30.5399054 ], [ 114.3696209, 30.5399284 ] ] } },
{ "type": "Feature", "properties": { "fid": 2181.0, "cat": 2193, "cat_": 2193, "u": "13565527030", "v": "12888527016", "key": "0", "osmid": "1392319212", "highway": "service", "name": "nan", "oneway": "False", "reversed": "True", "length": "21.41140288195277", "lanes": "nan", "service": "nan", "tunnel": "nan" }, "geometry": { "type": "LineString", "coordinates": [ [ 114.369573700000018, 30.5399054 ], [ 114.3693791, 30.539810599999988 ] ] } },
{ "type": "Feature", "properties": { "fid": 2183.0, "cat": 2195, "cat_": 2195, "u": "13565527037", "v": "1199744362", "key": "0", "osmid": "103940630", "highway": "service", "name": "nan", "oneway": "False", "reversed": "True", "length": "55.21532064937531", "lanes": "nan", "service": "nan", "tunnel": "nan" }, "geometry": { "type": "LineString", "coordinates": [ [ 114.3683953, 30.5405914 ], [ 114.367821, 30.5405476 ] ] } },
{ "type": "Feature", "properties": { "fid": 2185.0, "cat": 2197, "cat_": 2197, "u": "13565527037", "v": "8823668081", "key": "0", "osmid": "103940630", "highway": "service", "name": "nan", "oneway": "False", "reversed": "False", "length": "121.0283279058565", "lanes": "nan", "service": "nan", "tunnel": "nan" }, "geometry": { "type": "LineString", "coordinates": [ [ 114.3683953, 30.5405914 ], [ 114.36856, 30.5406039 ], [ 114.3686009, 30.5406141 ], [ 114.3686383, 30.5406346 ], [ 114.3686635, 30.5406637 ], [ 114.3686806, 30.5406925 ], [ 114.368688, 30.5407323 ], [ 114.3686869, 30.5407749 ], [ 114.3685324, 30.5414821 ] ] } },
{ "type": "Feature", "properties": { "fid": 2187.0, "cat": 2199, "cat_": 2199, "u": "13565527038", "v": "13565527037", "key": "0", "osmid": "1478695385", "highway": "service", "name": "nan", "oneway": "False", "reversed": "True", "length": "50.81324440677604", "lanes": "nan", "service": "nan", "tunnel": "nan" }, "geometry": { "type": "LineString", "coordinates": [ [ 114.3684433, 30.5401363 ], [ 114.3683953, 30.5405914 ] ] } },
{ "type": "Feature", "properties": { "fid": 2188.0, "cat": 2200, "cat_": 2200, "u": "13565527038", "v": "13565527030", "key": "0", "osmid": "103940157", "highway": "service", "name": "nan", "oneway": "False", "reversed": "True", "length": "117.54248732645158", "lanes": "nan", "service": "nan", "tunnel": "nan" }, "geometry": { "type": "LineString", "coordinates": [ [ 114.3684433, 30.5401363 ], [ 114.3688172, 30.5401451 ], [ 114.3690132, 30.5401385 ], [ 114.3691111, 30.5401292 ], [ 114.369216, 30.540115 ], [ 114.3693429, 30.5400854 ], [ 114.3694005, 30.5400665 ], [ 114.3694349, 30.5400503 ], [ 114.3694634, 30.540031 ], [ 114.3695095, 30.5399919 ], [ 114.3695394, 30.5399527 ], [ 114.369573700000018, 30.5399054 ] ] } },
{ "type": "Feature", "properties": { "fid": 2189.0, "cat": 2201, "cat_": 2201, "u": "13565527039", "v": "13565527038", "key": "0", "osmid": "103940157", "highway": "service", "name": "nan", "oneway": "False", "reversed": "True", "length": "8.612254602614808", "lanes": "nan", "service": "nan", "tunnel": "nan" }, "geometry": { "type": "LineString", "coordinates": [ [ 114.3683536, 30.5401308 ], [ 114.3684433, 30.5401363 ] ] } },
{ "type": "Feature", "properties": { "fid": 2190.0, "cat": 2202, "cat_": 2202, "u": "13565527045", "v": "1199744362", "key": "0", "osmid": "1383213211", "highway": "service", "name": "nan", "oneway": "False", "reversed": "False", "length": "50.89389647216007", "lanes": "nan", "service": "nan", "tunnel": "nan" }, "geometry": { "type": "LineString", "coordinates": [ [ 114.367354, 30.5404768 ], [ 114.3678307, 30.540502 ], [ 114.367821, 30.5405476 ] ] } },
{ "type": "Feature", "properties": { "fid": 2191.0, "cat": 2203, "cat_": 2203, "u": "13565527045", "v": "12805750198", "key": "0", "osmid": "1383213211", "highway": "service", "name": "nan", "oneway": "False", "reversed": "True", "length": "66.170847700969", "lanes": "nan", "service": "nan", "tunnel": "nan" }, "geometry": { "type": "LineString", "coordinates": [ [ 114.367354, 30.5404768 ], [ 114.367053, 30.5404729 ], [ 114.3666632, 30.540465 ] ] } },
{ "type": "Feature", "properties": { "fid": 2195.0, "cat": 2207, "cat_": 2207, "u": "13565527046", "v": "13565527045", "key": "0", "osmid": "1478695388", "highway": "service", "name": "nan", "oneway": "False", "reversed": "True", "length": "44.28823879545733", "lanes": "nan", "service": "nan", "tunnel": "nan" }, "geometry": { "type": "LineString", "coordinates": [ [ 114.367364, 30.5400786 ], [ 114.3673609, 30.540200599999984 ], [ 114.367354, 30.5404768 ] ] } },
{ "type": "Feature", "properties": { "fid": 2196.0, "cat": 2208, "cat_": 2208, "u": "13565585833", "v": "12889055299", "key": "0", "osmid": "1382740427", "highway": "service", "name": "nan", "oneway": "False", "reversed": "True", "length": "8.52639448667897", "lanes": "nan", "service": "nan", "tunnel": "nan" }, "geometry": { "type": "LineString", "coordinates": [ [ 114.3690299, 30.5391579 ], [ 114.3689421, 30.5391452 ] ] } },
{ "type": "Feature", "properties": { "fid": 2197.0, "cat": 2209, "cat_": 2209, "u": "13565585833", "v": "12889055295", "key": "0", "osmid": "1382740427", "highway": "service", "name": "nan", "oneway": "False", "reversed": "False", "length": "49.997355183774246", "lanes": "nan", "service": "nan", "tunnel": "nan" }, "geometry": { "type": "LineString", "coordinates": [ [ 114.3690299, 30.5391579 ], [ 114.3691251, 30.5391717 ], [ 114.3695447, 30.5392326 ] ] } },
{ "type": "Feature", "properties": { "fid": 2199.0, "cat": 2211, "cat_": 2211, "u": "13565585835", "v": "13565585833", "key": "0", "osmid": "1478699959", "highway": "service", "name": "nan", "oneway": "False", "reversed": "True", "length": "43.58463539521591", "lanes": "nan", "service": "nan", "tunnel": "nan" }, "geometry": { "type": "LineString", "coordinates": [ [ 114.3687913, 30.5389632 ], [ 114.3690618, 30.5390051 ], [ 114.3690299, 30.5391579 ] ] } },
{ "type": "Feature", "properties": { "fid": 2201.0, "cat": 2213, "cat_": 2213, "u": "13565585882", "v": "1358787373", "key": "0", "osmid": "488587938", "highway": "tertiary", "name": "扬波路", "oneway": "False", "reversed": "True", "length": "17.01553957477448", "lanes": "nan", "service": "nan", "tunnel": "nan" }, "geometry": { "type": "LineString", "coordinates": [ [ 114.3715697, 30.5374442 ], [ 114.371392900000018, 30.5374291 ] ] } },
{ "type": "Feature", "properties": { "fid": 2202.0, "cat": 2214, "cat_": 2214, "u": "13565585882", "v": "13565585878", "key": "0", "osmid": "1478699961", "highway": "service", "name": "nan", "oneway": "False", "reversed": "True", "length": "70.42777884359162", "lanes": "nan", "service": "nan", "tunnel": "nan" }, "geometry": { "type": "LineString", "coordinates": [ [ 114.3715697, 30.5374442 ], [ 114.371615, 30.5377967 ], [ 114.371615, 30.5378191 ], [ 114.3716109, 30.5378433 ], [ 114.3716048, 30.5378668 ], [ 114.3714686, 30.5380383 ] ] } },
{ "type": "Feature", "properties": { "fid": 2205.0, "cat": 2217, "cat_": 2217, "u": "13566460665", "v": "9552099984", "key": "0", "osmid": "1477804314", "highway": "service", "name": "nan", "oneway": "False", "reversed": "True", "length": "20.772996722541205", "lanes": "nan", "service": "nan", "tunnel": "nan" }, "geometry": { "type": "LineString", "coordinates": [ [ 114.3563359, 30.5458949 ], [ 114.3563102, 30.5460804 ] ] } },
{ "type": "Feature", "properties": { "fid": 2206.0, "cat": 2218, "cat_": 2218, "u": "13566460665", "v": "13566460664", "key": "0", "osmid": "1478807900", "highway": "path", "name": "nan", "oneway": "False", "reversed": "True", "length": "41.90019744194816", "lanes": "nan", "service": "nan", "tunnel": "nan" }, "geometry": { "type": "LineString", "coordinates": [ [ 114.3563359, 30.5458949 ], [ 114.3559005, 30.5458577 ] ] } },
{ "type": "Feature", "properties": { "fid": 2207.0, "cat": 2219, "cat_": 2219, "u": "13566460666", "v": "13566460667", "key": "0", "osmid": "1478807901", "highway": "service", "name": "nan", "oneway": "False", "reversed": "False", "length": "90.6257726435939", "lanes": "nan", "service": "nan", "tunnel": "nan" }, "geometry": { "type": "LineString", "coordinates": [ [ 114.3542411, 30.5455073 ], [ 114.355182, 30.5455946 ] ] } },
{ "type": "Feature", "properties": { "fid": 2208.0, "cat": 2220, "cat_": 2220, "u": "13566460666", "v": "12805594625", "key": "0", "osmid": "1383195538", "highway": "service", "name": "nan", "oneway": "False", "reversed": "False", "length": "39.758643604492605", "lanes": "nan", "service": "nan", "tunnel": "nan" }, "geometry": { "type": "LineString", "coordinates": [ [ 114.3542411, 30.5455073 ], [ 114.3542566, 30.5455764 ], [ 114.3542644, 30.5456216 ], [ 114.3542687, 30.545679 ], [ 114.35426, 30.5457918 ], [ 114.3542553, 30.5458626 ] ] } },
{ "type": "Feature", "properties": { "fid": 2209.0, "cat": 2221, "cat_": 2221, "u": "13566460666", "v": "3113066250", "key": "0", "osmid": "1383195538", "highway": "service", "name": "nan", "oneway": "False", "reversed": "True", "length": "32.03350294760033", "lanes": "nan", "service": "nan", "tunnel": "nan" }, "geometry": { "type": "LineString", "coordinates": [ [ 114.3542411, 30.5455073 ], [ 114.3542315, 30.5454477 ], [ 114.3542276, 30.5454176 ], [ 114.3542263, 30.5453876 ], [ 114.3542332, 30.5452201 ] ] } },
{ "type": "Feature", "properties": { "fid": 2211.0, "cat": 2223, "cat_": 2223, "u": "13566460667", "v": "1417701862", "key": "0", "osmid": "128247473", "highway": "residential", "name": "文澜路", "oneway": "False", "reversed": "False", "length": "67.59067614791233", "lanes": "nan", "service": "nan", "tunnel": "nan" }, "geometry": { "type": "LineString", "coordinates": [ [ 114.355182, 30.5455946 ], [ 114.355262400000015, 30.5449907 ] ] } },
{ "type": "Feature", "properties": { "fid": 2212.0, "cat": 2224, "cat_": 2224, "u": "13566460667", "v": "4159413665", "key": "0", "osmid": "128247473", "highway": "residential", "name": "文澜路", "oneway": "False", "reversed": "True", "length": "19.69141317147768", "lanes": "nan", "service": "nan", "tunnel": "nan" }, "geometry": { "type": "LineString", "coordinates": [ [ 114.355182, 30.5455946 ], [ 114.3551603, 30.5457707 ] ] } },
{ "type": "Feature", "properties": { "fid": 2214.0, "cat": 2226, "cat_": 2226, "u": "13566460670", "v": "13566460666", "key": "0", "osmid": "1478807904", "highway": "service", "name": "nan", "oneway": "False", "reversed": "False", "length": "40.02761073223037", "lanes": "nan", "service": "nan", "tunnel": "nan" }, "geometry": { "type": "LineString", "coordinates": [ [ 114.3539952, 30.5456516 ], [ 114.35400820000001, 30.5454931 ], [ 114.3542411, 30.5455073 ] ] } },
{ "type": "Feature", "properties": { "fid": 2215.0, "cat": 2227, "cat_": 2227, "u": "13566574143", "v": "12805315796", "key": "0", "osmid": "1383094442", "highway": "service", "name": "nan", "oneway": "False", "reversed": "True", "length": "40.01269672180911", "lanes": "nan", "service": "nan", "tunnel": "nan" }, "geometry": { "type": "LineString", "coordinates": [ [ 114.3528807, 30.5454508 ], [ 114.352866, 30.5454092 ], [ 114.3528638, 30.5453849 ], [ 114.3528637, 30.5453641 ], [ 114.352893100000017, 30.545094100000011 ] ] } },
{ "type": "Feature", "properties": { "fid": 2216.0, "cat": 2228, "cat_": 2228, "u": "13566646049", "v": "13573917754", "key": "0", "osmid": "1479824193", "highway": "service", "name": "nan", "oneway": "False", "reversed": "True", "length": "20.668089051702175", "lanes": "nan", "service": "nan", "tunnel": "nan" }, "geometry": { "type": "LineString", "coordinates": [ [ 114.3661827, 30.5349044 ], [ 114.366020500000019, 30.535027 ] ] } },
{ "type": "Feature", "properties": { "fid": 2217.0, "cat": 2229, "cat_": 2229, "u": "13566646049", "v": "12802019550", "key": "0", "osmid": "103642348", "highway": "residential", "name": "珞东一路", "oneway": "False", "reversed": "False", "length": "24.400341604876388", "lanes": "nan", "service": "nan", "tunnel": "nan" }, "geometry": { "type": "LineString", "coordinates": [ [ 114.3661827, 30.5349044 ], [ 114.3662605, 30.5350081 ], [ 114.3663241, 30.5350869 ] ] } },
{ "type": "Feature", "properties": { "fid": 2218.0, "cat": 2230, "cat_": 2230, "u": "13566646049", "v": "12802547786", "key": "0", "osmid": "103642348", "highway": "residential", "name": "珞东一路", "oneway": "False", "reversed": "True", "length": "18.836795769268136", "lanes": "nan", "service": "nan", "tunnel": "nan" }, "geometry": { "type": "LineString", "coordinates": [ [ 114.3661827, 30.5349044 ], [ 114.3661474, 30.534855 ], [ 114.3661243, 30.5348198 ], [ 114.366089200000019, 30.5347556 ] ] } },
{ "type": "Feature", "properties": { "fid": 2220.0, "cat": 2232, "cat_": 2232, "u": "13567102089", "v": "12803441614", "key": "0", "osmid": "1382903475", "highway": "service", "name": "nan", "oneway": "False", "reversed": "False", "length": "20.27925460012618", "lanes": "nan", "service": "nan", "tunnel": "nan" }, "geometry": { "type": "LineString", "coordinates": [ [ 114.3616077, 30.5422803 ], [ 114.3615827, 30.5424614 ] ] } },
{ "type": "Feature", "properties": { "fid": 2221.0, "cat": 2233, "cat_": 2233, "u": "13567102089", "v": "1196701917", "key": "0", "osmid": "1382903475", "highway": "service", "name": "nan", "oneway": "False", "reversed": "True", "length": "18.15192757430344", "lanes": "nan", "service": "nan", "tunnel": "nan" }, "geometry": { "type": "LineString", "coordinates": [ [ 114.3616077, 30.5422803 ], [ 114.3616301, 30.5421182 ] ] } },
{ "type": "Feature", "properties": { "fid": 2222.0, "cat": 2234, "cat_": 2234, "u": "13567102089", "v": "13567102087", "key": "0", "osmid": "1478877061", "highway": "service", "name": "nan", "oneway": "False", "reversed": "True", "length": "35.22620371777512", "lanes": "nan", "service": "parking_aisle", "tunnel": "nan" }, "geometry": { "type": "LineString", "coordinates": [ [ 114.3616077, 30.5422803 ], [ 114.3614368, 30.5422641 ], [ 114.3614153, 30.5424318 ] ] } },
{ "type": "Feature", "properties": { "fid": 2223.0, "cat": 2235, "cat_": 2235, "u": "13573917754", "v": "1199709762", "key": "0", "osmid": "1479824192", "highway": "service", "name": "nan", "oneway": "False", "reversed": "True", "length": "25.815165158121637", "lanes": "nan", "service": "nan", "tunnel": "nan" }, "geometry": { "type": "LineString", "coordinates": [ [ 114.366020500000019, 30.535027 ], [ 114.3662704, 30.535114 ] ] } },
{ "type": "Feature", "properties": { "fid": 2225.0, "cat": 2237, "cat_": 2237, "u": "13573917754", "v": "12803424258", "key": "0", "osmid": "103937231", "highway": "service", "name": "nan", "oneway": "False", "reversed": "False", "length": "254.66485752994666", "lanes": "nan", "service": "nan", "tunnel": "nan" }, "geometry": { "type": "LineString", "coordinates": [ [ 114.366020500000019, 30.535027 ], [ 114.3653889, 30.5349536 ], [ 114.3647661, 30.5348812 ], [ 114.3641239, 30.5348065 ], [ 114.3633854, 30.5347206 ] ] } },
{ "type": "Feature", "properties": { "fid": 2227.0, "cat": 2239, "cat_": 2239, "u": "13573917767", "v": "1199709642", "key": "0", "osmid": "1479824196", "highway": "service", "name": "nan", "oneway": "False", "reversed": "False", "length": "7.913281603775389", "lanes": "nan", "service": "nan", "tunnel": "nan" }, "geometry": { "type": "LineString", "coordinates": [ [ 114.366171, 30.5352771 ], [ 114.3661317, 30.5353397 ] ] } },
{ "type": "Feature", "properties": { "fid": 2228.0, "cat": 2240, "cat_": 2240, "u": "13573917767", "v": "1199709762", "key": "0", "osmid": "1479824196", "highway": "service", "name": "nan", "oneway": "False", "reversed": "True", "length": "20.48270387082151", "lanes": "nan", "service": "nan", "tunnel": "nan" }, "geometry": { "type": "LineString", "coordinates": [ [ 114.366171, 30.5352771 ], [ 114.3662704, 30.535114 ] ] } },
{ "type": "Feature", "properties": { "fid": 2229.0, "cat": 2241, "cat_": 2241, "u": "13573917771", "v": "13573917767", "key": "0", "osmid": "1479824195", "highway": "service", "name": "nan", "oneway": "False", "reversed": "True", "length": "12.72851316379811", "lanes": "nan", "service": "parking_aisle", "tunnel": "nan" }, "geometry": { "type": "LineString", "coordinates": [ [ 114.36628730000001, 30.5353325 ], [ 114.366171, 30.5352771 ] ] } },
{ "type": "Feature", "properties": { "fid": 2231.0, "cat": 2243, "cat_": 2243, "u": "13573917771", "v": "13573917771", "key": "1", "osmid": "1479824195", "highway": "service", "name": "nan", "oneway": "False", "reversed": "True", "length": "55.57846521537891", "lanes": "nan", "service": "parking_aisle", "tunnel": "nan" }, "geometry": { "type": "LineString", "coordinates": [ [ 114.36628730000001, 30.5353325 ], [ 114.366239100000016, 30.5354104 ], [ 114.3664038, 30.535486 ], [ 114.366453, 30.5354066 ], [ 114.36628730000001, 30.5353325 ] ] } },
{ "type": "Feature", "properties": { "fid": 2232.0, "cat": 2244, "cat_": 2244, "u": "13574678375", "v": "1196688711", "key": "0", "osmid": "103640975", "highway": "service", "name": "nan", "oneway": "False", "reversed": "True", "length": "88.94054901844363", "lanes": "nan", "service": "nan", "tunnel": "nan" }, "geometry": { "type": "LineString", "coordinates": [ [ 114.3629221, 30.533841 ], [ 114.362011, 30.5336863 ] ] } },
{ "type": "Feature", "properties": { "fid": 2233.0, "cat": 2245, "cat_": 2245, "u": "13574678375", "v": "1196688802", "key": "0", "osmid": "1479923691", "highway": "service", "name": "nan", "oneway": "False", "reversed": "True", "length": "4.985175666656984", "lanes": "nan", "service": "nan", "tunnel": "nan" }, "geometry": { "type": "LineString", "coordinates": [ [ 114.3629221, 30.533841 ], [ 114.3629301, 30.5337967 ] ] } },
{ "type": "Feature", "properties": { "fid": 2234.0, "cat": 2246, "cat_": 2246, "u": "13574678375", "v": "1196672321", "key": "0", "osmid": "1479923691", "highway": "service", "name": "nan", "oneway": "False", "reversed": "False", "length": "24.551015192255996", "lanes": "nan", "service": "nan", "tunnel": "nan" }, "geometry": { "type": "LineString", "coordinates": [ [ 114.3629221, 30.533841 ], [ 114.3628798, 30.5340288 ], [ 114.362871, 30.5340573 ] ] } },
{ "type": "Feature", "properties": { "fid": 2235.0, "cat": 2247, "cat_": 2247, "u": "13574678444", "v": "1196688739", "key": "0", "osmid": "1387929414", "highway": "service", "name": "nan", "oneway": "False", "reversed": "False", "length": "71.84306156989298", "lanes": "nan", "service": "nan", "tunnel": "nan" }, "geometry": { "type": "LineString", "coordinates": [ [ 114.3633828, 30.5330375 ], [ 114.3626536, 30.533189 ] ] } },
{ "type": "Feature", "properties": { "fid": 2236.0, "cat": 2248, "cat_": 2248, "u": "13574678444", "v": "1196688791", "key": "0", "osmid": "1387929416", "highway": "service", "name": "nan", "oneway": "False", "reversed": "True", "length": "24.691383110742073", "lanes": "nan", "service": "nan", "tunnel": "nan" }, "geometry": { "type": "LineString", "coordinates": [ [ 114.3633828, 30.5330375 ], [ 114.363317, 30.532822799999987 ] ] } },
{ "type": "Feature", "properties": { "fid": 2237.0, "cat": 2249, "cat_": 2249, "u": "13574678444", "v": "1196688701", "key": "0", "osmid": "1479923704", "highway": "service", "name": "nan", "oneway": "False", "reversed": "False", "length": "12.170097143987316", "lanes": "nan", "service": "nan", "tunnel": "nan" }, "geometry": { "type": "LineString", "coordinates": [ [ 114.3633828, 30.5330375 ], [ 114.3634202, 30.5331421 ] ] } },
{ "type": "Feature", "properties": { "fid": 2238.0, "cat": 2250, "cat_": 2250, "u": "13574678473", "v": "1196688701", "key": "0", "osmid": "103640963", "highway": "service", "name": "nan", "oneway": "False", "reversed": "False", "length": "32.07731863071509", "lanes": "nan", "service": "nan", "tunnel": "nan" }, "geometry": { "type": "LineString", "coordinates": [ [ 114.3637014, 30.5329854 ], [ 114.3634202, 30.5331421 ] ] } },
{ "type": "Feature", "properties": { "fid": 2239.0, "cat": 2251, "cat_": 2251, "u": "13574678473", "v": "12803424261", "key": "0", "osmid": "1382900368", "highway": "service", "name": "nan", "oneway": "False", "reversed": "True", "length": "2.3601358555645113", "lanes": "nan", "service": "nan", "tunnel": "nan" }, "geometry": { "type": "LineString", "coordinates": [ [ 114.3637014, 30.5329854 ], [ 114.3637026, 30.5329642 ] ] } },
{ "type": "Feature", "properties": { "fid": 2240.0, "cat": 2252, "cat_": 2252, "u": "13574678473", "v": "12848137590", "key": "0", "osmid": [ 1382900368, 1387929425 ], "highway": "service", "name": "nan", "oneway": "False", "reversed": "False", "length": "72.71830513792467", "lanes": "nan", "service": "nan", "tunnel": "nan" }, "geometry": { "type": "LineString", "coordinates": [ [ 114.3637014, 30.5329854 ], [ 114.363691, 30.5331667 ], [ 114.3638342, 30.5331669 ], [ 114.3639805, 30.5331675 ], [ 114.3641178, 30.5331681 ], [ 114.3642395, 30.533169 ] ] } },
{ "type": "Feature", "properties": { "fid": 2241.0, "cat": 2253, "cat_": 2253, "u": "13576341388", "v": "1197816279", "key": "0", "osmid": [ 1382971508, 1382802159 ], "highway": "service", "name": "nan", "oneway": "False", "reversed": "True", "length": "47.67824245380744", "lanes": "nan", "service": "nan", "tunnel": "nan" }, "geometry": { "type": "LineString", "coordinates": [ [ 114.3572477, 30.5339901 ], [ 114.3576214, 30.5338872 ], [ 114.3577224, 30.533861 ] ] } },
{ "type": "Feature", "properties": { "fid": 2242.0, "cat": 2254, "cat_": 2254, "u": "13576370731", "v": "1197829790", "key": "0", "osmid": "103747027", "highway": "residential", "name": "汉林东路", "oneway": "False", "reversed": "False", "length": "8.599255954043947", "lanes": "nan", "service": "nan", "tunnel": "nan" }, "geometry": { "type": "LineString", "coordinates": [ [ 114.3576411, 30.5335991 ], [ 114.3576656, 30.5336735 ] ] } },
{ "type": "Feature", "properties": { "fid": 2243.0, "cat": 2255, "cat_": 2255, "u": "13576370731", "v": "1197816351", "key": "0", "osmid": "103747027", "highway": "residential", "name": "汉林东路", "oneway": "False", "reversed": "True", "length": "12.769037533396654", "lanes": "nan", "service": "nan", "tunnel": "nan" }, "geometry": { "type": "LineString", "coordinates": [ [ 114.3576411, 30.5335991 ], [ 114.3576065, 30.5334882 ] ] } },
{ "type": "Feature", "properties": { "fid": 2244.0, "cat": 2256, "cat_": 2256, "u": "13576370731", "v": "12802598363", "key": "0", "osmid": [ 1480167637, 1382802150 ], "highway": "service", "name": "nan", "oneway": "False", "reversed": "True", "length": "115.3850886200343", "lanes": "nan", "service": "nan", "tunnel": "nan" }, "geometry": { "type": "LineString", "coordinates": [ [ 114.3576411, 30.5335991 ], [ 114.3570643, 30.5337778 ], [ 114.3570983, 30.5339415 ], [ 114.3571076, 30.5340071 ], [ 114.3571083, 30.5340285 ], [ 114.3571071, 30.5340759 ], [ 114.3571039, 30.5341126 ], [ 114.3571578, 30.5342779 ] ] } },
{ "type": "Feature", "properties": { "fid": 2245.0, "cat": 2257, "cat_": 2257, "u": "13576370890", "v": "1197829824", "key": "0", "osmid": "1382802161", "highway": "service", "name": "nan", "oneway": "False", "reversed": "False", "length": "22.297974926154094", "lanes": "nan", "service": "nan", "tunnel": "nan" }, "geometry": { "type": "LineString", "coordinates": [ [ 114.3584492, 30.5339096 ], [ 114.358393, 30.533715 ] ] } },
{ "type": "Feature", "properties": { "fid": 2246.0, "cat": 2258, "cat_": 2258, "u": "13576370890", "v": "1197829722", "key": "0", "osmid": "103747578", "highway": "service", "name": "nan", "oneway": "False", "reversed": "True", "length": "71.35859187370987", "lanes": "nan", "service": "nan", "tunnel": "nan" }, "geometry": { "type": "LineString", "coordinates": [ [ 114.3584492, 30.5339096 ], [ 114.3585119, 30.5338959 ], [ 114.359171, 30.5337505 ] ] } },
{ "type": "Feature", "properties": { "fid": 2247.0, "cat": 2259, "cat_": 2259, "u": "13576370890", "v": "1197829869", "key": "0", "osmid": [ 1382802161, 1480167630 ], "highway": "service", "name": "nan", "oneway": "False", "reversed": [ false, true ], "length": "72.56514043414708", "lanes": "nan", "service": "nan", "tunnel": "nan" }, "geometry": { "type": "LineString", "coordinates": [ [ 114.3584492, 30.5339096 ], [ 114.358469200000016, 30.5339863 ], [ 114.3578309, 30.5341512 ] ] } },
{ "type": "Feature", "properties": { "fid": 2249.0, "cat": 2261, "cat_": 2261, "u": "13578233830", "v": "13578233839", "key": "0", "osmid": [ 1480437154, 1480437156 ], "highway": "cycleway", "name": "nan", "oneway": "False", "reversed": "False", "length": "6.13013798021044", "lanes": "nan", "service": "nan", "tunnel": "nan" }, "geometry": { "type": "LineString", "coordinates": [ [ 114.3498712, 30.5291452 ], [ 114.349871900000011, 30.5291102 ], [ 114.3498642, 30.5290912 ] ] } },
{ "type": "Feature", "properties": { "fid": 2250.0, "cat": 2262, "cat_": 2262, "u": "13578233830", "v": "13227095126", "key": "0", "osmid": "1480437154", "highway": "cycleway", "name": "nan", "oneway": "False", "reversed": "True", "length": "8.307688529534374", "lanes": "nan", "service": "nan", "tunnel": "nan" }, "geometry": { "type": "LineString", "coordinates": [ [ 114.3498712, 30.5291452 ], [ 114.3498702, 30.5291933 ], [ 114.3498696, 30.5292199 ] ] } },
{ "type": "Feature", "properties": { "fid": 2251.0, "cat": 2263, "cat_": 2263, "u": "13578233832", "v": "13578233941", "key": "0", "osmid": "1480437155", "highway": "cycleway", "name": "nan", "oneway": "False", "reversed": "False", "length": "4.9826537783218985", "lanes": "nan", "service": "nan", "tunnel": "nan" }, "geometry": { "type": "LineString", "coordinates": [ [ 114.3496652, 30.5289836 ], [ 114.3496641, 30.5290284 ] ] } },
{ "type": "Feature", "properties": { "fid": 2252.0, "cat": 2264, "cat_": 2264, "u": "13578233832", "v": "13578233841", "key": "0", "osmid": [ 1480949277, 1480437158 ], "highway": "cycleway", "name": "nan", "oneway": "False", "reversed": [ false, true ], "length": "19.190554070270387", "lanes": "nan", "service": "nan", "tunnel": "nan" }, "geometry": { "type": "LineString", "coordinates": [ [ 114.3496652, 30.5289836 ], [ 114.3495439, 30.5289816 ], [ 114.3494831, 30.5290251 ] ] } },
{ "type": "Feature", "properties": { "fid": 2253.0, "cat": 2265, "cat_": 2265, "u": "13578233832", "v": "13578233842", "key": "0", "osmid": [ 1480437156, 1480949277 ], "highway": "cycleway", "name": "nan", "oneway": "False", "reversed": "True", "length": "19.957714481563414", "lanes": "nan", "service": "nan", "tunnel": "nan" }, "geometry": { "type": "LineString", "coordinates": [ [ 114.3496652, 30.5289836 ], [ 114.3498176, 30.5289862 ], [ 114.3498376, 30.5290312 ] ] } },
{ "type": "Feature", "properties": { "fid": 2254.0, "cat": 2266, "cat_": 2266, "u": "13578233833", "v": "13578233830", "key": "0", "osmid": "1441555693", "highway": "cycleway", "name": "nan", "oneway": "False", "reversed": "False", "length": "20.08887984834129", "lanes": "nan", "service": "nan", "tunnel": "nan" }, "geometry": { "type": "LineString", "coordinates": [ [ 114.3496615, 30.5291417 ], [ 114.3498712, 30.5291452 ] ] } },
{ "type": "Feature", "properties": { "fid": 2255.0, "cat": 2267, "cat_": 2267, "u": "13578233833", "v": "13578233834", "key": "0", "osmid": "1441555693", "highway": "cycleway", "name": "nan", "oneway": "False", "reversed": "True", "length": "21.66002773004229", "lanes": "nan", "service": "nan", "tunnel": "nan" }, "geometry": { "type": "LineString", "coordinates": [ [ 114.3496615, 30.5291417 ], [ 114.3494354, 30.5291379 ] ] } },
{ "type": "Feature", "properties": { "fid": 2259.0, "cat": 2271, "cat_": 2271, "u": "13578233834", "v": "13227095126", "key": "0", "osmid": [ 1480437161, 1480437157 ], "highway": [ "cycleway", "service" ], "name": "nan", "oneway": "False", "reversed": [ false, true ], "length": "49.98735375712345", "lanes": "nan", "service": "nan", "tunnel": "nan" }, "geometry": { "type": "LineString", "coordinates": [ [ 114.3494354, 30.5291379 ], [ 114.3494348, 30.5291877 ], [ 114.3494344, 30.5292125 ], [ 114.3498696, 30.5292199 ] ] } },
{ "type": "Feature", "properties": { "fid": 2260.0, "cat": 2272, "cat_": 2272, "u": "13578233835", "v": "13251028689", "key": "0", "osmid": "103949719", "highway": "service", "name": "nan", "oneway": "False", "reversed": "False", "length": "10.326628272850092", "lanes": "nan", "service": "nan", "tunnel": "nan" }, "geometry": { "type": "LineString", "coordinates": [ [ 114.3499568, 30.5292449 ], [ 114.3500646, 30.5292465 ] ] } },
{ "type": "Feature", "properties": { "fid": 2261.0, "cat": 2273, "cat_": 2273, "u": "13578233835", "v": "13227095101", "key": "0", "osmid": "103949735", "highway": "service", "name": "nan", "oneway": "False", "reversed": "True", "length": "34.88289886981852", "lanes": "nan", "service": "nan", "tunnel": "nan" }, "geometry": { "type": "LineString", "coordinates": [ [ 114.3499568, 30.5292449 ], [ 114.3499472, 30.5295585 ] ] } },
{ "type": "Feature", "properties": { "fid": 2262.0, "cat": 2274, "cat_": 2274, "u": "13578233835", "v": "13227095126", "key": "0", "osmid": [ 1480437157, 103949735 ], "highway": "service", "name": "nan", "oneway": "False", "reversed": [ false, true ], "length": "11.301837503272749", "lanes": "nan", "service": "nan", "tunnel": "nan" }, "geometry": { "type": "LineString", "coordinates": [ [ 114.3499568, 30.5292449 ], [ 114.3499601, 30.5292214 ], [ 114.3498696, 30.5292199 ] ] } },
{ "type": "Feature", "properties": { "fid": 2263.0, "cat": 2275, "cat_": 2275, "u": "13578233838", "v": "13578233840", "key": "0", "osmid": "1480437159", "highway": "cycleway", "name": "nan", "oneway": "False", "reversed": "False", "length": "21.699256233205194", "lanes": "nan", "service": "nan", "tunnel": "nan" }, "geometry": { "type": "LineString", "coordinates": [ [ 114.3494362, 30.529084 ], [ 114.3496627, 30.5290882 ] ] } },
{ "type": "Feature", "properties": { "fid": 2264.0, "cat": 2276, "cat_": 2276, "u": "13578233838", "v": "13578233834", "key": "0", "osmid": "1480437161", "highway": "cycleway", "name": "nan", "oneway": "False", "reversed": "True", "length": "5.993904802448532", "lanes": "nan", "service": "nan", "tunnel": "nan" }, "geometry": { "type": "LineString", "coordinates": [ [ 114.3494362, 30.529084 ], [ 114.3494354, 30.5291379 ] ] } },
{ "type": "Feature", "properties": { "fid": 2265.0, "cat": 2277, "cat_": 2277, "u": "13578233838", "v": "13578233841", "key": "0", "osmid": [ 1480437161, 1480437158 ], "highway": "cycleway", "name": "nan", "oneway": "False", "reversed": "False", "length": "8.700414741946329", "lanes": "nan", "service": "nan", "tunnel": "nan" }, "geometry": { "type": "LineString", "coordinates": [ [ 114.3494362, 30.529084 ], [ 114.3494366, 30.529056900000011 ], [ 114.3494831, 30.5290251 ] ] } },
{ "type": "Feature", "properties": { "fid": 2266.0, "cat": 2278, "cat_": 2278, "u": "13578233839", "v": "13578233842", "key": "0", "osmid": "1480437156", "highway": "cycleway", "name": "nan", "oneway": "False", "reversed": "False", "length": "7.141617954578943", "lanes": "nan", "service": "nan", "tunnel": "nan" }, "geometry": { "type": "LineString", "coordinates": [ [ 114.3498642, 30.5290912 ], [ 114.3498376, 30.5290312 ] ] } },
{ "type": "Feature", "properties": { "fid": 2269.0, "cat": 2281, "cat_": 2281, "u": "13578233840", "v": "13578233833", "key": "0", "osmid": "1480437155", "highway": "cycleway", "name": "nan", "oneway": "False", "reversed": "False", "length": "5.950047187581436", "lanes": "nan", "service": "nan", "tunnel": "nan" }, "geometry": { "type": "LineString", "coordinates": [ [ 114.3496627, 30.5290882 ], [ 114.3496615, 30.5291417 ] ] } },
{ "type": "Feature", "properties": { "fid": 2270.0, "cat": 2282, "cat_": 2282, "u": "13578233840", "v": "13578233941", "key": "0", "osmid": "1480437155", "highway": "cycleway", "name": "nan", "oneway": "False", "reversed": "True", "length": "6.65081791574899", "lanes": "nan", "service": "nan", "tunnel": "nan" }, "geometry": { "type": "LineString", "coordinates": [ [ 114.3496627, 30.5290882 ], [ 114.3496641, 30.5290284 ] ] } },
{ "type": "Feature", "properties": { "fid": 2271.0, "cat": 2283, "cat_": 2283, "u": "13578233840", "v": "13578233839", "key": "0", "osmid": "1480437159", "highway": "cycleway", "name": "nan", "oneway": "False", "reversed": "False", "length": "19.302605342149725", "lanes": "nan", "service": "nan", "tunnel": "nan" }, "geometry": { "type": "LineString", "coordinates": [ [ 114.3496627, 30.5290882 ], [ 114.3498642, 30.5290912 ] ] } },
{ "type": "Feature", "properties": { "fid": 2280.0, "cat": 2292, "cat_": 2292, "u": "13578233857", "v": "1199840459", "key": "0", "osmid": "1441555683", "highway": "service", "name": "nan", "oneway": "False", "reversed": "False", "length": "64.45043520059122", "lanes": "nan", "service": "nan", "tunnel": "nan" }, "geometry": { "type": "LineString", "coordinates": [ [ 114.3493394, 30.530054 ], [ 114.34973650000002, 30.5300545 ], [ 114.3499378, 30.5298921 ] ] } },
{ "type": "Feature", "properties": { "fid": 2281.0, "cat": 2293, "cat_": 2293, "u": "13578233857", "v": "13578233851", "key": "0", "osmid": "1441555683", "highway": "service", "name": "nan", "oneway": "False", "reversed": "True", "length": "102.09238847134849", "lanes": "nan", "service": "nan", "tunnel": "nan" }, "geometry": { "type": "LineString", "coordinates": [ [ 114.3493394, 30.530054 ], [ 114.3492979, 30.5300539 ], [ 114.3492545, 30.5300585 ], [ 114.3492239, 30.530068 ], [ 114.3492006, 30.5300821 ], [ 114.3491871, 30.5300987 ], [ 114.3491772, 30.5301173 ], [ 114.3491737, 30.5301394 ], [ 114.3491737, 30.5301817 ], [ 114.3491644, 30.5308685 ] ] } },
{ "type": "Feature", "properties": { "fid": 2283.0, "cat": 2295, "cat_": 2295, "u": "13578233860", "v": "13578233857", "key": "0", "osmid": "1480437163", "highway": "service", "name": "nan", "oneway": "False", "reversed": "True", "length": "56.19555228442376", "lanes": "nan", "service": "nan", "tunnel": "nan" }, "geometry": { "type": "LineString", "coordinates": [ [ 114.3491877, 30.5296831 ], [ 114.3491844, 30.5298608 ], [ 114.349343, 30.529863 ], [ 114.3493394, 30.530054 ] ] } },
{ "type": "Feature", "properties": { "fid": 2286.0, "cat": 2298, "cat_": 2298, "u": "13578233941", "v": "13578233842", "key": "0", "osmid": "1480437160", "highway": "cycleway", "name": "nan", "oneway": "False", "reversed": "False", "length": "16.620801942624798", "lanes": "nan", "service": "nan", "tunnel": "nan" }, "geometry": { "type": "LineString", "coordinates": [ [ 114.3496641, 30.5290284 ], [ 114.3498376, 30.5290312 ] ] } },
{ "type": "Feature", "properties": { "fid": 2287.0, "cat": 2299, "cat_": 2299, "u": "13578233941", "v": "13578233841", "key": "0", "osmid": "1480437160", "highway": "cycleway", "name": "nan", "oneway": "False", "reversed": "True", "length": "17.340121497847825", "lanes": "nan", "service": "nan", "tunnel": "nan" }, "geometry": { "type": "LineString", "coordinates": [ [ 114.3496641, 30.5290284 ], [ 114.3494831, 30.5290251 ] ] } },
{ "type": "Feature", "properties": { "fid": 2288.0, "cat": 2300, "cat_": 2300, "u": "13583151216", "v": "12802547761", "key": "0", "osmid": [ 1382802134, 1480926111 ], "highway": "service", "name": "nan", "oneway": "False", "reversed": "True", "length": "109.55901232341192", "lanes": "nan", "service": "nan", "tunnel": "nan" }, "geometry": { "type": "LineString", "coordinates": [ [ 114.36022650000001, 30.533919 ], [ 114.3598113, 30.5341001 ], [ 114.3600988, 30.534562899999987 ], [ 114.3601314, 30.5346154 ] ] } },
{ "type": "Feature", "properties": { "fid": 2289.0, "cat": 2301, "cat_": 2301, "u": "13583393070", "v": "1199709735", "key": "0", "osmid": "1387978160", "highway": "service", "name": "珞北四路", "oneway": "False", "reversed": "False", "length": "7.576352747713875", "lanes": "nan", "service": "nan", "tunnel": "nan" }, "geometry": { "type": "LineString", "coordinates": [ [ 114.3633693, 30.5348304 ], [ 114.3633792, 30.534762799999985 ] ] } },
{ "type": "Feature", "properties": { "fid": 2290.0, "cat": 2302, "cat_": 2302, "u": "13583393070", "v": "1199709634", "key": "0", "osmid": "1387978160", "highway": "service", "name": "珞北四路", "oneway": "False", "reversed": "True", "length": "22.56117931391662", "lanes": "nan", "service": "nan", "tunnel": "nan" }, "geometry": { "type": "LineString", "coordinates": [ [ 114.3633693, 30.5348304 ], [ 114.3633398, 30.5350317 ] ] } },
{ "type": "Feature", "properties": { "fid": 2291.0, "cat": 2303, "cat_": 2303, "u": "13583393070", "v": "1197845986", "key": "0", "osmid": "1382900359", "highway": "service", "name": "珞北二路", "oneway": "False", "reversed": "False", "length": "136.08399778227863", "lanes": "nan", "service": "nan", "tunnel": "nan" }, "geometry": { "type": "LineString", "coordinates": [ [ 114.3633693, 30.5348304 ], [ 114.363118700000015, 30.5347962 ], [ 114.3629041, 30.5347729 ], [ 114.3626108, 30.5347421 ], [ 114.3625566, 30.534735900000012 ], [ 114.3622132, 30.534710499999989 ], [ 114.36206, 30.5347142 ], [ 114.361957300000014, 30.5347177 ] ] } },
{ "type": "Feature", "properties": { "fid": 2292.0, "cat": 2304, "cat_": 2304, "u": "13583496644", "v": "8823668031", "key": "0", "osmid": "953298285", "highway": "service", "name": "nan", "oneway": "False", "reversed": "True", "length": "35.497590596710175", "lanes": "nan", "service": "nan", "tunnel": "nan" }, "geometry": { "type": "LineString", "coordinates": [ [ 114.3514907, 30.5414437 ], [ 114.3511253, 30.5413901 ] ] } },
{ "type": "Feature", "properties": { "fid": 2295.0, "cat": 2307, "cat_": 2307, "u": "13583569182", "v": "13246350954", "key": "0", "osmid": [ 1480979208, 1480979211, 1480979206, 1480979207 ], "highway": "service", "name": "nan", "oneway": "False", "reversed": "True", "length": "24.78814961726424", "lanes": "nan", "service": "nan", "tunnel": "yes" }, "geometry": { "type": "LineString", "coordinates": [ [ 114.349192, 30.5414396 ], [ 114.3491495, 30.541516499999986 ], [ 114.3491399, 30.5415492 ], [ 114.3491208, 30.5416148 ], [ 114.3491105, 30.5416501 ] ] } },
{ "type": "Feature", "properties": { "fid": 2296.0, "cat": 2308, "cat_": 2308, "u": "13583569183", "v": "12805570371", "key": "0", "osmid": "1383195522", "highway": "service", "name": "nan", "oneway": "False", "reversed": "True", "length": "4.145999862036923", "lanes": "nan", "service": "nan", "tunnel": "nan" }, "geometry": { "type": "LineString", "coordinates": [ [ 114.3497569, 30.5415565 ], [ 114.3497402, 30.5415221 ] ] } },
{ "type": "Feature", "properties": { "fid": 2297.0, "cat": 2309, "cat_": 2309, "u": "13583569183", "v": "13583569182", "key": "0", "osmid": "1480979205", "highway": "service", "name": "nan", "oneway": "False", "reversed": "True", "length": "55.639076950787526", "lanes": "nan", "service": "nan", "tunnel": "nan" }, "geometry": { "type": "LineString", "coordinates": [ [ 114.3497569, 30.5415565 ], [ 114.349192, 30.5414396 ] ] } },
{ "type": "Feature", "properties": { "fid": 2298.0, "cat": 2310, "cat_": 2310, "u": "13583569183", "v": "12805570376", "key": "0", "osmid": "1383195522", "highway": "service", "name": "nan", "oneway": "False", "reversed": "False", "length": "30.845166202636708", "lanes": "nan", "service": "nan", "tunnel": "nan" }, "geometry": { "type": "LineString", "coordinates": [ [ 114.3497569, 30.5415565 ], [ 114.3498389, 30.5417254 ], [ 114.349842200000012, 30.5417434 ], [ 114.3498385, 30.5417581 ], [ 114.3498153, 30.5418158 ] ] } },
{ "type": "Feature", "properties": { "fid": 2299.0, "cat": 2311, "cat_": 2311, "u": "13583569186", "v": "12805570371", "key": "0", "osmid": "1383195522", "highway": "service", "name": "nan", "oneway": "False", "reversed": "False", "length": "11.435160542612428", "lanes": "nan", "service": "nan", "tunnel": "nan" }, "geometry": { "type": "LineString", "coordinates": [ [ 114.34969310000001, 30.5414276 ], [ 114.3497402, 30.5415221 ] ] } },
{ "type": "Feature", "properties": { "fid": 2300.0, "cat": 2312, "cat_": 2312, "u": "13583569186", "v": "12805570368", "key": "0", "osmid": "1383195522", "highway": "service", "name": "nan", "oneway": "False", "reversed": "True", "length": "20.9737214131208", "lanes": "nan", "service": "nan", "tunnel": "nan" }, "geometry": { "type": "LineString", "coordinates": [ [ 114.34969310000001, 30.5414276 ], [ 114.3496488, 30.5413386 ], [ 114.3496744, 30.5412495 ] ] } },
{ "type": "Feature", "properties": { "fid": 2301.0, "cat": 2313, "cat_": 2313, "u": "13583569186", "v": "13583569182", "key": "0", "osmid": [ 1480979209, 1480979210 ], "highway": "service", "name": "nan", "oneway": "False", "reversed": "True", "length": "56.37780950367922", "lanes": "nan", "service": "nan", "tunnel": "nan" }, "geometry": { "type": "LineString", "coordinates": [ [ 114.34969310000001, 30.5414276 ], [ 114.3492488, 30.5413369 ], [ 114.349192, 30.5414396 ] ] } },
{ "type": "Feature", "properties": { "fid": 2302.0, "cat": 2314, "cat_": 2314, "u": "13583599740", "v": "12805594601", "key": "0", "osmid": "1480982243", "highway": "service", "name": "nan", "oneway": "False", "reversed": "True", "length": "20.617575285402374", "lanes": "nan", "service": "nan", "tunnel": "nan" }, "geometry": { "type": "LineString", "coordinates": [ [ 114.3503296, 30.5393169 ], [ 114.3505395, 30.5393581 ] ] } },
{ "type": "Feature", "properties": { "fid": 2303.0, "cat": 2315, "cat_": 2315, "u": "13583811279", "v": "9158437405", "key": "0", "osmid": "1382918070", "highway": "service", "name": "nan", "oneway": "False", "reversed": "True", "length": "55.97297726256611", "lanes": "nan", "service": "nan", "tunnel": "nan" }, "geometry": { "type": "LineString", "coordinates": [ [ 114.3522728, 30.5367359 ], [ 114.3523276, 30.5367312 ], [ 114.3526021, 30.5367063 ], [ 114.35269, 30.536703 ], [ 114.3527794, 30.5367036 ], [ 114.352855300000016, 30.5367062 ] ] } },
{ "type": "Feature", "properties": { "fid": 2308.0, "cat": 2320, "cat_": 2320, "u": "13583901609", "v": "13583811279", "key": "0", "osmid": "1481004656", "highway": "service", "name": "nan", "oneway": "False", "reversed": "True", "length": "27.89270294434141", "lanes": "nan", "service": "nan", "tunnel": "nan" }, "geometry": { "type": "LineString", "coordinates": [ [ 114.352014, 30.5366219 ], [ 114.3521015, 30.5366651 ], [ 114.3521755, 30.5367014 ], [ 114.3522728, 30.5367359 ] ] } },
{ "type": "Feature", "properties": { "fid": 2310.0, "cat": 2322, "cat_": 2322, "u": "13583901618", "v": "13583901617", "key": "0", "osmid": "1481004658", "highway": "service", "name": "nan", "oneway": "False", "reversed": "True", "length": "7.574908188869251", "lanes": "nan", "service": "parking_aisle", "tunnel": "nan" }, "geometry": { "type": "LineString", "coordinates": [ [ 114.3512629, 30.5363148 ], [ 114.351277200000013, 30.5363818 ] ] } },
{ "type": "Feature", "properties": { "fid": 2316.0, "cat": 2328, "cat_": 2328, "u": "13583931950", "v": "13583931949", "key": "0", "osmid": "1481008773", "highway": "service", "name": "nan", "oneway": "False", "reversed": "True", "length": "19.690179262569202", "lanes": "nan", "service": "nan", "tunnel": "nan" }, "geometry": { "type": "LineString", "coordinates": [ [ 114.3530618, 30.5379656 ], [ 114.3531285, 30.5381331 ] ] } },
{ "type": "Feature", "properties": { "fid": 2318.0, "cat": 2330, "cat_": 2330, "u": "13583931950", "v": "13583931950", "key": "1", "osmid": "1481008772", "highway": "service", "name": "nan", "oneway": "False", "reversed": "True", "length": "198.5335820059009", "lanes": "nan", "service": "nan", "tunnel": "nan" }, "geometry": { "type": "LineString", "coordinates": [ [ 114.3530618, 30.5379656 ], [ 114.3532655, 30.5379495 ], [ 114.3532321, 30.5376356 ], [ 114.3525644, 30.5376883 ], [ 114.3525979, 30.5380023 ], [ 114.3530618, 30.5379656 ] ] } },
{ "type": "Feature", "properties": { "fid": 2328.0, "cat": 2340, "cat_": 2340, "u": "13584097522", "v": "13584097508", "key": "0", "osmid": [ 1476723184, 1476723183 ], "highway": [ "cycleway", "service" ], "name": "nan", "oneway": "False", "reversed": "False", "length": "21.52073502013102", "lanes": "nan", "service": "nan", "tunnel": "nan" }, "geometry": { "type": "LineString", "coordinates": [ [ 114.355012, 30.5344286 ], [ 114.355103, 30.5343861 ], [ 114.3550473, 30.5342934 ] ] } },
{ "type": "Feature", "properties": { "fid": 2332.0, "cat": 2344, "cat_": 2344, "u": "13613500622", "v": "13613500620", "key": "0", "osmid": "1484792012", "highway": "service", "name": "nan", "oneway": "False", "reversed": "True", "length": "46.226494609428116", "lanes": "nan", "service": "parking_aisle", "tunnel": "nan" }, "geometry": { "type": "LineString", "coordinates": [ [ 114.3531438, 30.5394791 ], [ 114.353137, 30.53952 ], [ 114.353132, 30.5395498 ], [ 114.3531242, 30.5395632 ], [ 114.3531147, 30.5395705 ], [ 114.3531017, 30.5395768 ], [ 114.3530861, 30.5395807 ], [ 114.3530711, 30.5395824 ], [ 114.3530534, 30.5395802 ], [ 114.3527518, 30.5395386 ] ] } },
{ "type": "Feature", "properties": { "fid": 2335.0, "cat": 2347, "cat_": 2347, "u": "13613500635", "v": "13613500883", "key": "0", "osmid": [ 1484792056, 1484792057, 1484792058 ], "highway": "service", "name": "nan", "oneway": "False", "reversed": "False", "length": "54.58962590592633", "lanes": "nan", "service": "nan", "tunnel": "yes" }, "geometry": { "type": "LineString", "coordinates": [ [ 114.3534537, 30.5392984 ], [ 114.3534517, 30.5392819 ], [ 114.3534424, 30.539204 ], [ 114.3534268, 30.5390671 ], [ 114.353397, 30.5388099 ] ] } },
{ "type": "Feature", "properties": { "fid": 2337.0, "cat": 2349, "cat_": 2349, "u": "13613500883", "v": "13613500880", "key": "0", "osmid": "1484792056", "highway": "service", "name": "nan", "oneway": "False", "reversed": "False", "length": "10.62699818939365", "lanes": "nan", "service": "nan", "tunnel": "nan" }, "geometry": { "type": "LineString", "coordinates": [ [ 114.353397, 30.5388099 ], [ 114.353386, 30.5387148 ] ] } },
{ "type": "Feature", "properties": { "fid": 2340.0, "cat": 2352, "cat_": 2352, "u": "13613500886", "v": "13613500883", "key": "0", "osmid": "1484792059", "highway": "service", "name": "nan", "oneway": "False", "reversed": "True", "length": "75.94540829087603", "lanes": "nan", "service": "nan", "tunnel": "nan" }, "geometry": { "type": "LineString", "coordinates": [ [ 114.3540939, 30.5388398 ], [ 114.3537356, 30.538870199999987 ], [ 114.3537256, 30.5387821 ], [ 114.353397, 30.5388099 ] ] } },
{ "type": "Feature", "properties": { "fid": 2346.0, "cat": 2358, "cat_": 2358, "u": "13621348283", "v": "13621348280", "key": "0", "osmid": "1485821120", "highway": "service", "name": "nan", "oneway": "False", "reversed": "True", "length": "31.938593378512333", "lanes": "nan", "service": "nan", "tunnel": "nan" }, "geometry": { "type": "LineString", "coordinates": [ [ 114.3555877, 30.5446084 ], [ 114.3555491, 30.5448937 ] ] } },
{ "type": "Feature", "properties": { "fid": 2348.0, "cat": 2360, "cat_": 2360, "u": "13621348283", "v": "13621348282", "key": "0", "osmid": "1485821120", "highway": "service", "name": "nan", "oneway": "False", "reversed": "False", "length": "44.40526914926705", "lanes": "nan", "service": "nan", "tunnel": "nan" }, "geometry": { "type": "LineString", "coordinates": [ [ 114.3555877, 30.5446084 ], [ 114.355628900000013, 30.5443038 ], [ 114.355522, 30.5442931 ] ] } },
{ "type": "Feature", "properties": { "fid": 2349.0, "cat": 2361, "cat_": 2361, "u": "13621348284", "v": "13621348283", "key": "0", "osmid": "1485821121", "highway": "service", "name": "nan", "oneway": "False", "reversed": "True", "length": "42.319837218483094", "lanes": "nan", "service": "nan", "tunnel": "nan" }, "geometry": { "type": "LineString", "coordinates": [ [ 114.3560265, 30.5446535 ], [ 114.3555877, 30.5446084 ] ] } },
{ "type": "Feature", "properties": { "fid": 2353.0, "cat": 2365, "cat_": 2365, "u": "13621574886", "v": "13621574884", "key": "0", "osmid": "1485857767", "highway": "service", "name": "nan", "oneway": "False", "reversed": "True", "length": "33.872315181469915", "lanes": "nan", "service": "nan", "tunnel": "nan" }, "geometry": { "type": "LineString", "coordinates": [ [ 114.3697727, 30.538350900000012 ], [ 114.3699641, 30.538266499999985 ], [ 114.3700252, 30.5383737 ] ] } },
{ "type": "Feature", "properties": { "fid": 2359.0, "cat": 2371, "cat_": 2371, "u": "13668225751", "v": "13668225749", "key": "0", "osmid": "1491381666", "highway": "service", "name": "nan", "oneway": "False", "reversed": "True", "length": "31.891262081973924", "lanes": "nan", "service": "parking_aisle", "tunnel": "nan" }, "geometry": { "type": "LineString", "coordinates": [ [ 114.3575528, 30.5465104 ], [ 114.3577876, 30.5465331 ], [ 114.357776800000011, 30.5466159 ] ] } },
{ "type": "Feature", "properties": { "fid": 2363.0, "cat": 58, "cat_": 58, "u": "1196676710", "v": "12802547768", "key": "0", "osmid": "1382802144", "highway": "service", "name": "nan", "oneway": "False", "reversed": "False", "length": "129.84121033099316", "lanes": "nan", "service": "nan", "tunnel": "nan" }, "geometry": { "type": "LineString", "coordinates": [ [ 114.36134770000001, 30.5328923 ], [ 114.3613451, 30.5327558 ], [ 114.3613478, 30.5327312 ], [ 114.361352, 30.5327072 ], [ 114.3613642, 30.5326866 ], [ 114.3613788, 30.5326704 ], [ 114.3614019, 30.532652 ], [ 114.3614268, 30.532640499999985 ], [ 114.3614638, 30.532636 ], [ 114.361823900000019, 30.5326285 ], [ 114.361995100000016, 30.532622 ], [ 114.3620235, 30.5326194 ], [ 114.362047, 30.5326153 ], [ 114.3621638, 30.5325921 ], [ 114.3621836, 30.5325892 ], [ 114.3621957, 30.532588400000012 ], [ 114.362215300000017, 30.5325904 ], [ 114.3622291, 30.5325986 ], [ 114.3622343, 30.5326114 ], [ 114.3622356, 30.5326227 ], [ 114.362251, 30.5327861 ] ] } },
{ "type": "Feature", "properties": { "fid": 2365.0, "cat": 353, "cat_": 353, "u": "1199744358", "v": "1199744346", "key": "0", "osmid": [ 103940634, 1478666173 ], "highway": "service", "name": "nan", "oneway": "False", "reversed": "True", "length": "237.7593814920209", "lanes": "nan", "service": "nan", "tunnel": "nan" }, "geometry": { "type": "LineString", "coordinates": [ [ 114.361783300000013, 30.5408705 ], [ 114.3625777, 30.540912299999988 ], [ 114.36259, 30.5409088 ], [ 114.3626024, 30.5409017 ], [ 114.3626095, 30.5408935 ], [ 114.362616, 30.5408833 ], [ 114.3626392, 30.5408317 ], [ 114.3626523, 30.5408192 ], [ 114.3627027, 30.5407948 ], [ 114.3627134, 30.5407921 ], [ 114.3627248, 30.5407911 ], [ 114.3628816, 30.540793 ], [ 114.3628951, 30.5407992 ], [ 114.3629042, 30.5408067 ], [ 114.3629111, 30.5408176 ], [ 114.3628453, 30.5413161 ], [ 114.3627677, 30.5419044 ] ] } },
{ "type": "Feature", "properties": { "fid": 2367.0, "cat": 759, "cat_": 759, "u": "3186609986", "v": "3186609969", "key": "0", "osmid": "312772207", "highway": "cycleway", "name": "nan", "oneway": "False", "reversed": "False", "length": "51.84518163915757", "lanes": "nan", "service": "nan", "tunnel": "nan" }, "geometry": { "type": "LineString", "coordinates": [ [ 114.3550313, 30.5342795 ], [ 114.3549323, 30.5341786 ], [ 114.3549215, 30.5341617 ], [ 114.354919, 30.53415170000001 ], [ 114.3549196, 30.5341417 ], [ 114.3549269, 30.5341192 ], [ 114.3549398, 30.5340772 ], [ 114.3549691, 30.534015 ], [ 114.3549823, 30.5339672 ], [ 114.3549849, 30.5339386 ], [ 114.3549804, 30.5339009 ], [ 114.3549667, 30.5338576 ] ] } },
{ "type": "Feature", "properties": { "fid": 2370.0, "cat": 1284, "cat_": 1284, "u": "12805315800", "v": "12805315798", "key": "0", "osmid": "1383094444", "highway": "service", "name": "nan", "oneway": "False", "reversed": "False", "length": "96.97592164894496", "lanes": "nan", "service": "nan", "tunnel": "nan" }, "geometry": { "type": "LineString", "coordinates": [ [ 114.3516296, 30.546065 ], [ 114.3516081, 30.5460842 ], [ 114.3515892, 30.546089 ], [ 114.3513778, 30.5460725 ], [ 114.350632, 30.5460093 ] ] } },
{ "type": "Feature", "properties": { "fid": 2373.0, "cat": 1719, "cat_": 1719, "u": "12889030490", "v": "12805570367", "key": "0", "osmid": "1383195518", "highway": "service", "name": "nan", "oneway": "False", "reversed": "True", "length": "64.74079612538729", "lanes": "nan", "service": "nan", "tunnel": "nan" }, "geometry": { "type": "LineString", "coordinates": [ [ 114.3680404, 30.5394455 ], [ 114.3678121, 30.53943 ], [ 114.3677922, 30.5394289 ], [ 114.367688, 30.5394222 ], [ 114.367657200000011, 30.539425 ], [ 114.3676476, 30.5394334 ], [ 114.3675815, 30.5396655 ] ] } },
{ "type": "Feature", "properties": { "fid": 2374.0, "cat": 1904, "cat_": 1904, "u": "13266196515", "v": "12805668776", "key": "0", "osmid": "1445901367", "highway": "service", "name": "nan", "oneway": "False", "reversed": "True", "length": "46.613467428002195", "lanes": "nan", "service": "nan", "tunnel": "nan" }, "geometry": { "type": "LineString", "coordinates": [ [ 114.3586036, 30.5384469 ], [ 114.3583576, 30.5383901 ], [ 114.3583446, 30.5383925 ], [ 114.3583379, 30.5384017 ], [ 114.3582834, 30.5385727 ] ] } }
]
}
